symbol,timeframe,timestamp,open,high,low,close,volume,trade_count,vwap
NVDA,1H,2025-07-18T12:00:00Z,173.51,173.59,173.37,173.43,9725,149,173.495714
NVDA,1H,2025-07-18T13:00:00Z,173.43,174,173.02,173.17,300734,2698,173.37769
NVDA,1H,2025-07-18T14:00:00Z,173.25,173.35,171.57,171.62,432913,4062,172.294769
NVDA,1H,2025-07-18T15:00:00Z,171.58,172.34,171.04,172.28,305853,2714,171.744176
NVDA,1H,2025-07-18T16:00:00Z,172.26,172.33,171.58,171.94,172312,1652,172.036213
NVDA,1H,2025-07-18T17:00:00Z,171.99,172.52,171.78,172.23,160545,1431,172.186623
NVDA,1H,2025-07-18T18:00:00Z,172.15,172.26,171.77,171.78,156537,1384,172.05354
NVDA,1H,2025-07-18T19:00:00Z,171.76,172.19,171.59,172.17,426375,3612,171.903924
NVDA,1H,2025-07-18T20:00:00Z,172.15,172.15,172.15,172.15,100,1,172.15
NVDA,1H,2025-07-21T12:00:00Z,172.18,172.59,172.18,172.26,23347,364,172.381325
NVDA,1H,2025-07-21T13:00:00Z,172.25,173.13,171.47,172.21,260229,2560,172.220294
NVDA,1H,2025-07-21T14:00:00Z,172.27,172.93,171.89,172.63,284305,2740,172.521332
NVDA,1H,2025-07-21T15:00:00Z,172.65,172.79,172,172.13,223425,2192,172.459352
NVDA,1H,2025-07-21T16:00:00Z,172.11,172.26,171.26,172.11,215965,1716,171.842433
NVDA,1H,2025-07-21T17:00:00Z,172.13,172.53,171.97,172.42,200432,1773,172.293502
NVDA,1H,2025-07-21T18:00:00Z,172.4,172.58,171.97,172.08,152333,1417,172.318154
NVDA,1H,2025-07-21T19:00:00Z,172.13,172.13,170.97,171.25,427288,3600,171.507742
NVDA,1H,2025-07-22T12:00:00Z,170.2,170.75,170.14,170.74,6060,77,170.295581
NVDA,1H,2025-07-22T13:00:00Z,170.74,171.08,164.4,165.37,804654,7461,167.264729
NVDA,1H,2025-07-22T14:00:00Z,165.38,167.6,165.17,167.55,504260,5023,166.321198
NVDA,1H,2025-07-22T15:00:00Z,167.53,168.41,167.42,167.92,172685,2094,167.88781
NVDA,1H,2025-07-22T16:00:00Z,167.87,168.17,167.14,167.51,130690,1729,167.615702
NVDA,1H,2025-07-22T17:00:00Z,167.62,168.18,167.61,167.9,94238,1432,167.905227
NVDA,1H,2025-07-22T18:00:00Z,167.89,167.93,167.23,167.86,106299,1452,167.708898
NVDA,1H,2025-07-22T19:00:00Z,167.86,167.91,166.78,166.79,312137,3358,167.329993
NVDA,1H,2025-07-23T12:00:00Z,168.82,169,168.63,168.71,19118,265,168.861545
NVDA,1H,2025-07-23T13:00:00Z,168.65,170.15,168.02,168.11,438124,3648,169.356706
NVDA,1H,2025-07-23T14:00:00Z,168.08,169.18,167.77,169.14,287717,2773,168.435615
NVDA,1H,2025-07-23T15:00:00Z,169.16,169.65,168.76,169.32,185082,2010,169.254103
NVDA,1H,2025-07-23T16:00:00Z,169.26,169.32,168.32,168.89,150341,1499,168.721343
NVDA,1H,2025-07-23T17:00:00Z,168.92,169.57,168.61,169.51,131217,1434,168.962447
NVDA,1H,2025-07-23T18:00:00Z,169.55,171.02,169.55,170.59,351044,3401,170.37766
NVDA,1H,2025-07-23T19:00:00Z,170.57,170.83,169.96,170.61,357765,3236,170.366537
NVDA,1H,2025-07-24T12:00:00Z,172.3,172.41,171.84,172.03,1702,21,172.132771
NVDA,1H,2025-07-24T13:00:00Z,172.07,173.2,171.5,172.09,424950,3493,172.528787
NVDA,1H,2025-07-24T14:00:00Z,172.1,172.74,171.07,172.66,332901,3159,171.928783
NVDA,1H,2025-07-24T15:00:00Z,172.66,172.95,172.18,172.52,316514,3041,172.625549
NVDA,1H,2025-07-24T16:00:00Z,172.5,173.09,172.21,172.93,249745,1958,172.769813
NVDA,1H,2025-07-24T17:00:00Z,172.91,173.44,172.81,173.03,222181,2160,173.190617
NVDA,1H,2025-07-24T18:00:00Z,173.03,173.6,173.03,173.4,211573,2167,173.345876
NVDA,1H,2025-07-24T19:00:00Z,173.43,173.59,173.08,173.54,366892,3510,173.403306
NVDA,1H,2025-07-25T12:00:00Z,172.83,172.98,172.8,172.93,9216,134,172.884214
NVDA,1H,2025-07-25T13:00:00Z,172.92,174.27,172.75,174.05,265706,2369,173.535452
NVDA,1H,2025-07-25T14:00:00Z,174.06,174.48,173.57,173.83,426731,3190,174.139922
NVDA,1H,2025-07-25T15:00:00Z,173.83,173.95,173.41,173.82,250705,2088,173.70749
NVDA,1H,2025-07-25T16:00:00Z,173.77,174.29,173.77,173.97,200229,1644,174.08222
NVDA,1H,2025-07-25T17:00:00Z,173.91,173.95,173.07,173.2,140797,1320,173.685892
NVDA,1H,2025-07-25T18:00:00Z,173.19,173.66,172.79,173.41,198535,1813,173.292309
NVDA,1H,2025-07-25T19:00:00Z,173.41,173.83,173.08,173.27,407779,3478,173.433693
NVDA,1H,2025-07-28T12:00:00Z,174.35,174.47,174.27,174.44,13855,230,174.379
NVDA,1H,2025-07-28T13:00:00Z,174.39,175.23,173.74,175.23,378434,4042,174.680266
NVDA,1H,2025-07-28T14:00:00Z,175.17,175.33,174.37,174.77,255082,2594,174.754728
NVDA,1H,2025-07-28T15:00:00Z,174.78,174.96,174.03,174.74,225893,2384,174.588232
NVDA,1H,2025-07-28T16:00:00Z,174.71,174.89,174.46,174.65,139334,1498,174.668074
NVDA,1H,2025-07-28T17:00:00Z,174.69,175.46,174.61,175.3,490861,2700,175.112893
NVDA,1H,2025-07-28T18:00:00Z,175.26,175.68,174.99,175.6,565023,2410,175.308641
NVDA,1H,2025-07-28T19:00:00Z,175.61,176.59,175.53,176.46,732525,4830,175.901148
NVDA,1H,2025-07-29T12:00:00Z,178.91,178.93,178.65,178.76,32717,463,178.811066
NVDA,1H,2025-07-29T13:00:00Z,178.76,179.1,177.49,179.09,608083,4854,178.341693
NVDA,1H,2025-07-29T14:00:00Z,179.04,179.04,176.95,177.24,500898,4548,178.091944
NVDA,1H,2025-07-29T15:00:00Z,177.2,177.41,174.95,176.3,532516,4632,176.176855
NVDA,1H,2025-07-29T16:00:00Z,176.26,176.47,175.6,176.24,212997,1870,176.137125
NVDA,1H,2025-07-29T17:00:00Z,176.19,176.42,175.58,176.09,188021,1823,176.022247
NVDA,1H,2025-07-29T18:00:00Z,176.13,176.38,175.77,175.86,193953,1822,176.091837
NVDA,1H,2025-07-29T19:00:00Z,175.85,176.26,175.02,175.27,462942,3571,175.511847
NVDA,1H,2025-07-30T12:00:00Z,176.62,176.62,176.48,176.61,5220,75,176.567632
NVDA,1H,2025-07-30T13:00:00Z,176.36,177.85,175.82,177.35,284597,2824,177.121734
NVDA,1H,2025-07-30T14:00:00Z,177.4,179.04,177.4,178.65,354610,3400,178.265981
NVDA,1H,2025-07-30T15:00:00Z,178.62,178.88,177.92,178.62,202979,2026,178.312635
NVDA,1H,2025-07-30T16:00:00Z,178.63,179.04,178.44,179.01,242596,1645,178.75068
NVDA,1H,2025-07-30T17:00:00Z,178.97,179.14,178.65,179.03,227457,1861,178.868144
NVDA,1H,2025-07-30T18:00:00Z,178.95,179.65,177.64,177.9,328877,3468,179.150237
NVDA,1H,2025-07-30T19:00:00Z,177.86,179.16,177.36,179.08,528748,4806,178.624874
NVDA,1H,2025-07-30T20:00:00Z,181.17,181.17,180.51,180.51,790,17,180.74
NVDA,1H,2025-07-31T12:00:00Z,182.73,183.15,182.73,183.15,650,9,182.968125
NVDA,1H,2025-07-31T13:00:00Z,182.56,183.02,180.16,181.68,776424,6605,181.520614
NVDA,1H,2025-07-31T14:00:00Z,181.66,181.99,179.23,179.57,820593,6970,180.636979
NVDA,1H,2025-07-31T15:00:00Z,179.53,180.36,178.48,180.35,518331,6251,179.620115
NVDA,1H,2025-07-31T16:00:00Z,180.33,181.24,180.28,180.41,228526,2558,180.77163
NVDA,1H,2025-07-31T17:00:00Z,180.41,180.57,177.06,177.35,576724,4822,178.687504
NVDA,1H,2025-07-31T18:00:00Z,177.27,177.93,175.72,177.39,569317,4839,177.140771
NVDA,1H,2025-07-31T19:00:00Z,177.42,177.92,176.93,177.82,681235,5608,177.483573
NVDA,1H,2025-08-01T12:00:00Z,174.73,174.98,173.5,174.11,3335,38,174.341922
NVDA,1H,2025-08-01T13:00:00Z,173.94,173.94,170.68,171.99,656793,6907,172.326174
NVDA,1H,2025-08-01T14:00:00Z,171.87,175.77,171.19,174.7,778080,8221,173.56834
NVDA,1H,2025-08-01T15:00:00Z,174.68,176.1,174.16,176.08,302989,3231,174.931704
NVDA,1H,2025-08-01T16:00:00Z,176.02,176.3,173.8,173.93,204236,2430,175.461825
NVDA,1H,2025-08-01T17:00:00Z,173.91,174.16,172.44,172.79,291740,3378,173.246826
NVDA,1H,2025-08-01T18:00:00Z,172.83,173.9,171.57,172.73,324534,3549,172.713906
NVDA,1H,2025-08-01T19:00:00Z,172.68,174.45,172.63,173.52,397079,4169,173.514145
NVDA,1H,2025-08-04T12:00:00Z,175.22,175.39,175.12,175.39,1860,25,175.337692
NVDA,1H,2025-08-04T13:00:00Z,175.46,177.02,174.3,176.82,349012,4355,175.936386
NVDA,1H,2025-08-04T14:00:00Z,176.89,177.86,176.38,177.37,450180,4310,177.28109
NVDA,1H,2025-08-04T15:00:00Z,177.39,178.3,176.71,178.23,366534,3477,177.466232
NVDA,1H,2025-08-04T16:00:00Z,178.27,178.86,178.14,178.6,280218,2879,178.542374
NVDA,1H,2025-08-04T17:00:00Z,178.58,179.23,178.45,179.2,299792,2716,178.767118
NVDA,1H,2025-08-04T18:00:00Z,179.16,179.57,178.72,178.76,458658,4012,179.193774
NVDA,1H,2025-08-04T19:00:00Z,178.79,179.74,178.75,179.74,660267,5550,179.277155
NVDA,1H,2025-08-05T12:00:00Z,180.95,180.95,180.52,180.52,900,10,180.796429
NVDA,1H,2025-08-05T13:00:00Z,180.14,180.14,178.35,179.65,485481,3964,179.114816
NVDA,1H,2025-08-05T14:00:00Z,179.51,179.51,175.68,177.1,517774,5180,177.735181
NVDA,1H,2025-08-05T15:00:00Z,177.11,177.71,175.98,176.86,376767,3262,176.849618
NVDA,1H,2025-08-05T16:00:00Z,176.88,178.03,176.81,177.28,347868,2610,177.484683
NVDA,1H,2025-08-05T17:00:00Z,177.24,178.81,176.79,178.66,209538,1868,177.735554
NVDA,1H,2025-08-05T18:00:00Z,178.67,178.86,177.45,177.95,322570,2249,178.118898
NVDA,1H,2025-08-05T19:00:00Z,177.94,178.72,177.79,178.03,490252,3848,178.273493
NVDA,1H,2025-08-06T12:00:00Z,176.35,176.9,176.35,176.56,470,6,176.562439
NVDA,1H,2025-08-06T13:00:00Z,176.72,178.57,176.05,178.29,452703,4591,177.114034
NVDA,1H,2025-08-06T14:00:00Z,178.26,179.18,176.59,177.63,443532,4871,177.84613
NVDA,1H,2025-08-06T15:00:00Z,177.65,178.89,177.11,178.79,354683,3599,177.999071
NVDA,1H,2025-08-06T16:00:00Z,178.79,179.14,177.43,177.69,242515,2447,178.188421
NVDA,1H,2025-08-06T17:00:00Z,177.73,178.41,177.71,178.3,177254,1777,178.159066
NVDA,1H,2025-08-06T18:00:00Z,178.33,179.22,178.33,178.85,222445,2212,178.863401
NVDA,1H,2025-08-06T19:00:00Z,178.83,179.66,178.8,179.19,367487,3580,179.29359
NVDA,1H,2025-08-07T12:00:00Z,181.55,181.68,181.48,181.48,987,15,181.595686
NVDA,1H,2025-08-07T13:00:00Z,181.53,183.49,181.08,183.16,549191,4509,182.556706
NVDA,1H,2025-08-07T14:00:00Z,183.16,183.62,181.18,181.35,454228,3878,182.387261
NVDA,1H,2025-08-07T15:00:00Z,181.42,182.03,180.92,181.47,201881,2282,181.51124
NVDA,1H,2025-08-07T16:00:00Z,181.42,181.46,179.6,180.18,245370,2560,180.50064
NVDA,1H,2025-08-07T17:00:00Z,180.3,180.65,179.08,179.79,241765,2711,179.863968
NVDA,1H,2025-08-07T18:00:00Z,179.71,179.98,178.56,179.85,214005,2321,179.174024
NVDA,1H,2025-08-07T19:00:00Z,179.91,180.61,178.95,180.61,276855,2840,179.692851
NVDA,1H,2025-08-08T12:00:00Z,181.76,181.76,181.19,181.41,10167,126,181.610664
NVDA,1H,2025-08-08T13:00:00Z,181.49,182.52,180.17,181.88,359931,3528,181.530982
NVDA,1H,2025-08-08T14:00:00Z,181.89,182.41,181.31,182.14,292971,3258,181.901285
NVDA,1H,2025-08-08T15:00:00Z,182.22,183.06,182.03,182.89,250205,2415,182.669887
NVDA,1H,2025-08-08T16:00:00Z,182.92,183.04,181.92,182.01,211883,2139,182.510464
NVDA,1H,2025-08-08T17:00:00Z,182,182.35,181.37,182.29,265417,2412,181.798021
NVDA,1H,2025-08-08T18:00:00Z,182.32,182.8,182.12,182.64,132059,1386,182.490329
NVDA,1H,2025-08-08T19:00:00Z,182.62,182.76,181.93,182.51,307364,3201,182.37136
NVDA,1H,2025-08-11T12:00:00Z,182.15,182.15,181.55,181.55,1333,18,181.674701
NVDA,1H,2025-08-11T13:00:00Z,181.24,182.78,180.04,182.3,355138,4255,181.503425
NVDA,1H,2025-08-11T14:00:00Z,182.33,183.41,181.24,182.62,316734,3207,182.573616
NVDA,1H,2025-08-11T15:00:00Z,182.72,183.56,182.13,183.21,250093,2442,182.932176
NVDA,1H,2025-08-11T16:00:00Z,183.21,183.59,182.64,182.64,152490,1634,183.224563
NVDA,1H,2025-08-11T17:00:00Z,182.62,183.21,182.62,182.83,115244,1170,182.967374
NVDA,1H,2025-08-11T18:00:00Z,182.83,182.92,182.25,182.76,111439,1308,182.650165
NVDA,1H,2025-08-11T19:00:00Z,182.8,182.8,181.26,181.75,387072,3526,181.978784
NVDA,1H,2025-08-12T12:00:00Z,181.91,183.34,181.84,183.34,3799,53,182.392672
NVDA,1H,2025-08-12T13:00:00Z,182.71,182.73,179.64,179.82,613687,5305,181.30695
NVDA,1H,2025-08-12T14:00:00Z,179.75,181.36,179.23,181.31,601887,4623,180.469772
NVDA,1H,2025-08-12T15:00:00Z,181.33,182.48,181.18,182.16,370746,3021,181.938754
NVDA,1H,2025-08-12T16:00:00Z,182.12,182.23,181.51,182.19,257636,2181,181.804424
NVDA,1H,2025-08-12T17:00:00Z,182.19,182.59,181.94,182.57,211415,1763,182.266877
NVDA,1H,2025-08-12T18:00:00Z,182.63,183.07,182.52,182.7,218911,1997,182.781058
NVDA,1H,2025-08-12T19:00:00Z,182.7,183.31,182.12,182.93,416779,4201,182.572085
NVDA,1H,2025-08-13T12:00:00Z,182.68,182.94,182.66,182.86,9095,150,182.819143
NVDA,1H,2025-08-13T13:00:00Z,182.47,183.72,181.94,182.38,600625,5107,182.79467
NVDA,1H,2025-08-13T14:00:00Z,182.38,182.47,180.65,181.34,707954,5826,181.370591
NVDA,1H,2025-08-13T15:00:00Z,181.29,181.38,179.12,180.18,649762,5278,180.053915
NVDA,1H,2025-08-13T16:00:00Z,180.2,180.48,179.17,179.58,345174,3414,179.722776
NVDA,1H,2025-08-13T17:00:00Z,179.55,181.1,179.55,181.05,269827,2473,180.331288
NVDA,1H,2025-08-13T18:00:00Z,180.98,181.67,180.85,181.62,244381,2257,181.148632
NVDA,1H,2025-08-13T19:00:00Z,181.59,181.67,180.41,181.31,478871,4417,181.083113
NVDA,1H,2025-08-14T12:00:00Z,179.97,180.53,179.97,180.53,1170,12,180.23314
NVDA,1H,2025-08-14T13:00:00Z,179.71,182.12,179.29,181.72,433300,4454,180.814953
NVDA,1H,2025-08-14T14:00:00Z,181.71,182.76,181.5,182.02,510032,4291,182.156051
NVDA,1H,2025-08-14T15:00:00Z,182.05,182.19,180.79,181.7,414767,3389,181.530829
NVDA,1H,2025-08-14T16:00:00Z,181.72,181.79,180.75,181.78,245304,2254,181.241877
NVDA,1H,2025-08-14T17:00:00Z,181.77,181.96,181.35,181.8,179345,1601,181.693804
NVDA,1H,2025-08-14T18:00:00Z,181.73,181.78,181.18,181.72,259114,1980,181.573612
NVDA,1H,2025-08-14T19:00:00Z,181.71,181.99,181.47,181.78,451841,3734,181.748564
NVDA,1H,2025-08-15T12:00:00Z,181.89,181.89,181.89,181.89,190,2,181.89
NVDA,1H,2025-08-15T13:00:00Z,181.61,181.65,177.82,178.82,630865,5721,179.567711
NVDA,1H,2025-08-15T14:00:00Z,178.51,180.33,178.48,178.69,528428,4738,179.458372
NVDA,1H,2025-08-15T15:00:00Z,178.72,179.51,178.18,179.14,342176,3142,178.918726
NVDA,1H,2025-08-15T16:00:00Z,179.09,179.42,178.61,179.32,235911,2041,178.910022
NVDA,1H,2025-08-15T17:00:00Z,179.31,180.05,179.06,179.97,168340,1880,179.52671
NVDA,1H,2025-08-15T18:00:00Z,179.95,180.06,179.45,179.6,208232,2083,179.793577
NVDA,1H,2025-08-15T19:00:00Z,179.61,180.3,179.26,180.18,534729,4477,179.970605
NVDA,1H,2025-08-18T13:00:00Z,180.13,182.52,179.91,181.89,631790,5522,181.910881
NVDA,1H,2025-08-18T14:00:00Z,181.93,182.69,180.7,181.19,635626,5521,181.804309
NVDA,1H,2025-08-18T15:00:00Z,181.17,181.45,180.82,181.14,237107,2394,181.157978
NVDA,1H,2025-08-18T16:00:00Z,181.17,181.67,180.71,180.73,218259,2309,181.152238
NVDA,1H,2025-08-18T17:00:00Z,180.74,181.45,180.72,181.22,130898,1494,181.123073
NVDA,1H,2025-08-18T18:00:00Z,181.2,182.15,181.11,182.01,236282,2212,181.609881
NVDA,1H,2025-08-18T19:00:00Z,181.99,182.36,181.74,181.76,400207,3984,182.000941
NVDA,1H,2025-08-19T12:00:00Z,182.17,182.17,182.01,182.01,525,5,182.111905
NVDA,1H,2025-08-19T13:00:00Z,182.17,182.23,179.38,180.44,533640,5858,180.761308
NVDA,1H,2025-08-19T14:00:00Z,180.42,180.86,177.07,177.81,824642,8160,178.722205
NVDA,1H,2025-08-19T15:00:00Z,177.83,178.54,177.46,177.98,400203,4635,178.01317
NVDA,1H,2025-08-19T16:00:00Z,177.97,178.16,175.97,176.21,383653,4659,176.767607
NVDA,1H,2025-08-19T17:00:00Z,176.23,176.99,175.54,176.89,329953,3863,176.137433
NVDA,1H,2025-08-19T18:00:00Z,176.89,176.92,175.82,176.13,322328,3504,176.30901
NVDA,1H,2025-08-19T19:00:00Z,176.1,176.28,175.27,175.43,639048,6360,175.650006
NVDA,1H,2025-08-20T12:00:00Z,175.38,175.89,175.38,175.79,1952,25,175.815337
NVDA,1H,2025-08-20T13:00:00Z,175.35,175.35,169.92,170.3,552394,6229,172.2968
NVDA,1H,2025-08-20T14:00:00Z,170.3,171.56,168.6,169.32,839288,9562,169.84092
NVDA,1H,2025-08-20T15:00:00Z,169.29,172.86,169.22,171.71,572241,6050,171.525378
NVDA,1H,2025-08-20T16:00:00Z,171.73,173.87,171.61,172.68,315629,3907,172.997374
NVDA,1H,2025-08-20T17:00:00Z,172.66,174.17,172.58,173.36,238586,3211,173.451552
NVDA,1H,2025-08-20T18:00:00Z,173.3,173.59,172.35,173.17,303311,3685,172.932613
NVDA,1H,2025-08-20T19:00:00Z,173.19,175.29,173.19,175.18,401986,5187,174.526643
NVDA,1H,2025-08-21T12:00:00Z,174.7,174.74,174.1,174.1,640,6,174.569565
NVDA,1H,2025-08-21T13:00:00Z,173.88,176.66,173.88,174.09,514105,5036,175.330021
NVDA,1H,2025-08-21T14:00:00Z,174.14,176.26,173.77,175.58,491760,4797,175.370667
NVDA,1H,2025-08-21T15:00:00Z,175.61,175.8,174.27,174.47,371613,3432,174.982679
NVDA,1H,2025-08-21T16:00:00Z,174.56,174.74,173.84,173.93,318790,2896,174.312012
NVDA,1H,2025-08-21T17:00:00Z,173.92,174.84,173.6,174.81,325533,2858,174.284646
NVDA,1H,2025-08-21T18:00:00Z,174.77,174.96,174.05,174.5,264118,2273,174.529195
NVDA,1H,2025-08-21T19:00:00Z,174.44,174.85,174.31,174.73,438060,3942,174.629177
NVDA,1H,2025-08-22T12:00:00Z,172.54,172.54,172.06,172.16,430,4,172.204186
NVDA,1H,2025-08-22T13:00:00Z,172.34,174.8,170.98,173.53,525725,5028,172.937581
NVDA,1H,2025-08-22T14:00:00Z,173.56,177.61,173.56,177.23,999633,9713,176.513049
NVDA,1H,2025-08-22T15:00:00Z,177.18,178.34,177.04,177.55,476065,5164,177.841402
NVDA,1H,2025-08-22T16:00:00Z,177.57,177.79,176.65,176.97,261477,3128,177.109317
NVDA,1H,2025-08-22T17:00:00Z,176.98,178.18,176.97,177.81,162398,2328,177.750136
NVDA,1H,2025-08-22T18:00:00Z,177.81,178.19,177.54,177.63,139426,1987,177.840952
NVDA,1H,2025-08-22T19:00:00Z,177.67,178.04,177.4,177.74,336070,3902,177.687368
NVDA,1H,2025-08-25T12:00:00Z,177.63,177.73,177.29,177.41,825,9,177.485
NVDA,1H,2025-08-25T13:00:00Z,177.37,178.19,176.34,178.19,653892,6533,177.187375
NVDA,1H,2025-08-25T14:00:00Z,178.2,179.67,178.04,179.65,508702,5188,178.928722
NVDA,1H,2025-08-25T15:00:00Z,179.67,181.43,179.64,181.33,503711,4767,180.752931
NVDA,1H,2025-08-25T16:00:00Z,181.33,181.67,180.71,180.78,332147,3193,181.289531
NVDA,1H,2025-08-25T17:00:00Z,180.79,181.13,180.39,181.03,243197,2434,180.734516
NVDA,1H,2025-08-25T18:00:00Z,181.05,181.31,180.85,181.16,209662,2131,181.093909
NVDA,1H,2025-08-25T19:00:00Z,181.16,181.4,179.38,179.55,534439,5276,180.402899
NVDA,1H,2025-08-26T13:00:00Z,179.82,180.98,178.58,179.34,468022,4879,179.727145
NVDA,1H,2025-08-26T14:00:00Z,179.41,181.51,179.41,181.3,269027,3252,180.579514
NVDA,1H,2025-08-26T15:00:00Z,181.32,181.32,180.56,181.04,193883,2518,180.993008
NVDA,1H,2025-08-26T16:00:00Z,181.06,181.71,181.01,181.27,134169,1623,181.392266
NVDA,1H,2025-08-26T17:00:00Z,181.29,181.45,180.7,181.06,102554,1564,181.145962
NVDA,1H,2025-08-26T18:00:00Z,181.06,182.03,181.06,181.93,167665,1961,181.609535
NVDA,1H,2025-08-26T19:00:00Z,181.93,182.12,181.29,181.46,250185,3067,181.686179
NVDA,1H,2025-08-27T12:00:00Z,182.79,182.79,182.18,182.18,790,10,182.438333
NVDA,1H,2025-08-27T13:00:00Z,182.17,182.25,178.87,179.94,599786,6242,180.04404
NVDA,1H,2025-08-27T14:00:00Z,179.94,182.19,179.79,181.81,472139,4696,181.078546
NVDA,1H,2025-08-27T15:00:00Z,181.8,181.97,181.29,181.71,277730,3225,181.569336
NVDA,1H,2025-08-27T16:00:00Z,181.73,181.95,180.87,181.64,177041,2046,181.5325
NVDA,1H,2025-08-27T17:00:00Z,181.64,181.78,181.39,181.76,193647,2485,181.622938
NVDA,1H,2025-08-27T18:00:00Z,181.75,182.25,181.64,181.67,199003,2524,181.84047
NVDA,1H,2025-08-27T19:00:00Z,181.67,181.7,180.69,181.33,651039,6793,181.297117
NVDA,1H,2025-08-27T20:00:00Z,174.92,178.93,171.76,176.57,50230,697,175.933074
NVDA,1H,2025-08-28T12:00:00Z,179.43,181.18,178.87,181.18,3782,48,179.838434
NVDA,1H,2025-08-28T13:00:00Z,181.09,184.17,176.19,177.09,837155,8118,179.466642
NVDA,1H,2025-08-28T14:00:00Z,177.09,180.1,176.73,179.62,840315,8365,178.400646
NVDA,1H,2025-08-28T15:00:00Z,179.68,180.36,178.31,178.4,347394,4138,179.34806
NVDA,1H,2025-08-28T16:00:00Z,178.39,179.72,178.15,179.22,264826,2957,179.04895
NVDA,1H,2025-08-28T17:00:00Z,179.19,180.1,178.45,179.73,343898,3344,179.358238
NVDA,1H,2025-08-28T18:00:00Z,179.78,181.31,179.63,180.89,395246,3807,180.491437
NVDA,1H,2025-08-28T19:00:00Z,180.89,181.06,179.74,179.92,628618,6014,180.316155
NVDA,1H,2025-08-28T20:00:00Z,179.61,179.61,179.51,179.51,200,2,179.56
NVDA,1H,2025-08-29T12:00:00Z,177.97,177.97,177.97,177.97,100,1,177.97
NVDA,1H,2025-08-29T13:00:00Z,177.85,178.03,173.55,174.5,1070585,9319,175.100391
NVDA,1H,2025-08-29T14:00:00Z,174.61,175.26,173.15,173.42,712589,7804,174.315746
NVDA,1H,2025-08-29T15:00:00Z,173.4,174.89,173.3,173.54,461911,4735,174.095854
NVDA,1H,2025-08-29T16:00:00Z,173.49,174.53,173.49,174.22,194074,2311,174.134902
NVDA,1H,2025-08-29T17:00:00Z,174.18,174.18,172.92,173.83,293799,3355,173.491702
NVDA,1H,2025-08-29T18:00:00Z,173.85,174,173.26,173.99,241340,2527,173.642425
NVDA,1H,2025-08-29T19:00:00Z,173.97,174.27,173.13,173.98,836965,7479,173.76262
NVDA,1H,2025-09-02T12:00:00Z,168.42,169.14,168.42,169.04,968,9,168.997143
NVDA,1H,2025-09-02T13:00:00Z,169.38,172.13,168.45,171.36,1289752,10219,170.344797
NVDA,1H,2025-09-02T14:00:00Z,171.53,171.77,168.5,169.3,974952,8544,169.993837
NVDA,1H,2025-09-02T15:00:00Z,169.29,169.53,167.12,167.6,798344,7485,168.167066
NVDA,1H,2025-09-02T16:00:00Z,167.62,168.8,167.01,168.79,546769,5438,167.906662
NVDA,1H,2025-09-02T17:00:00Z,168.76,169.4,168.1,168.99,375272,3685,168.877706
NVDA,1H,2025-09-02T18:00:00Z,168.95,169.8,168.76,169.4,357190,3383,169.213755
NVDA,1H,2025-09-02T19:00:00Z,169.38,170.89,169.33,170.52,695703,6506,170.340493
NVDA,1H,2025-09-02T20:00:00Z,170.45,170.45,169.98,170,590,6,170.125
NVDA,1H,2025-09-03T12:00:00Z,171.32,171.34,171.32,171.34,200,2,171.33
NVDA,1H,2025-09-03T13:00:00Z,171.28,171.41,169.29,170.86,795109,7037,170.302735
NVDA,1H,2025-09-03T14:00:00Z,170.93,172.17,170.05,171.68,651828,5957,171.253635
NVDA,1H,2025-09-03T15:00:00Z,171.69,171.74,170.11,170.89,511300,4608,170.842054
NVDA,1H,2025-09-03T16:00:00Z,170.9,171.53,170.36,170.68,273425,2788,170.969714
NVDA,1H,2025-09-03T17:00:00Z,170.67,171.2,169.8,169.95,226554,2292,170.513593
NVDA,1H,2025-09-03T18:00:00Z,169.87,169.87,168.66,169.12,281798,3153,169.226878
NVDA,1H,2025-09-03T19:00:00Z,169.06,170.41,168.94,170.37,552904,5081,169.691728
NVDA,1H,2025-09-04T13:00:00Z,170.41,171.61,169.28,169.84,437925,5436,170.368358
NVDA,1H,2025-09-04T14:00:00Z,169.85,171.08,169.18,170.57,463218,5099,170.223339
NVDA,1H,2025-09-04T15:00:00Z,170.6,170.83,169.86,170.31,276420,2894,170.416856
NVDA,1H,2025-09-04T16:00:00Z,170.3,170.94,170.17,170.28,215937,2139,170.490123
NVDA,1H,2025-09-04T17:00:00Z,170.28,170.62,170.13,170.4,216867,2239,170.399858
NVDA,1H,2025-09-04T18:00:00Z,170.39,170.66,170.17,170.6,242268,2387,170.386088
NVDA,1H,2025-09-04T19:00:00Z,170.62,171.51,170.45,171.43,603946,5348,170.955895
NVDA,1H,2025-09-04T20:00:00Z,171.43,171.43,171.33,171.37,675,6,171.38875
NVDA,1H,2025-09-05T12:00:00Z,169.42,169.94,168.28,168.71,4505,58,168.794301
NVDA,1H,2025-09-05T13:00:00Z,168.83,169.53,166.19,167.45,862290,8084,167.321177
NVDA,1H,2025-09-05T14:00:00Z,167.44,167.44,164.04,164.36,861510,9003,165.445101
NVDA,1H,2025-09-05T15:00:00Z,164.28,166.67,163.86,166.15,477124,4452,165.437398
NVDA,1H,2025-09-05T16:00:00Z,166.2,166.92,165.8,166.63,237191,2203,166.393173
NVDA,1H,2025-09-05T17:00:00Z,166.61,166.74,165.66,165.9,201020,2067,166.242303
NVDA,1H,2025-09-05T18:00:00Z,165.88,166.68,165.73,166.11,167400,1647,166.264842
NVDA,1H,2025-09-05T19:00:00Z,166.09,166.96,165.93,166.85,530578,4656,166.619589
NVDA,1H,2025-09-08T12:00:00Z,167.36,167.36,167.36,167.36,252,3,167.36
NVDA,1H,2025-09-08T13:00:00Z,167.25,170.73,166.86,170.04,793134,6464,169.392564
NVDA,1H,2025-09-08T14:00:00Z,170.1,170.3,168.98,169.65,665590,5489,169.688123
NVDA,1H,2025-09-08T15:00:00Z,169.63,170,169.03,169.73,347021,3088,169.600941
NVDA,1H,2025-09-08T16:00:00Z,169.74,170.02,169.27,169.75,294758,2598,169.717221
NVDA,1H,2025-09-08T17:00:00Z,169.74,169.93,169.31,169.57,194583,1994,169.683841
NVDA,1H,2025-09-08T18:00:00Z,169.55,169.81,169,169.01,264739,2431,169.45647
NVDA,1H,2025-09-08T19:00:00Z,169.03,169.56,167.89,168.1,794460,6531,168.734488
NVDA,1H,2025-09-09T12:00:00Z,168.85,168.91,168.7,168.87,1274,16,168.81625
NVDA,1H,2025-09-09T13:00:00Z,168.79,169.4,167.74,168.11,404122,3377,168.625358
NVDA,1H,2025-09-09T14:00:00Z,168.18,168.5,166.58,167.19,517106,4190,167.55553
NVDA,1H,2025-09-09T15:00:00Z,167.22,168.14,167.02,167.85,275026,2236,167.465634
NVDA,1H,2025-09-09T16:00:00Z,167.87,168.69,167.83,168.03,311944,2436,168.34156
NVDA,1H,2025-09-09T17:00:00Z,168.05,168.23,167.62,167.87,314166,2471,167.893451
NVDA,1H,2025-09-09T18:00:00Z,167.87,168.82,167.74,168.81,323839,2507,168.149832
NVDA,1H,2025-09-09T19:00:00Z,168.82,170.74,168.8,170.52,682301,5404,169.941484
NVDA,1H,2025-09-09T20:00:00Z,171.35,173.63,171.35,173.63,1851,39,172.883375
NVDA,1H,2025-09-10T12:00:00Z,175.27,176.2,175.27,176.2,5003,63,175.46036
NVDA,1H,2025-09-10T13:00:00Z,176.33,178.71,175.26,176.98,1838580,13586,177.134152
NVDA,1H,2025-09-10T14:00:00Z,176.89,178.95,176.58,178.66,1508216,12883,177.782542
NVDA,1H,2025-09-10T15:00:00Z,178.66,179.04,177.46,177.62,825075,7817,178.309821
NVDA,1H,2025-09-10T16:00:00Z,177.61,177.84,177.13,177.44,437286,4314,177.514011
NVDA,1H,2025-09-10T17:00:00Z,177.44,178.08,177.17,177.41,532666,4569,177.653845
NVDA,1H,2025-09-10T18:00:00Z,177.43,177.46,175.92,176.4,678340,5954,176.513143
NVDA,1H,2025-09-10T19:00:00Z,176.39,177.3,175.73,177.03,1006335,8353,176.66253
NVDA,1H,2025-09-11T12:00:00Z,178.05,178.7,178.05,178.7,1529,19,178.143142
NVDA,1H,2025-09-11T13:00:00Z,178.72,180.01,177.38,177.59,653295,5680,178.397234
NVDA,1H,2025-09-11T14:00:00Z,177.58,178.03,176.7,177.59,618959,5891,177.387778
NVDA,1H,2025-09-11T15:00:00Z,177.6,178.29,176.94,177.81,460879,4372,177.765344
NVDA,1H,2025-09-11T16:00:00Z,177.75,177.87,176.8,177.05,258741,2777,177.344987
NVDA,1H,2025-09-11T17:00:00Z,177.08,177.28,176.28,176.88,258131,2747,176.85837
NVDA,1H,2025-09-11T18:00:00Z,176.91,177.51,176.71,177.27,315985,3103,177.214768
NVDA,1H,2025-09-11T19:00:00Z,177.29,177.29,176.67,176.85,533487,5313,176.968735
NVDA,1H,2025-09-12T12:00:00Z,177.2,177.2,177.2,177.2,100,1,177.2
NVDA,1H,2025-09-12T13:00:00Z,177.4,178.17,176.24,177.3,497096,3974,177.240255
NVDA,1H,2025-09-12T14:00:00Z,177.3,178.36,176.83,178.05,469995,3929,177.665985
NVDA,1H,2025-09-12T15:00:00Z,178.07,178.32,177.1,177.44,312261,2850,177.726776
NVDA,1H,2025-09-12T16:00:00Z,177.41,177.98,177.27,177.68,206365,1985,177.681192
NVDA,1H,2025-09-12T17:00:00Z,177.69,177.77,177.28,177.58,185722,1539,177.523226
NVDA,1H,2025-09-12T18:00:00Z,177.6,177.69,177.21,177.57,213739,2002,177.40817
NVDA,1H,2025-09-12T19:00:00Z,177.65,177.76,177.17,177.57,464415,4081,177.473512
NVDA,1H,2025-09-15T12:00:00Z,174.79,174.79,174.79,174.79,100,1,174.79
NVDA,1H,2025-09-15T13:00:00Z,175.47,176.3,174.3,175.63,537446,6176,175.396346
NVDA,1H,2025-09-15T14:00:00Z,175.62,175.92,174.36,175.08,584053,6361,175.028195
NVDA,1H,2025-09-15T15:00:00Z,175.08,177.86,174.86,177.62,564956,5914,176.710493
NVDA,1H,2025-09-15T16:00:00Z,177.61,178.04,176.83,177.46,410704,4312,177.432522
NVDA,1H,2025-09-15T17:00:00Z,177.47,177.48,176.92,177.38,244743,2735,177.23881
NVDA,1H,2025-09-15T18:00:00Z,177.38,177.65,176.74,176.86,287333,3055,177.295626
NVDA,1H,2025-09-15T19:00:00Z,176.97,177.65,176.69,177.53,509248,4790,177.107509
NVDA,1H,2025-09-16T13:00:00Z,176.98,177.27,175.51,175.87,396570,3681,176.237959
NVDA,1H,2025-09-16T14:00:00Z,175.95,176.61,175.9,176.31,349931,3212,176.224145
NVDA,1H,2025-09-16T15:00:00Z,176.32,176.32,175.04,175.1,360701,2913,175.738596
NVDA,1H,2025-09-16T16:00:00Z,175.11,175.14,174.59,174.74,240028,2111,174.874277
NVDA,1H,2025-09-16T17:00:00Z,174.75,175.18,174.55,174.73,269903,2643,174.909256
NVDA,1H,2025-09-16T18:00:00Z,174.73,174.91,174.44,174.74,300012,3174,174.615597
NVDA,1H,2025-09-16T19:00:00Z,174.78,174.99,174.16,174.67,494375,4181,174.647848
NVDA,1H,2025-09-17T12:00:00Z,172.88,173.04,172.88,173.02,4833,74,172.97
NVDA,1H,2025-09-17T13:00:00Z,173.04,173.1,169.89,170.64,732066,5852,170.952989
NVDA,1H,2025-09-17T14:00:00Z,170.66,170.76,169.45,169.87,690943,6498,170.081375
NVDA,1H,2025-09-17T15:00:00Z,169.89,170.56,169.18,169.34,593392,5082,169.87259
NVDA,1H,2025-09-17T16:00:00Z,169.35,169.73,169.06,169.67,434934,3877,169.388577
NVDA,1H,2025-09-17T17:00:00Z,169.69,170.92,169.62,170.83,417402,3471,170.240108
NVDA,1H,2025-09-17T18:00:00Z,171.08,171.38,168.24,169.49,524735,5364,169.516916
NVDA,1H,2025-09-17T19:00:00Z,169.5,171.17,169.41,169.99,836582,6968,170.339538
NVDA,1H,2025-09-18T12:00:00Z,175.29,175.29,174.87,174.87,509,8,175.04
NVDA,1H,2025-09-18T13:00:00Z,174.45,175.16,172.75,173.31,625942,5874,173.908728
NVDA,1H,2025-09-18T14:00:00Z,173.31,176.01,173.28,175.05,739125,6228,174.926414
NVDA,1H,2025-09-18T15:00:00Z,175.04,176.34,175.03,175.78,271684,2656,175.811417
NVDA,1H,2025-09-18T16:00:00Z,175.79,176.47,175.59,176.4,182661,1973,176.105582
NVDA,1H,2025-09-18T17:00:00Z,176.41,176.69,175.88,176.06,245510,2293,176.288577
NVDA,1H,2025-09-18T18:00:00Z,176.02,176.84,175.78,176.63,201467,2080,176.39518
NVDA,1H,2025-09-18T19:00:00Z,176.62,176.87,175.98,176,447487,4432,176.358578
NVDA,1H,2025-09-19T12:00:00Z,175.68,175.91,175.43,175.43,1985,26,175.8
NVDA,1H,2025-09-19T13:00:00Z,175.47,176.78,175.07,176.35,303777,2895,175.979613
NVDA,1H,2025-09-19T14:00:00Z,176.39,177.85,176.37,176.92,326610,3270,177.218599
NVDA,1H,2025-09-19T15:00:00Z,176.95,177.04,175.59,176.15,257621,2615,176.230523
NVDA,1H,2025-09-19T16:00:00Z,176.15,176.23,175.5,175.59,154751,1994,175.813092
NVDA,1H,2025-09-19T17:00:00Z,175.52,175.99,175.35,175.56,160404,1994,175.620931
NVDA,1H,2025-09-19T18:00:00Z,175.53,175.98,175.36,175.89,167582,2052,175.610689
NVDA,1H,2025-09-19T19:00:00Z,175.89,177.27,175.61,176.32,459661,4335,176.107584
NVDA,1H,2025-09-22T12:00:00Z,175.1,175.77,175.1,175.76,3740,43,175.584348
NVDA,1H,2025-09-22T13:00:00Z,175.57,175.83,174.52,175.25,377366,3642,175.202815
NVDA,1H,2025-09-22T14:00:00Z,175.29,175.85,174.77,175.54,464312,4623,175.272952
NVDA,1H,2025-09-22T15:00:00Z,175.5,175.76,175.06,175.3,304024,2958,175.405859
NVDA,1H,2025-09-22T16:00:00Z,175.28,184.31,175.27,183.49,2233301,15685,181.106157
NVDA,1H,2025-09-22T17:00:00Z,183.64,183.81,182.11,182.85,842515,6947,182.920014
NVDA,1H,2025-09-22T18:00:00Z,182.83,183.12,182.28,183.1,487062,4440,182.68421
NVDA,1H,2025-09-22T19:00:00Z,183.14,183.72,182.41,183.37,1056188,8296,183.121896
NVDA,1H,2025-09-23T12:00:00Z,182.03,182.03,181.8,181.8,575,4,181.984783
NVDA,1H,2025-09-23T13:00:00Z,181.86,182.19,179.12,179.34,722966,6621,180.448316
NVDA,1H,2025-09-23T14:00:00Z,179.33,180.57,178.94,179.63,603379,6290,179.800406
NVDA,1H,2025-09-23T15:00:00Z,179.63,180.3,179.45,179.73,266833,3005,179.920071
NVDA,1H,2025-09-23T16:00:00Z,179.74,179.9,178.64,178.96,265839,3101,179.298419
NVDA,1H,2025-09-23T17:00:00Z,178.99,179.12,177.08,178,459895,5279,178.152129
NVDA,1H,2025-09-23T18:00:00Z,178.02,178.13,177.22,177.93,278805,3313,177.709168
NVDA,1H,2025-09-23T19:00:00Z,177.98,178.68,177.81,178.21,499518,5445,178.272105
NVDA,1H,2025-09-24T12:00:00Z,178.64,178.7,178.4,178.7,705,9,178.596667
NVDA,1H,2025-09-24T13:00:00Z,179.18,179.53,177.38,178.14,262221,3169,178.343624
NVDA,1H,2025-09-24T14:00:00Z,178.09,178.88,177.76,177.84,327219,3419,178.235817
NVDA,1H,2025-09-24T15:00:00Z,177.83,178.28,175.97,176.09,273726,2769,177.272329
NVDA,1H,2025-09-24T16:00:00Z,176.05,176.28,175.2,176.16,320652,2829,175.793986
NVDA,1H,2025-09-24T17:00:00Z,176.19,177.11,176.16,176.68,114588,1386,176.7404
NVDA,1H,2025-09-24T18:00:00Z,176.68,177.06,176.28,176.96,93498,1223,176.624529
NVDA,1H,2025-09-24T19:00:00Z,176.93,177.09,176.49,176.64,265534,2933,176.736735
NVDA,1H,2025-09-25T12:00:00Z,174.88,175.06,174.74,174.74,840,6,174.804789
NVDA,1H,2025-09-25T13:00:00Z,174.21,175.33,172.94,174.78,395653,3808,174.224583
NVDA,1H,2025-09-25T14:00:00Z,174.94,178.07,174.82,177.6,407254,4416,176.866164
NVDA,1H,2025-09-25T15:00:00Z,177.62,179.73,177,179.68,352251,3536,178.589851
NVDA,1H,2025-09-25T16:00:00Z,179.67,180,178.27,178.4,525629,3851,179.116426
NVDA,1H,2025-09-25T17:00:00Z,178.31,178.49,176.09,176.14,507377,3419,177.470676
NVDA,1H,2025-09-25T18:00:00Z,176.12,177.52,175.33,177.07,540387,4012,176.500542
NVDA,1H,2025-09-25T19:00:00Z,177.03,177.66,176.55,177.45,455126,4226,176.985424
NVDA,1H,2025-09-26T12:00:00Z,177.4,178.57,177.4,178.22,2656,32,178.353107
NVDA,1H,2025-09-26T13:00:00Z,177.8,178.39,176.31,176.8,277320,3350,177.211268
NVDA,1H,2025-09-26T14:00:00Z,176.76,177.23,174.73,175.57,636501,6941,175.89886
NVDA,1H,2025-09-26T15:00:00Z,175.65,176.56,175.56,175.67,330319,3609,176.039375
NVDA,1H,2025-09-26T16:00:00Z,175.67,177.22,175.58,177.12,214965,2708,176.400264
NVDA,1H,2025-09-26T17:00:00Z,177.11,177.33,176.72,177.12,157817,1973,177.02101
NVDA,1H,2025-09-26T18:00:00Z,177.13,177.68,177.02,177.15,183437,2242,177.331146
NVDA,1H,2025-09-26T19:00:00Z,177.15,178.05,176.97,177.96,430195,4164,177.566847
NVDA,1H,2025-09-26T20:00:00Z,178,178,178,178,101,2,178
NVDA,1H,2025-09-29T13:00:00Z,179.92,183.76,179.9,182.85,880282,7894,182.636611
NVDA,1H,2025-09-29T14:00:00Z,182.87,183.63,182.31,183.38,729087,7441,183.019038
NVDA,1H,2025-09-29T15:00:00Z,183.38,183.51,181.57,181.88,422127,4776,182.368612
NVDA,1H,2025-09-29T16:00:00Z,181.9,182.07,181.22,181.49,219284,2831,181.716634
NVDA,1H,2025-09-29T17:00:00Z,181.47,181.98,181.06,181.93,200453,2586,181.600224
NVDA,1H,2025-09-29T18:00:00Z,181.88,182.03,181.25,181.5,199481,2463,181.574288
NVDA,1H,2025-09-29T19:00:00Z,181.48,181.7,180.48,181.6,491581,5502,181.21624
NVDA,1H,2025-09-30T12:00:00Z,181.97,182.34,181.97,182.34,265,3,182.142093
NVDA,1H,2025-09-30T13:00:00Z,182.52,183.34,181.29,183.31,395375,4657,182.386378
NVDA,1H,2025-09-30T14:00:00Z,183.33,186.96,183.15,186.6,1393808,13327,184.971574
NVDA,1H,2025-09-30T15:00:00Z,186.6,187.11,185.37,186.41,711902,7267,186.254118
NVDA,1H,2025-09-30T16:00:00Z,186.4,186.87,185.66,185.94,410284,4607,186.383228
NVDA,1H,2025-09-30T17:00:00Z,185.95,186.04,185.01,185.73,362302,4138,185.608932
NVDA,1H,2025-09-30T18:00:00Z,185.7,186.21,185.49,185.74,276019,3307,185.897317
NVDA,1H,2025-09-30T19:00:00Z,185.74,186.53,184.77,186.3,777727,7379,185.765132
NVDA,1H,2025-10-01T12:00:00Z,184.63,184.86,184.63,184.86,380,4,184.776364
NVDA,1H,2025-10-01T13:00:00Z,184.95,185.84,183.68,183.98,629149,5527,184.705977
NVDA,1H,2025-10-01T14:00:00Z,183.98,187.61,183.82,186.92,462406,4650,186.011149
NVDA,1H,2025-10-01T15:00:00Z,186.95,187.6,186.19,187.02,276756,2978,186.810906
NVDA,1H,2025-10-01T16:00:00Z,187.06,187.29,186.24,186.86,186559,1836,186.626477
NVDA,1H,2025-10-01T17:00:00Z,186.85,187.88,186.78,187.29,207732,2334,187.383786
NVDA,1H,2025-10-01T18:00:00Z,187.28,187.62,187.06,187.16,117361,1388,187.369365
NVDA,1H,2025-10-01T19:00:00Z,187.19,187.36,186.12,187.01,373409,3770,186.817866
NVDA,1H,2025-10-02T12:00:00Z,189.66,189.75,189.58,189.58,12106,164,189.704706
NVDA,1H,2025-10-02T13:00:00Z,189.58,190.76,188.04,189.04,417398,4061,189.353307
NVDA,1H,2025-10-02T14:00:00Z,189,190.19,188.76,189.03,487280,5072,189.61985
NVDA,1H,2025-10-02T15:00:00Z,189.02,189.73,188.67,189.44,289295,3038,189.288184
NVDA,1H,2025-10-02T16:00:00Z,189.38,189.38,188.53,189.19,145434,1912,188.931525
NVDA,1H,2025-10-02T17:00:00Z,189.19,189.19,188.53,188.53,113647,1485,188.867533
NVDA,1H,2025-10-02T18:00:00Z,188.51,188.96,188.39,188.67,117647,1478,188.625615
NVDA,1H,2025-10-02T19:00:00Z,188.66,189.04,188.53,188.67,301653,3173,188.796646
NVDA,1H,2025-10-03T13:00:00Z,189.26,190.12,188.54,188.7,264523,3126,189.300758
NVDA,1H,2025-10-03T14:00:00Z,188.67,189.31,188.13,189.05,222426,2833,188.686215
NVDA,1H,2025-10-03T15:00:00Z,189.02,189.47,188.51,188.76,147724,1841,188.999215
NVDA,1H,2025-10-03T16:00:00Z,188.72,188.75,187.36,187.71,166418,2001,187.996979
NVDA,1H,2025-10-03T17:00:00Z,187.66,187.67,185.17,186.15,326533,4156,186.521021
NVDA,1H,2025-10-03T18:00:00Z,186.21,187.49,185.45,187.41,203530,2498,186.617114
NVDA,1H,2025-10-03T19:00:00Z,187.4,187.74,186.88,187.39,302027,3416,187.341506
NVDA,1H,2025-10-06T12:00:00Z,186.47,186.47,186.47,186.47,275,5,186.47
NVDA,1H,2025-10-06T13:00:00Z,185.35,186.97,183.11,186.08,812701,7430,185.317754
NVDA,1H,2025-10-06T14:00:00Z,186.05,186.3,183.97,184.57,965554,9203,184.964529
NVDA,1H,2025-10-06T15:00:00Z,184.55,186.86,184.4,186.59,565605,6108,185.806429
NVDA,1H,2025-10-06T16:00:00Z,186.62,186.99,186.04,186.14,340316,3702,186.568339
NVDA,1H,2025-10-06T17:00:00Z,186.12,186.22,185.24,185.53,201142,2273,185.742009
NVDA,1H,2025-10-06T18:00:00Z,185.48,185.86,185.16,185.63,157296,1704,185.520945
NVDA,1H,2025-10-06T19:00:00Z,185.6,185.8,185.2,185.27,482337,4694,185.469378
NVDA,1H,2025-10-06T20:00:00Z,185.27,185.27,185.27,185.27,100,1,185.27
NVDA,1H,2025-10-07T12:00:00Z,186.17,186.17,186.17,186.17,100,1,186.17
NVDA,1H,2025-10-07T13:00:00Z,186.43,188.7,185.96,188.54,419556,4475,187.415288
NVDA,1H,2025-10-07T14:00:00Z,188.64,188.79,187.33,187.59,574261,6877,188.045934
NVDA,1H,2025-10-07T15:00:00Z,187.62,187.62,184.18,185.2,899983,9547,185.242498
NVDA,1H,2025-10-07T16:00:00Z,185.23,186.17,184.84,185.53,330092,4419,185.5538
NVDA,1H,2025-10-07T17:00:00Z,185.51,185.93,185.1,185.1,261517,3795,185.549234
NVDA,1H,2025-10-07T18:00:00Z,185.13,185.79,184.92,185.4,245262,3511,185.489561
NVDA,1H,2025-10-07T19:00:00Z,185.38,185.56,184.68,184.77,343304,4751,185.219123
NVDA,1H,2025-10-08T12:00:00Z,185.75,185.75,185.75,185.75,100,1,185.75
NVDA,1H,2025-10-08T13:00:00Z,186.34,188.82,186.34,188.38,686201,5763,187.902308
NVDA,1H,2025-10-08T14:00:00Z,188.44,189.18,188,188.41,366502,4049,188.631057
NVDA,1H,2025-10-08T15:00:00Z,188.39,188.63,187.39,187.67,267592,2690,187.879311
NVDA,1H,2025-10-08T16:00:00Z,187.69,188.22,187.45,188.01,136468,1755,187.843646
NVDA,1H,2025-10-08T17:00:00Z,187.98,188.63,187.54,188.35,149820,2074,188.119064
NVDA,1H,2025-10-08T18:00:00Z,188.36,188.54,187.76,188.06,181784,2550,188.213791
NVDA,1H,2025-10-08T19:00:00Z,188.11,189.26,188.01,188.85,477742,5732,188.504572
NVDA,1H,2025-10-08T20:00:00Z,188.85,188.91,188.84,188.91,1611,17,188.869863
NVDA,1H,2025-10-09T12:00:00Z,191.99,192.64,191.98,192.52,2341,28,192.266019
NVDA,1H,2025-10-09T13:00:00Z,192.35,195.03,190.83,194.17,525098,5934,192.835682
NVDA,1H,2025-10-09T14:00:00Z,194.15,194.34,191.95,193.81,494764,5849,193.455984
NVDA,1H,2025-10-09T15:00:00Z,193.86,194.46,193.12,193.96,557856,5107,193.724061
NVDA,1H,2025-10-09T16:00:00Z,193.95,194.32,192.51,192.53,265106,2583,193.682835
NVDA,1H,2025-10-09T17:00:00Z,192.42,193,192.04,192.77,145854,2259,192.546785
NVDA,1H,2025-10-09T18:00:00Z,192.79,192.91,191.9,192.31,160291,2252,192.332091
NVDA,1H,2025-10-09T19:00:00Z,192.3,193.23,191.76,192.31,299715,3229,192.486796
NVDA,1H,2025-10-10T12:00:00Z,193.61,193.67,193.61,193.67,655,11,193.635385
NVDA,1H,2025-10-10T13:00:00Z,193.28,194.02,192.04,193.89,351996,3796,192.789165
NVDA,1H,2025-10-10T14:00:00Z,193.87,195.35,193.42,193.9,697810,8111,194.672055
NVDA,1H,2025-10-10T15:00:00Z,193.89,193.95,186.21,189.28,714992,7235,189.918217
NVDA,1H,2025-10-10T16:00:00Z,189.28,189.62,187.17,187.37,420886,5207,188.66539
NVDA,1H,2025-10-10T17:00:00Z,187.26,188.19,186.4,187.45,364198,4531,187.392238
NVDA,1H,2025-10-10T18:00:00Z,187.48,188.02,186.4,186.74,283765,3823,187.207409
NVDA,1H,2025-10-10T19:00:00Z,186.74,187.3,182.6,182.92,897157,8929,184.537156
NVDA,1H,2025-10-13T12:00:00Z,187.83,188.78,187.76,188.78,17945,217,187.791953
NVDA,1H,2025-10-13T13:00:00Z,187.4,189.4,186.9,189.34,367368,4124,188.279282
NVDA,1H,2025-10-13T14:00:00Z,189.34,189.85,185.75,186.03,376150,4487,188.103133
NVDA,1H,2025-10-13T15:00:00Z,186.02,188.52,185.97,188.09,452361,5643,187.62563
NVDA,1H,2025-10-13T16:00:00Z,188.13,188.98,187.76,188.94,448032,5886,188.226702
NVDA,1H,2025-10-13T17:00:00Z,188.98,189.19,187.94,188.31,318223,4370,188.471303
NVDA,1H,2025-10-13T18:00:00Z,188.31,188.32,187.01,187.38,297553,3823,187.575669
NVDA,1H,2025-10-13T19:00:00Z,187.42,188.57,187.14,188.07,513248,6158,187.77418
NVDA,1H,2025-10-14T12:00:00Z,185.06,185.21,184.91,185.21,800,9,185.06
NVDA,1H,2025-10-14T13:00:00Z,184.45,184.49,179.52,180.92,824725,7426,181.276265
NVDA,1H,2025-10-14T14:00:00Z,180.84,182.47,180.55,181.11,659008,6904,181.442504
NVDA,1H,2025-10-14T15:00:00Z,181.12,182.92,180.97,182.4,431713,4692,181.761161
NVDA,1H,2025-10-14T16:00:00Z,182.43,183.92,181.85,182.92,250341,3048,183.015061
NVDA,1H,2025-10-14T17:00:00Z,182.96,183.35,181.56,181.59,209833,2683,182.566615
NVDA,1H,2025-10-14T18:00:00Z,181.6,182.13,181.31,181.8,166706,2189,181.698337
NVDA,1H,2025-10-14T19:00:00Z,181.81,182.03,179.61,179.8,475036,5151,180.425552
NVDA,1H,2025-10-15T12:00:00Z,184.33,184.41,184.33,184.41,263,3,184.37
NVDA,1H,2025-10-15T13:00:00Z,185.11,185.31,180.82,181.95,841868,8263,182.239456
NVDA,1H,2025-10-15T14:00:00Z,181.92,182.77,181.27,182.53,1031733,8769,182.13077
NVDA,1H,2025-10-15T15:00:00Z,182.53,182.97,179.65,180.3,1049880,8475,181.215172
NVDA,1H,2025-10-15T16:00:00Z,180.3,180.77,179.69,179.76,615689,6650,180.145627
NVDA,1H,2025-10-15T17:00:00Z,179.77,179.77,177.07,179.32,630546,7057,178.450992
NVDA,1H,2025-10-15T18:00:00Z,179.31,180.43,178.78,180.32,358753,3817,179.683971
NVDA,1H,2025-10-15T19:00:00Z,180.31,180.32,178.27,179.64,737274,6936,179.498727
NVDA,1H,2025-10-16T12:00:00Z,181.8,182.26,181.8,182.26,420,5,182.006667
NVDA,1H,2025-10-16T13:00:00Z,182.18,182.35,181.02,181.47,293687,3661,181.74852
NVDA,1H,2025-10-16T14:00:00Z,181.48,183.05,181.25,182.25,577432,6665,182.387129
NVDA,1H,2025-10-16T15:00:00Z,182.24,182.69,181.33,181.66,631207,7015,182.032221
NVDA,1H,2025-10-16T16:00:00Z,181.58,181.95,179.57,181.25,648882,7384,180.786633
NVDA,1H,2025-10-16T17:00:00Z,181.25,182.28,180.42,181.88,705081,7385,181.511384
NVDA,1H,2025-10-16T18:00:00Z,181.85,181.95,179.61,181.23,650806,7006,180.512828
NVDA,1H,2025-10-16T19:00:00Z,181.23,182.22,180.03,181.61,841016,8593,180.93245
NVDA,1H,2025-10-17T12:00:00Z,179.68,180.17,179.68,179.95,650,7,179.881
NVDA,1H,2025-10-17T13:00:00Z,179.84,182.18,179.43,181.56,279383,3615,180.932056
NVDA,1H,2025-10-17T14:00:00Z,181.66,183.29,180.85,181.02,895056,9692,182.314651
NVDA,1H,2025-10-17T15:00:00Z,181.03,182.08,179.81,181.84,1161112,12521,180.991154
NVDA,1H,2025-10-17T16:00:00Z,181.85,182.74,181.84,182.23,616328,6824,182.258246
NVDA,1H,2025-10-17T17:00:00Z,182.21,182.78,181.72,182.63,619675,7063,182.181501
NVDA,1H,2025-10-17T18:00:00Z,182.66,183.62,182.56,183.24,512741,5570,183.152715
NVDA,1H,2025-10-17T19:00:00Z,183.25,183.86,182.61,182.93,718860,7490,183.203172
NVDA,1H,2025-10-20T12:00:00Z,182.68,182.85,182.62,182.64,600,5,182.738333
NVDA,1H,2025-10-20T13:00:00Z,182.85,183.11,181.52,182.71,405498,4822,182.549949
NVDA,1H,2025-10-20T14:00:00Z,182.71,184.96,182.07,183.68,755265,8501,183.527429
NVDA,1H,2025-10-20T15:00:00Z,183.68,183.76,182.81,183.36,538717,6178,183.247014
NVDA,1H,2025-10-20T16:00:00Z,183.42,183.89,183.05,183.85,297049,3725,183.406605
NVDA,1H,2025-10-20T17:00:00Z,183.83,184.02,183.27,183.34,232449,2580,183.727321
NVDA,1H,2025-10-20T18:00:00Z,183.33,183.55,183.17,183.22,226721,2885,183.359056
NVDA,1H,2025-10-20T19:00:00Z,183.2,183.27,182.27,182.32,735202,6977,182.638771
NVDA,1H,2025-10-21T12:00:00Z,182.82,182.82,182.82,182.82,100,1,182.82
NVDA,1H,2025-10-21T13:00:00Z,182.55,182.55,180.45,180.72,364179,4025,181.351003
NVDA,1H,2025-10-21T14:00:00Z,180.75,181.17,179.57,181.11,614938,6325,180.26418
NVDA,1H,2025-10-21T15:00:00Z,181.06,182.07,180.91,181.95,399334,4961,181.62086
NVDA,1H,2025-10-21T16:00:00Z,181.94,182.41,181.14,181.18,337653,4213,182.000434
NVDA,1H,2025-10-21T17:00:00Z,181.18,181.45,180.84,181.43,266234,3416,181.183226
NVDA,1H,2025-10-21T18:00:00Z,181.41,181.42,180.72,181.06,371329,4005,181.032028
NVDA,1H,2025-10-21T19:00:00Z,181.05,181.38,180.8,180.9,485318,5186,181.087891
NVDA,1H,2025-10-21T20:00:00Z,180.81,180.81,180.81,180.81,100,1,180.81
NVDA,1H,2025-10-22T12:00:00Z,180.93,180.93,180.93,180.93,100,1,180.93
NVDA,1H,2025-10-22T13:00:00Z,180.92,183.2,180.16,182.42,304710,3353,181.689609
NVDA,1H,2025-10-22T14:00:00Z,182.53,182.86,179.1,180.47,707639,7921,180.612852
NVDA,1H,2025-10-22T15:00:00Z,180.46,180.48,177.74,179.26,429378,5302,179.020521
NVDA,1H,2025-10-22T16:00:00Z,179.26,179.69,177.53,178.55,338963,4147,178.802941
NVDA,1H,2025-10-22T17:00:00Z,178.48,178.72,176.57,177.31,454838,6095,177.42412
NVDA,1H,2025-10-22T18:00:00Z,177.35,178.66,176.71,178.64,408206,5190,177.722845
NVDA,1H,2025-10-22T19:00:00Z,178.63,180.11,178.44,180.11,463290,5668,179.489877
NVDA,1H,2025-10-22T20:00:00Z,180.05,180.05,180.05,180.05,109,2,180.05
NVDA,1H,2025-10-23T13:00:00Z,179.43,181.37,178.92,181.12,423229,4318,180.570936
NVDA,1H,2025-10-23T14:00:00Z,181.12,182.08,180.39,182.06,534839,5782,181.358351
NVDA,1H,2025-10-23T15:00:00Z,182.06,182.25,181.16,181.88,571348,6234,181.818406
NVDA,1H,2025-10-23T16:00:00Z,181.87,182.04,181.46,181.77,280070,3461,181.736924
NVDA,1H,2025-10-23T17:00:00Z,181.79,182.44,181.37,182.28,350164,4412,182.017458
NVDA,1H,2025-10-23T18:00:00Z,182.31,182.79,182.03,182.7,311139,4243,182.428976
NVDA,1H,2025-10-23T19:00:00Z,182.72,182.8,181.15,181.89,477931,5394,182.268288
NVDA,1H,2025-10-24T12:00:00Z,182.88,183.75,182.88,183.75,627,4,183.532027
NVDA,1H,2025-10-24T13:00:00Z,183.81,185.79,183.28,185.39,398265,4399,185.020441
NVDA,1H,2025-10-24T14:00:00Z,185.4,185.4,184.05,184.62,542655,6497,184.692923
NVDA,1H,2025-10-24T15:00:00Z,184.62,185.35,184.3,185.08,434138,5671,184.878544
NVDA,1H,2025-10-24T16:00:00Z,185.08,185.17,184.69,184.94,257225,3391,184.975592
NVDA,1H,2025-10-24T17:00:00Z,184.93,185.41,184.66,185.24,247183,3332,185.065328
NVDA,1H,2025-10-24T18:00:00Z,185.24,185.56,184.78,185.55,395627,4580,185.182335
NVDA,1H,2025-10-24T19:00:00Z,185.57,187.23,185.57,186.05,880681,9050,186.353145
NVDA,1H,2025-10-24T20:00:00Z,185.98,185.98,185.97,185.98,1500,18,185.98
NVDA,1H,2025-10-27T12:00:00Z,190.4,190.4,190.05,190.24,13780,236,190.155794
NVDA,1H,2025-10-27T13:00:00Z,190.22,190.99,189.55,190.8,389622,4437,190.356495
NVDA,1H,2025-10-27T14:00:00Z,190.81,190.86,188.22,190.05,540579,6023,189.753796
NVDA,1H,2025-10-27T15:00:00Z,190.07,191.23,190,190.62,477787,5495,190.757967
NVDA,1H,2025-10-27T16:00:00Z,190.63,191.24,190.55,191.23,309189,3714,190.760645
NVDA,1H,2025-10-27T17:00:00Z,191.24,191.52,190.76,190.86,324893,3736,191.082382
NVDA,1H,2025-10-27T18:00:00Z,190.85,190.99,190.03,190.5,344887,4220,190.541762
NVDA,1H,2025-10-27T19:00:00Z,190.53,191.76,190.05,191.2,690522,7883,190.727116
NVDA,1H,2025-10-28T12:00:00Z,192.88,192.88,192.88,192.88,100,1,192.88
NVDA,1H,2025-10-28T13:00:00Z,192.86,195.21,192.43,193.59,450714,5344,193.915024
NVDA,1H,2025-10-28T14:00:00Z,193.6,193.71,191.99,192.94,514388,6429,192.826186
NVDA,1H,2025-10-28T15:00:00Z,192.87,193.09,191.69,193.08,401474,4799,192.533383
NVDA,1H,2025-10-28T16:00:00Z,193.12,195.3,193.1,193.63,459471,5011,193.977872
NVDA,1H,2025-10-28T17:00:00Z,193.62,198.21,193.02,197.82,1301293,12228,195.710634
NVDA,1H,2025-10-28T18:00:00Z,197.72,199.75,197.25,199.74,866009,8445,198.798821
NVDA,1H,2025-10-28T19:00:00Z,199.74,202.89,199.36,200.79,2248165,16916,201.272947
NVDA,1H,2025-10-28T20:00:00Z,201.03,204.24,200.43,204.24,2645,106,202.202353
NVDA,1H,2025-10-29T12:00:00Z,207.51,207.89,207.51,207.89,1275,10,207.625833
NVDA,1H,2025-10-29T13:00:00Z,207.95,211.73,206.83,211.7,1440158,12940,209.794564
NVDA,1H,2025-10-29T14:00:00Z,211.71,211.88,208.34,208.65,1399829,15652,210.016116
NVDA,1H,2025-10-29T15:00:00Z,208.63,208.91,206.13,207.24,659752,9206,207.884933
NVDA,1H,2025-10-29T16:00:00Z,207.2,207.2,204.79,206.65,1026076,14109,205.923475
NVDA,1H,2025-10-29T17:00:00Z,206.67,207.76,205.97,207.09,757565,9168,206.815403
NVDA,1H,2025-10-29T18:00:00Z,207.1,207.37,204.53,206.34,670378,7617,206.268846
NVDA,1H,2025-10-29T19:00:00Z,206.46,207.78,205.17,206.77,759590,8943,206.640013
NVDA,1H,2025-10-30T12:00:00Z,205.14,205.41,202.59,203.16,2908,39,203.565676
NVDA,1H,2025-10-30T13:00:00Z,203.37,205.84,201.21,203.72,638407,6583,203.317657
NVDA,1H,2025-10-30T14:00:00Z,203.91,204.41,201.17,202.65,587936,6358,202.702327
NVDA,1H,2025-10-30T15:00:00Z,202.71,203.57,201.82,202.27,484031,5099,202.5944
NVDA,1H,2025-10-30T16:00:00Z,202.29,203.53,202.16,203.31,318828,3621,202.981958
NVDA,1H,2025-10-30T17:00:00Z,203.28,204.17,202.19,203.91,223612,2802,203.076001
NVDA,1H,2025-10-30T18:00:00Z,203.91,204.02,203.11,203.27,212974,2392,203.539424
NVDA,1H,2025-10-30T19:00:00Z,203.23,203.35,201.65,202.64,582470,6154,202.394933
NVDA,1H,2025-10-31T13:00:00Z,206.16,207.7,204.86,204.94,424233,5338,206.315769
NVDA,1H,2025-10-31T14:00:00Z,204.99,206.35,204.37,206.21,473107,5322,205.404399
NVDA,1H,2025-10-31T15:00:00Z,206.19,206.28,203.53,203.53,705964,6873,204.84412
NVDA,1H,2025-10-31T16:00:00Z,203.49,204.12,202.32,202.5,562970,6029,203.298699
NVDA,1H,2025-10-31T17:00:00Z,202.47,203.68,201.82,203.01,379485,4635,202.675491
NVDA,1H,2025-10-31T18:00:00Z,203,204.11,202.99,203.51,407536,4699,203.607213
NVDA,1H,2025-10-31T19:00:00Z,203.5,204.49,202.23,202.23,663662,6734,203.50337
NVDA,1H,2025-11-03T13:00:00Z,206.07,206.7,206.07,206.64,649,8,206.476667
NVDA,1H,2025-11-03T14:00:00Z,207.63,209.16,206.86,207.42,573842,5914,207.870968
NVDA,1H,2025-11-03T15:00:00Z,207.35,208.16,206.54,207.79,683107,6830,207.406232
NVDA,1H,2025-11-03T16:00:00Z,207.83,209.23,207.45,208.89,368139,4623,208.015241
NVDA,1H,2025-11-03T17:00:00Z,208.93,210.28,208.53,210.19,510748,5507,209.529812
NVDA,1H,2025-11-03T18:00:00Z,210.19,211.07,209.07,209.15,529510,5540,210.339933
NVDA,1H,2025-11-03T19:00:00Z,209.15,209.25,206.66,207.97,457782,5345,207.915317
NVDA,1H,2025-11-03T20:00:00Z,207.98,208.15,206.08,206.74,560238,5852,206.855642
NVDA,1H,2025-11-03T21:00:00Z,206.82,207,206.82,206.94,318,5,206.92
NVDA,1H,2025-11-04T13:00:00Z,202.56,202.56,202.04,202.19,316,4,202.263333
NVDA,1H,2025-11-04T14:00:00Z,202.72,203.68,200.67,203.57,524554,5699,202.2678
NVDA,1H,2025-11-04T15:00:00Z,203.55,203.58,200.9,201.38,750481,9763,201.893495
NVDA,1H,2025-11-04T16:00:00Z,201.37,202.03,200.68,201.24,780015,9139,201.319086
NVDA,1H,2025-11-04T17:00:00Z,201.24,201.27,199.55,200.35,486722,5641,200.474818
NVDA,1H,2025-11-04T18:00:00Z,200.32,200.58,198.96,200.11,348835,4115,199.799551
NVDA,1H,2025-11-04T19:00:00Z,200.09,200.5,198.33,198.79,406550,4727,199.33817
NVDA,1H,2025-11-04T20:00:00Z,198.85,200,197.69,198.35,670942,7441,199.050698
NVDA,1H,2025-11-04T21:00:00Z,198.39,198.39,196.29,198,10295,589,197.54
NVDA,1H,2025-11-05T14:00:00Z,198.46,200.08,196.84,199.7,615842,6243,198.882155
NVDA,1H,2025-11-05T15:00:00Z,199.65,202.51,199.14,202.3,622254,7422,200.476379
NVDA,1H,2025-11-05T16:00:00Z,202.29,202.64,201.05,201.78,608412,7393,201.849054
NVDA,1H,2025-11-05T17:00:00Z,201.76,201.8,200.72,200.94,415401,4982,201.225789
NVDA,1H,2025-11-05T18:00:00Z,200.93,202.01,200.43,201.43,294774,3555,200.997698
NVDA,1H,2025-11-05T19:00:00Z,201.43,201.43,200.62,201.07,346400,4135,200.957354
NVDA,1H,2025-11-05T20:00:00Z,201.04,201.2,194.72,194.93,1164493,11650,197.475795
NVDA,1H,2025-11-05T21:00:00Z,194.16,196.02,193.95,195.57,2113,64,195.266471
NVDA,1H,2025-11-06T13:00:00Z,197.13,197.13,197.13,197.13,459,10,197.13
NVDA,1H,2025-11-06T14:00:00Z,196.59,197.35,192.93,193.33,438979,5244,195.19134
NVDA,1H,2025-11-06T15:00:00Z,193.3,193.47,189.25,190.12,825013,11291,191.712966
NVDA,1H,2025-11-06T16:00:00Z,190.09,191.15,187.72,188.76,901760,12796,189.285497
NVDA,1H,2025-11-06T17:00:00Z,188.79,189.5,186.19,188.9,1046958,13190,187.984907
NVDA,1H,2025-11-06T18:00:00Z,188.93,189.72,187.62,188.52,811438,10197,188.839535
NVDA,1H,2025-11-06T19:00:00Z,188.53,190.45,188.26,190.15,514820,6298,189.413229
NVDA,1H,2025-11-06T20:00:00Z,190.14,190.26,186.98,187.9,831403,8475,188.382788
NVDA,1H,2025-11-07T13:00:00Z,185.17,185.21,184.42,184.42,2100,68,185.003333
NVDA,1H,2025-11-07T14:00:00Z,184.9,185.43,181.87,182.9,622853,7781,183.455449
NVDA,1H,2025-11-07T15:00:00Z,182.85,183.43,180.27,180.27,939408,11726,181.904577
NVDA,1H,2025-11-07T16:00:00Z,180.33,180.73,178.68,180.05,1070963,15567,179.895858
NVDA,1H,2025-11-07T17:00:00Z,180.04,182.72,179.76,182.65,863013,11015,181.550071
NVDA,1H,2025-11-07T18:00:00Z,182.66,184.89,182.4,184.25,655383,8028,183.799687
NVDA,1H,2025-11-07T19:00:00Z,184.24,186.9,183.93,186.86,628612,7207,185.448775
NVDA,1H,2025-11-07T20:00:00Z,186.82,188.06,185.4,187.97,882477,12329,186.889794
NVDA,1H,2025-11-07T21:00:00Z,187.99,188.84,187.99,188.84,1326,22,188.235
NVDA,1H,2025-11-10T13:00:00Z,193.73,194.44,193.48,194.44,1338,19,193.763636
NVDA,1H,2025-11-10T14:00:00Z,194.17,195.32,193.68,194.98,582001,6913,194.489503
NVDA,1H,2025-11-10T15:00:00Z,194.77,197.41,194.25,194.31,782340,10480,195.866194
NVDA,1H,2025-11-10T16:00:00Z,194.37,195.03,193.54,194.81,528113,6907,194.338147
NVDA,1H,2025-11-10T17:00:00Z,194.79,196.64,194.72,196.31,297639,4418,195.724679
NVDA,1H,2025-11-10T18:00:00Z,196.36,197.63,196.36,196.72,264568,3754,196.927318
NVDA,1H,2025-11-10T19:00:00Z,196.65,198.06,196.36,197.95,316516,3949,197.500927
NVDA,1H,2025-11-10T20:00:00Z,197.96,199.68,197.71,198.79,799087,8312,198.780811
NVDA,1H,2025-11-10T21:00:00Z,199.15,199.15,199.06,199.06,200,2,199.105
NVDA,1H,2025-11-11T13:00:00Z,195.22,195.22,195.1,195.1,225,3,195.16
NVDA,1H,2025-11-11T14:00:00Z,195.28,195.28,192.35,193.3,591629,7325,193.797467
NVDA,1H,2025-11-11T15:00:00Z,193.24,193.61,191.33,192.04,946381,11478,192.307058
NVDA,1H,2025-11-11T16:00:00Z,192.04,193.02,191.08,191.21,600368,7524,191.995806
NVDA,1H,2025-11-11T17:00:00Z,191.29,193.55,191.28,193.17,519148,5947,192.495684
NVDA,1H,2025-11-11T18:00:00Z,193.19,194.36,192.85,194.23,397297,4577,193.544856
NVDA,1H,2025-11-11T19:00:00Z,194.17,194.2,193.35,193.64,314657,3843,193.753771
NVDA,1H,2025-11-11T20:00:00Z,193.63,194.08,192.65,193.02,733756,7885,193.329322
NVDA,1H,2025-11-11T21:00:00Z,193,193.63,193,193.6,788,19,193.496667
NVDA,1H,2025-11-12T13:00:00Z,195.85,195.85,195.43,195.43,710,14,195.598
NVDA,1H,2025-11-12T14:00:00Z,195.49,195.59,191.45,192.45,526392,5874,192.865898
NVDA,1H,2025-11-12T15:00:00Z,192.41,193.72,191.42,192.18,808282,11474,192.223295
NVDA,1H,2025-11-12T16:00:00Z,192.19,193.3,191.26,191.8,489651,8535,192.219993
NVDA,1H,2025-11-12T17:00:00Z,191.84,192.86,191.46,192.28,401276,6284,192.045493
NVDA,1H,2025-11-12T18:00:00Z,192.4,192.99,192.02,192.08,244967,4490,192.443078
NVDA,1H,2025-11-12T19:00:00Z,192.13,192.38,191.53,191.78,196344,3383,191.967327
NVDA,1H,2025-11-12T20:00:00Z,191.73,193.63,190.89,193.61,563951,8703,192.342281
NVDA,1H,2025-11-12T21:00:00Z,193.48,193.48,193.36,193.36,245,7,193.42
NVDA,1H,2025-11-13T13:00:00Z,192.13,192.13,191.27,191.27,500,4,191.758
NVDA,1H,2025-11-13T14:00:00Z,190.7,191.19,186.72,187.99,402640,4919,188.60218
NVDA,1H,2025-11-13T15:00:00Z,188.02,189.67,185.58,186.34,593571,8298,187.232732
NVDA,1H,2025-11-13T16:00:00Z,186.29,186.74,185.12,185.56,541099,7185,185.720928
NVDA,1H,2025-11-13T17:00:00Z,185.44,186.98,185.32,185.42,354947,5445,186.096179
NVDA,1H,2025-11-13T18:00:00Z,185.43,185.89,183.62,184.5,460485,7039,184.562312
NVDA,1H,2025-11-13T19:00:00Z,184.61,186.23,183.77,185.47,454159,5907,185.069406
NVDA,1H,2025-11-13T20:00:00Z,185.37,186.94,184.94,186.73,633837,7696,186.063003
NVDA,1H,2025-11-13T21:00:00Z,187.1,187.19,186.8,186.8,439,12,187.01
NVDA,1H,2025-11-14T13:00:00Z,180.66,181.41,180.66,181.39,4632,75,181.006015
NVDA,1H,2025-11-14T14:00:00Z,181.71,187.58,180.36,186.71,645714,6402,184.257239
NVDA,1H,2025-11-14T15:00:00Z,186.76,189.26,185.28,188.32,596218,8000,186.970623
NVDA,1H,2025-11-14T16:00:00Z,188.34,190.42,187.32,189.77,535126,7085,189.267581
NVDA,1H,2025-11-14T17:00:00Z,189.72,190.12,188.62,189.16,299220,3976,189.547378
NVDA,1H,2025-11-14T18:00:00Z,189.17,189.54,188.16,189.26,250212,3609,188.867272
NVDA,1H,2025-11-14T19:00:00Z,189.19,190.76,188.33,190.48,242283,3195,189.73399
NVDA,1H,2025-11-14T20:00:00Z,190.51,190.66,189.15,190.04,501675,6924,189.81149
NVDA,1H,2025-11-14T21:00:00Z,189.95,190.13,189.71,189.71,4137,53,189.905897
NVDA,1H,2025-11-17T14:00:00Z,185.73,188.75,184.7,187.85,466528,6310,187.019041
NVDA,1H,2025-11-17T15:00:00Z,187.85,188.21,185.93,186.98,475519,5901,186.972167
NVDA,1H,2025-11-17T16:00:00Z,186.97,188.04,185.51,187.97,547910,5897,186.900348
NVDA,1H,2025-11-17T17:00:00Z,187.97,187.97,186.28,186.3,312839,4002,187.310783
NVDA,1H,2025-11-17T18:00:00Z,186.31,187.28,185.37,185.61,273549,3711,186.482877
NVDA,1H,2025-11-17T19:00:00Z,185.61,185.72,184.23,184.47,398739,5913,184.952841
NVDA,1H,2025-11-17T20:00:00Z,184.43,186.56,184.09,186.43,693800,7502,185.215039
NVDA,1H,2025-11-18T13:00:00Z,184.67,184.67,183.78,183.81,4710,76,184.184286
NVDA,1H,2025-11-18T14:00:00Z,183.9,184.03,179.92,180.17,553601,6427,182.136385
NVDA,1H,2025-11-18T15:00:00Z,180.08,182.42,179.48,180.81,606616,9011,180.850425
NVDA,1H,2025-11-18T16:00:00Z,180.83,183.39,180.01,182.93,565709,8501,182.222598
NVDA,1H,2025-11-18T17:00:00Z,182.85,184.36,181.17,184.03,607352,8590,182.520554
NVDA,1H,2025-11-18T18:00:00Z,184.05,184.24,182.93,183.21,321848,4904,183.629623
NVDA,1H,2025-11-18T19:00:00Z,183.28,184.37,182.8,183.77,386709,6011,183.626996
NVDA,1H,2025-11-18T20:00:00Z,183.78,183.95,181.03,181.03,693696,9992,182.164759
NVDA,1H,2025-11-18T21:00:00Z,180.9,180.9,180.6,180.6,690,14,180.76
NVDA,1H,2025-11-19T13:00:00Z,183.78,183.78,183.78,183.78,200,4,183.78
NVDA,1H,2025-11-19T14:00:00Z,184.27,187.45,183.07,187.34,539868,6048,185.421066
NVDA,1H,2025-11-19T15:00:00Z,187.37,187.6,185.27,185.62,686600,8928,186.813771
NVDA,1H,2025-11-19T16:00:00Z,185.56,186.22,184.36,184.95,614605,8179,185.169781
NVDA,1H,2025-11-19T17:00:00Z,184.85,184.95,182.63,184.59,626976,7071,183.983007
NVDA,1H,2025-11-19T18:00:00Z,184.52,185.59,183.9,185.15,518029,6318,184.748805
NVDA,1H,2025-11-19T19:00:00Z,185,185.83,184.14,185.18,513444,5972,184.753653
NVDA,1H,2025-11-19T20:00:00Z,185.15,187.1,185.14,186.46,909658,12397,186.297509
NVDA,1H,2025-11-19T21:00:00Z,186.36,195.24,186.36,194.39,37944,765,192.7738
NVDA,1H,2025-11-20T13:00:00Z,195.53,196.87,195.04,195.76,7575,149,195.848254
NVDA,1H,2025-11-20T14:00:00Z,195.88,196,192.07,195.04,748070,8670,194.147175
NVDA,1H,2025-11-20T15:00:00Z,195.1,195.33,191.79,192.11,724294,12277,193.519714
NVDA,1H,2025-11-20T16:00:00Z,192.03,192.08,184.21,185.05,996796,9740,188.550628
NVDA,1H,2025-11-20T17:00:00Z,184.78,186.55,181.61,183.5,625362,5934,183.616846
NVDA,1H,2025-11-20T18:00:00Z,183.45,185.65,181.27,181.92,720078,6681,183.547415
NVDA,1H,2025-11-20T19:00:00Z,181.95,183.51,180.72,183.37,585089,7533,181.762501
NVDA,1H,2025-11-20T20:00:00Z,183.38,183.45,179.64,180.69,972046,11760,181.012327
NVDA,1H,2025-11-20T21:00:00Z,180.32,180.32,180.32,180.32,164,3,180.32
NVDA,1H,2025-11-21T13:00:00Z,179.88,182.44,179.88,181.47,8825,158,181.616039
NVDA,1H,2025-11-21T14:00:00Z,181.86,181.95,176.53,178.34,805264,8913,178.668355
NVDA,1H,2025-11-21T15:00:00Z,178.61,179.57,172.71,175.05,1378036,14084,175.899958
NVDA,1H,2025-11-21T16:00:00Z,175.12,181.05,174.44,180.89,1866568,16327,178.020296
NVDA,1H,2025-11-21T17:00:00Z,180.89,181.68,179.48,180.54,792776,9083,180.615642
NVDA,1H,2025-11-21T18:00:00Z,180.64,184.03,178.4,182.66,790764,9744,181.018485
NVDA,1H,2025-11-21T19:00:00Z,182.65,184.31,180.51,180.98,855311,10473,182.818147
NVDA,1H,2025-11-21T20:00:00Z,180.93,181.75,178.35,178.7,1020856,10556,179.963713
NVDA,1H,2025-11-21T21:00:00Z,179.46,180.03,179.46,180,698,13,179.773333
NVDA,1H,2025-11-24T13:00:00Z,179.94,179.94,179.31,179.31,511,5,179.770511
NVDA,1H,2025-11-24T14:00:00Z,179.22,180.6,176.31,177.83,576994,9009,178.491666
NVDA,1H,2025-11-24T15:00:00Z,177.82,179.69,177.47,178.42,745088,11870,178.54074
NVDA,1H,2025-11-24T16:00:00Z,178.46,182.86,178.38,181.93,704374,10999,181.284257
NVDA,1H,2025-11-24T17:00:00Z,181.94,183.12,181.76,182.24,631378,6297,182.269483
NVDA,1H,2025-11-24T18:00:00Z,182.3,182.59,181.08,181.9,329826,4784,181.876334
NVDA,1H,2025-11-24T19:00:00Z,181.84,182.32,180.85,181.3,430509,6347,181.61713
NVDA,1H,2025-11-24T20:00:00Z,181.39,183.23,180.99,182.6,925104,10697,181.926977
NVDA,1H,2025-11-24T21:00:00Z,182.01,182.01,182.01,182.01,211,3,182.01
NVDA,1H,2025-11-25T13:00:00Z,175.12,175.12,173.74,173.74,881,16,174.565
NVDA,1H,2025-11-25T14:00:00Z,174.74,174.78,170.19,172.12,1417708,13477,172.287071
NVDA,1H,2025-11-25T15:00:00Z,172.05,172.84,169.35,172.38,1337970,14908,171.102025
NVDA,1H,2025-11-25T16:00:00Z,172.34,175.07,171.74,174.5,1098271,10518,173.630947
NVDA,1H,2025-11-25T17:00:00Z,174.5,176.25,174.17,175.04,673445,7272,175.322064
NVDA,1H,2025-11-25T18:00:00Z,175.03,176.6,175.01,175.84,576394,5788,175.849607
NVDA,1H,2025-11-25T19:00:00Z,175.78,176,173.41,174.95,565329,5657,174.521812
NVDA,1H,2025-11-25T20:00:00Z,174.96,177.93,174.96,177.57,1104628,10382,176.754865
NVDA,1H,2025-11-25T21:00:00Z,176.97,176.97,176.97,176.97,100,1,176.97
NVDA,1H,2025-11-26T13:00:00Z,177.6,181.5,177.6,181.5,768,7,180.174438
NVDA,1H,2025-11-26T14:00:00Z,180.66,182.64,178.19,178.52,913949,8105,180.898812
NVDA,1H,2025-11-26T15:00:00Z,178.39,180.5,178.01,180.45,721859,8976,179.562121
NVDA,1H,2025-11-26T16:00:00Z,180.48,181.49,179.75,180.63,438945,5507,180.676529
NVDA,1H,2025-11-26T17:00:00Z,180.69,181.27,179.9,180.77,325334,4033,180.632868
NVDA,1H,2025-11-26T18:00:00Z,180.78,180.99,179.57,180.26,391829,4402,180.291276
NVDA,1H,2025-11-26T19:00:00Z,180.28,180.54,179.71,179.97,245020,3101,180.101467
NVDA,1H,2025-11-26T20:00:00Z,180.01,180.51,179.65,179.95,613434,6967,180.130609
NVDA,1H,2025-11-28T13:00:00Z,180.18,180.18,180.18,180.18,540,10,180.18
NVDA,1H,2025-11-28T14:00:00Z,179.65,179.66,176.74,177.76,561052,5971,178.114596
NVDA,1H,2025-11-28T15:00:00Z,177.79,178.01,176.72,177.74,679216,7814,177.448048
NVDA,1H,2025-11-28T16:00:00Z,177.74,177.78,176.32,176.72,746667,8282,177.039454
NVDA,1H,2025-11-28T17:00:00Z,176.71,177.11,176.31,176.72,880926,9042,176.655372
NVDA,1H,2025-11-28T18:00:00Z,176.55,176.55,176.29,176.29,950,10,176.37
NVDA,1H,2025-12-01T13:00:00Z,173.83,174.85,173.83,174.85,770,9,174.2
NVDA,1H,2025-12-01T14:00:00Z,174.55,178.45,173.47,177.91,896102,8889,176.135697
NVDA,1H,2025-12-01T15:00:00Z,177.98,179.78,177.36,179.19,909436,10144,178.820478
NVDA,1H,2025-12-01T16:00:00Z,179.2,179.62,178.17,179.4,582762,8111,178.918664
NVDA,1H,2025-12-01T17:00:00Z,179.42,180.05,179.15,179.16,547698,7101,179.636327
NVDA,1H,2025-12-01T18:00:00Z,179.15,179.75,178.97,179.7,365133,5011,179.296866
NVDA,1H,2025-12-01T19:00:00Z,179.68,179.68,178.4,178.67,374688,4553,178.998423
NVDA,1H,2025-12-01T20:00:00Z,178.64,179.76,178.57,179.74,839348,8066,179.229448
NVDA,1H,2025-12-01T21:00:00Z,180.18,180.27,179.73,179.73,1150,13,180.099767
NVDA,1H,2025-12-02T13:00:00Z,181.11,181.8,181.11,181.8,345,4,181.539623
NVDA,1H,2025-12-02T14:00:00Z,182.01,185.42,181.37,184.51,752053,7563,184.279154
NVDA,1H,2025-12-02T15:00:00Z,184.53,185.3,182.75,183.46,785356,9173,183.959775
NVDA,1H,2025-12-02T16:00:00Z,183.45,183.65,179.77,181.09,967640,12170,181.245798
NVDA,1H,2025-12-02T17:00:00Z,181.15,182.14,180.97,180.98,308156,4180,181.630014
NVDA,1H,2025-12-02T18:00:00Z,180.89,181.81,180.8,180.99,274060,3876,181.329455
NVDA,1H,2025-12-02T19:00:00Z,180.97,181.53,180.53,181.36,273234,3686,180.98478
NVDA,1H,2025-12-02T20:00:00Z,181.39,181.54,180.77,181.1,552428,6584,181.185493
NVDA,1H,2025-12-02T21:00:00Z,180.9,181.05,180.9,181.05,256,6,180.975
NVDA,1H,2025-12-03T13:00:00Z,183.48,183.48,183.36,183.36,300,3,183.408
NVDA,1H,2025-12-03T14:00:00Z,181.3,181.3,178.91,179.74,505239,6615,179.739564
NVDA,1H,2025-12-03T15:00:00Z,179.74,182.17,179.66,180.69,842219,9968,180.70299
NVDA,1H,2025-12-03T16:00:00Z,180.68,181.16,179.62,179.76,441966,6658,180.423356
NVDA,1H,2025-12-03T17:00:00Z,179.74,180.51,179.68,180.44,310982,4267,180.076054
NVDA,1H,2025-12-03T18:00:00Z,180.42,180.98,180.2,180.34,361509,4322,180.542231
NVDA,1H,2025-12-03T19:00:00Z,180.34,181.04,180.31,180.42,314058,3578,180.657138
NVDA,1H,2025-12-03T20:00:00Z,180.42,180.61,179.05,179.29,722005,7478,179.589207
NVDA,1H,2025-12-04T13:00:00Z,179.92,179.92,179.92,179.92,230,3,179.92
NVDA,1H,2025-12-04T14:00:00Z,180.28,182.88,179.75,180.54,854515,8842,181.445678
NVDA,1H,2025-12-04T15:00:00Z,180.45,182.78,179.86,181.56,807015,11217,181.256026
NVDA,1H,2025-12-04T16:00:00Z,181.52,184.03,180.94,184,629125,8359,182.55638
NVDA,1H,2025-12-04T17:00:00Z,183.98,184.29,183.05,183.26,614686,6363,183.572728
NVDA,1H,2025-12-04T18:00:00Z,183.26,183.57,182.85,183.29,313582,3711,183.169392
NVDA,1H,2025-12-04T19:00:00Z,183.23,183.25,181.78,182.63,481530,5638,182.594137
NVDA,1H,2025-12-04T20:00:00Z,182.61,183.25,182.07,183.23,612305,6363,182.642243
NVDA,1H,2025-12-04T21:00:00Z,183.31,183.31,183.31,183.31,138,3,183.31
NVDA,1H,2025-12-05T13:00:00Z,183.12,183.12,183.12,183.12,233,7,183.12
NVDA,1H,2025-12-05T14:00:00Z,183.62,184.43,180.7,181.72,558962,7121,182.087209
NVDA,1H,2025-12-05T15:00:00Z,181.73,183.1,181.37,181.75,526972,7025,182.433944
NVDA,1H,2025-12-05T16:00:00Z,181.78,182.28,181.28,181.89,422702,5475,181.777058
NVDA,1H,2025-12-05T17:00:00Z,181.86,182.09,181.29,182.03,278976,3736,181.753754
NVDA,1H,2025-12-05T18:00:00Z,182.01,182.26,181.45,181.63,296397,3868,181.904814
NVDA,1H,2025-12-05T19:00:00Z,181.65,181.7,180.94,181.63,349213,4160,181.380045
NVDA,1H,2025-12-05T20:00:00Z,181.62,182.31,181.1,182.13,628327,6933,181.712567
NVDA,1H,2025-12-05T21:00:00Z,182.23,182.23,182.23,182.23,225,4,182.23
NVDA,1H,2025-12-08T14:00:00Z,182.2,185.45,182.2,183.1,741943,5958,184.407753
NVDA,1H,2025-12-08T15:00:00Z,183.18,184.29,182.18,183.41,572412,5283,183.213366
NVDA,1H,2025-12-08T16:00:00Z,183.36,183.57,182.95,183.35,320563,3476,183.227633
NVDA,1H,2025-12-08T17:00:00Z,183.34,186.21,182.68,185.64,616135,5230,183.855429
NVDA,1H,2025-12-08T18:00:00Z,185.54,187.74,184.01,184.19,1162577,9481,186.224353
NVDA,1H,2025-12-08T19:00:00Z,184.18,184.85,183.52,184.2,390875,3962,184.168878
NVDA,1H,2025-12-08T20:00:00Z,184.19,185.37,184.02,185.35,732736,6834,184.609422
NVDA,1H,2025-12-08T21:00:00Z,187.41,187.68,187.08,187.68,2395,43,187.346667
NVDA,1H,2025-12-09T13:00:00Z,186.98,187.02,185.72,186.24,4004,50,186.628238
NVDA,1H,2025-12-09T14:00:00Z,186.24,186.26,183.11,183.87,536771,5972,184.212344
NVDA,1H,2025-12-09T15:00:00Z,183.83,185.07,183.76,184.95,481454,4506,184.382407
NVDA,1H,2025-12-09T16:00:00Z,184.98,185.49,184.06,184.41,372335,4065,184.716039
NVDA,1H,2025-12-09T17:00:00Z,184.4,184.95,184.28,184.86,237084,3066,184.662572
NVDA,1H,2025-12-09T18:00:00Z,184.82,184.89,184.27,184.53,239066,2908,184.574538
NVDA,1H,2025-12-09T19:00:00Z,184.53,184.56,183.9,184,291074,3265,184.295216
NVDA,1H,2025-12-09T20:00:00Z,184.01,184.77,183.8,184.75,470424,5557,184.379904
NVDA,1H,2025-12-10T14:00:00Z,184.47,185.24,183.5,184.09,372410,4231,184.44847
NVDA,1H,2025-12-10T15:00:00Z,184.01,184.25,182.39,182.54,780618,7552,183.360545
NVDA,1H,2025-12-10T16:00:00Z,182.57,182.73,181.81,182.37,650070,6210,182.318775
NVDA,1H,2025-12-10T17:00:00Z,182.37,183.18,182.16,183,243899,2927,182.601993
NVDA,1H,2025-12-10T18:00:00Z,183,183.04,182.17,182.59,321479,3334,182.549855
NVDA,1H,2025-12-10T19:00:00Z,182.56,184.39,182.3,184.34,781746,8120,183.211474
NVDA,1H,2025-12-10T20:00:00Z,184.35,184.47,183.24,183.53,864940,9040,183.695299
NVDA,1H,2025-12-10T21:00:00Z,181.99,182.23,181.3,181.81,2420,55,181.953333
NVDA,1H,2025-12-11T13:00:00Z,180.67,180.73,180.67,180.73,590,10,180.695714
NVDA,1H,2025-12-11T14:00:00Z,180.07,180.17,176.6,176.62,697144,6912,178.206584
NVDA,1H,2025-12-11T15:00:00Z,176.6,178.46,176.41,177.27,913012,9416,177.43003
NVDA,1H,2025-12-11T16:00:00Z,177.24,177.78,176.71,177.41,572004,4903,177.235031
NVDA,1H,2025-12-11T17:00:00Z,177.38,178.91,177.09,178.55,351502,4007,178.181095
NVDA,1H,2025-12-11T18:00:00Z,178.48,179.91,178.48,179.65,476720,4967,179.307565
NVDA,1H,2025-12-11T19:00:00Z,179.61,181.09,179.49,180.27,437621,4597,180.356212
NVDA,1H,2025-12-11T20:00:00Z,180.24,180.78,179.58,180.77,698290,6968,180.357523
NVDA,1H,2025-12-11T21:00:00Z,180.28,180.28,180.28,180.28,152,2,180.28
NVDA,1H,2025-12-12T14:00:00Z,181.01,182.59,180.18,180.9,583280,5426,181.452868
NVDA,1H,2025-12-12T15:00:00Z,180.87,180.91,176.9,177.03,677524,7209,179.336158
NVDA,1H,2025-12-12T16:00:00Z,177.03,178.04,175.01,175.62,1156377,12216,176.283079
NVDA,1H,2025-12-12T17:00:00Z,175.46,177.36,175.39,176.66,402861,4450,176.634975
NVDA,1H,2025-12-12T18:00:00Z,176.65,177.94,176.2,176.73,415193,4533,177.153524
NVDA,1H,2025-12-12T19:00:00Z,176.75,176.77,175.82,176.08,322153,3544,176.19971
NVDA,1H,2025-12-12T20:00:00Z,176.12,176.45,174.44,174.85,1172352,10713,175.194721
NVDA,1H,2025-12-12T21:00:00Z,174.92,174.92,174.91,174.91,200,2,174.915
NVDA,1H,2025-12-15T13:00:00Z,176.78,177.13,176.68,177.04,7273,108,176.906239
NVDA,1H,2025-12-15T14:00:00Z,177.05,177.79,175.49,177.03,707775,7431,176.938133
NVDA,1H,2025-12-15T15:00:00Z,176.99,178.11,174.83,176.79,872248,9543,176.507234
NVDA,1H,2025-12-15T16:00:00Z,176.79,178.19,176.69,177.6,569274,6766,177.466417
NVDA,1H,2025-12-15T17:00:00Z,177.62,177.85,176.81,177.13,512115,6988,177.375273
NVDA,1H,2025-12-15T18:00:00Z,177.1,177.35,176.47,177.25,455959,6299,176.896836
NVDA,1H,2025-12-15T19:00:00Z,177.23,177.44,176.07,176.71,493712,5736,176.730559
NVDA,1H,2025-12-15T20:00:00Z,176.69,176.69,175.7,175.89,897122,10681,176.173351
NVDA,1H,2025-12-15T21:00:00Z,175.97,175.97,175.91,175.91,455,13,175.94
NVDA,1H,2025-12-16T13:00:00Z,176.68,177.52,176.29,176.29,2342,26,176.807368
NVDA,1H,2025-12-16T14:00:00Z,176.62,177.09,174.72,177.05,537013,5457,175.860075
NVDA,1H,2025-12-16T15:00:00Z,177.12,177.26,175.33,176.64,731658,8534,176.386483
NVDA,1H,2025-12-16T16:00:00Z,176.69,177.07,175.49,176.77,634473,7566,176.193149
NVDA,1H,2025-12-16T17:00:00Z,176.78,176.86,176.02,176.12,487833,6033,176.492058
NVDA,1H,2025-12-16T18:00:00Z,176.12,177.46,175.89,177.26,446269,5926,176.634791
NVDA,1H,2025-12-16T19:00:00Z,177.19,177.26,175.84,176.56,434770,5588,176.453789
NVDA,1H,2025-12-16T20:00:00Z,176.53,177.98,176.49,177.3,638691,7143,177.392071
NVDA,1H,2025-12-16T21:00:00Z,177.07,177.07,177.07,177.07,121,4,177.07
NVDA,1H,2025-12-17T13:00:00Z,177.76,177.76,176.44,176.65,1650,42,176.815
NVDA,1H,2025-12-17T14:00:00Z,176.77,176.77,173.17,174.36,730692,6540,173.998414
NVDA,1H,2025-12-17T15:00:00Z,174.37,174.37,170.91,171.33,1024414,10844,172.955142
NVDA,1H,2025-12-17T16:00:00Z,171.26,171.97,170.12,170.87,1011219,9785,170.816867
NVDA,1H,2025-12-17T17:00:00Z,170.91,172.21,170.18,171.96,785137,8141,171.223298
NVDA,1H,2025-12-17T18:00:00Z,171.93,172.61,171.13,171.47,673473,7233,171.805052
NVDA,1H,2025-12-17T19:00:00Z,171.46,171.59,170.46,171.37,577176,5433,170.977694
NVDA,1H,2025-12-17T20:00:00Z,171.39,171.61,170.68,170.77,1170339,10464,171.022267
NVDA,1H,2025-12-17T21:00:00Z,171.32,171.83,170.42,170.42,3621,165,170.81375
NVDA,1H,2025-12-18T13:00:00Z,172.67,174.18,172.64,173.57,3519,56,173.713333
NVDA,1H,2025-12-18T14:00:00Z,174,174.65,171.62,173.63,728198,6726,172.916162
NVDA,1H,2025-12-18T15:00:00Z,173.64,175.93,172.52,175.17,1203637,9619,174.699093
NVDA,1H,2025-12-18T16:00:00Z,175.14,175.83,174.61,175.46,502784,4866,175.145309
NVDA,1H,2025-12-18T17:00:00Z,175.5,175.5,173.54,175.08,409477,4546,174.33636
NVDA,1H,2025-12-18T18:00:00Z,175.05,175.17,174.51,174.68,287941,3351,174.869259
NVDA,1H,2025-12-18T19:00:00Z,174.68,174.82,173.55,173.69,316293,4058,174.225024
NVDA,1H,2025-12-18T20:00:00Z,173.71,174.79,173.48,173.77,619203,7084,174.317705
NVDA,1H,2025-12-18T21:00:00Z,173.69,173.69,173.69,173.69,100,1,173.69
NVDA,1H,2025-12-19T14:00:00Z,175.61,180.15,175.58,180.05,637260,6560,178.747031
NVDA,1H,2025-12-19T15:00:00Z,180.05,180.49,178.02,178.63,1030244,8944,178.81764
NVDA,1H,2025-12-19T16:00:00Z,178.59,180.02,178.34,179.49,829072,6896,179.226096
NVDA,1H,2025-12-19T17:00:00Z,179.53,180.84,179.52,180.34,564635,5770,180.367336
NVDA,1H,2025-12-19T18:00:00Z,180.36,180.49,179.24,179.48,425963,4750,179.745536
NVDA,1H,2025-12-19T19:00:00Z,179.47,180.75,179.47,180.08,446858,4685,180.243957
NVDA,1H,2025-12-19T20:00:00Z,180.08,180.78,179.73,180.78,1053612,10420,180.380599
NVDA,1H,2025-12-22T13:00:00Z,184.23,184.25,183.8,183.96,17026,286,183.957334
NVDA,1H,2025-12-22T14:00:00Z,184.1,184.14,182.15,183.61,585323,6226,182.948494
NVDA,1H,2025-12-22T15:00:00Z,183.59,183.94,182.47,183.5,433176,5407,183.136665
NVDA,1H,2025-12-22T16:00:00Z,183.51,183.56,182.79,182.91,286439,3473,183.246819
NVDA,1H,2025-12-22T17:00:00Z,182.98,183.19,182.57,182.96,187794,2584,182.911254
NVDA,1H,2025-12-22T18:00:00Z,182.95,183.23,182.78,182.94,174690,2434,182.990906
NVDA,1H,2025-12-22T19:00:00Z,182.97,183.34,182.77,183.19,193522,2320,183.073035
NVDA,1H,2025-12-22T20:00:00Z,183.2,183.55,182.98,183.45,535624,5553,183.280947
NVDA,1H,2025-12-23T13:00:00Z,182.11,182.11,181.92,181.92,558,5,181.958934
NVDA,1H,2025-12-23T14:00:00Z,182.74,184.66,182.69,184.04,646029,6119,183.886594
NVDA,1H,2025-12-23T15:00:00Z,184.07,186.41,183.28,186.26,665001,6793,184.924535
NVDA,1H,2025-12-23T16:00:00Z,186.26,188.1,186.03,188.08,559888,5799,187.148706
NVDA,1H,2025-12-23T17:00:00Z,188.01,188.39,187.55,187.82,413736,4387,187.981663
NVDA,1H,2025-12-23T18:00:00Z,187.85,188.42,187.67,188.39,295257,3398,188.036599
NVDA,1H,2025-12-23T19:00:00Z,188.38,188.56,188.13,188.36,350490,4338,188.351155
NVDA,1H,2025-12-23T20:00:00Z,188.38,189.08,188.33,188.97,962905,9496,188.715921
NVDA,1H,2025-12-23T21:00:00Z,188.55,188.55,188.28,188.28,500,5,188.406
NVDA,1H,2025-12-24T13:00:00Z,188.45,188.54,188.35,188.47,5679,86,188.47375
NVDA,1H,2025-12-24T14:00:00Z,188.47,188.51,187.22,187.57,339613,3749,187.739121
NVDA,1H,2025-12-24T15:00:00Z,187.56,188.05,186.37,187.15,330276,3956,187.213625
NVDA,1H,2025-12-24T16:00:00Z,187.17,188.25,187.03,188.06,236214,2870,187.72219
NVDA,1H,2025-12-24T17:00:00Z,188.05,188.44,187.73,188.4,332891,3579,188.099467
NVDA,1H,2025-12-24T18:00:00Z,188.13,188.13,188.13,188.13,100,1,188.13
NVDA,1H,2025-12-26T13:00:00Z,189.75,190.12,189.75,190.08,6667,96,189.954906
NVDA,1H,2025-12-26T14:00:00Z,190.03,192.05,189.42,190.98,560491,6174,191.04939
NVDA,1H,2025-12-26T15:00:00Z,190.94,191.95,189.97,191.7,459514,5200,191.239544
NVDA,1H,2025-12-26T16:00:00Z,191.68,191.88,190.59,190.75,315974,3141,191.008504
NVDA,1H,2025-12-26T17:00:00Z,190.73,190.97,190.23,190.88,198266,2377,190.544601
NVDA,1H,2025-12-26T18:00:00Z,190.86,192.3,190.79,192.29,247060,2903,191.52678
NVDA,1H,2025-12-26T19:00:00Z,192.3,192.46,191.6,191.72,279145,3434,192.120169
NVDA,1H,2025-12-26T20:00:00Z,191.71,191.73,190.07,190.2,557117,5747,190.780184
NVDA,1H,2025-12-29T13:00:00Z,188.01,188.08,187.56,187.56,9760,129,187.929891
NVDA,1H,2025-12-29T14:00:00Z,187.54,188.51,185.73,186.42,608768,6445,186.976636
NVDA,1H,2025-12-29T15:00:00Z,186.37,187.5,185.81,186.7,312351,4121,186.739604
NVDA,1H,2025-12-29T16:00:00Z,186.71,187.35,186.26,187.11,191311,2688,186.97408
NVDA,1H,2025-12-29T17:00:00Z,187.09,187.33,186.58,187.3,195965,2541,186.927377
NVDA,1H,2025-12-29T18:00:00Z,187.26,187.61,186.92,187.01,225478,2828,187.218277
NVDA,1H,2025-12-29T19:00:00Z,187.02,187.87,186.82,187.74,216921,3073,187.23618
NVDA,1H,2025-12-29T20:00:00Z,187.74,188.16,187.36,188,428091,4885,187.794906
NVDA,1H,2025-12-30T13:00:00Z,188.19,188.19,188.19,188.19,100,1,188.19
NVDA,1H,2025-12-30T14:00:00Z,188.19,188.74,186.86,187.33,266600,3456,187.478502
NVDA,1H,2025-12-30T15:00:00Z,187.29,187.71,186.72,187.64,292941,3812,187.13856
NVDA,1H,2025-12-30T16:00:00Z,187.63,188.28,187.49,187.78,180924,2311,187.840633
NVDA,1H,2025-12-30T17:00:00Z,187.75,187.88,187.49,187.83,121431,1593,187.672456
NVDA,1H,2025-12-30T18:00:00Z,187.83,188.09,187.58,188.03,128679,1626,187.902033
NVDA,1H,2025-12-30T19:00:00Z,188.04,188.12,187.45,187.69,182243,2423,187.788101
NVDA,1H,2025-12-30T20:00:00Z,187.64,187.7,187.22,187.29,399747,4601,187.466281
NVDA,1H,2025-12-31T13:00:00Z,188.04,189.42,188,189.38,8681,122,188.264722
NVDA,1H,2025-12-31T14:00:00Z,189.48,190.32,187.87,188.41,283347,3601,188.985678
NVDA,1H,2025-12-31T15:00:00Z,188.38,188.9,187.93,188.04,222621,3324,188.531653
NVDA,1H,2025-12-31T16:00:00Z,188.08,188.82,187.99,188.78,219156,2988,188.42522
NVDA,1H,2025-12-31T17:00:00Z,188.78,189.04,188.27,188.48,149283,2220,188.611906
NVDA,1H,2025-12-31T18:00:00Z,188.49,188.81,188.42,188.48,181973,2246,188.633612
NVDA,1H,2025-12-31T19:00:00Z,188.5,188.63,187.15,187.57,212669,2745,187.798919
NVDA,1H,2025-12-31T20:00:00Z,187.56,187.58,186.27,186.29,446307,5052,186.850287
NVDA,1H,2026-01-02T13:00:00Z,188.91,188.91,188.91,188.91,100,1,188.91
NVDA,1H,2026-01-02T14:00:00Z,189.57,192.65,189.36,191.51,578805,6470,191.287369
NVDA,1H,2026-01-02T15:00:00Z,191.5,191.96,188.6,188.74,501793,6575,190.696523
NVDA,1H,2026-01-02T16:00:00Z,188.74,189.79,188.12,189.11,445373,5878,189.099429
NVDA,1H,2026-01-02T17:00:00Z,189.09,189.71,188.85,189.22,295139,4301,189.328923
NVDA,1H,2026-01-02T18:00:00Z,189.24,189.5,188.04,188.32,148307,2124,189.015001
NVDA,1H,2026-01-02T19:00:00Z,188.31,189.38,188.3,188.45,288210,3397,188.843388
NVDA,1H,2026-01-02T20:00:00Z,188.45,189.01,188.26,188.59,483253,4975,188.524319
NVDA,1H,2026-01-05T13:00:00Z,191.46,191.75,191.46,191.58,4435,62,191.621549
NVDA,1H,2026-01-05T14:00:00Z,192,193.35,189.21,189.88,659806,6508,191.023809
NVDA,1H,2026-01-05T15:00:00Z,189.88,190.2,189.03,190.02,608276,6472,189.710329
NVDA,1H,2026-01-05T16:00:00Z,190.02,190.66,189.07,189.07,534762,4637,190.082132
NVDA,1H,2026-01-05T17:00:00Z,189.04,189.08,186.82,187.67,601507,5556,187.513696
NVDA,1H,2026-01-05T18:00:00Z,187.67,188.01,186.77,187.24,367598,3313,187.492042
NVDA,1H,2026-01-05T19:00:00Z,187.23,187.23,185.93,186.53,492129,4764,186.492759
NVDA,1H,2026-01-05T20:00:00Z,186.53,187.92,186.3,187.9,624181,5845,187.392581
NVDA,1H,2026-01-05T21:00:00Z,187.95,187.95,187.95,187.95,100,1,187.95
NVDA,1H,2026-01-06T13:00:00Z,189.37,189.55,189.19,189.5,8712,132,189.416259
NVDA,1H,2026-01-06T14:00:00Z,189.46,191.9,188.76,191.69,576731,6286,190.474537
NVDA,1H,2026-01-06T15:00:00Z,191.66,191.83,188.66,188.92,820134,7799,190.664693
NVDA,1H,2026-01-06T16:00:00Z,188.85,189.77,187.44,189.26,767741,7041,188.696753
NVDA,1H,2026-01-06T17:00:00Z,189.27,189.48,188.3,188.47,292064,3100,188.78726
NVDA,1H,2026-01-06T18:00:00Z,188.46,188.52,187.08,188.02,315047,3238,187.89951
NVDA,1H,2026-01-06T19:00:00Z,187.98,188.01,187.29,187.47,282937,3021,187.699522
NVDA,1H,2026-01-06T20:00:00Z,187.42,187.68,186.6,187.03,633793,5894,187.10748
NVDA,1H,2026-01-07T13:00:00Z,187.71,187.71,187.71,187.71,100,1,187.71
NVDA,1H,2026-01-07T14:00:00Z,187.72,189.97,186.33,189.86,689373,6596,188.088746
NVDA,1H,2026-01-07T15:00:00Z,189.92,191.1,188.27,189.36,990231,10182,189.992684
NVDA,1H,2026-01-07T16:00:00Z,189.39,190.11,188.96,189.95,317198,3881,189.619003
NVDA,1H,2026-01-07T17:00:00Z,189.91,190.33,189.46,189.73,170010,2133,189.866579
NVDA,1H,2026-01-07T18:00:00Z,189.76,189.91,189.14,189.54,126306,1816,189.539791
NVDA,1H,2026-01-07T19:00:00Z,189.52,189.77,188.95,189.05,150927,1986,189.342036
NVDA,1H,2026-01-07T20:00:00Z,189.09,189.16,188.53,188.94,271143,3506,188.79446
NVDA,1H,2026-01-08T13:00:00Z,189.42,189.42,189.42,189.42,100,1,189.42
NVDA,1H,2026-01-08T14:00:00Z,189.18,189.3,184.78,184.8,596697,6364,186.876346
NVDA,1H,2026-01-08T15:00:00Z,184.78,186.71,184.44,185.23,1311018,12652,185.680522
NVDA,1H,2026-01-08T16:00:00Z,185.24,185.53,184.22,184.62,594116,5646,184.854258
NVDA,1H,2026-01-08T17:00:00Z,184.58,184.63,183.64,184.28,408602,4093,184.140226
NVDA,1H,2026-01-08T18:00:00Z,184.23,184.65,183.85,183.98,292021,3119,184.26629
NVDA,1H,2026-01-08T19:00:00Z,183.96,184.77,183.5,184.4,324934,3391,184.084589
NVDA,1H,2026-01-08T20:00:00Z,184.4,185.11,184.31,184.86,423961,4464,184.768854
NVDA,1H,2026-01-09T13:00:00Z,185.67,185.67,185.53,185.53,390,6,185.575161
NVDA,1H,2026-01-09T14:00:00Z,185.97,185.98,183.51,184.6,394062,4379,184.56078
NVDA,1H,2026-01-09T15:00:00Z,184.63,185.38,183.54,184.67,616346,6580,184.439086
NVDA,1H,2026-01-09T16:00:00Z,184.63,185.47,184.63,185.1,384504,4068,185.036703
NVDA,1H,2026-01-09T17:00:00Z,185.12,185.27,184.43,184.82,235013,2784,184.799577
NVDA,1H,2026-01-09T18:00:00Z,184.82,185.17,184.54,185.14,203660,2422,184.887006
NVDA,1H,2026-01-09T19:00:00Z,185.13,186.1,185.03,185.31,363606,3296,185.62703
NVDA,1H,2026-01-09T20:00:00Z,185.3,185.83,184.58,184.59,448820,4573,185.192163
NVDA,1H,2026-01-12T13:00:00Z,183.28,183.28,183.28,183.28,100,1,183.28
NVDA,1H,2026-01-12T14:00:00Z,182.96,185.97,182.85,184.68,480608,5056,184.875056
NVDA,1H,2026-01-12T15:00:00Z,184.69,184.96,183.51,184.29,594539,5530,184.334945
NVDA,1H,2026-01-12T16:00:00Z,184.26,185.39,184.1,185.15,275996,3237,184.705857
NVDA,1H,2026-01-12T17:00:00Z,185.15,186.65,185.06,185.95,353909,3724,185.888211
NVDA,1H,2026-01-12T18:00:00Z,185.99,186.78,185.91,186.54,298864,3278,186.425518
NVDA,1H,2026-01-12T19:00:00Z,186.54,186.87,186.34,186.38,239023,2641,186.620537
NVDA,1H,2026-01-12T20:00:00Z,186.35,186.38,184.28,184.65,468045,5055,185.401134
NVDA,1H,2026-01-12T21:00:00Z,184.62,184.62,184.59,184.59,385,7,184.602
NVDA,1H,2026-01-13T13:00:00Z,185.31,185.61,185.31,185.61,720,8,185.53
NVDA,1H,2026-01-13T14:00:00Z,185.31,185.31,183.44,183.9,490080,4854,184.165611
NVDA,1H,2026-01-13T15:00:00Z,183.9,184.56,183.19,184.53,605197,5424,183.818624
NVDA,1H,2026-01-13T16:00:00Z,184.57,187.87,184.15,187.46,814841,6902,186.075094
NVDA,1H,2026-01-13T17:00:00Z,187.43,187.57,184.5,184.69,489786,4648,186.392692
NVDA,1H,2026-01-13T18:00:00Z,184.62,185.11,184.22,184.39,317398,3509,184.687237
NVDA,1H,2026-01-13T19:00:00Z,184.41,184.68,184,184.2,296378,3236,184.306299
NVDA,1H,2026-01-13T20:00:00Z,184.21,185.59,184.01,185.56,399927,4595,184.822809
NVDA,1H,2026-01-13T21:00:00Z,185.58,185.58,185.31,185.31,210,3,185.445
NVDA,1H,2026-01-14T14:00:00Z,184.1,184.24,181.24,181.45,819411,6559,182.202645
NVDA,1H,2026-01-14T15:00:00Z,181.33,182.4,180.69,181.31,918031,9113,181.441274
NVDA,1H,2026-01-14T16:00:00Z,181.31,181.93,181.04,181.52,557765,6297,181.459976
NVDA,1H,2026-01-14T17:00:00Z,181.53,181.96,181.16,181.86,336075,4202,181.59557
NVDA,1H,2026-01-14T18:00:00Z,181.85,182.1,181.34,181.81,385493,4497,181.741301
NVDA,1H,2026-01-14T19:00:00Z,181.76,181.83,180.89,181.13,368677,4293,181.583872
NVDA,1H,2026-01-14T20:00:00Z,181.14,183.08,180.64,183.08,924808,9420,182.150991
NVDA,1H,2026-01-15T13:00:00Z,185.19,186.15,185.04,185.82,1060,20,185.472
NVDA,1H,2026-01-15T14:00:00Z,185.97,188.85,185.97,188.13,1238591,9356,187.348222
NVDA,1H,2026-01-15T15:00:00Z,188.07,188.61,186.61,187.48,786736,7590,187.703322
NVDA,1H,2026-01-15T16:00:00Z,187.47,188.8,187.11,188.65,435516,4796,187.826138
NVDA,1H,2026-01-15T17:00:00Z,188.62,189.06,187.92,188.12,406101,4600,188.43108
NVDA,1H,2026-01-15T18:00:00Z,188.19,189.47,187.97,189.29,413792,4082,188.941593
NVDA,1H,2026-01-15T19:00:00Z,189.27,189.27,187.75,188.42,367455,4017,188.504441
NVDA,1H,2026-01-15T20:00:00Z,188.41,188.53,186.11,186.92,688419,7204,187.089783
NVDA,1H,2026-01-16T13:00:00Z,188.07,188.07,188.07,188.07,125,1,188.07
NVDA,1H,2026-01-16T14:00:00Z,188.75,190.19,188.51,188.95,583952,4881,189.592602
NVDA,1H,2026-01-16T15:00:00Z,188.96,189.03,186.87,187.79,537424,5549,187.971311
NVDA,1H,2026-01-16T16:00:00Z,187.82,188.01,187.32,187.84,263815,2928,187.682671
NVDA,1H,2026-01-16T17:00:00Z,187.8,188.14,187.21,187.46,248298,2398,187.686159
NVDA,1H,2026-01-16T18:00:00Z,187.45,188.03,187.45,187.84,217200,2206,187.780864
NVDA,1H,2026-01-16T19:00:00Z,187.85,188.18,187.4,187.69,291981,2716,187.690572
NVDA,1H,2026-01-16T20:00:00Z,187.69,187.79,185.87,185.89,636407,5637,186.913677
NVDA,1H,2026-01-16T21:00:00Z,186.03,186.03,186.03,186.03,125,1,186.03
NVDA,1H,2026-01-20T13:00:00Z,182.08,182.23,181.45,181.57,3715,39,181.909043
NVDA,1H,2026-01-20T14:00:00Z,181.6,182.09,179.38,179.72,1194626,9224,180.430961
NVDA,1H,2026-01-20T15:00:00Z,179.63,181.6,179.43,180.37,868041,8914,180.314723
NVDA,1H,2026-01-20T16:00:00Z,180.39,181.04,179.35,179.84,655240,6531,180.019888
NVDA,1H,2026-01-20T17:00:00Z,179.79,180,179.06,179.6,546680,5332,179.491175
NVDA,1H,2026-01-20T18:00:00Z,179.61,179.87,178.68,179.52,382074,3943,179.200644
NVDA,1H,2026-01-20T19:00:00Z,179.63,179.75,178.94,179.35,258488,3504,179.26816
NVDA,1H,2026-01-20T20:00:00Z,179.33,179.39,177.43,177.93,1121779,9406,178.295319
NVDA,1H,2026-01-20T21:00:00Z,178.06,178.57,178.06,178.57,330,4,178.4
NVDA,1H,2026-01-21T14:00:00Z,178.91,180.65,178.2,180.19,976352,6652,179.446885
NVDA,1H,2026-01-21T15:00:00Z,180.23,182.96,179.78,182.53,945473,8759,181.289108
NVDA,1H,2026-01-21T16:00:00Z,182.53,183.49,179.81,179.91,783839,7035,181.868052
NVDA,1H,2026-01-21T17:00:00Z,179.9,180.36,178.98,180.06,535052,5248,179.626417
NVDA,1H,2026-01-21T18:00:00Z,180.05,181.01,179.49,180.91,303186,3275,180.052582
NVDA,1H,2026-01-21T19:00:00Z,180.92,185.14,180.71,185.03,890948,6932,183.246447
NVDA,1H,2026-01-21T20:00:00Z,185.04,185.14,182.98,183.08,1037184,8529,184.039297
NVDA,1H,2026-01-22T13:00:00Z,184.55,184.55,184.48,184.5,1254,13,184.505936
NVDA,1H,2026-01-22T14:00:00Z,184.54,185.91,183.78,184.08,850996,6875,184.604087
NVDA,1H,2026-01-22T15:00:00Z,184.05,185.17,183.71,184.85,671529,6377,184.5661
NVDA,1H,2026-01-22T16:00:00Z,184.84,185.93,184.74,185.29,477995,4269,185.387461
NVDA,1H,2026-01-22T17:00:00Z,185.28,185.39,184.2,184.35,369946,3758,184.809545
NVDA,1H,2026-01-22T18:00:00Z,184.34,185.01,184.16,184.24,340393,3484,184.639833
NVDA,1H,2026-01-22T19:00:00Z,184.26,184.61,184.09,184.24,287721,3126,184.394791
NVDA,1H,2026-01-22T20:00:00Z,184.23,184.62,183.71,184.61,498118,4992,184.270866
NVDA,1H,2026-01-23T13:00:00Z,186.93,187.17,186.24,186.69,5299,88,186.626235
NVDA,1H,2026-01-23T14:00:00Z,186.93,189.37,186.62,187.57,941628,7897,187.869766
NVDA,1H,2026-01-23T15:00:00Z,187.7,188.12,187.03,187.56,481594,4786,187.615572
NVDA,1H,2026-01-23T16:00:00Z,187.56,187.84,186.9,187.53,389853,3594,187.410567
NVDA,1H,2026-01-23T17:00:00Z,187.54,188,186.92,187.15,314154,2873,187.594771
NVDA,1H,2026-01-23T18:00:00Z,187.11,187.99,187,187.84,287939,3019,187.610438
NVDA,1H,2026-01-23T19:00:00Z,187.85,188.18,187.13,187.32,323858,3302,187.652779
NVDA,1H,2026-01-23T20:00:00Z,187.34,187.69,186.88,187.41,540020,5061,187.322054
NVDA,1H,2026-01-23T21:00:00Z,187.19,187.21,187.19,187.2,583,3,187.203139
NVDA,1H,2026-01-26T14:00:00Z,186.66,188.88,186.64,187.27,675917,5154,188.000592
NVDA,1H,2026-01-26T15:00:00Z,187.24,187.53,186.62,187.02,434888,3737,187.051904
NVDA,1H,2026-01-26T16:00:00Z,187.04,187.04,185.84,186.78,510402,4472,186.550565
NVDA,1H,2026-01-26T17:00:00Z,186.8,187,185.97,186.28,249359,2420,186.421704
NVDA,1H,2026-01-26T18:00:00Z,186.25,186.83,185.77,186.83,200000,2090,186.325
NVDA,1H,2026-01-26T19:00:00Z,186.8,186.84,185.99,186.05,156859,1606,186.325956
NVDA,1H,2026-01-26T20:00:00Z,186.03,186.57,185.77,186.18,354627,3835,186.194138
NVDA,1H,2026-01-27T13:00:00Z,186.95,187.09,186.81,187.06,17815,243,186.927781
NVDA,1H,2026-01-27T14:00:00Z,187.07,187.56,185.51,187.42,682775,5421,186.537209
NVDA,1H,2026-01-27T15:00:00Z,187.41,189.56,187.26,189.11,767475,7382,188.683575
NVDA,1H,2026-01-27T16:00:00Z,189.07,189.76,188.96,189.43,467912,3964,189.455266
NVDA,1H,2026-01-27T17:00:00Z,189.42,189.77,188.83,188.95,304171,2645,189.43526
NVDA,1H,2026-01-27T18:00:00Z,188.99,189.54,188.67,189.14,233976,2349,189.177279
NVDA,1H,2026-01-27T19:00:00Z,189.11,189.24,188.72,189.04,287613,2668,188.977999
NVDA,1H,2026-01-27T20:00:00Z,189.04,189.48,188.25,188.33,544627,5163,188.843138
NVDA,1H,2026-01-27T21:00:00Z,188.15,188.64,188.15,188.64,609,10,188.342
NVDA,1H,2026-01-28T13:00:00Z,191.81,191.81,191.43,191.43,3362,54,191.725
NVDA,1H,2026-01-28T14:00:00Z,191.43,192.09,190.06,191.64,499124,5289,191.335043
NVDA,1H,2026-01-28T15:00:00Z,191.62,192.1,190.49,190.68,613454,5565,191.214977
NVDA,1H,2026-01-28T16:00:00Z,190.7,191.8,189.61,190.05,508261,4980,190.862873
NVDA,1H,2026-01-28T17:00:00Z,190.04,191.46,189.97,191.36,251367,2701,190.846873
NVDA,1H,2026-01-28T18:00:00Z,191.36,191.76,191.03,191.69,266101,2685,191.472375
NVDA,1H,2026-01-28T19:00:00Z,191.69,192.09,190.69,191.34,374833,4098,191.54312
NVDA,1H,2026-01-28T20:00:00Z,191.35,191.88,190.66,191.29,510683,5183,191.378832
NVDA,1H,2026-01-28T21:00:00Z,191.63,192.74,191.62,191.94,3813,133,192.062222
NVDA,1H,2026-01-29T13:00:00Z,191.39,191.42,191.22,191.22,658,9,191.328
NVDA,1H,2026-01-29T14:00:00Z,191.03,193.23,189.93,190.56,547486,5998,191.230024
NVDA,1H,2026-01-29T15:00:00Z,190.54,190.58,185.85,186.21,973821,9193,187.914392
NVDA,1H,2026-01-29T16:00:00Z,186.2,188.25,185.85,187.88,548621,5391,187.192302
NVDA,1H,2026-01-29T17:00:00Z,187.83,189.77,187.8,189.11,335130,3935,189.140112
NVDA,1H,2026-01-29T18:00:00Z,189.11,190.46,189.11,190.28,256794,3263,189.957278
NVDA,1H,2026-01-29T19:00:00Z,190.26,190.53,189.79,190.33,194641,2585,190.216236
NVDA,1H,2026-01-29T20:00:00Z,190.35,192.52,190.16,192.26,644944,6353,191.370076
NVDA,1H,2026-01-29T21:00:00Z,191.88,191.88,191.88,191.88,201,8,191.88
NVDA,1H,2026-01-30T13:00:00Z,190.63,190.63,189.94,190.32,3239,42,190.178868
NVDA,1H,2026-01-30T14:00:00Z,191.02,192.74,190.72,191.39,453159,5245,191.961702
NVDA,1H,2026-01-30T15:00:00Z,191.38,194.24,191,193.46,839957,8761,192.715554
NVDA,1H,2026-01-30T16:00:00Z,193.43,193.67,191.75,192.11,587165,6494,192.436995
NVDA,1H,2026-01-30T17:00:00Z,192.15,192.78,191.35,191.62,487038,5343,191.973172
NVDA,1H,2026-01-30T18:00:00Z,191.56,191.61,190.29,191.28,537494,5973,190.941232
NVDA,1H,2026-01-30T19:00:00Z,191.28,191.68,190.47,190.55,394332,4527,191.180271
NVDA,1H,2026-01-30T20:00:00Z,190.65,191.46,189.25,190.9,1002282,9787,190.255724
NVDA,1H,2026-01-30T21:00:00Z,190.92,190.92,190.92,190.92,200,2,190.92
NVDA,1H,2026-02-02T13:00:00Z,188.79,188.97,187.86,187.86,4308,75,188.535714
NVDA,1H,2026-02-02T14:00:00Z,187.82,187.82,186.28,186.42,469286,5210,187.078237
NVDA,1H,2026-02-02T15:00:00Z,186.47,189.14,186.22,188.35,533659,5800,188.182839
NVDA,1H,2026-02-02T16:00:00Z,188.43,189.28,187.64,189.2,350466,3800,188.557989
NVDA,1H,2026-02-02T17:00:00Z,189.2,189.89,188.88,189.65,315050,3334,189.282022
NVDA,1H,2026-02-02T18:00:00Z,189.64,190.05,189.25,189.76,257175,2813,189.642949
NVDA,1H,2026-02-02T19:00:00Z,189.76,189.86,187.2,187.21,386275,3530,188.889112
NVDA,1H,2026-02-02T20:00:00Z,187.21,187.41,184.66,185.43,1210912,10394,185.995624
NVDA,1H,2026-02-02T21:00:00Z,185.76,185.94,183.67,184.64,4769,158,184.741043
NVDA,1H,2026-02-03T13:00:00Z,186.77,186.77,186.57,186.57,630,13,186.696667
NVDA,1H,2026-02-03T14:00:00Z,186.02,186.02,181.35,181.64,727163,7996,183.534119
NVDA,1H,2026-02-03T15:00:00Z,181.59,181.78,179.36,180.51,1046831,9962,180.391158
NVDA,1H,2026-02-03T16:00:00Z,180.52,180.6,178.88,179.84,582102,5688,179.646397
NVDA,1H,2026-02-03T17:00:00Z,179.88,180.18,178.44,178.6,588534,5665,179.206674
NVDA,1H,2026-02-03T18:00:00Z,178.64,179.49,178.2,178.2,511897,5694,178.693309
NVDA,1H,2026-02-03T19:00:00Z,178.19,179.26,176.03,177.66,810379,7947,177.561156
NVDA,1H,2026-02-03T20:00:00Z,177.65,180.26,177.31,180.06,907282,8323,178.899496
NVDA,1H,2026-02-03T21:00:00Z,180.18,180.32,178.48,179.38,1649,34,179.806923
NVDA,1H,2026-02-04T13:00:00Z,180.31,180.43,179.79,179.82,4680,67,180.029189
NVDA,1H,2026-02-04T14:00:00Z,179.21,179.33,177.01,177.55,505192,4617,178.422699
NVDA,1H,2026-02-04T15:00:00Z,177.48,177.91,175.45,175.68,779383,6863,176.679841
NVDA,1H,2026-02-04T16:00:00Z,175.7,175.77,173.06,174.44,605145,5802,174.265954
NVDA,1H,2026-02-04T17:00:00Z,174.44,174.96,171.7,173.08,839020,7023,173.215367
NVDA,1H,2026-02-04T18:00:00Z,173.08,174.07,172.22,173.88,513957,4740,173.169863
NVDA,1H,2026-02-04T19:00:00Z,173.9,175.75,173.46,175.72,580469,5315,174.681659
NVDA,1H,2026-02-04T20:00:00Z,175.72,175.89,173.98,173.98,962848,7611,174.822375
NVDA,1H,2026-02-04T21:00:00Z,176.34,176.34,176.34,176.34,400,7,176.34
NVDA,1H,2026-02-05T13:00:00Z,174.59,174.59,173.79,174.03,2316,10,174.067373
NVDA,1H,2026-02-05T14:00:00Z,173.7,176.58,173.27,173.66,839746,6343,175.002902
NVDA,1H,2026-02-05T15:00:00Z,173.72,174.02,171.11,172.92,1540874,11349,172.336693
NVDA,1H,2026-02-05T16:00:00Z,172.99,175.38,171.61,174.97,1201343,9256,173.520145
NVDA,1H,2026-02-05T17:00:00Z,174.99,175.53,174.17,174.72,743645,6629,174.859281
NVDA,1H,2026-02-05T18:00:00Z,174.78,175.15,172.87,172.99,545372,5366,173.998674
NVDA,1H,2026-02-05T19:00:00Z,172.97,174.2,172.54,172.98,707947,5908,173.198709
NVDA,1H,2026-02-05T20:00:00Z,172.97,174,170.9,171.61,1269492,9777,172.178876
NVDA,1H,2026-02-05T21:00:00Z,172.1,173.12,170.18,170.18,2121,66,172.262403
NVDA,1H,2026-02-06T13:00:00Z,176.15,176.81,175.65,176.8,2627,36,176.123696
NVDA,1H,2026-02-06T14:00:00Z,176.33,181.48,174.41,180.38,837492,7000,178.973121
NVDA,1H,2026-02-06T15:00:00Z,180.24,182.76,179.26,182.62,1308753,10527,181.458464
NVDA,1H,2026-02-06T16:00:00Z,182.62,184.11,182.35,183.02,1195240,10449,183.414301
NVDA,1H,2026-02-06T17:00:00Z,183.06,184.94,182.72,184.32,656981,6731,184.168282
NVDA,1H,2026-02-06T18:00:00Z,184.27,184.78,183.99,184.35,442045,4483,184.396143
NVDA,1H,2026-02-06T19:00:00Z,184.35,184.87,183.92,184.75,601013,5987,184.471992
NVDA,1H,2026-02-06T20:00:00Z,184.76,186.7,184.47,184.98,1499414,12533,185.541095
NVDA,1H,2026-02-06T21:00:00Z,185.1,185.31,185.1,185.28,563,13,185.214
NVDA,1H,2026-02-09T13:00:00Z,184.77,184.77,184.27,184.27,1113,16,184.5875
NVDA,1H,2026-02-09T14:00:00Z,183.94,193.42,183.67,190.93,1381048,10656,189.549445
NVDA,1H,2026-02-09T15:00:00Z,190.92,192.16,190.35,191.75,1091699,13162,191.257789
NVDA,1H,2026-02-09T16:00:00Z,191.7,191.91,191.18,191.25,688261,8269,191.52478
NVDA,1H,2026-02-09T17:00:00Z,191.24,192.29,191.09,191.18,552711,5564,191.725377
NVDA,1H,2026-02-09T18:00:00Z,191.2,191.39,190.44,190.53,299414,3302,190.936018
NVDA,1H,2026-02-09T19:00:00Z,190.5,191.18,190.44,190.69,340079,3175,190.780759
NVDA,1H,2026-02-09T20:00:00Z,190.66,190.88,189.31,189.69,548182,7959,189.882241
NVDA,1H,2026-02-09T21:00:00Z,189.63,189.63,189.62,189.62,856,3,189.62
NVDA,1H,2026-02-10T13:00:00Z,191.15,191.15,190.62,190.62,1780,19,190.843793
NVDA,1H,2026-02-10T14:00:00Z,191.31,192.25,188.16,189.06,582639,5832,189.868554
NVDA,1H,2026-02-10T15:00:00Z,189.07,190.01,187.9,189.82,609437,6288,188.89947
NVDA,1H,2026-02-10T16:00:00Z,189.82,190.07,188.69,188.96,409936,4324,189.261785
NVDA,1H,2026-02-10T17:00:00Z,189.01,190.2,189,189.99,428852,4121,189.655013
NVDA,1H,2026-02-10T18:00:00Z,190.01,190.02,188.85,189.25,249532,2821,189.414678
NVDA,1H,2026-02-10T19:00:00Z,189.25,189.35,188.55,188.82,258591,2796,188.958715
NVDA,1H,2026-02-10T20:00:00Z,188.78,189.32,188.16,188.19,598239,6399,188.638004
NVDA,1H,2026-02-11T13:00:00Z,189.47,191.77,189.47,191.67,6446,80,190.604105
NVDA,1H,2026-02-11T14:00:00Z,192.08,192.99,190.77,190.98,506003,5114,191.884185
NVDA,1H,2026-02-11T15:00:00Z,190.94,191.72,188.55,191.33,816920,8332,190.228837
NVDA,1H,2026-02-11T16:00:00Z,191.37,191.95,190.47,190.71,516006,8163,191.111266
NVDA,1H,2026-02-11T17:00:00Z,190.72,192.05,190.15,191.6,429675,5891,191.350647
NVDA,1H,2026-02-11T18:00:00Z,191.61,191.76,190.74,191.57,255847,3276,191.270794
NVDA,1H,2026-02-11T19:00:00Z,191.54,191.98,191.07,191.29,318531,3403,191.573916
NVDA,1H,2026-02-11T20:00:00Z,191.28,191.33,189.73,189.75,506660,6685,190.629599
NVDA,1H,2026-02-11T21:00:00Z,189.62,190.29,189.56,190.29,1614,20,189.907251
NVDA,1H,2026-02-12T13:00:00Z,191.73,192.12,191.73,192.12,290,5,191.925
NVDA,1H,2026-02-12T14:00:00Z,192.09,193.34,190.99,191.2,496748,4488,192.001033
NVDA,1H,2026-02-12T15:00:00Z,191.2,191.7,188.93,189,624398,6634,190.443007
NVDA,1H,2026-02-12T16:00:00Z,189.01,189.56,187.02,189.1,749101,7719,188.560391
NVDA,1H,2026-02-12T17:00:00Z,189.03,190.28,188.71,189.47,460561,4349,189.628997
NVDA,1H,2026-02-12T18:00:00Z,189.43,189.71,188.33,189.64,426109,4803,189.088021
NVDA,1H,2026-02-12T19:00:00Z,189.63,189.77,187.92,188.03,351267,3591,189.026714
NVDA,1H,2026-02-12T20:00:00Z,188.07,188.29,186.34,186.67,615554,6327,187.199289
NVDA,1H,2026-02-12T21:00:00Z,186.39,187.77,186.39,187.59,628,10,186.964486
NVDA,1H,2026-02-13T13:00:00Z,186.5,187.17,186.07,187.17,1422,18,186.512365
NVDA,1H,2026-02-13T14:00:00Z,187.39,187.39,182.1,182.19,591333,4949,183.973662
NVDA,1H,2026-02-13T15:00:00Z,182.16,184.94,182,183.1,685389,6844,183.250569
NVDA,1H,2026-02-13T16:00:00Z,183.17,183.93,182.58,183.62,496192,4630,183.359794
NVDA,1H,2026-02-13T17:00:00Z,183.63,184.74,183.45,183.75,431000,3933,184.134764
NVDA,1H,2026-02-13T18:00:00Z,183.78,184.61,183.25,183.96,417140,4439,183.911316
NVDA,1H,2026-02-13T19:00:00Z,183.99,184.05,182.61,182.64,490477,4776,183.582329
NVDA,1H,2026-02-13T20:00:00Z,182.64,183.18,181.38,182.56,1084332,10323,182.198787
NVDA,1H,2026-02-13T21:00:00Z,182.72,182.81,182.65,182.66,1448,23,182.74
NVDA,1H,2026-02-17T13:00:00Z,181.12,181.15,181.12,181.15,501,12,181.14
NVDA,1H,2026-02-17T14:00:00Z,181.05,183.19,179.1,179.1,795717,6971,181.443472
NVDA,1H,2026-02-17T15:00:00Z,179.03,181.73,178.98,181.53,736536,8128,180.11292
NVDA,1H,2026-02-17T16:00:00Z,181.65,184.37,181.56,183.83,807414,7048,183.537904
NVDA,1H,2026-02-17T17:00:00Z,183.88,184.66,183.35,184.64,555325,5345,183.934579
NVDA,1H,2026-02-17T18:00:00Z,184.65,185.71,183.99,185.26,491921,4853,184.909306
NVDA,1H,2026-02-17T19:00:00Z,185.24,186.91,185.22,185.74,593547,4856,186.027349
NVDA,1H,2026-02-17T20:00:00Z,185.74,185.97,184.15,184.88,743863,6352,184.970105
NVDA,1H,2026-02-17T21:00:00Z,187.2,187.2,187.17,187.17,502,6,187.185
NVDA,1H,2026-02-18T14:00:00Z,188.41,188.95,187.17,188.6,651616,6492,187.946396
NVDA,1H,2026-02-18T15:00:00Z,188.5,190,188.47,189.65,922860,7807,189.397869
NVDA,1H,2026-02-18T16:00:00Z,189.63,190.14,188.51,188.55,413212,4057,189.39909
NVDA,1H,2026-02-18T17:00:00Z,188.57,189.23,188.45,188.88,310539,3228,188.893713
NVDA,1H,2026-02-18T18:00:00Z,188.88,189.46,187.98,188.61,321652,3299,188.699813
NVDA,1H,2026-02-18T19:00:00Z,188.5,188.89,186.74,186.8,456008,4372,187.974892
NVDA,1H,2026-02-18T20:00:00Z,186.81,188.25,186.54,187.66,780015,6883,187.369966
NVDA,1H,2026-02-18T21:00:00Z,187.57,187.58,187.57,187.58,985,8,187.58
NVDA,1H,2026-02-19T14:00:00Z,186.71,187.12,185.43,186.51,325636,3422,186.251533
NVDA,1H,2026-02-19T15:00:00Z,186.54,188.19,186.18,187.69,540608,5028,187.549006
NVDA,1H,2026-02-19T16:00:00Z,187.69,187.74,186.22,186.46,568979,4746,187.072638
NVDA,1H,2026-02-19T17:00:00Z,186.48,186.75,185.56,185.72,394060,3686,186.18342
NVDA,1H,2026-02-19T18:00:00Z,185.69,186.49,185.62,186.49,285501,2971,186.063252
NVDA,1H,2026-02-19T19:00:00Z,186.48,186.82,186.11,186.37,336231,3319,186.466167
NVDA,1H,2026-02-19T20:00:00Z,186.35,187.68,186.34,187.66,428395,4448,186.969688
NVDA,1H,2026-02-19T21:00:00Z,187.64,187.92,187.64,187.92,409,5,187.824211
NVDA,1H,2026-02-20T13:00:00Z,187.08,187.17,187.08,187.17,300,2,187.125
NVDA,1H,2026-02-20T14:00:00Z,186.06,188.46,185.72,187.39,477024,5356,187.655728
NVDA,1H,2026-02-20T15:00:00Z,187.47,189.95,186.38,189.82,993800,9370,188.061793
NVDA,1H,2026-02-20T16:00:00Z,189.83,190.09,188.35,189.55,730710,6691,189.314599
NVDA,1H,2026-02-20T17:00:00Z,189.58,189.63,187.4,188.5,753919,7536,188.2796
NVDA,1H,2026-02-20T18:00:00Z,188.46,189.68,187.93,189.57,592432,6219,188.779431
NVDA,1H,2026-02-20T19:00:00Z,189.59,189.86,188.72,189.03,441905,4318,189.236502
NVDA,1H,2026-02-20T20:00:00Z,189.08,189.71,188.97,189.53,758156,8350,189.48509
NVDA,1H,2026-02-20T21:00:00Z,189.09,189.09,189.09,189.09,436,4,189.09
NVDA,1H,2026-02-23T14:00:00Z,191.15,193.71,191.07,192.91,826515,6693,192.629539
NVDA,1H,2026-02-23T15:00:00Z,192.87,193.22,189.96,190.01,888340,7183,191.314583
NVDA,1H,2026-02-23T16:00:00Z,190.03,191.06,189.35,190.45,614114,5467,190.220965
NVDA,1H,2026-02-23T17:00:00Z,190.46,191.04,189.51,190.79,361747,3647,190.390268
NVDA,1H,2026-02-23T18:00:00Z,190.81,191.51,190.55,190.66,317148,3247,191.088949
NVDA,1H,2026-02-23T19:00:00Z,190.69,191.02,189.96,190.24,354366,3752,190.456025
NVDA,1H,2026-02-23T20:00:00Z,190.21,191.4,190,191.35,401793,4460,190.675905
NVDA,1H,2026-02-23T21:00:00Z,191.39,191.4,191.24,191.24,630,9,191.349309
NVDA,1H,2026-02-24T13:00:00Z,190.23,190.41,190.2,190.41,391,7,190.276667
NVDA,1H,2026-02-24T14:00:00Z,191.23,191.79,187.2,189.54,604815,6560,189.344482
NVDA,1H,2026-02-24T15:00:00Z,189.47,192.47,189.39,191.97,599373,6510,191.325256
NVDA,1H,2026-02-24T16:00:00Z,192.01,193.11,191.65,192.69,704361,6746,192.351572
NVDA,1H,2026-02-24T17:00:00Z,192.68,193.51,192.57,192.89,523246,4629,193.094018
NVDA,1H,2026-02-24T18:00:00Z,192.84,193.19,192.31,192.38,280607,3007,192.747489
NVDA,1H,2026-02-24T19:00:00Z,192.41,192.81,191.93,192.49,384592,3602,192.416216
NVDA,1H,2026-02-24T20:00:00Z,192.5,193.51,192.31,192.63,686578,6707,192.782492
NVDA,1H,2026-02-25T13:00:00Z,194.21,194.21,194.19,194.19,410,5,194.21
NVDA,1H,2026-02-25T14:00:00Z,194.24,195.71,193.56,195.63,867807,7632,194.517621
NVDA,1H,2026-02-25T15:00:00Z,195.65,196.29,194.92,195.98,631717,6432,195.647678
NVDA,1H,2026-02-25T16:00:00Z,195.97,197.08,195.58,196.82,610211,5819,196.448215
NVDA,1H,2026-02-25T17:00:00Z,196.83,197.38,196.63,196.83,508485,4902,197.079486
NVDA,1H,2026-02-25T18:00:00Z,196.84,196.92,196.25,196.39,350619,3810,196.508289
NVDA,1H,2026-02-25T19:00:00Z,196.37,197.2,196.37,196.94,515244,4875,196.91731
NVDA,1H,2026-02-25T20:00:00Z,196.93,196.99,195.28,195.59,1052566,10197,196.328619
NVDA,1H,2026-02-25T21:00:00Z,200.23,202.99,196.98,200.72,55711,997,200.818871
NVDA,1H,2026-02-26T13:00:00Z,196.88,196.88,196.88,196.88,375,8,196.88
NVDA,1H,2026-02-26T14:00:00Z,194.86,194.94,188.06,189.25,1391409,12492,189.77046
NVDA,1H,2026-02-26T15:00:00Z,189.16,189.43,184.38,186.1,1672361,16004,186.437326
NVDA,1H,2026-02-26T16:00:00Z,186.07,187.74,185.63,185.66,884778,10552,186.775174
NVDA,1H,2026-02-26T17:00:00Z,185.69,187.88,185.69,186.52,594920,7451,186.827127
NVDA,1H,2026-02-26T18:00:00Z,186.52,186.54,184.6,184.99,641815,5853,185.240264
NVDA,1H,2026-02-26T19:00:00Z,185.02,186.46,184.72,185.19,531793,5177,185.413965
NVDA,1H,2026-02-26T20:00:00Z,185.14,185.31,184.09,184.63,1128255,10996,184.602678
NVDA,1H,2026-02-27T13:00:00Z,183.85,183.85,181.55,181.95,900,10,182.408571
NVDA,1H,2026-02-27T14:00:00Z,181.79,181.8,179.35,179.58,1723103,12948,180.243959
NVDA,1H,2026-02-27T15:00:00Z,179.57,182.37,179.54,181.3,1612501,13736,181.401674
NVDA,1H,2026-02-27T16:00:00Z,181.28,181.72,179.92,180.14,1216088,10269,180.851444
NVDA,1H,2026-02-27T17:00:00Z,180.11,180.47,178.84,179.54,1375331,10834,179.683088
NVDA,1H,2026-02-27T18:00:00Z,179.54,179.6,177.96,178.17,1120539,9097,178.812399
NVDA,1H,2026-02-27T19:00:00Z,178.17,179.48,177.88,179.15,1050328,7978,178.500345
NVDA,1H,2026-02-27T20:00:00Z,179.14,179.18,176.17,176.99,3097176,19663,177.76573
NVDA,1H,2026-02-27T21:00:00Z,177.4,177.4,177.31,177.31,819,9,177.322931
NVDA,1H,2026-03-02T13:00:00Z,174.08,174.68,174.04,174.62,1985,25,174.166467
NVDA,1H,2026-03-02T14:00:00Z,174.6,179.93,174.54,179.51,818594,8952,178.93305
NVDA,1H,2026-03-02T15:00:00Z,179.4,181.14,178.86,180.46,1162435,14304,180.473798
NVDA,1H,2026-03-02T16:00:00Z,180.45,182.96,179.89,182.41,1110462,12065,181.494902
NVDA,1H,2026-03-02T17:00:00Z,182.37,183.23,181.95,182.51,762798,9976,182.433679
NVDA,1H,2026-03-02T18:00:00Z,182.53,182.66,181.84,181.85,581064,9653,182.180224
NVDA,1H,2026-03-02T19:00:00Z,181.83,182.8,181.73,182.58,483814,7197,182.357925
NVDA,1H,2026-03-02T20:00:00Z,182.58,182.61,181.43,182.18,1238644,13698,182.08127
NVDA,1H,2026-03-02T21:00:00Z,182.23,182.47,182.1,182.1,815,13,182.304578
NVDA,1H,2026-03-03T13:00:00Z,177.41,177.7,177.38,177.4,1393,13,177.481668
NVDA,1H,2026-03-03T14:00:00Z,176.93,180.3,176.93,178.53,635231,6347,178.699206
NVDA,1H,2026-03-03T15:00:00Z,178.61,179.82,176.7,177.32,1035113,9961,177.907308
NVDA,1H,2026-03-03T16:00:00Z,177.3,180.41,177.18,179.83,937908,8551,179.297564
NVDA,1H,2026-03-03T17:00:00Z,179.82,180.02,178.76,179.38,613530,5335,179.419424
NVDA,1H,2026-03-03T18:00:00Z,179.36,180.66,179.23,180.25,439767,4261,179.984677
NVDA,1H,2026-03-03T19:00:00Z,180.3,180.63,178.94,179.84,508592,5090,179.863326
NVDA,1H,2026-03-03T20:00:00Z,179.87,180.35,179.28,179.81,691029,7488,179.867474
NVDA,1H,2026-03-04T13:00:00Z,181.66,181.78,181.66,181.78,435,5,181.711429
NVDA,1H,2026-03-04T14:00:00Z,180.15,182.71,179.85,180.78,711917,8254,181.229956
NVDA,1H,2026-03-04T15:00:00Z,180.88,183.42,180.74,182.58,919924,11862,182.239068
NVDA,1H,2026-03-04T16:00:00Z,182.6,183.1,181.58,182.46,635846,6133,182.317126
NVDA,1H,2026-03-04T17:00:00Z,182.49,183.13,181.97,182.77,493221,4723,182.587163
NVDA,1H,2026-03-04T18:00:00Z,182.78,184.38,182.16,184.29,666944,5773,183.331393
NVDA,1H,2026-03-04T19:00:00Z,184.33,184.47,183.33,183.59,588662,5397,183.91146
NVDA,1H,2026-03-04T20:00:00Z,183.58,183.62,182.38,182.75,942629,8123,182.882322
NVDA,1H,2026-03-04T21:00:00Z,182.78,182.78,182.53,182.53,609,4,182.734128
NVDA,1H,2026-03-05T14:00:00Z,181,182.56,180.66,182.25,698723,6537,181.491282
NVDA,1H,2026-03-05T15:00:00Z,182.27,183.69,180.64,183.69,940088,8946,182.110543
NVDA,1H,2026-03-05T16:00:00Z,183.69,183.84,182.52,182.77,537848,5708,183.104073
NVDA,1H,2026-03-05T17:00:00Z,182.79,183.6,177.7,178.47,1081970,9505,179.999359
NVDA,1H,2026-03-05T18:00:00Z,178.45,179.95,178.44,179.75,677022,6421,179.302851
NVDA,1H,2026-03-05T19:00:00Z,179.78,180.79,179.66,180.36,452359,4870,180.224769
NVDA,1H,2026-03-05T20:00:00Z,180.32,183.18,180.2,183.08,1048483,9109,182.147479
NVDA,1H,2026-03-05T21:00:00Z,182.93,182.98,182.93,182.98,300,2,182.946667
NVDA,1H,2026-03-06T13:00:00Z,180.93,180.93,179.83,179.83,1208,5,180.752251
NVDA,1H,2026-03-06T14:00:00Z,178.78,182.11,178.78,181.64,561419,6685,180.998864
NVDA,1H,2026-03-06T15:00:00Z,181.65,182.53,180.68,181.73,740681,7729,181.714154
NVDA,1H,2026-03-06T16:00:00Z,181.68,182.23,180.81,182.08,759851,7314,181.480389
NVDA,1H,2026-03-06T17:00:00Z,182.11,182.26,180.31,180.6,651759,5849,181.199953
NVDA,1H,2026-03-06T18:00:00Z,180.59,181.6,180.41,180.65,480908,4576,181.074986
NVDA,1H,2026-03-06T19:00:00Z,180.68,180.78,179.67,179.83,452347,4224,180.141098
NVDA,1H,2026-03-06T20:00:00Z,179.83,180.08,176.61,177.48,1963904,15511,177.72014
NVDA,1H,2026-03-06T21:00:00Z,177.46,177.46,177.46,177.46,400,9,177.46
NVDA,1H,2026-03-09T12:00:00Z,176.15,176.15,176.15,176.15,250,2,176.15
NVDA,1H,2026-03-09T13:00:00Z,176.44,177.9,175.35,176.67,587834,4937,176.564926
NVDA,1H,2026-03-09T14:00:00Z,176.66,179.11,176.05,178.51,1025834,8304,177.978792
NVDA,1H,2026-03-09T15:00:00Z,178.54,179.9,178.44,179.51,592777,5640,179.019712
NVDA,1H,2026-03-09T16:00:00Z,179.51,180.68,179.35,179.92,521127,4840,180.003951
NVDA,1H,2026-03-09T17:00:00Z,179.88,179.93,178.8,179.43,441044,4075,179.36123
NVDA,1H,2026-03-09T18:00:00Z,179.44,180.23,179.1,179.12,366728,3715,179.784071
NVDA,1H,2026-03-09T19:00:00Z,179.12,182.66,179.07,182.43,987339,9318,181.294514
NVDA,1H,2026-03-09T20:00:00Z,182.11,182.11,181.9,181.9,454,15,182.04
NVDA,1H,2026-03-10T12:00:00Z,181.78,181.96,181.5,181.87,1172,12,181.736972
NVDA,1H,2026-03-10T13:00:00Z,182.22,183.64,181.8,182.51,438959,4560,182.724983
NVDA,1H,2026-03-10T14:00:00Z,182.53,185.46,182.01,185.23,749642,7188,183.889993
NVDA,1H,2026-03-10T15:00:00Z,185.22,186.21,185.05,185.72,701250,6665,185.573479
NVDA,1H,2026-03-10T16:00:00Z,185.67,185.67,184.82,185.39,452023,4672,185.199826
NVDA,1H,2026-03-10T17:00:00Z,185.42,185.99,184.88,185.47,361836,4051,185.468628
NVDA,1H,2026-03-10T18:00:00Z,185.48,185.59,183.88,184.16,584754,7271,184.625123
NVDA,1H,2026-03-10T19:00:00Z,184.18,184.79,183.05,184.54,1051798,9398,184.018881
NVDA,1H,2026-03-10T20:00:00Z,184.41,184.92,184.41,184.92,1167,19,184.580469
NVDA,1H,2026-03-11T12:00:00Z,184.6,184.6,184.6,184.6,200,3,184.6
NVDA,1H,2026-03-11T13:00:00Z,185.7,186.74,184.75,186.68,436804,4194,185.831384
NVDA,1H,2026-03-11T14:00:00Z,186.65,187.38,185.66,186.22,647961,5834,186.508007
NVDA,1H,2026-03-11T15:00:00Z,186.24,186.54,184.63,185.39,526625,4680,185.526084
NVDA,1H,2026-03-11T16:00:00Z,185.44,185.85,185.05,185.48,332417,3030,185.37875
NVDA,1H,2026-03-11T17:00:00Z,185.48,185.65,184.24,184.93,322729,3336,185.043206
NVDA,1H,2026-03-11T18:00:00Z,184.9,185.52,184.5,185.38,302447,3089,184.984684
NVDA,1H,2026-03-11T19:00:00Z,185.38,185.82,185.02,185.79,507606,5184,185.422479
NVDA,1H,2026-03-11T20:00:00Z,185.76,185.76,185.56,185.56,400,5,185.663911
NVDA,1H,2026-03-12T13:00:00Z,183.93,184.63,181.84,182.15,593920,5437,183.309491
NVDA,1H,2026-03-12T14:00:00Z,182.15,183.02,181.54,182.16,682762,6599,182.297824
NVDA,1H,2026-03-12T15:00:00Z,182.11,184.16,181.59,184.1,572941,6104,182.850072
NVDA,1H,2026-03-12T16:00:00Z,184.13,184.71,183.5,183.78,470798,5094,184.214155
NVDA,1H,2026-03-12T17:00:00Z,183.79,184.34,182.97,183.32,296325,3249,183.639795
NVDA,1H,2026-03-12T18:00:00Z,183.37,183.79,182.73,182.87,314298,2948,183.228225
NVDA,1H,2026-03-12T19:00:00Z,182.88,183.45,182.52,182.9,594528,6092,182.967755
NVDA,1H,2026-03-12T20:00:00Z,182.92,182.92,182.65,182.65,700,8,182.712308
NVDA,1H,2026-03-13T13:00:00Z,184.43,185.82,184.23,184.66,451530,4418,185.075316
NVDA,1H,2026-03-13T14:00:00Z,184.68,184.85,181.81,181.92,626231,6460,183.153524
NVDA,1H,2026-03-13T15:00:00Z,181.87,182.6,180.55,180.87,653897,6318,181.555268
NVDA,1H,2026-03-13T16:00:00Z,180.85,181.55,180.52,180.78,437433,4305,181.094047
NVDA,1H,2026-03-13T17:00:00Z,180.92,181.42,180.25,180.31,234496,2594,180.952589
NVDA,1H,2026-03-13T18:00:00Z,180.31,180.91,179.8,180.8,263169,2939,180.383672
NVDA,1H,2026-03-13T19:00:00Z,180.81,180.81,179.74,180,632203,6592,180.165584
NVDA,1H,2026-03-13T20:00:00Z,180,180.01,179.81,179.81,914,16,179.95082
NVDA,1H,2026-03-16T12:00:00Z,182.93,183.66,182.93,183.66,1051,13,183.342941
NVDA,1H,2026-03-16T13:00:00Z,182.46,184.82,182.46,184.28,589197,5638,183.984653
NVDA,1H,2026-03-16T14:00:00Z,184.31,184.32,183.1,183.88,529960,5294,183.769993
NVDA,1H,2026-03-16T15:00:00Z,183.89,184.72,183.5,183.94,435531,4300,184.320575
NVDA,1H,2026-03-16T16:00:00Z,183.89,184.31,183.42,184.23,419715,3913,183.89037
NVDA,1H,2026-03-16T17:00:00Z,184.22,184.84,184.06,184.27,530540,4414,184.465968
NVDA,1H,2026-03-16T18:00:00Z,184.28,185.31,183.57,183.63,668658,5626,184.53044
NVDA,1H,2026-03-16T19:00:00Z,183.66,188.61,181.21,182.96,2615646,19767,184.102126
NVDA,1H,2026-03-16T20:00:00Z,182.63,183.44,182.1,182.1,2446,55,182.55216
NVDA,1H,2026-03-17T12:00:00Z,183.23,183.23,183.23,183.23,576,8,183.23
NVDA,1H,2026-03-17T13:00:00Z,184.7,185.17,182.76,182.88,678090,5508,183.531582
NVDA,1H,2026-03-17T14:00:00Z,182.93,183.37,181.69,182.81,779158,6551,182.612799
NVDA,1H,2026-03-17T15:00:00Z,182.8,182.99,181.5,181.97,563338,4689,182.222299
NVDA,1H,2026-03-17T16:00:00Z,181.97,182.89,181.53,181.84,712694,5784,182.2161
NVDA,1H,2026-03-17T17:00:00Z,181.87,183.01,181.87,182.76,455125,4705,182.492142
NVDA,1H,2026-03-17T18:00:00Z,182.78,183.26,182.1,182.13,449652,4302,182.854128
NVDA,1H,2026-03-17T19:00:00Z,182.11,182.71,181.61,181.75,742762,6271,182.087717
NVDA,1H,2026-03-18T12:00:00Z,181.76,181.76,181.5,181.5,775,6,181.713548
NVDA,1H,2026-03-18T13:00:00Z,181.79,182.57,180.51,182.21,581313,4378,181.397684
NVDA,1H,2026-03-18T14:00:00Z,182.28,183.16,181.63,182.54,525891,5058,182.341424
NVDA,1H,2026-03-18T15:00:00Z,182.53,183.03,182.06,182.25,484143,4558,182.449776
NVDA,1H,2026-03-18T16:00:00Z,182.25,182.63,181.89,182.24,303876,3045,182.262881
NVDA,1H,2026-03-18T17:00:00Z,182.19,182.51,181.61,182.4,363250,2996,181.98841
NVDA,1H,2026-03-18T18:00:00Z,182.47,182.92,180.89,180.98,529896,4677,181.916013
NVDA,1H,2026-03-18T19:00:00Z,181,181.45,180.12,180.17,533388,5485,180.718801
NVDA,1H,2026-03-19T12:00:00Z,178.11,178.43,178.11,178.43,838,8,178.336622
NVDA,1H,2026-03-19T13:00:00Z,177.81,177.81,175.59,177.41,821848,7617,176.494918
NVDA,1H,2026-03-19T14:00:00Z,177.46,178.25,177.03,177.99,702671,6688,177.748844
NVDA,1H,2026-03-19T15:00:00Z,177.96,178.84,177.46,178.09,683981,6412,178.054902
NVDA,1H,2026-03-19T16:00:00Z,178.04,178.72,177.85,177.96,459311,4175,178.316738
NVDA,1H,2026-03-19T17:00:00Z,177.96,178.54,177.37,178.03,464712,4216,177.914173
NVDA,1H,2026-03-19T18:00:00Z,178.01,179.03,177.89,178.44,384109,3638,178.411468
NVDA,1H,2026-03-19T19:00:00Z,178.42,179.77,177.73,178.3,1204307,11138,178.69785
NVDA,1H,2026-03-19T20:00:00Z,178.39,178.91,178.3,178.91,1224,22,178.482982
NVDA,1H,2026-03-20T12:00:00Z,177.98,177.98,177.84,177.84,900,9,177.948889
NVDA,1H,2026-03-20T13:00:00Z,177.79,177.85,175.66,175.67,690913,6144,176.990083
NVDA,1H,2026-03-20T14:00:00Z,175.65,176.12,174.81,175.64,1192502,10400,175.569224
NVDA,1H,2026-03-20T15:00:00Z,175.66,176.04,175.27,175.66,570938,5922,175.639959
NVDA,1H,2026-03-20T16:00:00Z,175.64,176.24,175.2,175.42,396546,3928,175.711942
NVDA,1H,2026-03-20T17:00:00Z,175.45,175.73,174.32,174.72,438553,5094,174.863741
NVDA,1H,2026-03-20T18:00:00Z,174.75,174.8,173.08,173.25,551382,5553,173.759913
NVDA,1H,2026-03-20T19:00:00Z,173.27,173.54,171.53,172.7,1127998,9931,172.523591
NVDA,1H,2026-03-20T20:00:00Z,173.13,173.94,173.13,173.94,797,14,173.562
NVDA,1H,2026-03-23T12:00:00Z,174.85,177.08,174.85,177.08,4804,40,176.05086
NVDA,1H,2026-03-23T13:00:00Z,177.35,177.7,175.68,177.63,906140,7645,176.915859
NVDA,1H,2026-03-23T14:00:00Z,177.64,178.01,176.49,177.45,1082004,8274,177.328393
NVDA,1H,2026-03-23T15:00:00Z,177.46,178.14,174.84,174.93,854423,6801,176.893329
NVDA,1H,2026-03-23T16:00:00Z,174.93,175.67,174.56,175.32,696394,5922,175.184735
NVDA,1H,2026-03-23T17:00:00Z,175.41,176.01,174.79,176.01,427593,3662,175.378946
NVDA,1H,2026-03-23T18:00:00Z,176.01,176.75,175.65,176.37,413446,3493,176.19896
NVDA,1H,2026-03-23T19:00:00Z,176.38,176.49,175.35,175.4,853043,6638,176.009904
NVDA,1H,2026-03-23T20:00:00Z,175.23,175.26,175.23,175.26,500,9,175.246122
NVDA,1H,2026-03-24T12:00:00Z,174.6,174.6,174.6,174.6,100,1,174.6
NVDA,1H,2026-03-24T13:00:00Z,174.64,175.7,173.91,174.73,554279,4547,174.787558
NVDA,1H,2026-03-24T14:00:00Z,174.74,175.15,173.79,174.57,989085,8022,174.464978
NVDA,1H,2026-03-24T15:00:00Z,174.58,175.95,174.58,175.13,916146,6904,175.379332
NVDA,1H,2026-03-24T16:00:00Z,175.16,175.51,174.47,174.92,569036,4619,175.002887
NVDA,1H,2026-03-24T17:00:00Z,174.96,175.13,174.19,175.13,592991,4796,174.610249
NVDA,1H,2026-03-24T18:00:00Z,175.17,176,174.89,175.31,594667,4626,175.34289
NVDA,1H,2026-03-24T19:00:00Z,175.3,175.55,174.67,175.1,954890,7107,175.126446
NVDA,1H,2026-03-24T20:00:00Z,175.04,177.17,175.04,176.93,4805,38,176.712004
NVDA,1H,2026-03-25T12:00:00Z,177.81,177.81,177.24,177.24,905,10,177.552857
NVDA,1H,2026-03-25T13:00:00Z,176.86,179.6,176.68,177.99,561245,4560,178.590839
NVDA,1H,2026-03-25T14:00:00Z,177.98,181.01,177.69,180.3,1248643,8595,179.818216
NVDA,1H,2026-03-25T15:00:00Z,180.3,180.32,178.94,179.15,739110,5561,179.590176
NVDA,1H,2026-03-25T16:00:00Z,179.19,179.23,178.52,178.72,444289,4119,178.881116
NVDA,1H,2026-03-25T17:00:00Z,178.74,179.34,178.31,178.81,452835,3928,178.714005
NVDA,1H,2026-03-25T18:00:00Z,178.76,179.1,177.88,178.11,440945,3892,178.622685
NVDA,1H,2026-03-25T19:00:00Z,178.11,178.8,177.63,178.44,667873,5626,178.308429
NVDA,1H,2026-03-25T20:00:00Z,178.29,178.34,178.27,178.27,1460,12,178.313333
NVDA,1H,2026-03-26T12:00:00Z,176.07,176.07,176.07,176.07,300,4,176.07
NVDA,1H,2026-03-26T13:00:00Z,175.93,176.29,174.98,175.49,483663,4850,175.505462
NVDA,1H,2026-03-26T14:00:00Z,175.51,175.67,172.84,173.42,1407410,11490,174.494153
NVDA,1H,2026-03-26T15:00:00Z,173.45,174.63,173.44,174.44,751219,7355,173.905839
NVDA,1H,2026-03-26T16:00:00Z,174.45,174.5,173.27,173.64,613995,5830,173.785658
NVDA,1H,2026-03-26T17:00:00Z,173.63,173.8,171.64,171.75,621562,6121,172.901843
NVDA,1H,2026-03-26T18:00:00Z,171.72,172.3,171.72,172.08,617788,5344,172.015178
NVDA,1H,2026-03-26T19:00:00Z,172.1,172.19,170.94,171.03,1124620,9203,171.55664
NVDA,1H,2026-03-26T20:00:00Z,172.17,172.17,171.72,171.72,1472,22,171.858
NVDA,1H,2026-03-27T12:00:00Z,171.18,171.61,170.4,170.4,2185,20,170.700685
NVDA,1H,2026-03-27T13:00:00Z,170.41,170.76,167.97,168.3,839949,6020,169.643298
NVDA,1H,2026-03-27T14:00:00Z,168,169.19,167.35,168.47,1130238,7719,168.214191
NVDA,1H,2026-03-27T15:00:00Z,168.49,169.72,168.06,169.35,761895,6175,168.969327
NVDA,1H,2026-03-27T16:00:00Z,169.34,169.42,168.2,168.66,395667,3844,168.786128
NVDA,1H,2026-03-27T17:00:00Z,168.68,169.07,167.43,167.71,497047,4456,168.077592
NVDA,1H,2026-03-27T18:00:00Z,167.69,168.08,167.12,167.29,496200,4356,167.663572
NVDA,1H,2026-03-27T19:00:00Z,167.3,167.73,166.82,167.24,888309,7627,167.296603
NVDA,1H,2026-03-27T20:00:00Z,167.26,167.26,167.26,167.26,201,4,167.26
NVDA,1H,2026-03-30T13:00:00Z,168.84,169.23,166.04,166.08,619093,5162,167.431341
NVDA,1H,2026-03-30T14:00:00Z,166.1,167.87,166.08,167.73,764403,6363,166.958544
NVDA,1H,2026-03-30T15:00:00Z,167.74,168,166.35,167.12,850487,6239,167.343987
NVDA,1H,2026-03-30T16:00:00Z,167.18,167.21,166.06,166.43,418440,3413,166.588385
NVDA,1H,2026-03-30T17:00:00Z,166.43,166.61,165.4,165.98,544264,4360,165.952841
NVDA,1H,2026-03-30T18:00:00Z,165.99,166.07,165.01,165.09,411630,3449,165.582861
NVDA,1H,2026-03-30T19:00:00Z,165.09,165.34,164.09,164.99,1071177,8657,164.731762
NVDA,1H,2026-03-30T20:00:00Z,164.86,165.04,164.86,164.97,1191,25,164.9268
NVDA,1H,2026-03-31T12:00:00Z,167.44,167.68,167.26,167.37,1550,14,167.455836
NVDA,1H,2026-03-31T13:00:00Z,167.37,169.96,166.84,169.9,723544,5785,168.357515
NVDA,1H,2026-03-31T14:00:00Z,169.93,171.17,169.04,169.84,1036235,7792,170.098886
NVDA,1H,2026-03-31T15:00:00Z,169.87,170.54,169.61,169.66,709874,6332,170.089752
NVDA,1H,2026-03-31T16:00:00Z,169.62,173.66,169.59,172.74,751249,7782,171.525248
NVDA,1H,2026-03-31T17:00:00Z,172.66,173.68,172.11,172.24,951331,7590,173.00579
NVDA,1H,2026-03-31T18:00:00Z,172.34,173.8,172.29,173.52,775649,6755,173.094131
NVDA,1H,2026-03-31T19:00:00Z,173.5,174.41,173.38,174.21,1889458,13054,174.016805
NVDA,1H,2026-04-01T12:00:00Z,176.57,176.66,175.47,175.47,1575,13,176.10538
NVDA,1H,2026-04-01T13:00:00Z,175.23,176.38,174.59,175.69,843162,7403,175.67171
NVDA,1H,2026-04-01T14:00:00Z,175.7,176.49,175.3,176.48,907150,7551,175.846398
NVDA,1H,2026-04-01T15:00:00Z,176.49,177.06,176.19,176.9,549331,5407,176.645128
NVDA,1H,2026-04-01T16:00:00Z,176.9,177.16,176.41,176.44,486423,4545,176.809182
NVDA,1H,2026-04-01T17:00:00Z,176.45,176.88,175.66,175.75,310719,3193,176.355126
NVDA,1H,2026-04-01T18:00:00Z,175.75,175.76,174.6,175.26,536455,4868,175.110964
NVDA,1H,2026-04-01T19:00:00Z,175.26,176.1,175.2,175.61,725352,6749,175.663065
NVDA,1H,2026-04-01T20:00:00Z,175.49,175.59,175.49,175.53,678,12,175.546
NVDA,1H,2026-04-02T12:00:00Z,170.1,171.01,170.1,171.01,905,8,170.801794
NVDA,1H,2026-04-02T13:00:00Z,170.49,173.96,170.49,173.87,799946,6237,172.542142
NVDA,1H,2026-04-02T14:00:00Z,173.87,176.45,173.44,176.15,899870,8015,174.981661
NVDA,1H,2026-04-02T15:00:00Z,176.08,176.94,175.56,176.3,767484,7030,176.339139
NVDA,1H,2026-04-02T16:00:00Z,176.3,176.63,175.52,176.17,416160,4074,176.006372
NVDA,1H,2026-04-02T17:00:00Z,176.17,176.7,175.91,176.17,198562,2665,176.360003
NVDA,1H,2026-04-02T18:00:00Z,176.21,176.9,176.21,176.64,279631,3439,176.614449
NVDA,1H,2026-04-02T19:00:00Z,176.68,177.27,176.66,177.1,432437,4656,176.978348
NVDA,1H,2026-04-06T13:00:00Z,177.51,177.56,175.6,176.85,529347,4580,176.704464
NVDA,1H,2026-04-06T14:00:00Z,176.75,177.07,175.79,176.38,812122,6650,176.339413
NVDA,1H,2026-04-06T15:00:00Z,176.39,177.39,176.22,177.23,529381,4356,176.66702
NVDA,1H,2026-04-06T16:00:00Z,177.24,177.27,176.67,176.78,342003,3215,176.943414
NVDA,1H,2026-04-06T17:00:00Z,176.79,176.92,175.85,176.4,333868,3099,176.483863
NVDA,1H,2026-04-06T18:00:00Z,176.39,177.11,176.25,176.96,362155,3421,176.743465
NVDA,1H,2026-04-06T19:00:00Z,177,177.47,176.83,177.38,520987,4730,177.101086
NVDA,1H,2026-04-06T20:00:00Z,177.42,177.42,177.26,177.26,487,7,177.363794
NVDA,1H,2026-04-07T12:00:00Z,174.73,175.2,174.73,175.06,700,5,175.048462
NVDA,1H,2026-04-07T13:00:00Z,175.6,176.78,175.06,175.17,442402,3757,175.891553
NVDA,1H,2026-04-07T14:00:00Z,175.17,175.38,174.05,174.05,808999,6340,174.72695
NVDA,1H,2026-04-07T15:00:00Z,174.04,175.25,173.47,175.01,574515,4809,174.435085
NVDA,1H,2026-04-07T16:00:00Z,175.03,175.74,174.78,175.32,497354,4359,175.252571
NVDA,1H,2026-04-07T17:00:00Z,175.32,175.96,175.11,175.57,349643,3231,175.490099
NVDA,1H,2026-04-07T18:00:00Z,175.6,175.87,174.79,175.05,293133,2886,175.40199
NVDA,1H,2026-04-07T19:00:00Z,175.03,178,174.92,177.9,952027,7224,176.596665
NVDA,1H,2026-04-07T20:00:00Z,177.66,178.04,177.66,177.71,1884,23,177.77291
NVDA,1H,2026-04-08T12:00:00Z,184.25,184.28,184.07,184.28,3383,27,184.194914
NVDA,1H,2026-04-08T13:00:00Z,184.28,184.99,182.38,182.41,1049625,6553,183.463926
NVDA,1H,2026-04-08T14:00:00Z,182.4,182.58,180.11,180.67,1009421,7453,181.363896
NVDA,1H,2026-04-08T15:00:00Z,180.69,181.68,180.67,181.46,649927,5536,181.198434
NVDA,1H,2026-04-08T16:00:00Z,181.42,181.81,181.09,181.39,334418,3016,181.40804
NVDA,1H,2026-04-08T17:00:00Z,181.39,181.65,181.15,181.53,429259,3867,181.413199
NVDA,1H,2026-04-08T18:00:00Z,181.48,181.97,180.9,180.95,357041,4091,181.671029
NVDA,1H,2026-04-08T19:00:00Z,180.95,182.01,180.92,181.91,651811,5879,181.666802
NVDA,1H,2026-04-08T20:00:00Z,181.73,181.73,181.62,181.62,798,8,181.67
NVDA,1H,2026-04-09T13:00:00Z,181.82,181.94,180.42,181.27,539099,3802,181.20355
NVDA,1H,2026-04-09T14:00:00Z,181.27,182.52,181.09,182.27,486382,4228,181.769795
NVDA,1H,2026-04-09T15:00:00Z,182.31,183.34,182.16,183.21,503230,4537,182.882953
NVDA,1H,2026-04-09T16:00:00Z,183.23,183.75,182.89,183.27,378626,3432,183.271569
NVDA,1H,2026-04-09T17:00:00Z,183.29,183.68,182.95,183.33,214813,2297,183.389965
NVDA,1H,2026-04-09T18:00:00Z,183.33,183.47,182.73,183.3,276494,2461,183.112606
NVDA,1H,2026-04-09T19:00:00Z,183.29,183.87,183.24,183.67,608327,5690,183.570663
NVDA,1H,2026-04-09T20:00:00Z,183.52,183.53,183.38,183.53,1117,16,183.451429
NVDA,1H,2026-04-10T12:00:00Z,183.35,183.95,183.35,183.95,630,8,183.75
NVDA,1H,2026-04-10T13:00:00Z,184.29,187.69,184.26,186.9,888472,6079,186.0846
NVDA,1H,2026-04-10T14:00:00Z,186.69,188.73,186.09,188.66,1175345,7828,187.533334
NVDA,1H,2026-04-10T15:00:00Z,188.64,189.78,187.95,188.22,1205567,7605,188.870616
NVDA,1H,2026-04-10T16:00:00Z,188.23,188.56,187.72,188.3,488964,3224,188.157434
NVDA,1H,2026-04-10T17:00:00Z,188.31,188.52,187.77,188.44,283661,2188,188.168137
NVDA,1H,2026-04-10T18:00:00Z,188.45,188.77,188.08,188.57,290208,2228,188.469301
NVDA,1H,2026-04-10T19:00:00Z,188.55,189.46,187.89,188.39,849868,6361,188.70506
NVDA,1H,2026-04-10T20:00:00Z,188.4,188.42,188.25,188.42,714,15,188.356884
NVDA,1H,2026-04-13T12:00:00Z,185.44,185.44,185.44,185.44,100,1,185.44
NVDA,1H,2026-04-13T13:00:00Z,185.79,187.82,185.54,187.82,520643,3969,186.203154
NVDA,1H,2026-04-13T14:00:00Z,187.79,189.41,187.41,189.14,710146,4879,188.120011
NVDA,1H,2026-04-13T15:00:00Z,189.15,189.44,187.79,188.03,525060,4191,188.672321
NVDA,1H,2026-04-13T16:00:00Z,188.04,188.39,187.66,188.13,407607,2972,188.026594
NVDA,1H,2026-04-13T17:00:00Z,188.17,188.42,187.77,187.88,271499,1964,188.044473
NVDA,1H,2026-04-13T18:00:00Z,187.89,188.51,187.75,188.33,286064,2246,188.010245
NVDA,1H,2026-04-13T19:00:00Z,188.32,189.23,188.28,189.02,550620,5204,188.793779
NVDA,1H,2026-04-13T20:00:00Z,189.11,189.27,189.11,189.27,376,2,189.195106
NVDA,1H,2026-04-14T12:00:00Z,190.22,190.22,190.22,190.22,310,3,190.22
NVDA,1H,2026-04-14T13:00:00Z,190.78,193.07,190.59,192.02,802684,6262,192.123989
NVDA,1H,2026-04-14T14:00:00Z,192.01,193.24,191.24,193.09,676544,5897,192.39737
NVDA,1H,2026-04-14T15:00:00Z,193.08,194.15,192.45,193.79,714128,5619,193.377687
NVDA,1H,2026-04-14T16:00:00Z,193.79,194.71,193.78,194.33,600493,5096,194.390163
NVDA,1H,2026-04-14T17:00:00Z,194.34,194.76,194.12,194.56,398249,3749,194.504266
NVDA,1H,2026-04-14T18:00:00Z,194.57,194.72,194.17,194.71,357304,3676,194.511703
NVDA,1H,2026-04-14T19:00:00Z,194.7,196.27,194.67,196.27,933077,9303,195.784693
NVDA,1H,2026-04-14T20:00:00Z,196.27,196.43,196.13,196.26,3851,46,196.269827
NVDA,1H,2026-04-15T12:00:00Z,195.76,195.76,195.33,195.39,1410,13,195.449871
NVDA,1H,2026-04-15T13:00:00Z,195.39,198.44,195.39,198.3,713979,5546,197.545673
NVDA,1H,2026-04-15T14:00:00Z,198.39,199.64,198.02,199.11,843204,7170,198.811235
NVDA,1H,2026-04-15T15:00:00Z,199.15,200.16,199.1,199.45,816464,7213,199.544596
NVDA,1H,2026-04-15T16:00:00Z,199.45,199.52,195.91,196.84,817317,7481,198.027894
NVDA,1H,2026-04-15T17:00:00Z,196.83,197.46,195.95,196,431078,4416,196.866685
NVDA,1H,2026-04-15T18:00:00Z,195.96,197.29,195.52,197.09,345748,3408,196.622354
NVDA,1H,2026-04-15T19:00:00Z,197.05,198.94,196.92,198.62,808153,7135,198.22337
NVDA,1H,2026-04-15T20:00:00Z,198.29,198.29,198.05,198.23,1771,27,198.180909
NVDA,1H,2026-04-16T12:00:00Z,197.58,197.94,197.21,197.29,1974,22,197.457957
NVDA,1H,2026-04-16T13:00:00Z,197.52,197.66,195.64,196.48,660802,5255,196.551349
NVDA,1H,2026-04-16T14:00:00Z,196.48,198.51,196.19,198.44,593333,5092,197.350608
NVDA,1H,2026-04-16T15:00:00Z,198.44,199.61,198.19,198.76,583539,4808,199.016941
NVDA,1H,2026-04-16T16:00:00Z,198.74,198.98,197.54,198.1,329088,3333,198.385358
NVDA,1H,2026-04-16T17:00:00Z,198.13,198.49,197.58,197.97,307568,2989,198.066247
NVDA,1H,2026-04-16T18:00:00Z,197.98,198.16,197.07,197.88,361045,3392,197.68622
NVDA,1H,2026-04-16T19:00:00Z,197.88,198.44,197.79,198.03,541366,5388,198.066586
NVDA,1H,2026-04-17T12:00:00Z,199.2,200.43,199.08,200.43,880,11,199.6436
NVDA,1H,2026-04-17T13:00:00Z,200.58,201.17,199.04,200.92,761885,6940,200.285128
NVDA,1H,2026-04-17T14:00:00Z,200.96,201.45,199.57,200.07,907968,8002,200.509533
NVDA,1H,2026-04-17T15:00:00Z,200.04,201.17,199.92,200.17,519461,4908,200.568604
NVDA,1H,2026-04-17T16:00:00Z,200.19,200.85,200.01,200.5,392867,3694,200.488117
NVDA,1H,2026-04-17T17:00:00Z,200.51,200.61,199.24,200.08,442949,4085,200.037308
NVDA,1H,2026-04-17T18:00:00Z,200.09,200.76,200.08,200.63,365029,3359,200.429377
NVDA,1H,2026-04-17T19:00:00Z,200.64,201.47,200.51,201.44,630558,6024,201.11509
NVDA,1H,2026-04-17T20:00:00Z,201.33,201.33,201.27,201.27,700,2,201.312857
NVDA,1H,2026-04-20T12:00:00Z,199.65,200.07,199.65,200.07,250,3,199.86
NVDA,1H,2026-04-20T13:00:00Z,200.04,200.23,198.2,200,391869,4787,199.413075
NVDA,1H,2026-04-20T14:00:00Z,200.03,200.1,198.17,198.32,567546,5554,199.095592
NVDA,1H,2026-04-20T15:00:00Z,198.36,199.08,197.63,198.43,414223,4138,198.45914
NVDA,1H,2026-04-20T16:00:00Z,198.36,199.33,198.36,199.06,157673,1977,198.940435
NVDA,1H,2026-04-20T17:00:00Z,199.05,199.91,198.91,199.71,171980,2047,199.482298
NVDA,1H,2026-04-20T18:00:00Z,199.74,200.71,199.74,200.55,277246,3411,200.253859
NVDA,1H,2026-04-20T19:00:00Z,200.58,201.92,200.51,201.88,427265,4546,201.41065
NVDA,1H,2026-04-20T20:00:00Z,201.74,201.95,201.74,201.95,1336,23,201.822273
NVDA,1H,2026-04-21T13:00:00Z,202.07,202.51,200.63,201.23,451080,4037,201.349723
NVDA,1H,2026-04-21T14:00:00Z,201.27,202.25,200.82,200.9,498111,5218,201.548041
NVDA,1H,2026-04-21T15:00:00Z,200.92,201.45,200.41,200.49,451133,4740,200.875135
NVDA,1H,2026-04-21T16:00:00Z,200.58,200.65,199.49,199.72,430478,3772,200.060729
NVDA,1H,2026-04-21T17:00:00Z,199.72,200.12,198.77,199.36,411020,4297,199.423046
NVDA,1H,2026-04-21T18:00:00Z,199.39,200.64,199.25,200.42,386870,3716,199.919132
NVDA,1H,2026-04-21T19:00:00Z,200.43,200.92,198.96,199.59,597948,6592,199.931958
NVDA,1H,2026-04-21T20:00:00Z,199.5,200.55,199.47,200.55,2125,56,200.024371
NVDA,1H,2026-04-22T12:00:00Z,200.9,200.9,200.7,200.7,315,4,200.788889
NVDA,1H,2026-04-22T13:00:00Z,200.76,200.84,199.27,199.61,457820,4386,199.941072
NVDA,1H,2026-04-22T14:00:00Z,199.64,201.28,199.12,200.96,532824,5201,200.220865
NVDA,1H,2026-04-22T15:00:00Z,200.99,201.63,200.71,200.98,454257,4241,201.178916
NVDA,1H,2026-04-22T16:00:00Z,201.05,201.17,200.7,200.89,249789,2506,200.925682
NVDA,1H,2026-04-22T17:00:00Z,200.9,202.17,200.9,202.03,317290,3156,201.659115
NVDA,1H,2026-04-22T18:00:00Z,202.03,202.24,201.29,201.36,309200,2890,201.720097
NVDA,1H,2026-04-22T19:00:00Z,201.37,202.25,201.01,202.18,603170,6283,201.770853
NVDA,1H,2026-04-22T20:00:00Z,202.24,202.29,201.86,201.91,1064,14,202.143441
NVDA,1H,2026-04-23T13:00:00Z,202.3,203.57,200.9,202.84,404588,4421,202.42993
NVDA,1H,2026-04-23T14:00:00Z,202.81,202.96,201.39,202.33,611385,6106,202.031656
NVDA,1H,2026-04-23T15:00:00Z,202.33,202.86,200.95,201.23,503635,4907,202.116204
NVDA,1H,2026-04-23T16:00:00Z,201.29,201.66,200.74,201.29,348465,3748,201.1233
NVDA,1H,2026-04-23T17:00:00Z,201.29,201.39,197.02,198.67,578205,8279,198.966434
NVDA,1H,2026-04-23T18:00:00Z,198.79,199.41,198.02,198.16,416791,5318,198.889931
NVDA,1H,2026-04-23T19:00:00Z,198.13,199.47,197.98,199.45,700100,7330,198.963909
NVDA,1H,2026-04-23T20:00:00Z,199.53,199.66,198.63,198.63,674,16,199.363846
NVDA,1H,2026-04-24T12:00:00Z,200.49,200.49,200.49,200.49,100,1,200.49
NVDA,1H,2026-04-24T13:00:00Z,199.84,202.97,199.58,201.88,642962,6078,201.890805
NVDA,1H,2026-04-24T14:00:00Z,201.74,208.64,201.7,208.46,1412962,12127,204.941258
NVDA,1H,2026-04-24T15:00:00Z,208.48,209.68,207.65,208.88,1639411,12818,208.839887
NVDA,1H,2026-04-24T16:00:00Z,208.86,210.69,208.09,209.44,1131344,9134,209.393316
NVDA,1H,2026-04-24T17:00:00Z,209.42,209.78,208.79,209.06,555556,5491,209.241871
NVDA,1H,2026-04-24T18:00:00Z,209.12,209.16,207.45,207.99,601130,5884,208.182088
NVDA,1H,2026-04-24T19:00:00Z,208.01,209.02,207.31,207.94,1111360,10517,208.106681
NVDA,1H,2026-04-24T20:00:00Z,208.02,208.02,207.74,207.74,1057,14,207.802174
NVDA,1H,2026-04-27T12:00:00Z,211.3,211.3,210.82,210.82,360,6,211.06
NVDA,1H,2026-04-27T13:00:00Z,209.37,211.7,208.18,210.11,946375,8690,209.745574
NVDA,1H,2026-04-27T14:00:00Z,210.02,210.44,207.15,209.15,720448,8047,209.092261
NVDA,1H,2026-04-27T15:00:00Z,209.18,210.59,208.8,210.42,494449,5663,209.725819
NVDA,1H,2026-04-27T16:00:00Z,210.37,213.36,210.36,212.5,780405,6630,212.056787
NVDA,1H,2026-04-27T17:00:00Z,212.59,215.12,212.59,214.91,761201,6889,213.85358
NVDA,1H,2026-04-27T18:00:00Z,214.88,216.11,214.58,214.86,1058312,7656,215.366607
NVDA,1H,2026-04-27T19:00:00Z,214.89,216.57,214.88,216.29,1225774,9594,215.795959
NVDA,1H,2026-04-27T20:00:00Z,216.58,217.21,216.58,217.09,474,13,216.93625
NVDA,1H,2026-04-28T12:00:00Z,209.54,209.93,208.76,209.9,13818,196,209.227241
NVDA,1H,2026-04-28T13:00:00Z,210.14,212.35,208.01,211.98,883189,7599,210.695287
NVDA,1H,2026-04-28T14:00:00Z,211.93,213.39,208.1,209.51,1206121,11818,210.588415
NVDA,1H,2026-04-28T15:00:00Z,209.51,209.97,208.36,209.49,765493,7644,209.164692
NVDA,1H,2026-04-28T16:00:00Z,209.46,210.63,209.08,210.45,510007,5316,209.817115
NVDA,1H,2026-04-28T17:00:00Z,210.43,211.55,209.92,211.52,422265,4631,210.623547
NVDA,1H,2026-04-28T18:00:00Z,211.5,213.8,211.4,213.8,485373,5124,212.730582
NVDA,1H,2026-04-28T19:00:00Z,213.83,214.47,212.75,212.9,727245,7878,213.526141
NVDA,1H,2026-04-28T20:00:00Z,212.92,213.5,212.77,212.77,1035,23,213.081029
NVDA,1H,2026-04-29T12:00:00Z,213.41,213.41,213.41,213.41,166,3,213.41
NVDA,1H,2026-04-29T13:00:00Z,213.05,213.05,210.08,210.54,523026,6278,210.932642
NVDA,1H,2026-04-29T14:00:00Z,210.54,211.67,209.54,211.05,666348,7414,210.572666
NVDA,1H,2026-04-29T15:00:00Z,211.07,211.14,209.96,210.39,792984,7365,210.693638
NVDA,1H,2026-04-29T16:00:00Z,210.36,210.97,208.33,208.66,574458,5831,209.53541
NVDA,1H,2026-04-29T17:00:00Z,208.68,209.53,208.42,208.85,446388,5426,209.08237
NVDA,1H,2026-04-29T18:00:00Z,208.99,208.99,207.35,208.73,707746,7284,208.047614
NVDA,1H,2026-04-29T19:00:00Z,208.76,209.25,208.3,209.11,718711,7811,208.788744
NVDA,1H,2026-04-29T20:00:00Z,209.79,209.79,206.76,208.76,3815,73,208.015315
NVDA,1H,2026-04-30T12:00:00Z,210.64,210.65,210.46,210.46,700,10,210.595714
NVDA,1H,2026-04-30T13:00:00Z,210.64,210.65,202.46,203.68,1027799,10156,205.624538
NVDA,1H,2026-04-30T14:00:00Z,203.63,203.7,198.47,201.55,1933202,20223,200.850873
NVDA,1H,2026-04-30T15:00:00Z,201.54,202.21,199.95,200.37,745215,8756,201.11709
NVDA,1H,2026-04-30T16:00:00Z,200.28,200.59,199.13,199.5,551950,6300,199.873334
NVDA,1H,2026-04-30T17:00:00Z,199.6,201.04,199.6,201.03,428962,5507,200.453804
NVDA,1H,2026-04-30T18:00:00Z,201.02,201.76,200.03,201.62,479511,5996,200.970282
NVDA,1H,2026-04-30T19:00:00Z,201.59,201.71,199.27,199.31,1247620,12117,200.271195
NVDA,1H,2026-04-30T20:00:00Z,199.59,199.59,199.59,199.59,125,1,199.59
NVDA,1H,2026-05-01T12:00:00Z,200.98,200.98,200.98,200.98,250,3,200.98
NVDA,1H,2026-05-01T13:00:00Z,200.9,202.73,198.93,200.11,772460,7400,200.645418
NVDA,1H,2026-05-01T14:00:00Z,200.25,200.3,196.9,199.41,728570,7216,198.857137
NVDA,1H,2026-05-01T15:00:00Z,199.25,199.61,198.47,198.8,372820,4237,199.064107
NVDA,1H,2026-05-01T16:00:00Z,198.9,199.16,198.26,198.9,288399,3260,198.683664
NVDA,1H,2026-05-01T17:00:00Z,198.95,200.05,198.94,199.41,181255,2219,199.618893
NVDA,1H,2026-05-01T18:00:00Z,199.46,199.5,198.01,198.12,278098,3083,198.651845
NVDA,1H,2026-05-01T19:00:00Z,198.1,199.68,197.95,198.16,467515,4999,198.822624
NVDA,1H,2026-05-01T20:00:00Z,198.21,198.21,198,198,238,5,198.105
NVDA,1H,2026-05-04T12:00:00Z,198.21,198.88,198.21,198.88,300,3,198.612
NVDA,1H,2026-05-04T13:00:00Z,198.84,201.47,197.41,198.43,670411,6536,199.156749
NVDA,1H,2026-05-04T14:00:00Z,198.42,198.81,196.97,197,681416,6735,197.860261
NVDA,1H,2026-05-04T15:00:00Z,196.96,197.76,194.53,195.45,791137,8059,195.951781
NVDA,1H,2026-05-04T16:00:00Z,195.46,196.65,194.65,196.49,476821,5662,195.823763
NVDA,1H,2026-05-04T17:00:00Z,196.55,198.18,196.52,198.09,435236,4777,197.216156
NVDA,1H,2026-05-04T18:00:00Z,198.09,198.97,197.18,197.98,450043,4561,198.045834
NVDA,1H,2026-05-04T19:00:00Z,198.01,198.95,197.55,198.33,562637,6742,198.232408
NVDA,1H,2026-05-04T20:00:00Z,197.78,197.78,197.63,197.63,317,3,197.73
NVDA,1H,2026-05-05T13:00:00Z,198.88,199.97,197.97,198.21,433813,4407,199.191034
NVDA,1H,2026-05-05T14:00:00Z,198.24,198.77,196.56,196.9,1033777,8578,197.681174
NVDA,1H,2026-05-05T15:00:00Z,196.86,197.67,196.44,197.19,526593,5618,196.983331
NVDA,1H,2026-05-05T16:00:00Z,197.2,198.27,197.06,197.38,502722,5814,197.543921
NVDA,1H,2026-05-05T17:00:00Z,197.4,197.71,196.9,196.98,334467,3709,197.250587
NVDA,1H,2026-05-05T18:00:00Z,196.97,197.57,196.14,196.5,437717,4183,197.005983
NVDA,1H,2026-05-05T19:00:00Z,196.46,196.66,195.8,196.27,752961,7821,196.185632
NVDA,1H,2026-05-05T20:00:00Z,195.96,196.56,195.9,196.56,921,20,196.176
NVDA,1H,2026-05-06T12:00:00Z,200.13,200.14,199.92,199.93,1195,14,200.025
NVDA,1H,2026-05-06T13:00:00Z,199.32,204.34,198.44,204.19,857774,7769,201.714622
NVDA,1H,2026-05-06T14:00:00Z,204.2,205.57,202.73,204.51,1492459,12603,204.271248
NVDA,1H,2026-05-06T15:00:00Z,204.53,206.94,203.3,204.63,1002764,9076,205.242777
NVDA,1H,2026-05-06T16:00:00Z,204.57,205.56,203.73,204.57,657421,5995,204.770493
NVDA,1H,2026-05-06T17:00:00Z,204.57,205.73,204.24,205.17,437387,4366,204.977721
NVDA,1H,2026-05-06T18:00:00Z,205.24,207.81,205.16,206.46,554164,5335,206.593767
NVDA,1H,2026-05-06T19:00:00Z,206.42,208.01,206.29,207.43,1390529,11770,207.207514
NVDA,1H,2026-05-06T20:00:00Z,207.43,208.07,206.88,206.88,2999,49,207.332152
NVDA,1H,2026-05-07T12:00:00Z,207.42,207.98,207.42,207.98,510,7,207.644
NVDA,1H,2026-05-07T13:00:00Z,208.29,210.23,206.27,208.67,634692,6813,207.855205
NVDA,1H,2026-05-07T14:00:00Z,208.7,213.94,208.65,212.47,1195501,12420,212.458297
NVDA,1H,2026-05-07T15:00:00Z,212.46,213.42,210.53,212.45,620795,7220,212.095187
NVDA,1H,2026-05-07T16:00:00Z,212.49,213.87,210.46,212.15,622871,7468,212.362928
NVDA,1H,2026-05-07T17:00:00Z,212.13,212.69,210.71,212.17,356461,5369,211.756602
NVDA,1H,2026-05-07T18:00:00Z,212.15,213.01,211.63,212.1,417001,5852,212.490905
NVDA,1H,2026-05-07T19:00:00Z,212.12,212.65,210.98,211.31,605062,8462,211.760739
NVDA,1H,2026-05-07T20:00:00Z,211.2,211.81,211.2,211.77,950,12,211.501124
NVDA,1H,2026-05-08T12:00:00Z,212.9,213.59,212.9,213.5,955,12,213.386786
NVDA,1H,2026-05-08T13:00:00Z,213.2,217.5,212.67,217.39,865686,6584,215.679457
NVDA,1H,2026-05-08T14:00:00Z,217.37,217.53,214.08,215.7,763289,7666,215.56316
NVDA,1H,2026-05-08T15:00:00Z,215.66,216.95,215.15,215.27,667233,6775,216.09964
NVDA,1H,2026-05-08T16:00:00Z,215.25,215.92,214.8,215.03,434494,4294,215.346507
NVDA,1H,2026-05-08T17:00:00Z,215.02,215.82,214.6,214.68,359493,3847,215.215155
NVDA,1H,2026-05-08T18:00:00Z,214.72,215.54,214.67,214.82,322225,3649,215.041209
NVDA,1H,2026-05-08T19:00:00Z,214.84,215.56,214.44,214.96,767699,7728,214.926699
NVDA,1H,2026-05-11T12:00:00Z,213.65,213.65,213.15,213.18,2364,32,213.352333
NVDA,1H,2026-05-11T13:00:00Z,213.19,220.62,213.19,216.77,641029,7279,217.255242
NVDA,1H,2026-05-11T14:00:00Z,216.88,221.9,216.78,221.33,933805,10922,219.058089
NVDA,1H,2026-05-11T15:00:00Z,221.45,222.04,220.36,221.7,768744,8030,221.178984
NVDA,1H,2026-05-11T16:00:00Z,221.72,222.03,220.16,220.39,491674,5601,221.21965
NVDA,1H,2026-05-11T17:00:00Z,220.42,221.01,219.62,220.2,262612,3275,220.253248
NVDA,1H,2026-05-11T18:00:00Z,220.19,221.3,219.72,219.82,368612,4642,220.677121
NVDA,1H,2026-05-11T19:00:00Z,219.83,220.32,218.68,219.19,655837,8465,219.277454
NVDA,1H,2026-05-11T20:00:00Z,218.83,219.19,218.79,218.79,16130,77,219.17761
NVDA,1H,2026-05-12T12:00:00Z,217.26,218.89,217.26,218.57,3884,44,218.447451
NVDA,1H,2026-05-12T13:00:00Z,218.41,223.48,216.79,220.07,542006,6142,221.118036
NVDA,1H,2026-05-12T14:00:00Z,220.1,221.5,216.99,217.11,630981,8289,219.18338
NVDA,1H,2026-05-12T15:00:00Z,217.15,217.73,214.7,216.63,921718,9890,216.555769
NVDA,1H,2026-05-12T16:00:00Z,216.68,217.98,215.46,215.66,498686,6307,216.977264
NVDA,1H,2026-05-12T17:00:00Z,215.75,218.53,215.33,218.44,431636,5405,217.277789
NVDA,1H,2026-05-12T18:00:00Z,218.31,220.06,217.54,219.27,362447,5004,218.87308
NVDA,1H,2026-05-12T19:00:00Z,219.3,221.45,219.3,220.62,657382,8161,220.446819
NVDA,1H,2026-05-12T20:00:00Z,220.41,220.41,219.75,219.88,8605,128,219.938621
NVDA,1H,2026-05-13T12:00:00Z,225.33,225.33,224.25,224.25,982,10,224.575714
NVDA,1H,2026-05-13T13:00:00Z,224.43,226.87,221.36,223.82,493311,6249,224.1837
NVDA,1H,2026-05-13T14:00:00Z,223.85,226.2,222.85,226.11,597606,7761,224.184037
NVDA,1H,2026-05-13T15:00:00Z,226.18,227.3,225.45,226.3,477229,5947,226.431323
NVDA,1H,2026-05-13T16:00:00Z,226.32,227.53,226.16,226.52,335437,4358,226.924287
NVDA,1H,2026-05-13T17:00:00Z,226.57,227.07,225.16,225.19,234881,3131,226.298957
NVDA,1H,2026-05-13T18:00:00Z,225.18,227.16,225.18,226.19,338057,3968,226.508433
NVDA,1H,2026-05-13T19:00:00Z,226.21,226.88,224.83,225.65,657900,7776,225.806894
NVDA,1H,2026-05-13T20:00:00Z,226.17,226.39,226.14,226.15,1792,40,226.262394
NVDA,1H,2026-05-14T12:00:00Z,230.6,230.78,229.58,229.68,1116,14,230.179412
NVDA,1H,2026-05-14T13:00:00Z,229.37,232.95,229.14,230.42,757807,7685,231.233288
NVDA,1H,2026-05-14T14:00:00Z,230.38,235.76,230.38,234.3,938511,10727,233.631095
NVDA,1H,2026-05-14T15:00:00Z,234.28,236.17,233.77,234.63,966516,8151,234.973475
NVDA,1H,2026-05-14T16:00:00Z,234.6,235.73,234.23,235.27,362211,4078,234.899541
NVDA,1H,2026-05-14T17:00:00Z,235.25,235.64,232.44,234.51,433665,4948,233.963598
NVDA,1H,2026-05-14T18:00:00Z,234.44,236.15,233.55,235.78,331072,4082,234.984942
NVDA,1H,2026-05-14T19:00:00Z,235.92,236.26,234.87,235.51,722254,7297,235.425465
NVDA,1H,2026-05-14T20:00:00Z,235.83,235.83,235.63,235.63,726,15,235.755
NVDA,1H,2026-05-15T12:00:00Z,229.76,229.76,228.14,228.38,2181,24,228.80634
NVDA,1H,2026-05-15T13:00:00Z,228.74,229.73,224.04,224.9,546286,7261,226.498914
NVDA,1H,2026-05-15T14:00:00Z,224.94,228.4,224.68,225.83,688612,8308,226.711525
NVDA,1H,2026-05-15T15:00:00Z,225.91,228.9,225.48,227.83,526234,5656,227.372608
NVDA,1H,2026-05-15T16:00:00Z,227.91,228.32,226.81,227.64,427843,4208,227.796954
NVDA,1H,2026-05-15T17:00:00Z,227.55,230.63,227.49,230.55,295385,3468,228.999132
NVDA,1H,2026-05-15T18:00:00Z,230.58,231.23,227.89,228.7,402686,4629,229.749792
NVDA,1H,2026-05-15T19:00:00Z,228.73,228.8,224.72,225.04,880065,9849,226.253315
NVDA,1H,2026-05-15T20:00:00Z,224.88,224.93,224.49,224.82,3798,36,224.673262
NVDA,1H,2026-05-18T12:00:00Z,227.87,229.79,227.87,229.79,525,9,228.53
NVDA,1H,2026-05-18T13:00:00Z,229.44,229.7,223.33,225.1,485352,5977,226.067377
NVDA,1H,2026-05-18T14:00:00Z,225.17,225.99,220.18,221.88,1023720,10988,222.508299
NVDA,1H,2026-05-18T15:00:00Z,222,223.12,221.29,222.23,463966,5983,222.295379
NVDA,1H,2026-05-18T16:00:00Z,222.31,222.9,219.39,221.81,440017,5415,221.000298
NVDA,1H,2026-05-18T17:00:00Z,221.87,222.25,220.5,221.24,288982,3802,221.236782
NVDA,1H,2026-05-18T18:00:00Z,221.24,221.24,218.14,219.32,670156,6375,219.354044
NVDA,1H,2026-05-18T19:00:00Z,219.36,222.09,219.35,222.09,667077,8030,220.963069
NVDA,1H,2026-05-18T20:00:00Z,222.09,222.09,222.09,222.09,326,5,222.09
NVDA,1H,2026-05-19T12:00:00Z,219.84,220.56,219.73,220.38,943,11,220.215983
NVDA,1H,2026-05-19T13:00:00Z,220.26,223.04,219.1,220.6,385121,5305,221.294422
NVDA,1H,2026-05-19T14:00:00Z,220.5,220.73,217.72,220.66,692621,9347,218.969004
NVDA,1H,2026-05-19T15:00:00Z,220.68,221.73,219.78,220.31,627867,7798,220.702204
NVDA,1H,2026-05-19T16:00:00Z,220.48,223.14,220.06,222.85,429712,5403,221.535409
NVDA,1H,2026-05-19T17:00:00Z,222.85,224.21,221.83,222.84,527441,5322,223.141171
NVDA,1H,2026-05-19T18:00:00Z,222.87,223.4,221.93,222.27,401160,4493,222.607512
NVDA,1H,2026-05-19T19:00:00Z,222.29,222.51,218.79,220.39,989368,10253,220.984317
NVDA,1H,2026-05-19T20:00:00Z,220.78,221.13,220.78,221.13,656,11,221.023773
NVDA,1H,2026-05-20T12:00:00Z,223.82,224.01,223.72,223.94,690,7,223.830909
NVDA,1H,2026-05-20T13:00:00Z,223.82,223.82,220.24,221.71,663933,8244,221.370327
NVDA,1H,2026-05-20T14:00:00Z,221.73,225.03,221.49,224.5,820509,9607,223.830162
NVDA,1H,2026-05-20T15:00:00Z,224.48,225.84,223.98,224.66,673430,6749,224.933162
NVDA,1H,2026-05-20T16:00:00Z,224.68,225.03,223.58,224.33,578930,5855,224.293933
NVDA,1H,2026-05-20T17:00:00Z,224.38,224.88,223.95,224.24,495079,5272,224.466224
NVDA,1H,2026-05-20T18:00:00Z,224.24,224.63,221.78,222.48,549526,5146,223.349669
NVDA,1H,2026-05-20T19:00:00Z,222.44,223.39,222.07,223.22,1017571,9080,222.80398
NVDA,1H,2026-05-20T20:00:00Z,223.72,226.62,216.76,221.65,87787,1661,223.017572
NVDA,1H,2026-05-21T12:00:00Z,222.36,222.72,221.39,221.93,6722,84,222.017067
NVDA,1H,2026-05-21T13:00:00Z,220.77,227.09,220.11,221.99,948657,10134,223.288701
NVDA,1H,2026-05-21T14:00:00Z,221.98,224.47,217.69,219.06,1437303,14473,219.922951
NVDA,1H,2026-05-21T15:00:00Z,219.22,220.03,217.82,219.11,883969,8098,219.025729
NVDA,1H,2026-05-21T16:00:00Z,219.15,219.91,218.65,219.9,615967,5749,219.228744
NVDA,1H,2026-05-21T17:00:00Z,219.9,222.12,219.7,220.64,729817,7205,220.996503
NVDA,1H,2026-05-21T18:00:00Z,220.68,221.2,218.39,218.81,591617,6054,219.740983
NVDA,1H,2026-05-21T19:00:00Z,218.79,220.37,218.64,219.21,1005797,9857,219.586495
NVDA,1H,2026-05-21T20:00:00Z,218.91,218.91,218.91,218.91,403,13,218.91
NVDA,1H,2026-05-22T12:00:00Z,220.26,220.69,220.26,220.69,201,3,220.475
NVDA,1H,2026-05-22T13:00:00Z,220.48,220.72,216.95,217.67,670071,7422,218.730326
NVDA,1H,2026-05-22T14:00:00Z,217.33,217.58,214.93,216.94,1208847,11018,216.342136
NVDA,1H,2026-05-22T15:00:00Z,216.96,218.06,216.6,217.05,811313,7627,217.336316
NVDA,1H,2026-05-22T16:00:00Z,217.04,217.31,216.16,216.87,583336,5535,216.69853
NVDA,1H,2026-05-22T17:00:00Z,216.89,218.23,215.51,215.94,498998,5546,216.995411
NVDA,1H,2026-05-22T18:00:00Z,215.96,216.15,215.17,215.72,312267,3958,215.631231
NVDA,1H,2026-05-22T19:00:00Z,215.69,216.05,214.65,215.09,751170,8863,215.198178
NVDA,1H,2026-05-26T13:00:00Z,216.39,217.14,214.57,215.11,641415,7193,215.779649
NVDA,1H,2026-05-26T14:00:00Z,215.47,217.92,214.03,215.26,938753,9352,216.127569
NVDA,1H,2026-05-26T15:00:00Z,215.31,215.63,212.28,212.94,932636,8613,213.785134
NVDA,1H,2026-05-26T16:00:00Z,212.97,213.65,211.75,213.41,753865,6642,212.822939
NVDA,1H,2026-05-26T17:00:00Z,213.39,213.86,212.66,212.85,481455,4736,213.313511
NVDA,1H,2026-05-26T18:00:00Z,212.87,214.19,212.66,213,413840,4406,213.413106
NVDA,1H,2026-05-26T19:00:00Z,213.02,214.53,212.59,214.53,766659,7517,213.715691
NVDA,1H,2026-05-26T20:00:00Z,214.53,214.63,214.38,214.42,3985,69,214.488039
NVDA,1H,2026-05-27T12:00:00Z,214.72,215.41,214.72,215.35,860,16,215.16
NVDA,1H,2026-05-27T13:00:00Z,214.73,214.73,210.06,211.08,650866,8039,211.520331
NVDA,1H,2026-05-27T14:00:00Z,211.05,211.36,208.73,208.78,705233,8640,209.940834
NVDA,1H,2026-05-27T15:00:00Z,208.74,209.97,208.55,209.58,513558,6567,209.362944
NVDA,1H,2026-05-27T16:00:00Z,209.59,211.82,209.31,211.36,342964,4662,210.865733
NVDA,1H,2026-05-27T17:00:00Z,211.42,212.41,210.48,212.07,341568,4430,211.647724
NVDA,1H,2026-05-27T18:00:00Z,212.07,213.06,211.89,212.59,250836,3101,212.668736
NVDA,1H,2026-05-27T19:00:00Z,212.56,213.04,211.75,212.33,470215,6470,212.37379
NVDA,1H,2026-05-27T20:00:00Z,212.1,212.25,212.1,212.17,2718,37,212.19
NVDA,1H,2026-05-28T13:00:00Z,211.61,213.99,211.01,212.59,591534,6638,212.661153
NVDA,1H,2026-05-28T14:00:00Z,212.58,214.04,211.27,212.01,734817,7035,212.233102
NVDA,1H,2026-05-28T15:00:00Z,212.04,213.06,211.84,212.01,771477,8158,212.384138
NVDA,1H,2026-05-28T16:00:00Z,212.03,213.62,211.87,213.38,669876,4923,212.779887
NVDA,1H,2026-05-28T17:00:00Z,213.39,215.25,212.71,214.85,724985,6022,213.808464
NVDA,1H,2026-05-28T18:00:00Z,214.9,215.1,213.93,214.14,686601,6250,214.3823
NVDA,1H,2026-05-28T19:00:00Z,214.14,214.31,213.53,214.02,674581,6750,213.911987
NVDA,1H,2026-05-28T20:00:00Z,213.97,213.97,213.89,213.89,539,13,213.925
NVDA,1H,2026-05-29T12:00:00Z,214.55,214.55,214.55,214.55,340,7,214.55
NVDA,1H,2026-05-29T13:00:00Z,214.3,216.9,212.6,216.84,544778,5901,214.785486
NVDA,1H,2026-05-29T14:00:00Z,216.82,217.06,214.11,214.9,1238238,10723,215.548344
NVDA,1H,2026-05-29T15:00:00Z,214.88,216.75,214.53,214.76,628200,5534,215.313326
NVDA,1H,2026-05-29T16:00:00Z,214.77,217.26,214.77,216.34,513570,5095,216.190717
NVDA,1H,2026-05-29T17:00:00Z,216.35,216.78,215.15,215.25,380092,4272,216.039525
NVDA,1H,2026-05-29T18:00:00Z,215.27,217.22,215.07,216.44,611914,5780,216.270556
NVDA,1H,2026-05-29T19:00:00Z,216.5,217.55,210.9,210.91,1946435,14862,213.528024
NVDA,1H,2026-05-29T20:00:00Z,211.87,212.49,211,212.21,11252,238,211.935607
NVDA,1H,2026-06-01T12:00:00Z,215.65,216.02,215.54,216.02,1555,24,215.798654
NVDA,1H,2026-06-01T13:00:00Z,216.14,220.57,215.26,218.88,1020051,10283,218.883118
NVDA,1H,2026-06-01T14:00:00Z,218.86,221.91,218.28,219.36,1406454,14618,220.221986
NVDA,1H,2026-06-01T15:00:00Z,219.37,220.4,218.75,219.38,980124,9412,219.469226
NVDA,1H,2026-06-01T16:00:00Z,219.37,222.13,219.37,221.83,844860,7358,221.155436
NVDA,1H,2026-06-01T17:00:00Z,221.86,223.76,221.1,223.32,611654,5962,222.281012
NVDA,1H,2026-06-01T18:00:00Z,223.21,224.54,222.83,223.73,801285,7388,223.909063
NVDA,1H,2026-06-01T19:00:00Z,223.74,224.6,222.22,224.16,1068243,10090,223.597597
NVDA,1H,2026-06-01T20:00:00Z,224.16,224.58,224.05,224.07,3245,37,224.20931
NVDA,1H,2026-06-02T12:00:00Z,226.69,226.69,226.57,226.57,440,7,226.63
NVDA,1H,2026-06-02T13:00:00Z,226.33,232.01,224.82,231.19,1241912,13339,227.868738
NVDA,1H,2026-06-02T14:00:00Z,231.38,231.52,225.1,225.86,1689864,16129,227.958997
NVDA,1H,2026-06-02T15:00:00Z,225.85,226.87,224.49,225.16,1088173,11063,225.859903
NVDA,1H,2026-06-02T16:00:00Z,225.23,225.67,223.9,225.01,803564,7696,224.836882
NVDA,1H,2026-06-02T17:00:00Z,224.95,225.35,222.35,222.91,714518,6788,223.835764
NVDA,1H,2026-06-02T18:00:00Z,222.9,223.37,221.65,222.38,466987,5255,222.585836
NVDA,1H,2026-06-02T19:00:00Z,222.38,223.19,221.1,222.63,1091353,9578,222.287057
NVDA,1H,2026-06-02T20:00:00Z,222.56,222.88,222.52,222.88,698,29,222.653333
NVDA,1H,2026-06-03T12:00:00Z,223.78,223.99,222.27,222.27,780,13,223.045
NVDA,1H,2026-06-03T13:00:00Z,222.34,222.52,215.82,216.97,828550,9315,218.413163
NVDA,1H,2026-06-03T14:00:00Z,216.96,217.3,214.35,215.5,1137408,10979,215.683509
NVDA,1H,2026-06-03T15:00:00Z,215.47,217.29,215.47,216.66,719083,6850,216.354876
NVDA,1H,2026-06-03T16:00:00Z,216.7,216.92,214.57,215.81,584112,6198,215.604198
NVDA,1H,2026-06-03T17:00:00Z,215.81,215.84,214.9,215.41,334001,4001,215.419195
NVDA,1H,2026-06-03T18:00:00Z,215.41,215.92,214.99,215.84,361153,4186,215.485091
NVDA,1H,2026-06-03T19:00:00Z,215.84,215.99,214.29,214.61,756792,8022,215.120359
NVDA,1H,2026-06-03T20:00:00Z,214.67,214.9,214.44,214.73,18302,119,214.565856
NVDA,1H,2026-06-04T12:00:00Z,212.62,213.04,212.05,213.04,3736,30,212.618248
NVDA,1H,2026-06-04T13:00:00Z,213.22,215.71,212.12,212.3,728422,8031,213.471428
NVDA,1H,2026-06-04T14:00:00Z,212.33,215.42,210.97,215.41,1070925,10384,213.349208
NVDA,1H,2026-06-04T15:00:00Z,215.4,217.85,215.2,217.58,832031,7447,216.172223
NVDA,1H,2026-06-04T16:00:00Z,217.62,218.915,217.24,218.25,625035,5823,217.968482
NVDA,1H,2026-06-04T17:00:00Z,218.18,219.77,218,219.77,635772,5371,218.94104
NVDA,1H,2026-06-04T18:00:00Z,219.77,220.93,219.755,220.5,555581,4961,220.300354
NVDA,1H,2026-06-04T19:00:00Z,220.55,221.59,218.59,218.64,920198,8590,219.830019
NVDA,1H,2026-06-04T20:00:00Z,218.37,218.37,217.83,217.83,1498,37,218.028
NVDA,1H,2026-06-05T13:00:00Z,214.61,214.81,211.965,211.965,642298,7700,213.370472
NVDA,1H,2026-06-05T14:00:00Z,212,212.94,210.45,210.8,1133623,10947,211.615593
NVDA,1H,2026-06-05T15:00:00Z,210.84,210.92,207.54,209.34,1390592,11591,208.942484
NVDA,1H,2026-06-05T16:00:00Z,209.3,209.3,206.64,208.15,1064380,10169,207.982077
NVDA,1H,2026-06-05T17:00:00Z,208.02,208.97,206.84,207.97,757295,7779,207.652381
NVDA,1H,2026-06-05T18:00:00Z,207.95,208.055,204.73,205.96,1169502,11583,205.900926
NVDA,1H,2026-06-05T19:00:00Z,205.87,206.76,204.35,205.17,1900333,16759,205.802785
NVDA,1H,2026-06-05T20:00:00Z,204.84,204.85,204.19,204.37,1422,35,204.515556
NVDA,1H,2026-06-08T12:00:00Z,209.88,209.95,209.88,209.95,632,8,209.919193
NVDA,1H,2026-06-08T13:00:00Z,210.55,210.55,206.21,206.25,675301,8619,208.53949
NVDA,1H,2026-06-08T14:00:00Z,206.27,208.77,206.02,208.525,756979,8544,207.640494
NVDA,1H,2026-06-08T15:00:00Z,208.465,209.34,207.18,208.28,624041,6096,208.381431
NVDA,1H,2026-06-08T16:00:00Z,208.315,209.73,208.19,208.58,507628,5009,208.894488
NVDA,1H,2026-06-08T17:00:00Z,208.59,209.23,207.66,208.8,366613,4431,208.321364
NVDA,1H,2026-06-08T18:00:00Z,208.82,209.61,208.72,208.83,326228,3673,209.100367
NVDA,1H,2026-06-08T19:00:00Z,208.82,208.93,207.38,208.66,635070,6814,208.107436
NVDA,1H,2026-06-09T12:00:00Z,208.9,208.9,208.9,208.9,333,5,208.9
NVDA,1H,2026-06-09T13:00:00Z,209.52,211.37,208.875,209.12,436976,4849,210.076902
NVDA,1H,2026-06-09T14:00:00Z,209.09,209.17,204.87,206.34,995941,9938,206.578958
NVDA,1H,2026-06-09T15:00:00Z,206.36,206.77,202.86,203.05,589118,8415,204.535717
NVDA,1H,2026-06-09T16:00:00Z,203,203.69,199.34,201.99,1139257,13128,201.236584
NVDA,1H,2026-06-09T17:00:00Z,202,205.42,201.68,205.06,801443,8092,203.823401
NVDA,1H,2026-06-09T18:00:00Z,205.01,207.35,204.925,207.095,560822,6109,206.106207
NVDA,1H,2026-06-09T19:00:00Z,207.14,208.24,204.55,208.2,1082757,10644,206.312326
NVDA,1H,2026-06-09T20:00:00Z,208.84,208.84,207.6,207.7,1271,32,207.977143
NVDA,1H,2026-06-10T12:00:00Z,205.9,205.9,205.9,205.9,165,1,205.9
NVDA,1H,2026-06-10T13:00:00Z,205.04,207.185,204.29,204.935,601387,6196,205.907708
NVDA,1H,2026-06-10T14:00:00Z,204.98,206.79,203.79,203.94,896753,10097,205.681046
NVDA,1H,2026-06-10T15:00:00Z,203.95,204.51,201.62,203.465,1122841,11132,202.975208
NVDA,1H,2026-06-10T16:00:00Z,203.45,203.925,202.39,202.84,448358,6730,202.993421
NVDA,1H,2026-06-10T17:00:00Z,202.845,203.6,201.88,203.16,387535,5433,202.551166
NVDA,1H,2026-06-10T18:00:00Z,203.145,203.39,200.92,201.15,503236,6182,202.139122
NVDA,1H,2026-06-10T19:00:00Z,201.12,201.855,199.93,200.41,948508,10593,200.977996
NVDA,1H,2026-06-10T20:00:00Z,200.63,200.63,200.29,200.29,469,15,200.46
NVDA,1H,2026-06-11T12:00:00Z,202.13,202.13,201.29,201.94,1217,18,201.799119
NVDA,1H,2026-06-11T13:00:00Z,201.33,203.555,201.13,202.8,573753,5921,202.207992
NVDA,1H,2026-06-11T14:00:00Z,202.81,203.615,199.86,200.215,817826,8311,201.987172
NVDA,1H,2026-06-11T15:00:00Z,200.18,201.93,199.54,201.325,640369,6970,201.011131
NVDA,1H,2026-06-11T16:00:00Z,201.29,202.01,200.3,200.32,456984,4931,201.417413
NVDA,1H,2026-06-11T17:00:00Z,200.3,204.44,199.73,202.985,1370182,11386,202.32431
NVDA,1H,2026-06-11T18:00:00Z,202.99,203.26,201.65,202.86,668021,7322,202.374644
NVDA,1H,2026-06-11T19:00:00Z,202.875,205.64,202.02,204.86,1119100,11559,204.2255
NVDA,1H,2026-06-12T12:00:00Z,205.14,205.14,205.14,205.14,240,4,205.14
NVDA,1H,2026-06-12T13:00:00Z,204.5,206.235,203.46,203.92,593450,6146,204.390385
NVDA,1H,2026-06-12T14:00:00Z,204,206.62,203.935,205.71,514576,6504,205.292405
NVDA,1H,2026-06-12T15:00:00Z,205.745,207.06,203.92,204.12,537044,6863,206.049094
NVDA,1H,2026-06-12T16:00:00Z,204.115,205.76,203.955,205.18,552803,5793,204.89369
NVDA,1H,2026-06-12T17:00:00Z,205.27,205.52,204.685,205.09,495354,4997,205.070394
NVDA,1H,2026-06-12T18:00:00Z,205.11,205.53,204.195,204.66,513416,5263,204.974777
NVDA,1H,2026-06-12T19:00:00Z,204.685,205.28,203.925,205.17,714765,6940,204.705438
NVDA,1H,2026-06-12T20:00:00Z,205.1,205.1,205.1,205.1,917,12,205.1
NVDA,1H,2026-06-15T12:00:00Z,208.61,208.61,208.02,208.02,400,6,208.315
NVDA,1H,2026-06-15T13:00:00Z,208.29,210.96,208.29,208.77,893162,7140,209.780914
NVDA,1H,2026-06-15T14:00:00Z,208.81,210.44,208.35,210.36,990860,8429,209.391482
NVDA,1H,2026-06-15T15:00:00Z,210.35,212.71,210.35,212.275,813342,7338,211.491804
NVDA,1H,2026-06-15T16:00:00Z,212.4,212.61,211.88,212.3,440958,4371,212.30127
NVDA,1H,2026-06-15T17:00:00Z,212.33,212.665,211.8,211.84,316927,3286,212.308785
NVDA,1H,2026-06-15T18:00:00Z,211.87,212.56,211.42,212.28,394913,3941,212.074861
NVDA,1H,2026-06-15T19:00:00Z,212.295,212.525,211.31,212.46,743424,7406,211.936211
NVDA,1H,2026-06-16T12:00:00Z,212.03,212.03,211.08,211.08,710,9,211.370385
NVDA,1H,2026-06-16T13:00:00Z,211.14,211.365,208.66,208.71,777780,8368,209.572498
NVDA,1H,2026-06-16T14:00:00Z,208.715,210.33,208.54,209.32,764276,7499,209.249834
NVDA,1H,2026-06-16T15:00:00Z,209.34,210.315,208.53,209.16,714323,6660,209.287088
NVDA,1H,2026-06-16T16:00:00Z,209.15,209.71,208.29,209.13,394259,3889,209.082978
NVDA,1H,2026-06-16T17:00:00Z,209.105,209.69,208.73,209.425,319395,3346,209.162032
NVDA,1H,2026-06-16T18:00:00Z,209.41,209.78,208.77,209,309567,3350,209.151129
NVDA,1H,2026-06-16T19:00:00Z,208.88,209.37,207.31,207.37,807946,7962,208.374169
NVDA,1H,2026-06-16T20:00:00Z,207.12,207.39,207.12,207.24,576,14,207.25
NVDA,1H,2026-06-17T13:00:00Z,208.3,209.2,207.13,207.21,490136,4236,208.217178
NVDA,1H,2026-06-17T14:00:00Z,207.13,208.22,206.36,206.48,845695,7420,207.32322
NVDA,1H,2026-06-17T15:00:00Z,206.48,207.035,205.91,206.415,715092,5299,206.412492
NVDA,1H,2026-06-17T16:00:00Z,206.45,207.655,206.44,207.13,365541,3581,207.220995
NVDA,1H,2026-06-17T17:00:00Z,207.17,207.88,206.74,207.755,231942,2850,207.19569
NVDA,1H,2026-06-17T18:00:00Z,207.42,207.63,205.33,206.02,420784,5921,206.359287
NVDA,1H,2026-06-17T19:00:00Z,205.925,206.45,203.47,204.7,627999,9334,204.70618
NVDA,1H,2026-06-17T20:00:00Z,204.52,205.15,204.52,205.15,300,2,204.94
NVDA,1H,2026-06-18T12:00:00Z,207.17,207.6,207.17,207.6,450,6,207.385
NVDA,1H,2026-06-18T13:00:00Z,207.9,208.33,206.5,207.81,585496,4831,207.521199
NVDA,1H,2026-06-18T14:00:00Z,207.88,209.865,207.535,209.33,948075,8793,208.859765
NVDA,1H,2026-06-18T15:00:00Z,209.34,209.65,207.7,208.94,551990,6951,209.061774
NVDA,1H,2026-06-18T16:00:00Z,209.01,211.18,208.99,210.06,438690,5176,209.968429
NVDA,1H,2026-06-18T17:00:00Z,210.09,210.51,209.85,209.92,286378,3760,210.211633
NVDA,1H,2026-06-18T18:00:00Z,209.93,210.52,209.62,209.71,482238,5037,209.974835
NVDA,1H,2026-06-18T19:00:00Z,209.73,211.385,209.52,210.38,731468,8204,210.556224
NVDA,1H,2026-06-18T20:00:00Z,210.54,210.54,209.97,209.97,343,5,210.3
NVDA,1H,2026-06-22T12:00:00Z,210.66,210.66,210.66,210.66,320,4,210.66
NVDA,1H,2026-06-22T13:00:00Z,211.45,213.97,210.81,213.08,670503,7224,212.822496
NVDA,1H,2026-06-22T14:00:00Z,213.08,213.98,208.64,209.11,1048742,9960,210.823709
NVDA,1H,2026-06-22T15:00:00Z,209.105,210.89,209.055,209.49,1237857,9654,209.970559
NVDA,1H,2026-06-22T16:00:00Z,209.485,209.96,209.17,209.35,742806,6013,209.539239
NVDA,1H,2026-06-22T17:00:00Z,209.39,209.58,208.46,208.56,531613,4733,208.928387
NVDA,1H,2026-06-22T18:00:00Z,208.56,209.26,208.48,208.62,623848,5004,208.843191
NVDA,1H,2026-06-22T19:00:00Z,208.62,208.91,207.72,208.59,883188,7422,208.227264
NVDA,1H,2026-06-23T12:00:00Z,202.88,202.88,202.88,202.88,260,4,202.88
NVDA,1H,2026-06-23T13:00:00Z,201.74,203.75,200.05,203.4,949246,9644,201.92036
NVDA,1H,2026-06-23T14:00:00Z,203.34,203.57,201.96,202.24,711022,8409,202.955552
NVDA,1H,2026-06-23T15:00:00Z,202.265,202.46,200.43,201.83,597497,7243,201.143997
NVDA,1H,2026-06-23T16:00:00Z,201.84,202.95,201.8,202.305,339079,4968,202.323426
NVDA,1H,2026-06-23T17:00:00Z,202.31,202.79,201.61,201.615,275316,3771,202.224653
NVDA,1H,2026-06-23T18:00:00Z,201.63,202.005,200.34,200.63,298459,4071,201.200224
NVDA,1H,2026-06-23T19:00:00Z,200.64,201.465,200,200.07,793398,9314,200.719804
NVDA,1H,2026-06-23T20:00:00Z,200.04,200.04,200.04,200.04,100,1,200.04
NVDA,1H,2026-06-24T12:00:00Z,201.6,201.6,201.09,201.09,340,4,201.41
NVDA,1H,2026-06-24T13:00:00Z,199.37,201.57,199.37,200.265,617243,6840,200.588613
NVDA,1H,2026-06-24T14:00:00Z,200.235,201.275,198.6,201.175,569132,7429,199.999502
NVDA,1H,2026-06-24T15:00:00Z,201.18,201.5,200.35,200.79,345279,4609,200.924609
NVDA,1H,2026-06-24T16:00:00Z,200.79,201.02,199.17,199.25,265071,3626,200.257313
NVDA,1H,2026-06-24T17:00:00Z,199.22,199.53,197.405,197.405,344071,4456,198.187575
NVDA,1H,2026-06-24T18:00:00Z,197.5,198.77,197.06,197.21,286926,3910,197.834179
NVDA,1H,2026-06-24T19:00:00Z,197.25,199.13,196.6,198.94,809579,8783,197.635084
NVDA,1H,2026-06-24T20:00:00Z,199.81,200.52,199.81,200.16,3076,56,200.236014
NVDA,1H,2026-06-25T12:00:00Z,200.79,200.79,200.79,200.79,340,5,200.79
NVDA,1H,2026-06-25T13:00:00Z,201.5,201.5,192.17,192.325,791918,9403,196.933673
NVDA,1H,2026-06-25T14:00:00Z,192.655,196.44,192.655,195.46,765611,10442,194.827632
NVDA,1H,2026-06-25T15:00:00Z,195.52,196.66,194.785,195.67,506879,7136,195.653921
NVDA,1H,2026-06-25T16:00:00Z,195.655,197.09,194.51,194.88,311918,4677,195.720561
NVDA,1H,2026-06-25T17:00:00Z,194.89,195.73,194.38,194.805,283769,4472,195.058253
NVDA,1H,2026-06-25T18:00:00Z,194.735,195.83,193.73,194.4,444194,5882,194.703111
NVDA,1H,2026-06-25T19:00:00Z,194.4,195.94,193.71,195.89,791671,9373,194.640904
NVDA,1H,2026-06-25T20:00:00Z,196.2,196.2,195.87,195.87,300,7,196.035
NVDA,1H,2026-06-26T12:00:00Z,193.05,193.05,193.05,193.05,100,1,193.05
NVDA,1H,2026-06-26T13:00:00Z,193.11,194,191.24,193.48,513108,5883,192.588025
NVDA,1H,2026-06-26T14:00:00Z,193.545,194.5,192.65,193.09,689183,7232,193.523316
NVDA,1H,2026-06-26T15:00:00Z,193.095,195.24,192.48,194.36,898065,8966,193.680327
NVDA,1H,2026-06-26T16:00:00Z,194.35,194.56,193.645,194.125,315823,4702,194.149722
NVDA,1H,2026-06-26T17:00:00Z,194.06,195.55,194.04,194.59,463286,5446,194.705058
NVDA,1H,2026-06-26T18:00:00Z,194.605,195.31,193.41,193.72,416169,5791,194.127266
NVDA,1H,2026-06-26T19:00:00Z,193.72,195.17,191.87,191.97,904149,10496,193.733417
NVDA,1H,2026-06-26T20:00:00Z,192.44,192.44,191.88,191.88,348,8,192.16
NVDA,1H,2026-06-29T12:00:00Z,194.3,194.3,194.3,194.3,180,2,194.3
NVDA,1H,2026-06-29T13:00:00Z,194.63,196.16,192,193.31,456966,5546,194.410382
NVDA,1H,2026-06-29T14:00:00Z,193.32,194.95,189.82,194.91,886685,9516,192.848658
NVDA,1H,2026-06-29T15:00:00Z,194.83,195.07,193.625,193.98,489281,6582,194.2561
NVDA,1H,2026-06-29T16:00:00Z,194.01,194.225,192.73,193.83,358874,4327,193.383219
NVDA,1H,2026-06-29T17:00:00Z,193.86,195.05,193.755,193.97,458401,5399,194.32737
NVDA,1H,2026-06-29T18:00:00Z,193.97,194.28,193.69,193.985,344609,4005,193.975221
NVDA,1H,2026-06-29T19:00:00Z,193.98,195.17,193.82,194.92,685350,7140,194.727489
NVDA,1H,2026-06-30T13:00:00Z,197.12,199.04,195.11,197.87,739095,7400,197.281049
NVDA,1H,2026-06-30T14:00:00Z,197.85,198.72,196.46,197.05,813001,8853,197.631169
NVDA,1H,2026-06-30T15:00:00Z,197.07,198.65,197.015,198.2,549270,5280,198.06012
NVDA,1H,2026-06-30T16:00:00Z,198.23,198.59,197.65,198.255,553527,4848,198.096446
NVDA,1H,2026-06-30T17:00:00Z,198.295,198.82,198,198.35,602421,5648,198.330548
NVDA,1H,2026-06-30T18:00:00Z,198.4,199.47,198.1,198.835,770030,7111,198.798128
NVDA,1H,2026-06-30T19:00:00Z,198.85,200.63,198.02,199.93,1746277,13395,199.608671
NVDA,1H,2026-07-01T12:00:00Z,197.85,197.85,195,195.29,1310,19,195.963611
NVDA,1H,2026-07-01T13:00:00Z,195.75,196.13,193.46,195.45,628365,7660,194.704439
NVDA,1H,2026-07-01T14:00:00Z,195.47,196.565,194.47,195.68,880464,8688,195.58162
NVDA,1H,2026-07-01T15:00:00Z,195.615,197.2,195.595,197.1,722544,6306,196.630859
NVDA,1H,2026-07-01T16:00:00Z,197.13,197.61,196.57,197.14,549775,5062,197.122087
NVDA,1H,2026-07-01T17:00:00Z,197.24,198.925,196.955,198.665,491226,4675,198.150495
NVDA,1H,2026-07-01T18:00:00Z,198.67,198.84,197.68,198.37,634497,5132,198.162606
NVDA,1H,2026-07-01T19:00:00Z,198.38,199.85,197.24,197.54,2164725,14602,198.592153
NVDA,1H,2026-07-01T20:00:00Z,197.16,197.16,197.16,197.16,220,8,197.16
NVDA,1H,2026-07-02T12:00:00Z,198.47,198.47,197.82,197.82,540,6,198.294
NVDA,1H,2026-07-02T13:00:00Z,197.13,198.91,196.945,198.81,463827,5333,198.006991
NVDA,1H,2026-07-02T14:00:00Z,198.87,200.055,195.215,196.23,959392,13360,197.784337
NVDA,1H,2026-07-02T15:00:00Z,196.26,196.47,194.035,194.475,815606,10047,195.066747
NVDA,1H,2026-07-02T16:00:00Z,194.5,194.64,193.17,193.52,1004050,9824,193.894964
NVDA,1H,2026-07-02T17:00:00Z,193.5,193.69,192.35,192.545,753678,8081,192.952196
NVDA,1H,2026-07-02T18:00:00Z,192.545,193.94,192.51,193.37,604402,5870,193.325389
NVDA,1H,2026-07-02T19:00:00Z,193.42,195,192.565,194.51,1277476,11508,193.840155
NVDA,1H,2026-07-06T13:00:00Z,195.15,196.495,194,196.27,470228,5373,195.163769
NVDA,1H,2026-07-06T14:00:00Z,196.31,197.41,195.67,196.03,770187,7456,196.43673
NVDA,1H,2026-07-06T15:00:00Z,196,196.65,195.37,196.41,695195,6006,196.034802
NVDA,1H,2026-07-06T16:00:00Z,196.42,197.53,196.28,196.46,877658,6854,196.914484
NVDA,1H,2026-07-06T17:00:00Z,196.44,196.875,195.635,195.69,437181,3975,196.064388
NVDA,1H,2026-07-06T18:00:00Z,195.7,196.67,195.7,196.63,391910,3611,196.278701
NVDA,1H,2026-07-06T19:00:00Z,196.68,197.13,195.435,195.59,895552,7270,196.323646
NVDA,1H,2026-07-06T20:00:00Z,195.51,195.57,195.51,195.56,422,9,195.546667
NVDA,1H,2026-07-07T13:00:00Z,192.25,193.22,191.44,192.605,594116,5519,192.225962
NVDA,1H,2026-07-07T14:00:00Z,192.615,193.49,191.15,192.62,840884,8575,192.201151
NVDA,1H,2026-07-07T15:00:00Z,192.58,194.775,192.32,194.74,607035,5878,193.204321
NVDA,1H,2026-07-07T16:00:00Z,194.725,198.12,194.62,197.43,747717,6208,196.685736
NVDA,1H,2026-07-07T17:00:00Z,197.465,198.385,197.335,197.935,491370,4243,197.78873
NVDA,1H,2026-07-07T18:00:00Z,197.93,197.945,196.33,196.4,452854,4185,197.202659
NVDA,1H,2026-07-07T19:00:00Z,196.4,197.01,195.47,196.97,1032575,9257,196.278823
NVDA,1H,2026-07-08T12:00:00Z,194.97,195.12,194.72,195.09,600,7,194.918077
NVDA,1H,2026-07-08T13:00:00Z,195,199.86,195,197.61,747925,7433,197.879302
NVDA,1H,2026-07-08T14:00:00Z,197.6,199.15,196.05,198.78,1236390,11609,197.304794
NVDA,1H,2026-07-08T15:00:00Z,198.785,199.425,196.4,197.22,721572,8968,197.627863
NVDA,1H,2026-07-08T16:00:00Z,197.27,201.18,197.25,201.02,565785,7358,199.507109
NVDA,1H,2026-07-08T17:00:00Z,201,203.705,200.27,202.185,643571,8154,202.159133
NVDA,1H,2026-07-08T18:00:00Z,202.12,204.195,202.06,204.11,613112,6938,202.910186
NVDA,1H,2026-07-08T19:00:00Z,204.165,205.13,203.78,204.07,950901,11656,204.408696
NVDA,1H,2026-07-08T20:00:00Z,203.91,203.91,203.91,203.91,107,2,203.91
NVDA,1H,2026-07-09T12:00:00Z,205.77,206.09,205.77,205.97,1165,17,205.983437
NVDA,1H,2026-07-09T13:00:00Z,205.11,205.29,201.33,202.09,832463,7909,202.423725
NVDA,1H,2026-07-09T14:00:00Z,202.05,202.13,198.98,201.29,1025620,8666,200.450195
NVDA,1H,2026-07-09T15:00:00Z,201.31,202.19,201.01,201.74,516518,5033,201.602153
NVDA,1H,2026-07-09T16:00:00Z,201.72,202.56,201.64,201.7,483734,4468,202.080371
NVDA,1H,2026-07-09T17:00:00Z,201.695,203.52,201.695,203.335,511868,4255,202.921221
NVDA,1H,2026-07-09T18:00:00Z,203.3,204.2,202.92,203.465,699931,5153,203.573742
NVDA,1H,2026-07-09T19:00:00Z,203.49,204.58,202.58,202.695,794720,6976,203.659492
NVDA,1H,2026-07-10T12:00:00Z,201.59,201.59,201.59,201.59,200,3,201.59
NVDA,1H,2026-07-10T13:00:00Z,201.75,207.42,201.75,207.34,720355,7207,205.154128
NVDA,1H,2026-07-10T14:00:00Z,207.33,208.13,205.77,206.12,1165915,10923,207.011658
NVDA,1H,2026-07-10T15:00:00Z,206.11,209.45,205.87,209.025,1610558,10549,208.061068
NVDA,1H,2026-07-10T16:00:00Z,209.03,210.56,208.91,209.63,1217532,8969,209.729848
NVDA,1H,2026-07-10T17:00:00Z,209.605,210.87,209.51,210.38,882392,6492,210.253585
NVDA,1H,2026-07-10T18:00:00Z,210.4,210.845,209.8,210.135,685026,5029,210.191016
NVDA,1H,2026-07-10T19:00:00Z,210.14,210.99,209.57,210.99,1266570,9706,210.178787
NVDA,1H,2026-07-13T12:00:00Z,208.08,208.08,207.65,207.65,300,3,207.936667
NVDA,1H,2026-07-13T13:00:00Z,208.27,210.54,207.03,208.8,609222,8032,208.580047
NVDA,1H,2026-07-13T14:00:00Z,208.71,209.565,206.655,207.39,588320,7869,208.316389
NVDA,1H,2026-07-13T15:00:00Z,207.43,208.03,206.68,206.76,494391,6204,207.398579
NVDA,1H,2026-07-13T16:00:00Z,206.76,206.83,204.35,204.66,532814,6720,205.633458
NVDA,1H,2026-07-13T17:00:00Z,204.625,205.16,203.48,203.645,376115,5113,204.228726
NVDA,1H,2026-07-13T18:00:00Z,203.64,204.44,203.355,203.77,403980,5280,203.969354
NVDA,1H,2026-07-13T19:00:00Z,203.81,204.5,203.47,203.485,813022,10644,203.986071
NVDA,1H,2026-07-14T12:00:00Z,207.35,207.35,207.35,207.35,278,5,207.35
NVDA,1H,2026-07-14T13:00:00Z,208.25,208.25,203.84,204.95,502583,6018,205.330943
NVDA,1H,2026-07-14T14:00:00Z,204.99,207.68,204.07,207.5,603893,8353,205.86632
NVDA,1H,2026-07-14T15:00:00Z,207.51,209.305,207.215,209.2,680227,8829,208.462029
NVDA,1H,2026-07-14T16:00:00Z,209.225,210.9,208.32,210.87,460340,6123,209.460095
NVDA,1H,2026-07-14T17:00:00Z,210.87,211.51,210.52,211.31,482716,5926,211.12647
NVDA,1H,2026-07-14T18:00:00Z,211.31,212.55,211.16,212.31,368617,4815,211.891095
NVDA,1H,2026-07-14T19:00:00Z,212.28,212.31,211.03,211.79,573063,7422,211.783374
NVDA,1H,2026-07-14T20:00:00Z,211.46,211.86,211.46,211.86,935,19,211.7
NVDA,1H,2026-07-15T12:00:00Z,211.19,211.19,211.19,211.19,180,2,211.19
NVDA,1H,2026-07-15T13:00:00Z,211.5,213.775,210.71,211.97,487251,6220,211.936306
NVDA,1H,2026-07-15T14:00:00Z,211.97,212.03,209.41,210.045,619070,8973,210.511534
NVDA,1H,2026-07-15T15:00:00Z,210.01,210.2,208.37,208.64,594005,8567,209.133979
NVDA,1H,2026-07-15T16:00:00Z,208.61,208.75,206.04,207.285,928356,11492,207.043455
NVDA,1H,2026-07-15T17:00:00Z,207.3,209.805,207.235,209.63,444701,6064,208.72087
NVDA,1H,2026-07-15T18:00:00Z,209.61,210.745,209.61,210.27,372334,5514,210.342458
NVDA,1H,2026-07-15T19:00:00Z,210.28,212.555,210.21,212.5,771738,9278,211.763326
NVDA,1H,2026-07-15T20:00:00Z,212.4,212.4,212.4,212.4,100,1,212.4
NVDA,1H,2026-07-16T12:00:00Z,209.04,209.04,208.7,208.7,240,2,208.841667
NVDA,1H,2026-07-16T13:00:00Z,209.77,211.03,207.2,207.5,458531,6284,208.600372
NVDA,1H,2026-07-16T14:00:00Z,207.46,209.255,206,206.485,661493,8836,207.76396
NVDA,1H,2026-07-16T15:00:00Z,206.49,207.91,205.85,207.6,587930,7577,206.698967
NVDA,1H,2026-07-16T16:00:00Z,207.635,208.17,206.47,207.195,556724,6904,207.230736
NVDA,1H,2026-07-16T17:00:00Z,207.2,207.7,205.88,206.69,548176,7238,206.938942
NVDA,1H,2026-07-16T18:00:00Z,206.675,207.405,206.28,207.04,409999,5662,206.904963
NVDA,1H,2026-07-16T19:00:00Z,207.075,207.63,205.95,207.46,812294,9876,206.780977
NVDA,1H,2026-07-16T20:00:00Z,207.18,207.18,207.12,207.12,210,3,207.15
NVDA,1H,2026-07-17T13:00:00Z,201.86,203.41,197.98,201.715,996771,11133,199.994151
NVDA,1H,2026-07-17T14:00:00Z,201.69,206.18,201.535,203,963016,13655,204.16124
NVDA,1H,2026-07-17T15:00:00Z,203.12,205.39,202.4,205.12,526865,7358,203.890216
NVDA,1H,2026-07-17T16:00:00Z,205.13,206.15,204.05,205.6,452886,5936,205.02165
NVDA,1H,2026-07-17T17:00:00Z,205.585,206.63,204.26,204.45,474436,6114,205.722453
NVDA,1H,2026-07-17T18:00:00Z,204.46,204.7,202.81,203.345,354180,4977,203.452756
NVDA,1H,2026-07-17T19:00:00Z,203.325,203.81,201.64,202.8,788674,9818,202.843498
NVDA,1H,2026-07-17T20:00:00Z,202.35,202.38,202.35,202.38,200,2,202.365
