symbol,timeframe,timestamp,open,high,low,close,volume,trade_count,vwap
MU,1H,2025-07-18T13:00:00Z,113.31,114.6,113.22,113.64,58245,981,113.827069
MU,1H,2025-07-18T14:00:00Z,113.78,114.41,113.12,113.88,96700,1757,113.749788
MU,1H,2025-07-18T15:00:00Z,113.9,114.17,113.51,113.94,65516,1162,113.826071
MU,1H,2025-07-18T16:00:00Z,113.91,113.95,113.38,113.39,67479,1649,113.659365
MU,1H,2025-07-18T17:00:00Z,113.49,113.6,113.13,113.54,60804,785,113.43954
MU,1H,2025-07-18T18:00:00Z,113.54,114.02,113.51,113.95,64007,1223,113.826414
MU,1H,2025-07-18T19:00:00Z,113.93,114.54,113.93,114.17,96447,1637,114.237976
MU,1H,2025-07-21T12:00:00Z,113.35,113.35,113.35,113.35,100,1,113.35
MU,1H,2025-07-21T13:00:00Z,113.4,115.07,112.65,114.69,95573,1424,113.88425
MU,1H,2025-07-21T14:00:00Z,114.64,115.51,114.2,115.37,92574,1637,114.886086
MU,1H,2025-07-21T15:00:00Z,115.38,115.71,114.76,114.81,99820,1378,115.283721
MU,1H,2025-07-21T16:00:00Z,114.79,115.01,114.26,114.5,96464,1595,114.605682
MU,1H,2025-07-21T17:00:00Z,114.47,114.54,113.88,114.1,74123,1160,114.200526
MU,1H,2025-07-21T18:00:00Z,114.08,114.08,113.55,113.61,69691,1346,113.857448
MU,1H,2025-07-21T19:00:00Z,113.57,113.72,112.89,113.03,100875,1945,113.251572
MU,1H,2025-07-22T13:00:00Z,112.67,112.79,108.36,108.57,146694,1971,110.487276
MU,1H,2025-07-22T14:00:00Z,108.57,109.62,108.18,109.19,143524,2135,109.109928
MU,1H,2025-07-22T15:00:00Z,109.2,109.43,108.67,109.31,106983,1529,109.112942
MU,1H,2025-07-22T16:00:00Z,109.32,109.39,108.26,108.51,103157,1561,108.671156
MU,1H,2025-07-22T17:00:00Z,108.51,108.54,107.97,108.23,90397,1512,108.22027
MU,1H,2025-07-22T18:00:00Z,108.25,108.99,108.23,108.99,94344,1486,108.534224
MU,1H,2025-07-22T19:00:00Z,109.01,109.32,108.74,109.02,114628,1780,109.068623
MU,1H,2025-07-23T13:00:00Z,109.4,110.06,109.08,109.12,67568,1112,109.39622
MU,1H,2025-07-23T14:00:00Z,109.13,109.7,108.92,109.56,79768,1563,109.397841
MU,1H,2025-07-23T15:00:00Z,109.57,109.77,109.14,109.71,58749,947,109.456035
MU,1H,2025-07-23T16:00:00Z,109.66,109.85,109.07,109.22,37449,715,109.441688
MU,1H,2025-07-23T17:00:00Z,109.25,109.27,108.77,109.12,47994,717,108.953453
MU,1H,2025-07-23T18:00:00Z,109.14,109.54,109.03,109.27,58943,823,109.282655
MU,1H,2025-07-23T19:00:00Z,109.27,109.65,109.18,109.65,134822,1762,109.390869
MU,1H,2025-07-24T13:00:00Z,110.71,111.65,110.07,110.74,101094,1344,110.85279
MU,1H,2025-07-24T14:00:00Z,110.78,112.11,110.36,112.11,85962,1346,111.18333
MU,1H,2025-07-24T15:00:00Z,112.11,112.52,111.3,111.8,100424,1260,112.108374
MU,1H,2025-07-24T16:00:00Z,111.75,111.79,111.23,111.23,34585,651,111.523991
MU,1H,2025-07-24T17:00:00Z,111.22,112.37,111.2,112.18,51772,748,111.915144
MU,1H,2025-07-24T18:00:00Z,112.18,112.4,111.49,111.56,47428,801,111.862762
MU,1H,2025-07-24T19:00:00Z,111.62,111.92,111.42,111.59,99787,1525,111.654401
MU,1H,2025-07-25T13:00:00Z,111.07,111.07,108.68,110.07,149410,1590,109.629332
MU,1H,2025-07-25T14:00:00Z,110.15,111.04,110.1,110.73,78642,1274,110.535826
MU,1H,2025-07-25T15:00:00Z,110.78,110.88,110.17,110.57,41380,667,110.60069
MU,1H,2025-07-25T16:00:00Z,110.61,111.14,110.51,110.95,40478,790,110.827263
MU,1H,2025-07-25T17:00:00Z,110.93,111.14,110.57,110.61,52153,739,110.893501
MU,1H,2025-07-25T18:00:00Z,110.64,110.79,110.09,110.72,39483,599,110.540703
MU,1H,2025-07-25T19:00:00Z,110.78,111.26,110.67,111.09,111305,1457,110.992092
MU,1H,2025-07-28T13:00:00Z,111.53,111.75,110.06,110.51,96542,1359,110.659891
MU,1H,2025-07-28T14:00:00Z,110.49,110.98,109.7,110.81,89597,1396,110.47674
MU,1H,2025-07-28T15:00:00Z,110.81,111.12,110.58,110.75,46684,772,110.805612
MU,1H,2025-07-28T16:00:00Z,110.69,111.08,110.6,110.78,32858,596,110.82789
MU,1H,2025-07-28T17:00:00Z,110.8,111.18,110.74,110.96,30515,561,110.99701
MU,1H,2025-07-28T18:00:00Z,110.95,110.97,110.61,110.92,29888,568,110.75565
MU,1H,2025-07-28T19:00:00Z,110.93,111.22,110.59,111.11,98830,1753,110.945081
MU,1H,2025-07-29T13:00:00Z,111.87,112.65,111.42,111.85,48931,858,111.94906
MU,1H,2025-07-29T14:00:00Z,111.87,113.35,111.49,112.46,101717,1465,112.462348
MU,1H,2025-07-29T15:00:00Z,112.41,112.5,110.52,111.72,53517,903,111.486501
MU,1H,2025-07-29T16:00:00Z,111.67,111.8,111.31,111.8,25282,548,111.590897
MU,1H,2025-07-29T17:00:00Z,111.8,112.49,111.8,112.38,40858,623,112.276496
MU,1H,2025-07-29T18:00:00Z,112.39,112.87,112.1,112.66,27709,524,112.531197
MU,1H,2025-07-29T19:00:00Z,112.66,112.81,111.51,111.81,147106,1969,112.014832
MU,1H,2025-07-30T13:00:00Z,112.56,113.28,112.28,112.9,31957,538,112.827957
MU,1H,2025-07-30T14:00:00Z,113.14,114.7,113.14,113.84,105149,1390,114.041413
MU,1H,2025-07-30T15:00:00Z,113.83,114.01,112.7,113.16,84619,1169,113.137668
MU,1H,2025-07-30T16:00:00Z,113.08,113.64,113.03,113.6,47308,717,113.407032
MU,1H,2025-07-30T17:00:00Z,113.62,114.12,113.56,114.05,41014,657,113.862227
MU,1H,2025-07-30T18:00:00Z,114.05,114.6,113.16,113.3,46914,895,114.062696
MU,1H,2025-07-30T19:00:00Z,113.28,114.61,112.86,114.59,111062,1608,113.844263
MU,1H,2025-07-31T12:00:00Z,113.7,113.7,112.65,112.65,375,4,113.198116
MU,1H,2025-07-31T13:00:00Z,113.2,113.22,109.04,110.3,165183,2138,110.029909
MU,1H,2025-07-31T14:00:00Z,110.25,111.11,109.32,109.34,99659,1720,110.523306
MU,1H,2025-07-31T15:00:00Z,109.37,109.65,108.3,109,124366,1988,108.969703
MU,1H,2025-07-31T16:00:00Z,108.96,110.03,108.96,109.93,85110,1440,109.610421
MU,1H,2025-07-31T17:00:00Z,110,110.06,108,108.09,98057,1633,109.15807
MU,1H,2025-07-31T18:00:00Z,108.23,108.48,106.77,108.3,126887,1988,107.73608
MU,1H,2025-07-31T19:00:00Z,108.36,109.02,108.06,108.96,219155,3476,108.612851
MU,1H,2025-08-01T12:00:00Z,106.24,106.24,106.24,106.24,100,1,106.24
MU,1H,2025-08-01T13:00:00Z,105.27,105.97,103.52,103.95,139898,1880,104.788078
MU,1H,2025-08-01T14:00:00Z,103.96,106.06,103.21,105.04,200091,2926,104.603237
MU,1H,2025-08-01T15:00:00Z,105.06,106.17,104.63,105.98,130636,2097,105.203056
MU,1H,2025-08-01T16:00:00Z,106.07,106.32,104.78,104.86,89832,1603,105.645119
MU,1H,2025-08-01T17:00:00Z,104.92,105.19,104.33,104.47,97829,1466,104.837024
MU,1H,2025-08-01T18:00:00Z,104.48,104.77,103.78,104.11,97216,1586,104.258847
MU,1H,2025-08-01T19:00:00Z,104.04,104.86,103.9,104.67,118261,1992,104.482251
MU,1H,2025-08-04T12:00:00Z,105.91,105.91,105.91,105.91,300,4,105.91
MU,1H,2025-08-04T13:00:00Z,105.87,107.07,105.34,106.47,59449,1051,106.380099
MU,1H,2025-08-04T14:00:00Z,106.6,107.26,106.05,106.84,80521,1638,106.665567
MU,1H,2025-08-04T15:00:00Z,106.89,107.69,106.78,107.6,96886,1540,107.27044
MU,1H,2025-08-04T16:00:00Z,107.59,107.67,107.29,107.5,49954,1011,107.454546
MU,1H,2025-08-04T17:00:00Z,107.52,107.65,107.22,107.28,45073,906,107.447709
MU,1H,2025-08-04T18:00:00Z,107.32,107.33,106.92,106.95,54092,1243,107.127637
MU,1H,2025-08-04T19:00:00Z,106.92,107.61,106.82,107.58,104227,2004,107.227634
MU,1H,2025-08-05T13:00:00Z,109.15,110.39,108.94,109.13,74517,974,109.594935
MU,1H,2025-08-05T14:00:00Z,108.95,108.96,106.7,107.81,113961,1534,108.033545
MU,1H,2025-08-05T15:00:00Z,107.79,108.07,107.43,107.95,62332,963,107.768766
MU,1H,2025-08-05T16:00:00Z,107.97,108.61,107.76,108.2,35745,598,108.207275
MU,1H,2025-08-05T17:00:00Z,108.17,109.09,108.11,108.94,39020,624,108.677082
MU,1H,2025-08-05T18:00:00Z,108.94,109.02,108.22,108.6,44465,752,108.628346
MU,1H,2025-08-05T19:00:00Z,108.67,109.35,108.57,108.92,107541,1648,108.959166
MU,1H,2025-08-06T13:00:00Z,107.88,108.16,106.61,107.59,87124,1083,107.185939
MU,1H,2025-08-06T14:00:00Z,107.64,108.27,106.83,107.44,77553,1170,107.425689
MU,1H,2025-08-06T15:00:00Z,107.53,108.56,107.14,108.28,84512,1103,107.869911
MU,1H,2025-08-06T16:00:00Z,108.27,108.44,107.27,107.52,48511,885,107.818405
MU,1H,2025-08-06T17:00:00Z,107.61,107.95,107.48,107.79,25255,564,107.663494
MU,1H,2025-08-06T18:00:00Z,107.82,108.59,107.82,108.43,42432,574,108.289954
MU,1H,2025-08-06T19:00:00Z,108.43,108.74,108.36,108.62,57109,1003,108.566836
MU,1H,2025-08-07T13:00:00Z,114.07,115.07,111.81,113.13,129412,1639,113.008944
MU,1H,2025-08-07T14:00:00Z,113.19,113.35,111.31,111.38,111270,1538,112.258327
MU,1H,2025-08-07T15:00:00Z,111.44,111.62,110.63,111.25,57911,876,111.116185
MU,1H,2025-08-07T16:00:00Z,111.28,112,110.86,111.37,50310,788,111.522118
MU,1H,2025-08-07T17:00:00Z,111.36,112.15,111.27,112.09,27491,550,111.72098
MU,1H,2025-08-07T18:00:00Z,112.06,112.07,111.07,111.78,35769,584,111.536324
MU,1H,2025-08-07T19:00:00Z,111.78,111.78,111,111.69,100999,1689,111.465071
MU,1H,2025-08-08T13:00:00Z,111.92,113.16,111.55,112.96,50995,840,112.574688
MU,1H,2025-08-08T14:00:00Z,113.06,116.19,112.92,115.81,265110,3364,114.574836
MU,1H,2025-08-08T15:00:00Z,115.86,119.13,115.81,118.31,292194,3660,117.927102
MU,1H,2025-08-08T16:00:00Z,118.3,118.9,117.57,118.73,88765,1371,118.421559
MU,1H,2025-08-08T17:00:00Z,118.79,118.8,117.63,117.8,53889,1006,118.05739
MU,1H,2025-08-08T18:00:00Z,117.78,118.6,117.6,118.49,60395,1070,118.093115
MU,1H,2025-08-08T19:00:00Z,118.49,118.85,118.23,118.71,173454,2604,118.669058
MU,1H,2025-08-11T12:00:00Z,124.65,124.65,124.65,124.65,139,2,124.65
MU,1H,2025-08-11T13:00:00Z,124.65,127.04,122.83,123.49,272609,3098,124.259285
MU,1H,2025-08-11T14:00:00Z,123.54,124.86,122.61,122.88,148882,2171,123.965012
MU,1H,2025-08-11T15:00:00Z,122.9,123.88,121.46,122.14,138994,1815,122.600324
MU,1H,2025-08-11T16:00:00Z,122.18,122.37,121.49,122.08,62007,911,121.974973
MU,1H,2025-08-11T17:00:00Z,122.06,122.8,122.03,122.23,45308,831,122.477749
MU,1H,2025-08-11T18:00:00Z,122.34,122.86,122.09,122.54,67922,1090,122.406551
MU,1H,2025-08-11T19:00:00Z,122.61,123.66,122.18,123.53,372158,3534,123.214277
MU,1H,2025-08-12T12:00:00Z,124.47,124.47,124.47,124.47,100,1,124.47
MU,1H,2025-08-12T13:00:00Z,124.77,126.11,123.04,124.27,152583,2045,124.752252
MU,1H,2025-08-12T14:00:00Z,124.31,125.62,123.57,125.4,135568,2075,124.643234
MU,1H,2025-08-12T15:00:00Z,125.45,128.01,125.33,127.47,138521,2046,126.818014
MU,1H,2025-08-12T16:00:00Z,127.53,127.54,126.32,126.54,51550,876,126.774305
MU,1H,2025-08-12T17:00:00Z,126.5,127.71,126.4,127.67,54709,761,127.00619
MU,1H,2025-08-12T18:00:00Z,127.7,128.34,126.87,126.87,51320,827,127.692827
MU,1H,2025-08-12T19:00:00Z,126.98,127.82,126.97,127.56,151191,2038,127.428489
MU,1H,2025-08-13T13:00:00Z,126.81,128.35,125.26,125.33,88098,1078,126.250751
MU,1H,2025-08-13T14:00:00Z,125.23,125.67,124.23,124.61,69289,989,125.064979
MU,1H,2025-08-13T15:00:00Z,124.61,124.61,123.52,124.14,40581,628,124.174723
MU,1H,2025-08-13T16:00:00Z,124.17,124.45,123.16,123.35,25976,435,123.863194
MU,1H,2025-08-13T17:00:00Z,123.22,124.48,123.22,124.1,21617,407,123.830464
MU,1H,2025-08-13T18:00:00Z,124.05,124.18,123.66,123.88,25541,558,123.9348
MU,1H,2025-08-13T19:00:00Z,123.87,124.4,123.64,124.05,92827,1392,124.041425
MU,1H,2025-08-14T13:00:00Z,123.02,123.74,121.34,122.75,57492,1024,122.567359
MU,1H,2025-08-14T14:00:00Z,122.84,124.59,122.74,123.62,63266,1259,123.768406
MU,1H,2025-08-14T15:00:00Z,123.72,124.47,123.47,124.21,56993,1102,123.993771
MU,1H,2025-08-14T16:00:00Z,124.29,124.29,123.15,124.18,36686,829,123.70134
MU,1H,2025-08-14T17:00:00Z,124.19,124.51,124.01,124.28,33543,795,124.194459
MU,1H,2025-08-14T18:00:00Z,124.25,124.67,123.92,124.59,28875,656,124.400852
MU,1H,2025-08-14T19:00:00Z,124.58,125.52,124.15,125.07,100898,1990,124.819246
MU,1H,2025-08-15T13:00:00Z,122.97,122.97,119.27,119.81,210129,2624,120.753262
MU,1H,2025-08-15T14:00:00Z,119.72,121.42,119.55,120.53,135963,2266,120.603802
MU,1H,2025-08-15T15:00:00Z,120.52,121.38,119.88,120.18,146959,2014,120.4622
MU,1H,2025-08-15T16:00:00Z,120.17,120.9,119.99,120.87,107802,1642,120.421375
MU,1H,2025-08-15T17:00:00Z,120.88,121.07,120.65,120.73,51968,1013,120.83369
MU,1H,2025-08-15T18:00:00Z,120.76,120.93,120.32,120.73,45133,966,120.595122
MU,1H,2025-08-15T19:00:00Z,120.81,121.22,120.46,120.63,89760,1836,120.81781
MU,1H,2025-08-18T13:00:00Z,121.16,123.16,120.66,121.94,93421,1314,121.83195
MU,1H,2025-08-18T14:00:00Z,122.08,122.7,121.87,122.58,56847,1205,122.254186
MU,1H,2025-08-18T15:00:00Z,122.74,122.84,121.99,122.08,36428,1062,122.268198
MU,1H,2025-08-18T16:00:00Z,122.08,122.61,122,122.39,43729,946,122.257295
MU,1H,2025-08-18T17:00:00Z,122.33,122.7,122.3,122.54,22684,732,122.493164
MU,1H,2025-08-18T18:00:00Z,122.48,122.93,122.46,122.87,24606,671,122.722512
MU,1H,2025-08-18T19:00:00Z,122.88,123.47,122.58,123.34,70021,1442,123.12799
MU,1H,2025-08-19T13:00:00Z,122.61,122.77,121.59,122.6,44644,899,122.231845
MU,1H,2025-08-19T14:00:00Z,122.6,124.04,121.9,122.31,69211,1479,122.977719
MU,1H,2025-08-19T15:00:00Z,122.2,123.29,122.13,122.98,31526,1080,122.882122
MU,1H,2025-08-19T16:00:00Z,123,123.25,121.63,121.7,29359,761,122.473125
MU,1H,2025-08-19T17:00:00Z,121.58,122.21,121.16,122.21,19630,440,121.638037
MU,1H,2025-08-19T18:00:00Z,122.2,122.36,121.65,121.93,22396,477,121.949941
MU,1H,2025-08-19T19:00:00Z,121.92,122.32,121.48,121.88,75291,1253,121.870873
MU,1H,2025-08-20T12:00:00Z,118.8,118.8,118.8,118.8,100,1,118.8
MU,1H,2025-08-20T13:00:00Z,118.7,119.34,113.74,114.86,203656,2413,116.06182
MU,1H,2025-08-20T14:00:00Z,114.88,115.2,113.29,113.78,178469,2511,114.390996
MU,1H,2025-08-20T15:00:00Z,113.75,116.34,113.61,114.78,90230,1551,115.281885
MU,1H,2025-08-20T16:00:00Z,114.77,115.77,114.76,115.2,98596,1192,115.360309
MU,1H,2025-08-20T17:00:00Z,115.2,115.79,115.02,115.35,77639,988,115.494822
MU,1H,2025-08-20T18:00:00Z,115.41,115.42,114.71,115.03,57377,1141,115.024164
MU,1H,2025-08-20T19:00:00Z,115.07,117.24,114.98,117.04,137357,2025,116.299784
MU,1H,2025-08-21T12:00:00Z,115.79,115.79,115.79,115.79,130,1,115.79
MU,1H,2025-08-21T13:00:00Z,116.81,117.46,116.03,116.51,38435,653,116.804682
MU,1H,2025-08-21T14:00:00Z,116.59,117.4,116.26,116.64,49039,822,116.768295
MU,1H,2025-08-21T15:00:00Z,116.66,116.77,115.72,116.03,50259,830,116.23113
MU,1H,2025-08-21T16:00:00Z,115.99,116.21,115.71,115.73,30186,497,115.952826
MU,1H,2025-08-21T17:00:00Z,115.76,116.44,115.68,116.3,28927,541,116.008448
MU,1H,2025-08-21T18:00:00Z,116.32,116.44,115.7,115.85,52558,718,116.001729
MU,1H,2025-08-21T19:00:00Z,115.84,116.18,115.48,115.59,140301,1709,115.761678
MU,1H,2025-08-22T13:00:00Z,117.34,117.54,116.35,116.57,58837,966,116.83814
MU,1H,2025-08-22T14:00:00Z,116.6,120.47,116.6,119.82,221226,2597,119.651984
MU,1H,2025-08-22T15:00:00Z,119.85,119.98,118.13,118.13,95007,1385,119.250941
MU,1H,2025-08-22T16:00:00Z,118.11,118.43,117.68,118.11,46368,886,118.095934
MU,1H,2025-08-22T17:00:00Z,118.11,118.85,118.11,118.28,52702,935,118.540108
MU,1H,2025-08-22T18:00:00Z,118.3,118.46,118.08,118.17,59727,979,118.282482
MU,1H,2025-08-22T19:00:00Z,118.14,118.28,117.47,117.5,159886,1843,117.732283
MU,1H,2025-08-25T13:00:00Z,117.54,117.54,116.16,116.83,46415,671,116.755286
MU,1H,2025-08-25T14:00:00Z,116.84,117.86,116.84,117.56,77710,899,117.539295
MU,1H,2025-08-25T15:00:00Z,117.63,117.75,117.09,117.14,34987,676,117.387024
MU,1H,2025-08-25T16:00:00Z,117.16,117.48,117.07,117.07,23327,451,117.283142
MU,1H,2025-08-25T17:00:00Z,117.04,117.07,116.65,116.66,28784,456,116.920759
MU,1H,2025-08-25T18:00:00Z,116.64,116.95,116.5,116.94,29232,461,116.673036
MU,1H,2025-08-25T19:00:00Z,116.92,116.95,116.15,116.18,92788,1396,116.466587
MU,1H,2025-08-26T13:00:00Z,115.9,117.76,115.64,117.66,55388,774,117.160519
MU,1H,2025-08-26T14:00:00Z,117.69,118.16,117.05,117.53,68161,878,117.691961
MU,1H,2025-08-26T15:00:00Z,117.57,117.69,117.29,117.63,35806,744,117.531921
MU,1H,2025-08-26T16:00:00Z,117.7,117.79,117.44,117.55,33129,610,117.606987
MU,1H,2025-08-26T17:00:00Z,117.49,117.6,116.65,116.81,37271,579,117.156559
MU,1H,2025-08-26T18:00:00Z,116.76,117.08,116.71,116.87,37993,581,116.854151
MU,1H,2025-08-26T19:00:00Z,116.92,117.03,116.19,116.3,175290,1896,116.580459
MU,1H,2025-08-27T13:00:00Z,116.64,117.4,116.44,117.08,79204,899,117.026394
MU,1H,2025-08-27T14:00:00Z,117.07,117.41,116.58,117.06,119654,1192,117.072602
MU,1H,2025-08-27T15:00:00Z,117.1,117.91,117,117.82,131128,1410,117.351723
MU,1H,2025-08-27T16:00:00Z,117.81,118.23,117.43,118.04,85201,1107,117.946506
MU,1H,2025-08-27T17:00:00Z,118.03,118.51,117.96,118.14,36988,581,118.253943
MU,1H,2025-08-27T18:00:00Z,118.14,118.5,117.78,117.85,39858,604,118.185603
MU,1H,2025-08-27T19:00:00Z,117.87,117.98,117.45,117.62,171554,1935,117.677881
MU,1H,2025-08-28T12:00:00Z,118.96,118.96,118.96,118.96,200,3,118.96
MU,1H,2025-08-28T13:00:00Z,118.7,121.18,118.65,118.69,103784,1362,120.25382
MU,1H,2025-08-28T14:00:00Z,118.82,121.85,118.7,121.42,127296,1530,120.667339
MU,1H,2025-08-28T15:00:00Z,121.42,122.34,120.96,121.99,73207,1180,121.713707
MU,1H,2025-08-28T16:00:00Z,122.01,122.33,121.42,121.43,50137,696,121.906492
MU,1H,2025-08-28T17:00:00Z,121.41,122.34,121.28,121.8,55151,762,121.843766
MU,1H,2025-08-28T18:00:00Z,121.81,121.95,121.62,121.88,42848,627,121.784676
MU,1H,2025-08-28T19:00:00Z,121.85,122.27,121.75,121.79,116640,1508,121.980986
MU,1H,2025-08-29T13:00:00Z,122.41,122.41,119.9,120.4,62224,959,120.753223
MU,1H,2025-08-29T14:00:00Z,120.4,120.78,118.48,119.17,98372,1476,119.404936
MU,1H,2025-08-29T15:00:00Z,119.1,120.06,119.1,119.3,65506,1051,119.653137
MU,1H,2025-08-29T16:00:00Z,119.34,120.17,118.94,118.94,44271,687,119.476628
MU,1H,2025-08-29T17:00:00Z,118.85,118.89,118.03,118.3,68749,990,118.396051
MU,1H,2025-08-29T18:00:00Z,118.08,118.44,117.96,118.42,28804,528,118.21569
MU,1H,2025-08-29T19:00:00Z,118.41,118.83,117.87,118.83,144055,2428,118.450989
MU,1H,2025-09-02T12:00:00Z,116.18,116.18,116.18,116.18,125,1,116.18
MU,1H,2025-09-02T13:00:00Z,115.45,116.12,114.12,115.95,50786,890,114.967147
MU,1H,2025-09-02T14:00:00Z,115.88,116.78,115.47,116.13,55277,1217,115.904334
MU,1H,2025-09-02T15:00:00Z,116.18,116.8,115.87,115.92,30836,824,116.318076
MU,1H,2025-09-02T16:00:00Z,116.26,116.35,115.63,116.26,24913,579,115.969505
MU,1H,2025-09-02T17:00:00Z,116.25,117.51,116.21,117.18,35037,740,116.893929
MU,1H,2025-09-02T18:00:00Z,117.07,117.65,116.91,117.49,38143,782,117.364013
MU,1H,2025-09-02T19:00:00Z,117.52,118.35,117.52,118.28,67535,1365,118.032388
MU,1H,2025-09-03T13:00:00Z,118.8,119.22,118.01,118.47,45216,732,118.616101
MU,1H,2025-09-03T14:00:00Z,118.44,118.97,117.78,118.47,66846,1041,118.363228
MU,1H,2025-09-03T15:00:00Z,118.51,118.79,117.54,117.85,55244,856,118.011842
MU,1H,2025-09-03T16:00:00Z,117.83,118.24,117.15,117.67,49309,689,117.577462
MU,1H,2025-09-03T17:00:00Z,117.73,118.03,117.41,117.52,29020,564,117.814806
MU,1H,2025-09-03T18:00:00Z,117.48,117.73,117.25,117.68,21100,509,117.473122
MU,1H,2025-09-03T19:00:00Z,117.68,118.58,117.68,118.52,76028,1245,118.201646
MU,1H,2025-09-04T13:00:00Z,118.68,120.28,118.47,119.24,31012,571,119.316956
MU,1H,2025-09-04T14:00:00Z,119.34,119.62,118.8,119.22,55627,1097,119.208306
MU,1H,2025-09-04T15:00:00Z,119.24,120.76,119.2,120.47,83268,1452,119.835725
MU,1H,2025-09-04T16:00:00Z,120.48,121.3,120.28,120.91,75989,1093,120.886994
MU,1H,2025-09-04T17:00:00Z,120.94,121.48,120.68,121.26,41445,809,121.047673
MU,1H,2025-09-04T18:00:00Z,121.32,123.22,121.16,122.97,127947,1802,122.35542
MU,1H,2025-09-04T19:00:00Z,122.95,124.21,122.49,123.99,188766,2526,123.384211
MU,1H,2025-09-05T13:00:00Z,127.61,129.3,127.15,129.24,152206,2195,128.277766
MU,1H,2025-09-05T14:00:00Z,129.26,129.39,126.4,126.73,184959,2506,128.191879
MU,1H,2025-09-05T15:00:00Z,126.66,128.29,126.22,127.34,77914,1209,127.295847
MU,1H,2025-09-05T16:00:00Z,127.45,127.95,127.22,127.87,45352,724,127.658232
MU,1H,2025-09-05T17:00:00Z,127.87,128.38,127.51,128.21,79376,1151,127.970592
MU,1H,2025-09-05T18:00:00Z,128.31,129.21,128.23,129.21,54591,1017,128.792979
MU,1H,2025-09-05T19:00:00Z,129.2,131.17,129.14,131.16,306353,3530,130.309344
MU,1H,2025-09-08T13:00:00Z,130.27,130.47,128.25,128.82,93499,1523,129.056845
MU,1H,2025-09-08T14:00:00Z,128.8,131.29,128.2,130.92,146359,2155,129.866092
MU,1H,2025-09-08T15:00:00Z,130.96,132.04,130.6,130.76,121804,1568,131.512424
MU,1H,2025-09-08T16:00:00Z,130.79,131.72,130.61,131.12,57240,959,131.279796
MU,1H,2025-09-08T17:00:00Z,131.06,131.25,130.66,130.93,46227,715,131.011517
MU,1H,2025-09-08T18:00:00Z,131.03,131.99,130.82,131.99,66410,1032,131.556195
MU,1H,2025-09-08T19:00:00Z,131.95,131.98,131.09,131.27,118684,1990,131.604885
MU,1H,2025-09-09T13:00:00Z,131.58,133.07,131.37,131.77,63675,1173,132.05047
MU,1H,2025-09-09T14:00:00Z,131.73,133.06,131.4,132.88,108536,1882,132.237512
MU,1H,2025-09-09T15:00:00Z,132.98,134.13,132.77,134.11,110639,1581,133.204391
MU,1H,2025-09-09T16:00:00Z,134.12,135.71,134.09,135.71,172808,1885,134.848393
MU,1H,2025-09-09T17:00:00Z,135.67,136.4,134.7,135.18,89396,1471,135.548831
MU,1H,2025-09-09T18:00:00Z,135.27,135.51,134.7,134.72,79912,1405,135.051812
MU,1H,2025-09-09T19:00:00Z,134.72,135.29,134.55,135,150489,2253,134.978231
MU,1H,2025-09-10T13:00:00Z,139.76,141.99,138.78,140.71,264182,2651,140.363709
MU,1H,2025-09-10T14:00:00Z,140.73,141.66,139.75,140.44,150020,2148,140.974769
MU,1H,2025-09-10T15:00:00Z,140.47,141.63,139.89,141.16,96817,1610,140.833344
MU,1H,2025-09-10T16:00:00Z,141.05,141.25,140.16,140.56,76176,1196,140.60841
MU,1H,2025-09-10T17:00:00Z,140.56,140.64,139.37,140.21,84144,1521,140.015344
MU,1H,2025-09-10T18:00:00Z,140.21,140.37,139.33,139.64,43035,1065,139.746333
MU,1H,2025-09-10T19:00:00Z,139.6,139.96,139.05,139.77,202233,2438,139.651494
MU,1H,2025-09-11T12:00:00Z,145.17,147.66,145.1,147.59,620,9,146.319884
MU,1H,2025-09-11T13:00:00Z,147.93,155.98,147.38,150.89,370625,4281,152.462824
MU,1H,2025-09-11T14:00:00Z,150.87,152.55,150.31,151.95,457897,2916,151.311946
MU,1H,2025-09-11T15:00:00Z,152.15,154.78,151.47,154.71,111856,1638,153.09435
MU,1H,2025-09-11T16:00:00Z,154.73,154.93,152.04,152.44,55452,1108,153.09804
MU,1H,2025-09-11T17:00:00Z,152.63,153.51,152.45,152.67,49011,836,153.027316
MU,1H,2025-09-11T18:00:00Z,152.62,152.64,150.98,151.09,57550,1071,151.606224
MU,1H,2025-09-11T19:00:00Z,151.06,151.3,149.87,150.33,109063,1997,150.474335
MU,1H,2025-09-12T13:00:00Z,153.36,155.66,153.01,154.59,185896,2068,154.525042
MU,1H,2025-09-12T14:00:00Z,154.59,156.38,153.65,155.25,175673,2342,155.259499
MU,1H,2025-09-12T15:00:00Z,155.28,157.12,155.08,156.83,138965,1833,156.151081
MU,1H,2025-09-12T16:00:00Z,156.88,157.07,155.86,156.56,75037,1288,156.495452
MU,1H,2025-09-12T17:00:00Z,156.49,157.44,156.03,157.08,64068,1138,156.608393
MU,1H,2025-09-12T18:00:00Z,157.11,158,156.71,157.63,74351,1208,157.467009
MU,1H,2025-09-12T19:00:00Z,157.63,157.75,156.9,156.96,202372,2690,157.246463
MU,1H,2025-09-15T13:00:00Z,156.97,160.07,156.63,158.81,109906,1374,158.380919
MU,1H,2025-09-15T14:00:00Z,158.86,158.89,156.8,157.06,128210,1772,157.716199
MU,1H,2025-09-15T15:00:00Z,157.05,158.41,156.83,157.25,83570,1369,157.499455
MU,1H,2025-09-15T16:00:00Z,157.17,157.43,156.48,156.77,48546,933,156.970734
MU,1H,2025-09-15T17:00:00Z,156.75,156.9,156.36,156.63,39190,689,156.606104
MU,1H,2025-09-15T18:00:00Z,156.64,157.39,156.32,156.95,41497,785,157.051719
MU,1H,2025-09-15T19:00:00Z,157.04,157.65,156.84,157.54,109597,1674,157.258484
MU,1H,2025-09-16T13:00:00Z,157.94,159.28,157.21,158.52,83819,1348,158.275338
MU,1H,2025-09-16T14:00:00Z,158.41,159.04,157.47,157.59,79400,1326,158.253434
MU,1H,2025-09-16T15:00:00Z,157.71,158.05,157.38,157.54,63604,1158,157.646039
MU,1H,2025-09-16T16:00:00Z,157.55,158.61,156.93,157.9,50745,989,157.813564
MU,1H,2025-09-16T17:00:00Z,157.87,157.93,157.56,157.72,44677,900,157.757361
MU,1H,2025-09-16T18:00:00Z,157.64,157.93,157.54,157.74,42413,885,157.748649
MU,1H,2025-09-16T19:00:00Z,157.77,158.76,157.77,158.52,69481,1482,158.319482
MU,1H,2025-09-17T13:00:00Z,157.25,159.19,156.81,158.72,71362,1157,157.907222
MU,1H,2025-09-17T14:00:00Z,158.89,160.01,158.38,159.6,81469,1441,159.282363
MU,1H,2025-09-17T15:00:00Z,159.66,159.77,157.74,157.95,57695,1074,158.602174
MU,1H,2025-09-17T16:00:00Z,157.82,157.97,157.22,157.7,36727,681,157.509554
MU,1H,2025-09-17T17:00:00Z,157.68,158.21,157.33,158.14,53796,877,157.751062
MU,1H,2025-09-17T18:00:00Z,158.24,158.72,155.02,158.35,113419,1585,157.377886
MU,1H,2025-09-17T19:00:00Z,158.49,160.33,158.49,159.67,121467,2204,159.752271
MU,1H,2025-09-18T13:00:00Z,162.89,167.08,162.37,167.06,152498,1884,165.606437
MU,1H,2025-09-18T14:00:00Z,167.04,169.28,167.04,168.23,165134,2554,168.364753
MU,1H,2025-09-18T15:00:00Z,168.17,168.98,167.73,168.78,84884,1432,168.392312
MU,1H,2025-09-18T16:00:00Z,168.84,169.86,168.77,169.79,65008,1147,169.247147
MU,1H,2025-09-18T17:00:00Z,169.84,170.16,168.66,169,62149,1092,169.321932
MU,1H,2025-09-18T18:00:00Z,168.97,169.01,168.03,168.44,62869,1003,168.496546
MU,1H,2025-09-18T19:00:00Z,168.42,168.88,167.5,168.62,136868,2232,168.383931
MU,1H,2025-09-19T12:00:00Z,163.26,163.26,163.26,163.26,100,1,163.26
MU,1H,2025-09-19T13:00:00Z,162.49,163.35,160.46,160.51,144458,1734,162.412935
MU,1H,2025-09-19T14:00:00Z,160.58,161.23,159.16,160.01,191122,2615,160.476645
MU,1H,2025-09-19T15:00:00Z,160.24,162.2,160.22,162.2,131910,1762,160.979789
MU,1H,2025-09-19T16:00:00Z,162.24,163.42,161.91,163.32,70758,1055,162.443474
MU,1H,2025-09-19T17:00:00Z,163.22,163.29,162.44,162.99,59650,1132,162.846368
MU,1H,2025-09-19T18:00:00Z,162.99,163.26,162.28,162.73,66639,1261,162.733235
MU,1H,2025-09-19T19:00:00Z,162.66,162.99,162.06,162.44,198790,2414,162.529285
MU,1H,2025-09-22T13:00:00Z,164.11,164.3,161.42,163.61,70473,1371,162.867898
MU,1H,2025-09-22T14:00:00Z,163.51,165.1,163.4,164.56,109341,2086,164.428511
MU,1H,2025-09-22T15:00:00Z,164.62,166.98,164.55,166.09,106302,1844,165.918158
MU,1H,2025-09-22T16:00:00Z,166.14,166.92,165.89,166.61,73720,1522,166.471002
MU,1H,2025-09-22T17:00:00Z,166.68,166.73,165.49,166.25,70271,1253,166.07269
MU,1H,2025-09-22T18:00:00Z,166.06,166.41,165.73,165.81,45939,1050,166.049021
MU,1H,2025-09-22T19:00:00Z,165.83,165.94,164.2,164.31,192370,2919,164.795474
MU,1H,2025-09-23T13:00:00Z,165.41,167.88,165.08,167.87,129813,2110,166.624472
MU,1H,2025-09-23T14:00:00Z,167.84,168.72,166.96,167.65,179021,2649,168.000887
MU,1H,2025-09-23T15:00:00Z,167.71,168.06,167.13,167.94,94781,1880,167.591201
MU,1H,2025-09-23T16:00:00Z,167.87,168.56,167.5,168.06,79877,1666,168.003632
MU,1H,2025-09-23T17:00:00Z,168.01,168.31,165.38,166.9,68085,1618,166.983419
MU,1H,2025-09-23T18:00:00Z,166.9,167.3,165.61,166.06,77063,1705,166.283961
MU,1H,2025-09-23T19:00:00Z,165.93,167.16,165.93,166.21,169511,3458,166.527033
MU,1H,2025-09-23T20:00:00Z,172.17,172.17,165.87,168.34,10268,170,169.172553
MU,1H,2025-09-24T13:00:00Z,164.82,164.82,161.54,162.6,286361,3038,162.967423
MU,1H,2025-09-24T14:00:00Z,162.48,163.51,161.38,162.85,212214,2468,162.759318
MU,1H,2025-09-24T15:00:00Z,162.84,163.36,160.18,160.24,155381,1998,161.969823
MU,1H,2025-09-24T16:00:00Z,160.26,160.38,158.05,159.06,277446,2807,159.371208
MU,1H,2025-09-24T17:00:00Z,158.98,160.49,158.63,159.93,98256,1214,159.425065
MU,1H,2025-09-24T18:00:00Z,159.94,161.97,159.7,161.7,73554,1004,161.069207
MU,1H,2025-09-24T19:00:00Z,161.71,162.06,160.89,161.42,128419,1868,161.657534
MU,1H,2025-09-25T13:00:00Z,157.1,157.44,155.29,156.9,157756,2152,156.067226
MU,1H,2025-09-25T14:00:00Z,157.13,158.69,157,157.83,162978,2179,157.878491
MU,1H,2025-09-25T15:00:00Z,157.8,157.8,156.38,157.38,120559,1923,157.218293
MU,1H,2025-09-25T16:00:00Z,157.34,157.38,155.52,155.94,95892,1538,156.089581
MU,1H,2025-09-25T17:00:00Z,156.01,156.25,154.83,155.03,84472,1313,155.458585
MU,1H,2025-09-25T18:00:00Z,155.08,156.05,154.42,155.86,98616,1523,155.346831
MU,1H,2025-09-25T19:00:00Z,155.84,156.64,155.63,156.55,136603,1965,156.099716
MU,1H,2025-09-26T12:00:00Z,158.42,158.42,158.42,158.42,160,2,158.42
MU,1H,2025-09-26T13:00:00Z,158.27,158.63,156.51,157,159163,1664,157.388007
MU,1H,2025-09-26T14:00:00Z,157.25,157.36,155.34,157.28,68943,1330,156.580016
MU,1H,2025-09-26T15:00:00Z,157.33,158.05,156.72,157.43,72088,1005,157.432047
MU,1H,2025-09-26T16:00:00Z,157.41,157.86,157.27,157.81,34125,641,157.682276
MU,1H,2025-09-26T17:00:00Z,157.8,157.81,156.87,157.17,49673,656,157.449686
MU,1H,2025-09-26T18:00:00Z,157.15,157.39,155.98,156.22,67544,707,156.618944
MU,1H,2025-09-26T19:00:00Z,156.37,157.19,154.97,156.99,154369,1648,155.990294
MU,1H,2025-09-29T13:00:00Z,160.19,164.89,160.17,164.45,142821,1862,163.219027
MU,1H,2025-09-29T14:00:00Z,164.49,165.49,163.84,164.77,171020,2157,164.667069
MU,1H,2025-09-29T15:00:00Z,164.71,164.93,163.2,163.67,77262,1271,164.032912
MU,1H,2025-09-29T16:00:00Z,163.67,163.71,162.05,162.18,63110,1083,162.855617
MU,1H,2025-09-29T17:00:00Z,162.2,163.32,162.07,163.01,43216,876,162.871948
MU,1H,2025-09-29T18:00:00Z,162.89,163.95,162.77,163.25,40755,738,163.248026
MU,1H,2025-09-29T19:00:00Z,163.28,163.79,162.82,163.65,96176,1487,163.329074
MU,1H,2025-09-30T13:00:00Z,163.84,167.04,163.81,167.04,65067,978,165.745701
MU,1H,2025-09-30T14:00:00Z,167.09,168.67,166.34,166.49,118863,1852,167.5504
MU,1H,2025-09-30T15:00:00Z,166.46,166.83,165.19,165.77,61334,1238,166.012393
MU,1H,2025-09-30T16:00:00Z,165.64,166.57,165.43,165.6,51426,1330,165.923455
MU,1H,2025-09-30T17:00:00Z,165.61,165.7,164.68,165.46,34756,818,165.251282
MU,1H,2025-09-30T18:00:00Z,165.41,165.6,164.48,164.7,36863,829,165.050287
MU,1H,2025-09-30T19:00:00Z,164.69,168.53,164.69,167.12,134917,2171,166.233577
MU,1H,2025-10-01T13:00:00Z,165.33,168.79,165.32,168.41,106153,1484,167.573319
MU,1H,2025-10-01T14:00:00Z,168.56,176.81,168.51,176.26,302936,3561,173.729201
MU,1H,2025-10-01T15:00:00Z,176.33,178.36,175.67,178.31,110275,1626,176.793338
MU,1H,2025-10-01T16:00:00Z,178.34,180.46,178.04,179.5,138881,1853,179.425172
MU,1H,2025-10-01T17:00:00Z,179.53,181.06,179.41,180.49,105330,1442,180.042443
MU,1H,2025-10-01T18:00:00Z,180.27,180.64,178.75,179.57,72922,1123,179.542178
MU,1H,2025-10-01T19:00:00Z,179.51,181.96,179.46,181.86,151468,2301,180.926786
MU,1H,2025-10-02T13:00:00Z,184.59,185.85,180.94,181.64,203221,2447,182.922889
MU,1H,2025-10-02T14:00:00Z,181.58,182.91,180.97,181.72,165017,2277,182.058018
MU,1H,2025-10-02T15:00:00Z,181.79,183.83,181.53,183.55,87048,1332,182.891804
MU,1H,2025-10-02T16:00:00Z,183.45,184.96,183.15,184.74,69663,1068,184.200719
MU,1H,2025-10-02T17:00:00Z,184.73,184.73,182.65,182.79,50711,887,183.665388
MU,1H,2025-10-02T18:00:00Z,182.77,183.72,182.54,183.66,41599,638,183.099257
MU,1H,2025-10-02T19:00:00Z,183.57,183.72,182.57,183.5,96117,1642,183.228332
MU,1H,2025-10-03T13:00:00Z,185.03,190.3,184.84,186.62,207382,2538,188.070478
MU,1H,2025-10-03T14:00:00Z,186.57,190.57,185.98,190.2,122938,1602,188.602523
MU,1H,2025-10-03T15:00:00Z,190,191.65,189.53,190.42,127870,1996,190.505108
MU,1H,2025-10-03T16:00:00Z,190.36,190.74,189.3,189.72,54682,1057,189.846161
MU,1H,2025-10-03T17:00:00Z,189.65,189.69,184.85,186.66,100387,1482,187.254757
MU,1H,2025-10-03T18:00:00Z,186.54,187.87,185.98,187.31,44402,852,187.087272
MU,1H,2025-10-03T19:00:00Z,187.48,187.76,187.06,187.71,108156,1735,187.442939
MU,1H,2025-10-06T13:00:00Z,194.82,200.74,193.77,196.16,116808,1765,198.079618
MU,1H,2025-10-06T14:00:00Z,196.16,196.19,189.41,192.93,184622,2318,192.691895
MU,1H,2025-10-06T15:00:00Z,193.14,195.5,192.71,195.5,91778,1486,193.471204
MU,1H,2025-10-06T16:00:00Z,195.58,195.93,194.18,194.79,61174,996,195.016042
MU,1H,2025-10-06T17:00:00Z,194.86,195,193.05,193.35,40526,878,194.094513
MU,1H,2025-10-06T18:00:00Z,193.24,193.69,191.47,192.03,54141,943,192.326749
MU,1H,2025-10-06T19:00:00Z,192.01,192.01,190.08,190.81,127762,2300,190.861859
MU,1H,2025-10-07T13:00:00Z,194.81,195.03,192.37,193.94,61863,1247,193.801473
MU,1H,2025-10-07T14:00:00Z,193.96,193.96,187.81,189.14,108176,1973,190.106284
MU,1H,2025-10-07T15:00:00Z,189.32,189.61,183.09,185.36,160053,2119,185.641057
MU,1H,2025-10-07T16:00:00Z,185.38,186.34,184.55,185.44,63264,927,185.37739
MU,1H,2025-10-07T17:00:00Z,185.33,186.15,184.84,184.84,23336,516,185.494482
MU,1H,2025-10-07T18:00:00Z,184.91,185.85,184.57,185.78,43217,753,185.191693
MU,1H,2025-10-07T19:00:00Z,185.81,186.13,185.13,185.4,62286,1540,185.671213
MU,1H,2025-10-08T13:00:00Z,188.83,192.88,188.83,192.62,68588,1027,190.788271
MU,1H,2025-10-08T14:00:00Z,192.76,195.62,192.01,194.07,104181,1517,193.989228
MU,1H,2025-10-08T15:00:00Z,194.5,195.37,193.46,194.42,47868,698,194.590035
MU,1H,2025-10-08T16:00:00Z,194.25,195.91,194.06,194.99,32878,633,194.931212
MU,1H,2025-10-08T17:00:00Z,194.95,195.24,192.7,192.89,50699,801,194.075161
MU,1H,2025-10-08T18:00:00Z,192.87,194.8,192.6,194.63,51870,905,193.779956
MU,1H,2025-10-08T19:00:00Z,194.64,196.75,194.58,196.37,69703,1327,195.580857
MU,1H,2025-10-09T13:00:00Z,192.69,196.34,192.55,195.4,56301,1225,194.817994
MU,1H,2025-10-09T14:00:00Z,195.39,195.71,192.77,194.37,56815,1315,194.41275
MU,1H,2025-10-09T15:00:00Z,194.55,194.94,192.01,192.78,64926,1292,192.892151
MU,1H,2025-10-09T16:00:00Z,192.72,193.26,191.01,191.03,59279,1092,192.175716
MU,1H,2025-10-09T17:00:00Z,191.06,191.3,189.37,190.75,62019,1173,190.435272
MU,1H,2025-10-09T18:00:00Z,190.73,191.13,190.29,190.55,33173,708,190.718148
MU,1H,2025-10-09T19:00:00Z,190.61,192.84,190.29,192.14,92544,1562,191.530286
MU,1H,2025-10-10T13:00:00Z,192.77,193.02,189.75,190.5,35388,748,191.643498
MU,1H,2025-10-10T14:00:00Z,190.46,190.73,187.56,188.32,38312,831,189.818359
MU,1H,2025-10-10T15:00:00Z,188.2,188.44,179.54,184.19,138352,2055,183.672166
MU,1H,2025-10-10T16:00:00Z,184.18,185.07,182.86,182.98,54940,991,184.063502
MU,1H,2025-10-10T17:00:00Z,182.95,185.79,181.97,184.13,48113,960,183.976664
MU,1H,2025-10-10T18:00:00Z,183.77,184.69,182.68,182.88,34653,827,183.726249
MU,1H,2025-10-10T19:00:00Z,182.94,184.08,181.09,181.26,112874,2062,182.248927
MU,1H,2025-10-13T12:00:00Z,190.15,190.15,190.15,190.15,233,3,190.15
MU,1H,2025-10-13T13:00:00Z,189.96,192.77,189.02,189.7,97654,1042,190.751144
MU,1H,2025-10-13T14:00:00Z,189.77,190.79,188.28,188.81,98600,1298,189.495612
MU,1H,2025-10-13T15:00:00Z,188.78,189.58,187.94,189.43,44997,857,188.500277
MU,1H,2025-10-13T16:00:00Z,189.35,191.39,189.14,191.32,56195,786,189.8949
MU,1H,2025-10-13T17:00:00Z,191.31,192.35,190.75,192.35,37426,633,191.469515
MU,1H,2025-10-13T18:00:00Z,192.35,193.19,191.97,192.71,36474,689,192.543184
MU,1H,2025-10-13T19:00:00Z,192.71,193.09,192.13,192.53,90744,1912,192.583922
MU,1H,2025-10-14T12:00:00Z,187.76,187.77,187.76,187.77,400,4,187.76
MU,1H,2025-10-14T13:00:00Z,186.79,189.58,186.17,187.8,24267,490,187.869365
MU,1H,2025-10-14T14:00:00Z,187.87,190.53,187.11,188.76,36063,760,189.294478
MU,1H,2025-10-14T15:00:00Z,188.99,190.55,188.89,190,33539,594,189.593244
MU,1H,2025-10-14T16:00:00Z,190.06,192.19,189.83,191.64,27247,635,191.422046
MU,1H,2025-10-14T17:00:00Z,191.48,192.24,190.86,191.09,70854,1075,191.546353
MU,1H,2025-10-14T18:00:00Z,191.2,191.69,190.82,191.05,25905,475,191.205587
MU,1H,2025-10-14T19:00:00Z,191.06,191.31,186.39,186.85,105893,1873,188.20705
MU,1H,2025-10-15T13:00:00Z,191.85,192.39,188.93,188.93,49545,757,190.657896
MU,1H,2025-10-15T14:00:00Z,189,190.76,188.35,189.57,63808,1173,189.492865
MU,1H,2025-10-15T15:00:00Z,189.43,191.79,187.88,189.38,70833,1254,190.484259
MU,1H,2025-10-15T16:00:00Z,189.4,191.29,189.4,190.78,49976,827,190.668059
MU,1H,2025-10-15T17:00:00Z,190.79,191.01,187.39,190.94,27751,747,189.436337
MU,1H,2025-10-15T18:00:00Z,190.92,191.54,190.35,191.37,38794,753,190.934274
MU,1H,2025-10-15T19:00:00Z,191.24,191.88,190.66,191.78,62976,1246,191.348689
MU,1H,2025-10-16T13:00:00Z,198.67,201.6,195.1,196.45,105629,1599,197.872957
MU,1H,2025-10-16T14:00:00Z,196.45,205.07,196.45,204.14,131117,2188,202.107605
MU,1H,2025-10-16T15:00:00Z,204.13,206.06,202.2,202.78,104209,1717,204.572907
MU,1H,2025-10-16T16:00:00Z,202.88,204.07,199.37,203.35,108184,1803,201.662633
MU,1H,2025-10-16T17:00:00Z,203.32,203.98,201.23,203.32,56481,1131,202.920782
MU,1H,2025-10-16T18:00:00Z,203.29,203.31,199.87,202.28,87688,1233,201.177325
MU,1H,2025-10-16T19:00:00Z,202.44,202.84,200.51,202.36,94656,1661,201.444874
MU,1H,2025-10-17T13:00:00Z,198.47,202.12,196.82,201.22,79505,1413,199.388439
MU,1H,2025-10-17T14:00:00Z,201.21,202.16,197.52,197.52,72924,1350,200.043723
MU,1H,2025-10-17T15:00:00Z,197.62,198.89,195.51,197.81,51306,1019,197.076738
MU,1H,2025-10-17T16:00:00Z,198.42,199.24,197.73,198.31,33257,898,198.672493
MU,1H,2025-10-17T17:00:00Z,198.15,199.6,197.6,199.52,30108,688,198.338026
MU,1H,2025-10-17T18:00:00Z,199.59,201.7,199.59,201.63,48772,876,200.490954
MU,1H,2025-10-17T19:00:00Z,201.63,203.17,201.5,202.12,114057,2085,202.251843
MU,1H,2025-10-17T20:00:00Z,201.99,202.02,201.99,202.02,273,3,202.002
MU,1H,2025-10-20T13:00:00Z,209.87,214.3,207.72,208.96,100763,1595,210.18207
MU,1H,2025-10-20T14:00:00Z,209.05,210.15,207.28,208.7,53063,1079,208.839718
MU,1H,2025-10-20T15:00:00Z,208.66,209.87,207.86,209.21,54562,1033,209.1862
MU,1H,2025-10-20T16:00:00Z,209.12,209.3,206.46,206.5,53825,1008,208.152047
MU,1H,2025-10-20T17:00:00Z,206.56,207.26,206.07,206.33,41606,817,206.615257
MU,1H,2025-10-20T18:00:00Z,206.25,206.84,205.34,205.96,39848,768,205.895754
MU,1H,2025-10-20T19:00:00Z,205.88,207.01,205.68,206.61,84816,1580,206.655507
MU,1H,2025-10-21T13:00:00Z,204.24,205.53,200.71,201.91,76792,1719,202.533694
MU,1H,2025-10-21T14:00:00Z,201.82,203.42,201.25,202.25,63240,2400,202.179436
MU,1H,2025-10-21T15:00:00Z,202.29,203.34,201.7,203.34,47776,1775,202.656826
MU,1H,2025-10-21T16:00:00Z,203.49,204.98,203.49,203.76,32399,976,204.048392
MU,1H,2025-10-21T17:00:00Z,203.87,204.01,202.52,203.43,33802,1357,203.180671
MU,1H,2025-10-21T18:00:00Z,203.48,203.51,202.77,202.98,17372,961,203.147426
MU,1H,2025-10-21T19:00:00Z,202.98,203.39,202,202.03,62462,1979,202.893038
MU,1H,2025-10-22T12:00:00Z,201.72,201.72,201.72,201.72,169,2,201.72
MU,1H,2025-10-22T13:00:00Z,201.99,205.27,200.31,204.17,40888,878,202.662714
MU,1H,2025-10-22T14:00:00Z,204.27,204.5,195.91,198.4,87304,1510,198.10685
MU,1H,2025-10-22T15:00:00Z,198.65,198.83,194.42,196.82,83129,1481,196.497868
MU,1H,2025-10-22T16:00:00Z,196.86,196.86,193.09,194.68,82642,1089,194.573795
MU,1H,2025-10-22T17:00:00Z,194.5,194.79,192.22,193.41,55139,1003,193.057614
MU,1H,2025-10-22T18:00:00Z,193.69,196.66,193.62,196.59,62766,1043,195.085297
MU,1H,2025-10-22T19:00:00Z,196.81,198.97,196.53,198.32,84391,1626,198.047148
MU,1H,2025-10-23T13:00:00Z,196.54,205.7,195.34,204.25,71682,1157,201.583978
MU,1H,2025-10-23T14:00:00Z,204.94,204.94,200.58,203.94,86754,1698,202.697234
MU,1H,2025-10-23T15:00:00Z,203.99,205.26,202.51,204.87,49500,1019,203.81798
MU,1H,2025-10-23T16:00:00Z,204.69,205.63,204.39,204.96,41414,909,204.938077
MU,1H,2025-10-23T17:00:00Z,204.78,205.24,203.79,205.24,32281,745,204.61247
MU,1H,2025-10-23T18:00:00Z,205.3,205.3,204.56,205.23,55946,1278,204.872214
MU,1H,2025-10-23T19:00:00Z,205.23,206.71,205.12,206.54,83789,1956,205.897498
MU,1H,2025-10-24T13:00:00Z,211.86,214.11,209.86,213.61,87663,1148,212.567403
MU,1H,2025-10-24T14:00:00Z,213.43,217.46,213.01,215.62,98560,1722,215.036098
MU,1H,2025-10-24T15:00:00Z,215.56,217.14,215.27,215.85,64641,1236,216.366416
MU,1H,2025-10-24T16:00:00Z,215.71,217.57,215.64,216.74,52637,875,216.917124
MU,1H,2025-10-24T17:00:00Z,216.79,216.97,216.11,216.75,33857,669,216.542812
MU,1H,2025-10-24T18:00:00Z,216.78,218.73,216.55,218.71,94218,1320,217.670484
MU,1H,2025-10-24T19:00:00Z,218.89,219.59,218.37,218.77,110331,2165,218.965703
MU,1H,2025-10-27T13:00:00Z,224.59,224.59,217.59,219.77,98185,1589,220.957795
MU,1H,2025-10-27T14:00:00Z,219.8,219.86,215.66,218.98,118417,1744,217.963252
MU,1H,2025-10-27T15:00:00Z,219.47,221.07,219.13,219.53,44159,1026,220.285723
MU,1H,2025-10-27T16:00:00Z,219.46,219.63,217.9,218.06,51858,879,218.44839
MU,1H,2025-10-27T17:00:00Z,218.01,218.41,217.42,217.88,32931,657,217.920834
MU,1H,2025-10-27T18:00:00Z,217.79,218.9,217.74,218.66,38062,850,218.396508
MU,1H,2025-10-27T19:00:00Z,218.69,220.29,218.42,219.92,96233,1947,219.506376
MU,1H,2025-10-28T12:00:00Z,215.8,215.8,215.8,215.8,100,1,215.8
MU,1H,2025-10-28T13:00:00Z,218.68,219.97,217.43,217.6,33823,790,218.770902
MU,1H,2025-10-28T14:00:00Z,217.66,218.94,217.66,218.03,44398,1210,218.301183
MU,1H,2025-10-28T15:00:00Z,218.05,219.78,217.66,219.25,35430,982,218.646652
MU,1H,2025-10-28T16:00:00Z,219.2,222.59,218.7,221.1,54108,1094,220.90242
MU,1H,2025-10-28T17:00:00Z,221.27,222.44,220.88,221.42,27647,755,221.653342
MU,1H,2025-10-28T18:00:00Z,221.31,222,220.92,221.54,28400,862,221.481842
MU,1H,2025-10-28T19:00:00Z,221.65,222.64,221.13,221.7,80029,2006,221.852865
MU,1H,2025-10-29T12:00:00Z,228.91,228.91,228.07,228.07,480,3,228.427447
MU,1H,2025-10-29T13:00:00Z,228.83,231.84,226.2,230.84,94460,1514,229.05017
MU,1H,2025-10-29T14:00:00Z,230.6,231.88,227.72,231.19,89317,1641,230.135508
MU,1H,2025-10-29T15:00:00Z,231.3,231.86,227.91,228.41,47424,1107,229.972628
MU,1H,2025-10-29T16:00:00Z,228.41,230.14,227.81,229.93,41866,799,229.29832
MU,1H,2025-10-29T17:00:00Z,229.99,230.12,228.83,229.15,46976,1125,229.619077
MU,1H,2025-10-29T18:00:00Z,229.51,229.95,226.26,229.87,64512,1420,228.483773
MU,1H,2025-10-29T19:00:00Z,230.04,230.82,225.93,226.32,134581,2554,227.425139
MU,1H,2025-10-30T13:00:00Z,226.09,226.63,220.54,225.62,58378,1293,224.337168
MU,1H,2025-10-30T14:00:00Z,225.97,227.14,224.02,224.76,70553,1565,225.283093
MU,1H,2025-10-30T15:00:00Z,224.88,225.48,223.73,225.28,69366,1255,224.74423
MU,1H,2025-10-30T16:00:00Z,225.27,226.41,224.81,225.7,19712,553,225.720652
MU,1H,2025-10-30T17:00:00Z,225.4,226.47,224.87,226.21,27148,742,225.639363
MU,1H,2025-10-30T18:00:00Z,226.32,226.48,225.49,226.26,55499,1175,226.066498
MU,1H,2025-10-30T19:00:00Z,226.3,226.38,222.6,223.84,131493,2335,224.413581
MU,1H,2025-10-31T13:00:00Z,227.53,230.97,226.4,226.4,45570,1054,229.534437
MU,1H,2025-10-31T14:00:00Z,226.2,229.64,225.52,228.98,42970,1115,227.825587
MU,1H,2025-10-31T15:00:00Z,229.07,229.07,222.16,222.25,43831,1001,225.726648
MU,1H,2025-10-31T16:00:00Z,222.02,222.8,218.67,220.09,81878,1343,220.818927
MU,1H,2025-10-31T17:00:00Z,219.92,222.02,218.99,221.81,38374,974,220.413611
MU,1H,2025-10-31T18:00:00Z,221.9,222.98,221.76,222.61,31455,807,222.340387
MU,1H,2025-10-31T19:00:00Z,222.66,225.56,222.5,223.54,112869,2463,224.289696
MU,1H,2025-11-03T14:00:00Z,233.65,237.3,232.16,233.42,69394,1412,234.233909
MU,1H,2025-11-03T15:00:00Z,233.59,235.47,231.66,234.93,44907,1268,233.642881
MU,1H,2025-11-03T16:00:00Z,234.77,235.71,232.77,235.66,42117,1097,234.161779
MU,1H,2025-11-03T17:00:00Z,235.61,237.01,234.77,236.44,57063,1194,236.433976
MU,1H,2025-11-03T18:00:00Z,236.58,236.88,235.98,236.03,44831,813,236.571655
MU,1H,2025-11-03T19:00:00Z,236.01,236.11,234.22,234.89,33439,825,235.150226
MU,1H,2025-11-03T20:00:00Z,234.97,235.24,233.27,234.4,99073,2135,234.426435
MU,1H,2025-11-04T14:00:00Z,221.57,228.19,220.16,228.03,70422,1632,223.508859
MU,1H,2025-11-04T15:00:00Z,228.07,228.07,224.38,224.8,81399,1392,226.703579
MU,1H,2025-11-04T16:00:00Z,225.4,225.75,223.58,224.43,22322,745,224.458655
MU,1H,2025-11-04T17:00:00Z,224.36,224.74,222.62,222.64,29679,827,223.554371
MU,1H,2025-11-04T18:00:00Z,222.68,223.97,221.78,222.18,41893,1144,222.412931
MU,1H,2025-11-04T19:00:00Z,222.14,222.27,219.47,220.1,50756,1119,220.378755
MU,1H,2025-11-04T20:00:00Z,220.53,220.9,217.36,217.85,170035,3667,218.604039
MU,1H,2025-11-05T14:00:00Z,225.08,235.27,224.74,233.22,170170,2534,230.063387
MU,1H,2025-11-05T15:00:00Z,233.2,236.9,231.07,236.85,131364,1909,234.578195
MU,1H,2025-11-05T16:00:00Z,237.01,237.19,234.34,234.55,84615,1343,235.451862
MU,1H,2025-11-05T17:00:00Z,234.56,236.64,233.77,236.47,51505,1129,235.590647
MU,1H,2025-11-05T18:00:00Z,236.59,237.63,235.94,237.09,40348,1138,236.689855
MU,1H,2025-11-05T19:00:00Z,237.03,238.93,236.44,238.56,67562,1594,237.9928
MU,1H,2025-11-05T20:00:00Z,238.69,239.62,237.18,237.18,192529,3968,238.468778
MU,1H,2025-11-06T14:00:00Z,237.6,246.06,237.27,241.24,149913,1982,242.453738
MU,1H,2025-11-06T15:00:00Z,240.49,240.87,235.25,235.58,129285,2340,238.344072
MU,1H,2025-11-06T16:00:00Z,236.3,240.24,234.66,236.47,67304,1311,237.834096
MU,1H,2025-11-06T17:00:00Z,236.99,240.76,235.66,239.81,77586,1196,238.602803
MU,1H,2025-11-06T18:00:00Z,239.99,240.49,236.61,239.05,46139,1018,238.893967
MU,1H,2025-11-06T19:00:00Z,238.9,241.85,238.67,241.06,49231,1005,240.577052
MU,1H,2025-11-06T20:00:00Z,241.28,241.73,237.31,238.16,197918,3102,238.934939
MU,1H,2025-11-07T14:00:00Z,234.05,242.26,227.58,241.6,162169,2639,233.865286
MU,1H,2025-11-07T15:00:00Z,241.97,241.97,229.18,230.27,115801,2279,235.068204
MU,1H,2025-11-07T16:00:00Z,230.17,231.18,226.28,227.33,109289,2333,228.55844
MU,1H,2025-11-07T17:00:00Z,227.27,230.85,226.6,229.86,50499,1173,228.499046
MU,1H,2025-11-07T18:00:00Z,230.3,233.98,230,233.14,45072,1106,232.524745
MU,1H,2025-11-07T19:00:00Z,232.7,234.97,231.76,234.97,51172,1155,233.137285
MU,1H,2025-11-07T20:00:00Z,234.89,237.68,233.91,237.67,133814,3147,235.969846
MU,1H,2025-11-07T21:00:00Z,238.59,239.25,238.53,239.06,1208,20,238.830092
MU,1H,2025-11-10T14:00:00Z,247.83,256.67,247.82,255.27,221861,2509,251.610074
MU,1H,2025-11-10T15:00:00Z,255.17,256.75,252.56,254.33,135703,2078,254.746944
MU,1H,2025-11-10T16:00:00Z,253.78,253.94,251.48,253.91,76382,1792,252.888495
MU,1H,2025-11-10T17:00:00Z,253.83,255.2,253.2,254.43,38851,1224,254.38386
MU,1H,2025-11-10T18:00:00Z,254.27,255.16,253.36,253.36,58373,1328,254.189936
MU,1H,2025-11-10T19:00:00Z,253.4,254.49,251.83,253.51,58594,1273,253.104356
MU,1H,2025-11-10T20:00:00Z,253.34,254.44,252.77,252.97,76882,2115,253.212902
MU,1H,2025-11-11T14:00:00Z,247.91,249.62,242.21,243.81,103199,1951,245.71072
MU,1H,2025-11-11T15:00:00Z,243.83,244.64,239.43,240.97,104570,2043,241.40703
MU,1H,2025-11-11T16:00:00Z,241.05,244.37,241.03,242.64,57633,1570,242.882913
MU,1H,2025-11-11T17:00:00Z,242.62,244.38,242.43,244.13,36040,1125,243.277932
MU,1H,2025-11-11T18:00:00Z,244.3,245.52,242.59,245.41,31880,1071,244.11384
MU,1H,2025-11-11T19:00:00Z,245.09,245.12,241.86,242.07,42087,1104,242.652926
MU,1H,2025-11-11T20:00:00Z,242.11,242.92,240.28,240.91,109980,2971,241.387339
MU,1H,2025-11-12T14:00:00Z,244.66,245.05,240.65,242.27,65188,1341,243.083273
MU,1H,2025-11-12T15:00:00Z,242.27,248.82,242.27,243.88,83240,1602,245.812337
MU,1H,2025-11-12T16:00:00Z,243.89,245.06,240.85,242.97,55923,1142,242.486494
MU,1H,2025-11-12T17:00:00Z,242.76,244.96,241.99,244.8,28558,721,243.21054
MU,1H,2025-11-12T18:00:00Z,244.72,245.95,243.97,244.38,31669,815,245.076892
MU,1H,2025-11-12T19:00:00Z,244.38,244.51,243.15,243.61,19643,710,243.686677
MU,1H,2025-11-12T20:00:00Z,243.55,245.04,242.6,244.77,68525,2099,243.893844
MU,1H,2025-11-12T21:00:00Z,244.85,244.88,244.85,244.88,420,8,244.864155
MU,1H,2025-11-13T13:00:00Z,243.1,243.1,242.89,242.89,235,3,243
MU,1H,2025-11-13T14:00:00Z,243.34,246.79,238.58,244.93,129967,2625,243.774908
MU,1H,2025-11-13T15:00:00Z,245.16,249.02,235.46,237.49,127056,2727,242.293399
MU,1H,2025-11-13T16:00:00Z,236.9,238.04,234.52,235.27,56572,1713,236.166548
MU,1H,2025-11-13T17:00:00Z,235.66,237.47,233.37,233.84,55783,1360,235.905047
MU,1H,2025-11-13T18:00:00Z,234.28,234.35,230.05,231.73,50141,1312,232.32087
MU,1H,2025-11-13T19:00:00Z,231.99,233.99,230.27,232.79,54838,1498,232.298096
MU,1H,2025-11-13T20:00:00Z,233.03,238.45,233.01,236.73,100433,2664,236.360978
MU,1H,2025-11-14T13:00:00Z,232.05,233.3,232.05,233.3,300,3,232.626667
MU,1H,2025-11-14T14:00:00Z,232.32,251.49,231.2,248.59,184524,3173,241.648497
MU,1H,2025-11-14T15:00:00Z,248.57,253.49,244.04,253.37,126311,2869,248.317781
MU,1H,2025-11-14T16:00:00Z,253.43,254.85,250.53,254.45,82185,2461,253.116927
MU,1H,2025-11-14T17:00:00Z,253.89,254.27,252.01,252.17,43383,1619,253.496622
MU,1H,2025-11-14T18:00:00Z,252.23,252.26,248.43,250.2,51240,1488,250.378723
MU,1H,2025-11-14T19:00:00Z,250.15,250.74,248.52,250.28,105964,1738,249.606952
MU,1H,2025-11-14T20:00:00Z,250.26,250.9,246.07,246.62,229237,3888,248.12773
MU,1H,2025-11-17T14:00:00Z,246.51,260.13,245.92,257.88,150407,2245,254.25607
MU,1H,2025-11-17T15:00:00Z,257.97,258.42,249.89,251.21,143291,2093,253.019574
MU,1H,2025-11-17T16:00:00Z,251.51,251.72,247.53,250.02,73814,1297,249.5688
MU,1H,2025-11-17T17:00:00Z,249.91,250,245.63,245.66,48244,1094,247.95007
MU,1H,2025-11-17T18:00:00Z,245.75,246.19,242.8,243.36,98023,1649,244.943452
MU,1H,2025-11-17T19:00:00Z,243.31,244.56,240.7,240.76,105463,1328,241.77211
MU,1H,2025-11-17T20:00:00Z,240.65,242.88,239.27,241.64,511585,5043,241.136558
MU,1H,2025-11-18T14:00:00Z,238.05,238.64,229.97,230.32,115323,2285,234.749521
MU,1H,2025-11-18T15:00:00Z,230.24,231.76,227.34,227.72,359948,5282,229.324051
MU,1H,2025-11-18T16:00:00Z,227.45,232.33,225.31,231.68,228429,4697,228.875388
MU,1H,2025-11-18T17:00:00Z,231.65,233.68,228.6,233.1,94020,2608,230.505305
MU,1H,2025-11-18T18:00:00Z,233.17,234.74,231.43,231.91,103153,3208,233.416381
MU,1H,2025-11-18T19:00:00Z,232.04,232.94,230.73,232.29,91462,2826,231.787503
MU,1H,2025-11-18T20:00:00Z,232.09,232.6,228.23,228.23,259301,5069,229.109469
MU,1H,2025-11-18T21:00:00Z,227.43,227.43,227.43,227.43,100,1,227.43
MU,1H,2025-11-19T14:00:00Z,226.76,230.68,226,229.79,509974,3586,228.064735
MU,1H,2025-11-19T15:00:00Z,229.79,233.9,227.78,228.35,179649,2978,231.665936
MU,1H,2025-11-19T16:00:00Z,228.26,228.57,221.88,222.76,371008,3205,224.487892
MU,1H,2025-11-19T17:00:00Z,222.47,222.49,216.24,220.97,260053,3036,219.863882
MU,1H,2025-11-19T18:00:00Z,220.67,224.48,220.43,223.9,227426,1887,222.646418
MU,1H,2025-11-19T19:00:00Z,223.98,226.78,222.66,226.04,169921,1620,223.881198
MU,1H,2025-11-19T20:00:00Z,226.43,228.2,225.55,225.68,206960,2589,226.805988
MU,1H,2025-11-20T14:00:00Z,230.02,230.02,217.65,223.71,480867,3935,224.770434
MU,1H,2025-11-20T15:00:00Z,224.28,224.63,219.14,219.15,473516,4690,221.964267
MU,1H,2025-11-20T16:00:00Z,219.04,219.85,206.2,207.57,295061,4164,213.656567
MU,1H,2025-11-20T17:00:00Z,207,209.31,203.86,208.15,147116,2583,206.57465
MU,1H,2025-11-20T18:00:00Z,208.13,211.52,204.26,205.21,127114,2042,208.071433
MU,1H,2025-11-20T19:00:00Z,205.13,206.75,203.5,206.71,79615,1615,204.773313
MU,1H,2025-11-20T20:00:00Z,206.47,206.47,199.42,201.18,226806,4091,201.666687
MU,1H,2025-11-21T14:00:00Z,204.33,205.85,199.71,201.98,123884,2175,202.967735
MU,1H,2025-11-21T15:00:00Z,202.42,203.31,192.68,194.28,237927,3666,196.448736
MU,1H,2025-11-21T16:00:00Z,194.56,205.01,192.43,204.98,140912,2465,198.576707
MU,1H,2025-11-21T17:00:00Z,205.04,205.04,201.97,203.78,77456,1576,203.749091
MU,1H,2025-11-21T18:00:00Z,204.14,209.77,202,208.85,103413,1688,205.978038
MU,1H,2025-11-21T19:00:00Z,208.61,211.74,208.18,209.07,153506,2136,210.434747
MU,1H,2025-11-21T20:00:00Z,208.91,210.63,206.98,207.16,171896,3019,208.59212
MU,1H,2025-11-24T14:00:00Z,213.28,222.73,212.28,221.78,123310,2007,218.902545
MU,1H,2025-11-24T15:00:00Z,222.04,223.75,219.15,221.3,60420,1305,221.058052
MU,1H,2025-11-24T16:00:00Z,221.46,224.06,221.46,223.11,51966,1088,223.047527
MU,1H,2025-11-24T17:00:00Z,223.16,224.95,221.79,224.87,46414,817,224.074431
MU,1H,2025-11-24T18:00:00Z,225.05,225.05,223.63,223.83,32747,703,224.184129
MU,1H,2025-11-24T19:00:00Z,223.54,224.17,222.23,222.23,37213,743,223.403147
MU,1H,2025-11-24T20:00:00Z,222.48,225.73,222.48,223.64,105164,2426,224.02192
MU,1H,2025-11-24T21:00:00Z,224.7,224.7,224.7,224.7,227,4,224.7
MU,1H,2025-11-25T13:00:00Z,219.25,219.25,219.25,219.25,100,1,219.25
MU,1H,2025-11-25T14:00:00Z,218.81,222.74,215.88,222.74,61067,1381,218.721234
MU,1H,2025-11-25T15:00:00Z,221.47,221.58,216.61,219.67,67046,1912,218.843497
MU,1H,2025-11-25T16:00:00Z,219.01,221.77,218.51,221.57,40413,1296,220.899806
MU,1H,2025-11-25T17:00:00Z,221.69,225.18,221.39,223.28,20764,782,223.428605
MU,1H,2025-11-25T18:00:00Z,223.81,225.72,223.67,225.4,18508,761,224.75904
MU,1H,2025-11-25T19:00:00Z,225.44,225.65,223.05,224.62,32266,1044,224.334292
MU,1H,2025-11-25T20:00:00Z,224.55,225.93,224.04,224.27,70146,2087,224.669043
MU,1H,2025-11-25T21:00:00Z,222.98,222.98,222.98,222.98,154,5,222.98
MU,1H,2025-11-26T13:00:00Z,226.97,226.97,226.97,226.97,100,1,226.97
MU,1H,2025-11-26T14:00:00Z,228.79,232.77,225.89,226.03,88609,1604,230.163799
MU,1H,2025-11-26T15:00:00Z,225.96,230.51,225.95,230.23,54377,1077,228.202423
MU,1H,2025-11-26T16:00:00Z,230.28,232.25,229.91,230.7,76708,1239,230.854152
MU,1H,2025-11-26T17:00:00Z,230.68,232.25,229.54,230.71,27590,629,230.93584
MU,1H,2025-11-26T18:00:00Z,230.66,231.24,229.94,230.18,33202,624,230.500467
MU,1H,2025-11-26T19:00:00Z,230.28,232.18,230.16,232.1,37533,815,231.227726
MU,1H,2025-11-26T20:00:00Z,232.07,233.5,229.99,230.11,74907,1663,231.669009
MU,1H,2025-11-28T14:00:00Z,235.38,237.76,233.98,235.85,87684,1549,236.265314
MU,1H,2025-11-28T15:00:00Z,236.14,237.22,233.38,235.42,71528,1668,235.361259
MU,1H,2025-11-28T16:00:00Z,235.3,237.32,234.86,236.83,28689,841,235.984804
MU,1H,2025-11-28T17:00:00Z,236.45,236.96,234.46,236.33,94980,2259,235.467843
MU,1H,2025-12-01T14:00:00Z,231.3,237.64,231.3,234.37,60348,1117,233.87794
MU,1H,2025-12-01T15:00:00Z,235.16,237.52,234.27,236.78,56067,1129,236.047984
MU,1H,2025-12-01T16:00:00Z,236.77,237.53,235.17,237.03,23765,596,236.615286
MU,1H,2025-12-01T17:00:00Z,237.43,240.7,237.24,239.62,44474,898,239.135224
MU,1H,2025-12-01T18:00:00Z,239.66,242.07,239.66,241.67,48095,1046,241.072873
MU,1H,2025-12-01T19:00:00Z,241.43,241.56,238.06,239.27,74416,1406,239.658313
MU,1H,2025-12-01T20:00:00Z,239.14,240.88,239.14,240.35,70776,1937,240.013412
MU,1H,2025-12-02T13:00:00Z,238.32,238.32,238.32,238.32,100,1,238.32
MU,1H,2025-12-02T14:00:00Z,238.98,244.05,236.97,242.62,51780,1239,241.032416
MU,1H,2025-12-02T15:00:00Z,242.83,243.27,235.72,236.63,83608,2061,239.139761
MU,1H,2025-12-02T16:00:00Z,236.7,237.94,234.25,237.1,63820,1513,235.837796
MU,1H,2025-12-02T17:00:00Z,237.74,239.72,236.4,238.5,40272,1047,238.289125
MU,1H,2025-12-02T18:00:00Z,239.26,240.66,239.26,239.76,20392,641,240.1243
MU,1H,2025-12-02T19:00:00Z,239.81,240.14,238.73,239.74,45332,982,239.449432
MU,1H,2025-12-02T20:00:00Z,239.7,239.7,238.3,239.24,83149,2228,238.885914
MU,1H,2025-12-03T14:00:00Z,236.16,237.46,227.91,230.57,73776,1709,231.43763
MU,1H,2025-12-03T15:00:00Z,231.07,236.15,230.54,235.64,94156,2157,233.649839
MU,1H,2025-12-03T16:00:00Z,235.61,236.35,232.28,232.78,47589,1302,233.987711
MU,1H,2025-12-03T17:00:00Z,232.86,234.23,232.61,233.9,39279,1100,233.43754
MU,1H,2025-12-03T18:00:00Z,233.96,234.17,231.64,232.14,70900,1464,232.66208
MU,1H,2025-12-03T19:00:00Z,232.12,233.38,231.91,233.26,63924,1400,232.409691
MU,1H,2025-12-03T20:00:00Z,233.39,234.15,233.23,233.94,146574,2746,233.758943
MU,1H,2025-12-04T14:00:00Z,230.04,230.07,223.11,225.69,130143,1828,226.469959
MU,1H,2025-12-04T15:00:00Z,225.38,228.33,224.3,225.32,100620,1842,226.095871
MU,1H,2025-12-04T16:00:00Z,225.23,228.4,224.1,228.4,48108,1121,226.228268
MU,1H,2025-12-04T17:00:00Z,228.41,229.88,225.73,226.4,79469,1256,227.514287
MU,1H,2025-12-04T18:00:00Z,226.34,227.4,225.81,226.79,68791,1156,226.326508
MU,1H,2025-12-04T19:00:00Z,226.64,227.72,226.18,226.29,55145,1107,226.865464
MU,1H,2025-12-04T20:00:00Z,226.43,226.63,224.56,226.46,142959,3005,225.584392
MU,1H,2025-12-04T21:00:00Z,226.72,226.72,226.72,226.72,100,1,226.72
MU,1H,2025-12-05T14:00:00Z,228.72,233.8,226.61,233.3,88471,1770,231.050427
MU,1H,2025-12-05T15:00:00Z,233.42,236.4,232,232.63,118397,2347,234.578317
MU,1H,2025-12-05T16:00:00Z,232.94,237.07,231.91,235.98,63316,1546,234.412849
MU,1H,2025-12-05T17:00:00Z,236.14,238.56,235.69,237.99,28990,884,236.841789
MU,1H,2025-12-05T18:00:00Z,237.81,240.31,237.25,238.35,52849,1181,238.716389
MU,1H,2025-12-05T19:00:00Z,238.25,238.25,236.12,237.68,50680,1088,236.963727
MU,1H,2025-12-05T20:00:00Z,237.58,238.58,236.63,236.95,88154,2033,237.340777
MU,1H,2025-12-08T14:00:00Z,243.46,248.61,242.59,246.04,90481,2032,246.163512
MU,1H,2025-12-08T15:00:00Z,246.33,247.28,241.81,241.81,48501,1228,244.391825
MU,1H,2025-12-08T16:00:00Z,241.88,243.44,241.52,242.26,33026,944,242.494506
MU,1H,2025-12-08T17:00:00Z,242.14,244.12,241.51,243.45,27119,622,242.642315
MU,1H,2025-12-08T18:00:00Z,243.77,244.62,242.2,242.55,27090,738,243.619203
MU,1H,2025-12-08T19:00:00Z,242.44,244.19,241.74,243.7,33941,871,242.618854
MU,1H,2025-12-08T20:00:00Z,243.65,246.75,242.99,246.72,89038,2204,244.885335
MU,1H,2025-12-09T13:00:00Z,245.05,245.05,245.05,245.05,175,2,245.05
MU,1H,2025-12-09T14:00:00Z,244.07,248.5,242.7,248.5,48310,1031,246.31024
MU,1H,2025-12-09T15:00:00Z,247.8,252.92,247.44,252.91,58948,1188,249.845405
MU,1H,2025-12-09T16:00:00Z,253.04,255.23,251.56,252.51,63819,1159,253.473963
MU,1H,2025-12-09T17:00:00Z,252.52,253.28,251.92,252.19,21018,428,252.604143
MU,1H,2025-12-09T18:00:00Z,252.02,253,251.17,251.45,20422,419,251.918824
MU,1H,2025-12-09T19:00:00Z,251.36,252.77,250.4,251.42,34245,728,251.587693
MU,1H,2025-12-09T20:00:00Z,251.29,253.07,251.29,252.29,50744,1433,252.382719
MU,1H,2025-12-10T14:00:00Z,254.9,256.31,250.43,252.66,48048,1024,253.314244
MU,1H,2025-12-10T15:00:00Z,252.56,254.78,251.69,253.76,60027,1360,253.205729
MU,1H,2025-12-10T16:00:00Z,253.57,258.65,252.56,258.03,63033,1218,256.121721
MU,1H,2025-12-10T17:00:00Z,257.9,258.6,257.33,257.9,50205,1044,257.991871
MU,1H,2025-12-10T18:00:00Z,257.87,258.99,257.67,258.55,44455,1102,258.294753
MU,1H,2025-12-10T19:00:00Z,258.97,262.3,258.28,262.27,93270,1905,260.170267
MU,1H,2025-12-10T20:00:00Z,262.51,264.33,261.28,263.46,144878,3278,263.310443
MU,1H,2025-12-11T14:00:00Z,261.35,262.36,253.04,253.04,63486,1544,258.243309
MU,1H,2025-12-11T15:00:00Z,252.83,260.13,251.67,258.18,50989,1419,256.889432
MU,1H,2025-12-11T16:00:00Z,258.28,258.98,255.52,255.93,28560,861,256.830437
MU,1H,2025-12-11T17:00:00Z,256.05,259.41,255.74,257.86,43212,1108,257.340849
MU,1H,2025-12-11T18:00:00Z,258.12,258.91,257.24,257.98,22970,658,257.930143
MU,1H,2025-12-11T19:00:00Z,257.86,258.33,256.44,258.23,24642,823,257.525043
MU,1H,2025-12-11T20:00:00Z,258.35,259.4,257.38,258.22,50343,1658,258.419759
MU,1H,2025-12-12T14:00:00Z,255.26,255.26,247.24,248.91,94438,1822,250.379205
MU,1H,2025-12-12T15:00:00Z,248.77,248.77,241.62,242.16,108915,2187,244.973517
MU,1H,2025-12-12T16:00:00Z,241.96,243.44,239.2,242.49,131565,2350,241.329594
MU,1H,2025-12-12T17:00:00Z,242.58,246.11,242.58,244.8,60388,1497,244.682258
MU,1H,2025-12-12T18:00:00Z,244.9,247.61,244.11,244.11,48015,1031,246.358614
MU,1H,2025-12-12T19:00:00Z,244.2,244.2,241.55,242.94,47578,1044,242.379366
MU,1H,2025-12-12T20:00:00Z,242.74,242.98,239.55,240.85,104921,2332,241.071867
MU,1H,2025-12-15T14:00:00Z,247.32,249.78,242.68,243.94,79401,1633,246.625874
MU,1H,2025-12-15T15:00:00Z,243.44,245.43,241.57,243.15,81326,1999,243.454751
MU,1H,2025-12-15T16:00:00Z,243.19,245.14,241.24,243.31,50390,1426,243.333542
MU,1H,2025-12-15T17:00:00Z,243.41,244.13,242.35,242.82,52263,960,243.268457
MU,1H,2025-12-15T18:00:00Z,242.64,242.78,241.49,241.85,26793,799,242.034049
MU,1H,2025-12-15T19:00:00Z,241.87,242.48,238.78,239.75,35362,864,240.31352
MU,1H,2025-12-15T20:00:00Z,239.37,239.9,235.8,237.28,113529,2735,237.414521
MU,1H,2025-12-16T14:00:00Z,235.34,238.62,233.03,238.62,59672,1145,236.538235
MU,1H,2025-12-16T15:00:00Z,238.83,239.09,231.97,234.26,79986,1361,234.117536
MU,1H,2025-12-16T16:00:00Z,234.58,235.3,231.15,234.38,46399,1222,233.029047
MU,1H,2025-12-16T17:00:00Z,233.99,234.77,231.04,231.19,30561,819,232.434063
MU,1H,2025-12-16T18:00:00Z,231.18,233.36,230.51,232.91,62674,1273,232.203436
MU,1H,2025-12-16T19:00:00Z,232.74,232.92,230.39,231.34,42438,1081,231.448973
MU,1H,2025-12-16T20:00:00Z,231.22,233.91,231.17,232.1,165753,3085,232.608945
MU,1H,2025-12-17T14:00:00Z,236.27,237.02,232.49,235.31,112419,1853,234.759311
MU,1H,2025-12-17T15:00:00Z,235.38,236.76,225.66,226.34,152436,2196,232.282116
MU,1H,2025-12-17T16:00:00Z,226.67,228.95,225.51,226.56,72597,1305,227.039962
MU,1H,2025-12-17T17:00:00Z,226.53,226.75,224.04,224.81,63624,1169,224.950766
MU,1H,2025-12-17T18:00:00Z,224.74,226.58,223.46,223.86,56835,1033,225.220536
MU,1H,2025-12-17T19:00:00Z,223.6,226.98,221.47,226.54,75333,1379,223.652225
MU,1H,2025-12-17T20:00:00Z,226.6,226.62,224.34,225.44,233415,3599,225.534123
MU,1H,2025-12-17T21:00:00Z,238.78,239.81,238.77,239.77,29046,297,239.753816
MU,1H,2025-12-18T13:00:00Z,257.41,257.41,257.41,257.41,100,1,257.41
MU,1H,2025-12-18T14:00:00Z,257.49,263.03,253.01,255.89,257956,3950,257.501325
MU,1H,2025-12-18T15:00:00Z,254.76,255.94,246.29,251.97,183319,2907,250.464677
MU,1H,2025-12-18T16:00:00Z,252.06,254.28,248.56,253.7,148148,1771,251.821521
MU,1H,2025-12-18T17:00:00Z,253.56,254.44,249.87,253.2,63322,1114,251.96031
MU,1H,2025-12-18T18:00:00Z,253.66,257.88,253.02,255,54446,933,255.940002
MU,1H,2025-12-18T19:00:00Z,255.39,255.63,249.64,249.72,50818,879,252.145517
MU,1H,2025-12-18T20:00:00Z,249.75,253.04,248.1,248.28,124305,2334,250.479414
MU,1H,2025-12-18T21:00:00Z,247.95,247.95,246.81,246.81,530,12,247.39
MU,1H,2025-12-19T13:00:00Z,251.37,251.5,251.37,251.5,370,7,251.435
MU,1H,2025-12-19T14:00:00Z,251.5,267.99,251.5,266.41,148648,2161,263.920629
MU,1H,2025-12-19T15:00:00Z,266.51,266.7,261.11,262.63,193155,2751,263.322059
MU,1H,2025-12-19T16:00:00Z,262.01,264.39,260.7,262.13,76334,1541,262.056463
MU,1H,2025-12-19T17:00:00Z,261.97,266.22,261.97,265.39,82637,1486,264.461257
MU,1H,2025-12-19T18:00:00Z,265.39,266.75,264.89,266.59,56895,1078,265.89936
MU,1H,2025-12-19T19:00:00Z,266.49,266.93,265.71,265.99,82801,1342,266.407599
MU,1H,2025-12-19T20:00:00Z,265.85,267.76,264.83,265.6,257805,3921,266.349122
MU,1H,2025-12-22T13:00:00Z,276.17,276.17,276.17,276.17,250,7,276.17
MU,1H,2025-12-22T14:00:00Z,275.48,276.87,269.28,273.4,86874,1509,272.85657
MU,1H,2025-12-22T15:00:00Z,273.47,273.47,268.38,270.83,64296,1221,270.596063
MU,1H,2025-12-22T16:00:00Z,270.89,271.35,269.67,270.93,31279,688,270.64566
MU,1H,2025-12-22T17:00:00Z,271.02,273.99,270.49,272.84,45226,933,272.025958
MU,1H,2025-12-22T18:00:00Z,272.9,274.53,272.72,274.03,20493,574,273.295322
MU,1H,2025-12-22T19:00:00Z,273.93,276.65,273.39,275.93,60004,1095,275.193881
MU,1H,2025-12-22T20:00:00Z,276.1,276.45,274.88,276.37,79333,1619,275.881783
MU,1H,2025-12-23T13:00:00Z,273.98,273.98,273.98,273.98,100,1,273.98
MU,1H,2025-12-23T14:00:00Z,275.44,281.33,275.07,275.07,65029,1290,278.248912
MU,1H,2025-12-23T15:00:00Z,275.34,277.42,272.18,277.18,60811,1259,274.619926
MU,1H,2025-12-23T16:00:00Z,277.14,277.38,274.51,276.52,35417,899,276.094446
MU,1H,2025-12-23T17:00:00Z,276.4,276.71,275.7,276.32,15984,486,276.186629
MU,1H,2025-12-23T18:00:00Z,276.1,277.44,275.08,275.2,36068,814,276.440736
MU,1H,2025-12-23T19:00:00Z,275.12,276.76,275.12,276.32,21412,687,276.03755
MU,1H,2025-12-23T20:00:00Z,276.28,276.69,275.06,276,56473,1249,275.753446
MU,1H,2025-12-24T14:00:00Z,276.98,287.42,276.98,285.9,69754,1387,284.755035
MU,1H,2025-12-24T15:00:00Z,285.9,288.98,285.24,285.82,71610,1279,287.323415
MU,1H,2025-12-24T16:00:00Z,285.84,286.58,284.96,286.26,36847,815,285.841971
MU,1H,2025-12-24T17:00:00Z,286.29,286.42,284.17,286.37,48668,1108,285.471027
MU,1H,2025-12-26T14:00:00Z,290.55,290.55,284.41,285.82,84743,1469,286.655576
MU,1H,2025-12-26T15:00:00Z,286.19,286.8,284.49,284.96,46461,913,285.646479
MU,1H,2025-12-26T16:00:00Z,284.91,285.35,284.05,284.34,38961,939,284.700094
MU,1H,2025-12-26T17:00:00Z,284.49,284.63,283.22,284.21,21337,457,283.780507
MU,1H,2025-12-26T18:00:00Z,284.03,285.54,284.03,285.03,22222,452,284.735146
MU,1H,2025-12-26T19:00:00Z,285.23,285.62,284.24,285.55,29068,610,284.943424
MU,1H,2025-12-26T20:00:00Z,285.68,285.85,284.06,284.45,53499,1128,284.810706
MU,1H,2025-12-29T13:00:00Z,280.6,280.6,278.85,278.85,250,2,279.9
MU,1H,2025-12-29T14:00:00Z,279.7,287.19,278.4,285.44,45083,962,283.850472
MU,1H,2025-12-29T15:00:00Z,285.25,286.73,282.84,285.49,30995,778,285.180619
MU,1H,2025-12-29T16:00:00Z,285.62,287.27,284.83,286.3,18026,521,286.453536
MU,1H,2025-12-29T17:00:00Z,286.27,289.72,286.27,289.5,37703,748,288.104608
MU,1H,2025-12-29T18:00:00Z,289.07,291.64,289.07,290.43,41820,803,290.548814
MU,1H,2025-12-29T19:00:00Z,290.51,293,290.28,292.33,36983,797,291.463277
MU,1H,2025-12-29T20:00:00Z,292.35,294.26,292.35,294.2,68025,1816,293.50814
MU,1H,2025-12-30T14:00:00Z,294.64,298.66,292.96,294.98,94683,1899,296.084976
MU,1H,2025-12-30T15:00:00Z,295,295.96,291.96,295.37,48367,1279,294.196995
MU,1H,2025-12-30T16:00:00Z,295.23,296.54,293.57,293.96,29739,727,295.107474
MU,1H,2025-12-30T17:00:00Z,294.36,295.32,294.25,294.77,25286,644,294.856921
MU,1H,2025-12-30T18:00:00Z,294.74,295.73,293.86,294.16,43142,934,294.584487
MU,1H,2025-12-30T19:00:00Z,294.25,295.13,293.98,294.26,47586,1070,294.648915
MU,1H,2025-12-30T20:00:00Z,294.28,294.28,291.84,292.44,105831,1963,293.240636
MU,1H,2025-12-31T14:00:00Z,292.1,292.48,285.74,287.22,41681,963,288.026905
MU,1H,2025-12-31T15:00:00Z,287.08,288.16,284.3,287.47,42009,929,286.217252
MU,1H,2025-12-31T16:00:00Z,287.49,288.31,286.82,287.66,18035,407,287.600506
MU,1H,2025-12-31T17:00:00Z,287.64,287.65,286.6,286.72,10914,248,287.127577
MU,1H,2025-12-31T18:00:00Z,286.64,288.12,286.64,287.38,9556,191,287.55087
MU,1H,2025-12-31T19:00:00Z,287.13,287.87,285.18,285.69,16629,281,286.421003
MU,1H,2025-12-31T20:00:00Z,285.38,286.44,284.22,285.31,45244,908,285.30305
MU,1H,2026-01-02T14:00:00Z,295.03,308.39,295.03,306.93,126616,2302,304.252946
MU,1H,2026-01-02T15:00:00Z,307,310.25,306.29,306.7,101965,1977,308.111285
MU,1H,2026-01-02T16:00:00Z,306.79,308.59,304.83,306.9,38850,1127,306.807181
MU,1H,2026-01-02T17:00:00Z,306.97,309.77,306.75,309.16,37821,935,308.559837
MU,1H,2026-01-02T18:00:00Z,309.68,312.73,309.14,311.41,44595,1085,311.392215
MU,1H,2026-01-02T19:00:00Z,311.46,314.14,310.89,313.67,52018,1134,312.918686
MU,1H,2026-01-02T20:00:00Z,313.63,315.33,313.31,315.2,112175,2317,314.714888
MU,1H,2026-01-05T14:00:00Z,323.67,325.15,312.74,315.36,142716,2615,316.627278
MU,1H,2026-01-05T15:00:00Z,315.55,319.7,311.55,317.24,81367,2162,316.582337
MU,1H,2026-01-05T16:00:00Z,317.01,317.14,313.37,313.69,54098,1466,315.249639
MU,1H,2026-01-05T17:00:00Z,313.29,313.9,309.91,312.34,84434,1607,311.784516
MU,1H,2026-01-05T18:00:00Z,312.49,312.93,310.1,311.68,74870,1585,311.581572
MU,1H,2026-01-05T19:00:00Z,311.63,311.64,309.53,310.56,37027,1020,310.216878
MU,1H,2026-01-05T20:00:00Z,310.59,312.19,310.1,311.94,95134,2350,311.568107
MU,1H,2026-01-05T21:00:00Z,311.56,313.2,311.56,312.3,421,7,312.3025
MU,1H,2026-01-06T13:00:00Z,316.37,316.37,315.71,315.71,444,7,316.04
MU,1H,2026-01-06T14:00:00Z,318.27,334.03,318.27,332.12,267215,3178,324.794975
MU,1H,2026-01-06T15:00:00Z,332.2,336.18,329.68,329.95,100873,2107,332.431866
MU,1H,2026-01-06T16:00:00Z,329.36,334.68,328.74,331.55,112491,1855,332.777456
MU,1H,2026-01-06T17:00:00Z,331.78,334.27,330.11,334.07,117674,1767,331.561638
MU,1H,2026-01-06T18:00:00Z,334.24,336.67,332.98,336.67,44673,943,334.747637
MU,1H,2026-01-06T19:00:00Z,336.58,338.84,336.03,338.84,44752,911,337.326454
MU,1H,2026-01-06T20:00:00Z,338.81,344.3,338.11,343.31,185458,3653,342.299058
MU,1H,2026-01-06T21:00:00Z,344.28,344.28,344.28,344.28,177,5,344.28
MU,1H,2026-01-07T14:00:00Z,340.44,345.19,337.95,339.77,108122,2473,341.354033
MU,1H,2026-01-07T15:00:00Z,339.12,346.05,337.13,342.72,88678,2505,342.874442
MU,1H,2026-01-07T16:00:00Z,342.37,343.6,340.23,341.39,57296,1686,341.651949
MU,1H,2026-01-07T17:00:00Z,341.39,342.39,339.45,339.66,54034,1144,340.467426
MU,1H,2026-01-07T18:00:00Z,339.8,340.56,337.9,339.16,81407,1234,339.310951
MU,1H,2026-01-07T19:00:00Z,339.21,339.9,337.28,337.55,68168,1604,338.912298
MU,1H,2026-01-07T20:00:00Z,337.9,339.74,337.06,338.56,166433,3033,338.685615
MU,1H,2026-01-08T13:00:00Z,341.25,341.25,341.25,341.25,100,1,341.25
MU,1H,2026-01-08T14:00:00Z,342.58,343,328.4,328.4,97847,1890,335.225788
MU,1H,2026-01-08T15:00:00Z,328.43,330.7,321.25,324.92,157346,3197,326.615649
MU,1H,2026-01-08T16:00:00Z,324.74,325.8,322.3,323.79,80968,1606,323.796824
MU,1H,2026-01-08T17:00:00Z,323.76,328.01,322.81,327.74,76236,1587,325.470077
MU,1H,2026-01-08T18:00:00Z,327.74,328.12,326.25,327.1,55464,1157,327.508781
MU,1H,2026-01-08T19:00:00Z,327.18,327.87,323.63,327.02,97163,1758,325.753233
MU,1H,2026-01-08T20:00:00Z,326.47,327.13,325.26,326.87,81672,2413,326.357055
MU,1H,2026-01-08T21:00:00Z,326.62,326.62,326.62,326.62,200,5,326.62
MU,1H,2026-01-09T14:00:00Z,332.64,337.84,326,337,74623,1028,333.959898
MU,1H,2026-01-09T15:00:00Z,337.11,339.96,334.69,338.68,79745,1243,338.058583
MU,1H,2026-01-09T16:00:00Z,339.47,342.19,338.03,338.87,56551,1001,339.769492
MU,1H,2026-01-09T17:00:00Z,338.77,340.29,338.35,339.71,44013,662,339.45211
MU,1H,2026-01-09T18:00:00Z,339.85,341.99,339.72,341.96,56886,873,340.865113
MU,1H,2026-01-09T19:00:00Z,341.84,345.26,341.07,344.49,119240,1479,343.743559
MU,1H,2026-01-09T20:00:00Z,344.43,345.56,343.18,344.77,158817,2634,344.502338
MU,1H,2026-01-12T14:00:00Z,340.22,348.19,339.2,344.44,104167,1776,344.156572
MU,1H,2026-01-12T15:00:00Z,344.38,346.17,341.64,345.22,54508,1370,344.371128
MU,1H,2026-01-12T16:00:00Z,345.1,346.88,343.72,345.7,40878,1147,345.505447
MU,1H,2026-01-12T17:00:00Z,345.75,346.42,344.21,344.21,19120,679,345.03893
MU,1H,2026-01-12T18:00:00Z,344.32,345.36,344.01,344.27,19982,720,344.801621
MU,1H,2026-01-12T19:00:00Z,344.21,345.16,343.73,344.76,11793,508,344.423475
MU,1H,2026-01-12T20:00:00Z,344.69,346.57,344.32,345.69,66197,1772,345.632505
MU,1H,2026-01-13T14:00:00Z,346.07,350.73,339.5,341.56,56814,1020,343.884539
MU,1H,2026-01-13T15:00:00Z,341.99,343.34,337.56,339.99,72985,1270,339.804325
MU,1H,2026-01-13T16:00:00Z,340.16,343,338.71,340.56,41925,814,341.153619
MU,1H,2026-01-13T17:00:00Z,339.85,340.54,336.98,337.18,23800,486,338.600908
MU,1H,2026-01-13T18:00:00Z,337.52,340.37,336.64,338.44,28148,597,338.777725
MU,1H,2026-01-13T19:00:00Z,338.66,338.85,337.45,338.05,34926,778,338.265905
MU,1H,2026-01-13T20:00:00Z,337.29,338.03,335.06,338.03,94858,1907,336.901416
MU,1H,2026-01-13T21:00:00Z,338.86,338.86,338.86,338.86,137,3,338.86
MU,1H,2026-01-14T14:00:00Z,334.07,337.56,331.45,335.74,61794,1592,334.481803
MU,1H,2026-01-14T15:00:00Z,335.12,338.69,331.57,333.09,81588,1908,334.964971
MU,1H,2026-01-14T16:00:00Z,332.91,335.23,330.71,332.3,37935,1019,333.137267
MU,1H,2026-01-14T17:00:00Z,332.18,332.89,330.11,330.59,27120,726,331.722974
MU,1H,2026-01-14T18:00:00Z,330.65,333.61,330.5,332.65,34050,707,332.009122
MU,1H,2026-01-14T19:00:00Z,332.43,332.87,329.78,330.04,33502,844,331.304911
MU,1H,2026-01-14T20:00:00Z,329.39,333.21,328.2,332.83,91351,2205,331.606634
MU,1H,2026-01-15T14:00:00Z,345.13,347.38,338.96,344.53,87646,1650,343.573876
MU,1H,2026-01-15T15:00:00Z,344.13,344.88,340.53,343.7,61837,1549,342.976403
MU,1H,2026-01-15T16:00:00Z,343.72,345.07,341.39,342,64125,1239,343.184784
MU,1H,2026-01-15T17:00:00Z,341.86,344.42,341.13,343.53,42099,703,342.851869
MU,1H,2026-01-15T18:00:00Z,343.7,345.4,342.19,342.24,38362,739,343.823975
MU,1H,2026-01-15T19:00:00Z,341.93,341.93,338.62,339.42,51919,1112,339.689381
MU,1H,2026-01-15T20:00:00Z,338.7,340.24,336.11,336.49,64838,1673,337.131309
MU,1H,2026-01-16T14:00:00Z,352.75,365.53,352.32,357.44,252650,3591,360.695581
MU,1H,2026-01-16T15:00:00Z,357.33,360.36,354.47,357.69,125394,2410,357.529727
MU,1H,2026-01-16T16:00:00Z,357.85,357.93,352.56,353.51,59762,1324,355.36955
MU,1H,2026-01-16T17:00:00Z,352.52,356.31,351.95,353.76,29550,806,354.249659
MU,1H,2026-01-16T18:00:00Z,353.66,355.32,352.54,354.79,22652,671,354.070672
MU,1H,2026-01-16T19:00:00Z,355.14,357.39,355.14,357.05,43904,1149,356.243926
MU,1H,2026-01-16T20:00:00Z,356.78,362.59,356.78,362.59,173525,3283,360.739546
MU,1H,2026-01-20T13:00:00Z,360.44,361.68,359.82,361.68,695,7,360.936
MU,1H,2026-01-20T14:00:00Z,364.54,381.28,363.38,379.23,277321,3281,375.533474
MU,1H,2026-01-20T15:00:00Z,379.52,379.97,363.87,369.65,239258,3485,370.205877
MU,1H,2026-01-20T16:00:00Z,369.68,374.72,365.59,365.67,116842,1914,370.765371
MU,1H,2026-01-20T17:00:00Z,365.41,366.51,364.16,366.42,56702,1192,365.059992
MU,1H,2026-01-20T18:00:00Z,366.48,366.55,362.88,365.62,44785,984,364.43678
MU,1H,2026-01-20T19:00:00Z,366.15,366.55,361.41,365.78,61320,1143,363.755792
MU,1H,2026-01-20T20:00:00Z,365.52,367.51,363.6,365.37,133521,2513,365.849342
MU,1H,2026-01-21T14:00:00Z,372.66,380.37,366.58,380.24,260334,3670,373.820781
MU,1H,2026-01-21T15:00:00Z,380.26,390.89,379.77,387.95,233373,3478,384.72577
MU,1H,2026-01-21T16:00:00Z,388.1,393.61,387.84,388.46,120181,1748,390.416205
MU,1H,2026-01-21T17:00:00Z,388.28,388.47,381.71,387.25,130190,2118,384.669561
MU,1H,2026-01-21T18:00:00Z,387.32,388.26,382.73,388.04,75476,1669,385.649727
MU,1H,2026-01-21T19:00:00Z,387.7,393.22,383.81,390.84,126212,2216,388.850628
MU,1H,2026-01-21T20:00:00Z,390.83,393.96,384.62,388.76,181083,3458,388.676472
MU,1H,2026-01-21T21:00:00Z,390.35,391.61,390.19,391.19,729,10,390.832857
MU,1H,2026-01-22T14:00:00Z,396.16,396.3,376.78,384.25,191733,3042,382.975194
MU,1H,2026-01-22T15:00:00Z,384.35,387.95,381.15,386.2,133200,2783,384.312358
MU,1H,2026-01-22T16:00:00Z,386.25,391.91,386.25,388.07,86283,1621,390.218043
MU,1H,2026-01-22T17:00:00Z,388.16,395.88,387.83,393.13,59715,1360,391.751933
MU,1H,2026-01-22T18:00:00Z,392.87,394.18,390.79,392.76,26760,832,392.410909
MU,1H,2026-01-22T19:00:00Z,392.75,396.16,392.19,395.84,29181,1122,394.86382
MU,1H,2026-01-22T20:00:00Z,395.65,397.55,393.96,397.37,111893,2977,396.37755
MU,1H,2026-01-23T14:00:00Z,396.83,403.72,391.47,403.72,83579,1608,396.172127
MU,1H,2026-01-23T15:00:00Z,402.93,411.76,402.32,404.95,83783,2886,407.186169
MU,1H,2026-01-23T16:00:00Z,404.65,406.41,396.95,399.09,42652,2065,401.766389
MU,1H,2026-01-23T17:00:00Z,399.42,402.42,394.38,394.45,34448,1791,397.430088
MU,1H,2026-01-23T18:00:00Z,394.69,400.53,394.69,399.32,23156,1354,398.680818
MU,1H,2026-01-23T19:00:00Z,399.64,401.5,399.45,400.91,15874,1260,400.493664
MU,1H,2026-01-23T20:00:00Z,400.98,401.68,397.3,399.4,63978,2793,399.084342
MU,1H,2026-01-26T14:00:00Z,395.36,396.34,384.19,394.22,188633,2632,389.023821
MU,1H,2026-01-26T15:00:00Z,394.23,397.6,388.06,392.4,126095,3059,392.184047
MU,1H,2026-01-26T16:00:00Z,392.13,392.25,388.27,389.97,71049,2486,389.844719
MU,1H,2026-01-26T17:00:00Z,389.97,392.25,389.26,390.56,52938,1992,391.018561
MU,1H,2026-01-26T18:00:00Z,390.57,391.8,389.91,391.08,49043,1959,390.971808
MU,1H,2026-01-26T19:00:00Z,390.82,393.94,390.78,392.38,66817,2364,392.541555
MU,1H,2026-01-26T20:00:00Z,392.8,392.91,388.69,388.85,135806,4158,390.108024
MU,1H,2026-01-27T14:00:00Z,402.41,411.17,399.77,409.96,90096,1611,405.489376
MU,1H,2026-01-27T15:00:00Z,410.53,410.53,405.42,406.72,84422,2113,408.204522
MU,1H,2026-01-27T16:00:00Z,406.84,409.33,405.27,408.33,72014,1544,408.222272
MU,1H,2026-01-27T17:00:00Z,408.34,411.72,407.45,411.07,42862,1339,409.291553
MU,1H,2026-01-27T18:00:00Z,411.22,414.86,410.97,414,57269,1592,413.75736
MU,1H,2026-01-27T19:00:00Z,414.44,416.14,413.33,414.39,81117,1935,414.797161
MU,1H,2026-01-27T20:00:00Z,414.29,414.64,408.48,409.95,148267,3093,411.469764
MU,1H,2026-01-28T14:00:00Z,422.19,435.38,417.19,425.97,140069,2132,427.479174
MU,1H,2026-01-28T15:00:00Z,425.97,433.41,423.19,428.97,117529,1978,427.123509
MU,1H,2026-01-28T16:00:00Z,428.95,432.14,427.85,430.19,90898,1444,429.827313
MU,1H,2026-01-28T17:00:00Z,430.34,433,429.87,432.83,45474,789,431.235267
MU,1H,2026-01-28T18:00:00Z,432.65,434.31,428.96,431.84,39860,742,432.131635
MU,1H,2026-01-28T19:00:00Z,431.38,436.87,428.36,434.05,104965,1346,433.603573
MU,1H,2026-01-28T20:00:00Z,433.98,438.59,433.06,434.85,120044,2432,435.996019
MU,1H,2026-01-28T21:00:00Z,437.75,440.75,437.75,440.75,645,10,438.5
MU,1H,2026-01-29T14:00:00Z,437.87,444.33,432.25,437.08,162629,2480,438.226539
MU,1H,2026-01-29T15:00:00Z,437.07,437.66,419.3,420.48,153457,2811,428.968009
MU,1H,2026-01-29T16:00:00Z,420.47,432.93,417.7,431.13,119974,2390,426.915362
MU,1H,2026-01-29T17:00:00Z,431.13,434.34,429.33,431.45,80056,1570,431.567742
MU,1H,2026-01-29T18:00:00Z,431.72,437.13,431.72,433.59,51848,1247,435.131808
MU,1H,2026-01-29T19:00:00Z,433.66,434.94,431.63,432.98,42797,1058,433.174675
MU,1H,2026-01-29T20:00:00Z,433.03,435.69,431.59,435.68,81970,2557,433.896341
MU,1H,2026-01-30T13:00:00Z,451.32,451.34,450.8,451.34,310,4,451.153333
MU,1H,2026-01-30T14:00:00Z,445.91,454.96,444.71,446.37,171276,2486,450.240083
MU,1H,2026-01-30T15:00:00Z,446.55,446.91,434.25,440.63,141291,2400,439.761742
MU,1H,2026-01-30T16:00:00Z,440.4,441.72,431.55,432.68,60822,1231,437.517726
MU,1H,2026-01-30T17:00:00Z,432.42,435.65,428.48,428.48,74220,1294,431.928574
MU,1H,2026-01-30T18:00:00Z,427.92,428.56,421.76,426.24,84699,1462,425.370055
MU,1H,2026-01-30T19:00:00Z,425.97,430.39,419.88,420.36,84810,1539,424.713745
MU,1H,2026-01-30T20:00:00Z,420.34,420.52,406.93,414.74,254425,4742,413.59835
MU,1H,2026-02-02T13:00:00Z,415.46,418.61,415.46,418.57,1350,6,417.911481
MU,1H,2026-02-02T14:00:00Z,417.05,428.31,409.76,422.29,196227,2748,420.932201
MU,1H,2026-02-02T15:00:00Z,422.36,435.84,421.63,431.42,112314,1930,428.257754
MU,1H,2026-02-02T16:00:00Z,432.96,439.14,431.7,437.16,75919,1949,435.359819
MU,1H,2026-02-02T17:00:00Z,437.11,441.48,437.11,441.35,44059,1264,439.099009
MU,1H,2026-02-02T18:00:00Z,441.23,442.07,438.4,439.27,49164,1415,439.85034
MU,1H,2026-02-02T19:00:00Z,439.32,439.65,433.71,434.08,60611,1373,435.968968
MU,1H,2026-02-02T20:00:00Z,433.85,438.78,432.98,437.52,85109,2688,436.765235
MU,1H,2026-02-02T21:00:00Z,437.91,440.54,437.91,439.69,1720,27,439.344286
MU,1H,2026-02-03T13:00:00Z,444.57,444.57,444.57,444.57,125,2,444.57
MU,1H,2026-02-03T14:00:00Z,441.01,441.25,417.89,418,137816,2277,432.197756
MU,1H,2026-02-03T15:00:00Z,419.05,429.15,414.74,428.87,149303,2817,419.800304
MU,1H,2026-02-03T16:00:00Z,427.8,428.38,421.37,422.73,93555,1760,424.318719
MU,1H,2026-02-03T17:00:00Z,422.67,424.66,414.1,416.23,77892,1746,418.088834
MU,1H,2026-02-03T18:00:00Z,415.91,417.65,409.38,409.5,71241,1782,413.91001
MU,1H,2026-02-03T19:00:00Z,409.22,416.49,407.41,414.15,86828,1872,411.933131
MU,1H,2026-02-03T20:00:00Z,414.59,419.52,410.88,419.34,137049,3137,416.662643
MU,1H,2026-02-03T21:00:00Z,420.32,420.32,413.33,419.19,818,11,417.397449
MU,1H,2026-02-04T13:00:00Z,414.86,415.52,414.86,415.52,1075,9,415.19
MU,1H,2026-02-04T14:00:00Z,410.27,411.66,398.59,406.13,142060,2092,405.422268
MU,1H,2026-02-04T15:00:00Z,405.19,407.62,384.54,384.78,210339,2988,393.81902
MU,1H,2026-02-04T16:00:00Z,384.49,387.36,376.55,380.53,135679,2027,381.443926
MU,1H,2026-02-04T17:00:00Z,379.78,380.82,365.16,371.17,120509,2220,371.216183
MU,1H,2026-02-04T18:00:00Z,371.96,372.86,363.96,364.8,93511,1841,368.185923
MU,1H,2026-02-04T19:00:00Z,365.02,382.23,364.31,381.64,110929,2059,371.952867
MU,1H,2026-02-04T20:00:00Z,381.61,383.12,376.28,379.31,176640,3572,378.817843
MU,1H,2026-02-05T13:00:00Z,368.81,371.59,368.81,371.59,565,6,370.46
MU,1H,2026-02-05T14:00:00Z,366.97,390.53,366.6,379.9,263061,2834,378.898045
MU,1H,2026-02-05T15:00:00Z,380.12,380.12,365.86,373.78,134054,2170,371.448716
MU,1H,2026-02-05T16:00:00Z,374.72,385.52,369.76,382.97,118449,1788,380.511013
MU,1H,2026-02-05T17:00:00Z,382.39,383.3,378.77,380.4,38116,1008,381.402476
MU,1H,2026-02-05T18:00:00Z,380.69,382.08,376.83,379.58,47379,1325,379.498024
MU,1H,2026-02-05T19:00:00Z,379,385.65,378.18,382.35,60636,1438,382.273283
MU,1H,2026-02-05T20:00:00Z,381.29,384.05,378.76,382.71,125978,2876,381.532323
MU,1H,2026-02-05T21:00:00Z,375.79,375.79,368.93,368.93,919,11,372.318333
MU,1H,2026-02-06T13:00:00Z,396.08,396.08,386.08,386.08,910,7,388.927237
MU,1H,2026-02-06T14:00:00Z,377.75,392.62,372.86,385.01,177284,2316,382.847002
MU,1H,2026-02-06T15:00:00Z,385.36,390.1,378.34,385.27,90565,2031,383.679481
MU,1H,2026-02-06T16:00:00Z,386.17,393.52,384.54,388.23,60157,1292,390.715292
MU,1H,2026-02-06T17:00:00Z,388.29,390.26,386.3,388.02,32694,807,387.994024
MU,1H,2026-02-06T18:00:00Z,388.03,393.56,388.01,393.04,42124,1021,390.962331
MU,1H,2026-02-06T19:00:00Z,393.53,394.38,390.92,391.77,39336,846,392.609645
MU,1H,2026-02-06T20:00:00Z,391.29,396.37,391.29,394.37,176069,2942,394.660387
MU,1H,2026-02-06T21:00:00Z,394.18,394.5,393.15,394.5,509,7,393.87
MU,1H,2026-02-09T13:00:00Z,382.85,384.98,379.61,379.61,890,10,382.87
MU,1H,2026-02-09T14:00:00Z,380.2,389.08,370.78,382.81,100819,1629,379.816557
MU,1H,2026-02-09T15:00:00Z,382.91,389.36,379.78,386.26,98054,2012,385.635433
MU,1H,2026-02-09T16:00:00Z,386.07,389.23,382.8,387.05,56805,1483,385.28265
MU,1H,2026-02-09T17:00:00Z,387.17,391.5,386.38,386.72,76941,1110,389.248909
MU,1H,2026-02-09T18:00:00Z,386.67,387.28,384.48,384.63,52569,1403,386.185668
MU,1H,2026-02-09T19:00:00Z,384.47,389.29,384.47,386.84,55056,1627,386.669701
MU,1H,2026-02-09T20:00:00Z,386.73,388.08,382.91,383.14,140469,3418,385.404623
MU,1H,2026-02-09T21:00:00Z,383.69,383.69,382.77,382.77,315,7,383.378136
MU,1H,2026-02-10T13:00:00Z,376.83,376.97,376.83,376.97,275,3,376.9
MU,1H,2026-02-10T14:00:00Z,377.19,379.52,365.9,375.19,125428,2050,371.59244
MU,1H,2026-02-10T15:00:00Z,374.94,382.48,370.23,370.24,119730,2237,376.524019
MU,1H,2026-02-10T16:00:00Z,370.2,375.79,369.9,373.87,108922,2645,372.92176
MU,1H,2026-02-10T17:00:00Z,374.01,381.02,372.71,380.12,135430,2094,377.226485
MU,1H,2026-02-10T18:00:00Z,380.09,380.29,374.31,375.94,36351,1328,377.16917
MU,1H,2026-02-10T19:00:00Z,376.22,376.94,373.27,373.35,48502,1374,375.991985
MU,1H,2026-02-10T20:00:00Z,373.28,374.91,368.75,372.98,116201,2859,371.922284
MU,1H,2026-02-10T21:00:00Z,370.9,370.9,370.61,370.61,210,4,370.755
MU,1H,2026-02-11T13:00:00Z,386.63,386.63,386.02,386.02,314,5,386.358889
MU,1H,2026-02-11T14:00:00Z,394.83,409.46,394.75,397.03,175480,2707,401.081404
MU,1H,2026-02-11T15:00:00Z,397.42,398.94,386.59,396.53,162027,3155,392.352592
MU,1H,2026-02-11T16:00:00Z,396.76,397.8,392.79,395.11,57168,1159,395.198998
MU,1H,2026-02-11T17:00:00Z,394.53,405.89,393.67,402.44,107081,1705,401.961711
MU,1H,2026-02-11T18:00:00Z,402.28,406.48,400.19,405.83,60285,1419,402.691103
MU,1H,2026-02-11T19:00:00Z,405.75,411.53,405.36,409.16,71791,1662,407.753879
MU,1H,2026-02-11T20:00:00Z,408.71,413.85,408.65,409.82,165872,3674,411.948175
MU,1H,2026-02-11T21:00:00Z,413.16,413.56,413.16,413.56,505,7,413.3525
MU,1H,2026-02-12T13:00:00Z,425.9,428.87,425.9,427.54,1045,16,427.346486
MU,1H,2026-02-12T14:00:00Z,426.7,438.37,422.11,427.98,140231,2428,432.056621
MU,1H,2026-02-12T15:00:00Z,428.44,431.1,419.5,421.85,151040,2912,424.744698
MU,1H,2026-02-12T16:00:00Z,422.22,423.68,411.2,418.18,131763,2661,417.813211
MU,1H,2026-02-12T17:00:00Z,418.66,422.17,415.93,415.93,49905,1218,419.204792
MU,1H,2026-02-12T18:00:00Z,415.92,425.6,414.96,423.14,73027,1557,419.787872
MU,1H,2026-02-12T19:00:00Z,422.78,425.86,418.65,419.04,61009,1195,422.715419
MU,1H,2026-02-12T20:00:00Z,419.12,419.77,412.67,413.73,103047,3269,415.025541
MU,1H,2026-02-12T21:00:00Z,416.06,418.58,416.06,418.17,667,15,417.373333
MU,1H,2026-02-13T13:00:00Z,413.98,413.98,413.98,413.98,142,1,413.98
MU,1H,2026-02-13T14:00:00Z,403.83,406.19,392.9,397.64,137742,1893,398.838711
MU,1H,2026-02-13T15:00:00Z,397.68,410.25,397.61,406.18,95075,1739,404.740534
MU,1H,2026-02-13T16:00:00Z,406.66,414.24,405.49,413.66,66784,1288,410.152063
MU,1H,2026-02-13T17:00:00Z,413.43,419.69,413.21,416.87,75941,1360,416.929345
MU,1H,2026-02-13T18:00:00Z,416.71,420.57,415.77,416.64,40315,964,418.240113
MU,1H,2026-02-13T19:00:00Z,416.55,417.27,413.58,413.58,31238,600,416.060744
MU,1H,2026-02-13T20:00:00Z,413.58,415.83,409.49,411.36,86950,2157,411.391924
MU,1H,2026-02-17T13:00:00Z,404.08,404.08,404.08,404.08,230,3,404.08
MU,1H,2026-02-17T14:00:00Z,399.9,409.11,396.16,396.61,115301,1775,401.615931
MU,1H,2026-02-17T15:00:00Z,396.42,405.04,395.13,404.85,116100,2155,399.168645
MU,1H,2026-02-17T16:00:00Z,405.32,413.13,405.09,408.49,72321,1482,408.806827
MU,1H,2026-02-17T17:00:00Z,408.66,408.74,402.5,405.51,56203,1019,405.06728
MU,1H,2026-02-17T18:00:00Z,405.45,405.45,401.12,404.01,77618,1376,403.023268
MU,1H,2026-02-17T19:00:00Z,404.05,406.13,402.21,402.79,72828,1458,403.691378
MU,1H,2026-02-17T20:00:00Z,402.87,403.55,397.79,399.64,117210,2478,399.851617
MU,1H,2026-02-17T21:00:00Z,397.68,397.68,396.39,396.39,421,7,397.0125
MU,1H,2026-02-18T13:00:00Z,400.89,400.91,400.89,400.91,200,2,400.9
MU,1H,2026-02-18T14:00:00Z,400.77,410.33,394.88,409.82,74632,1221,403.96315
MU,1H,2026-02-18T15:00:00Z,408.99,423.51,408.64,420.75,109272,1965,418.671166
MU,1H,2026-02-18T16:00:00Z,420.53,427.47,420.12,425.76,54005,1460,424.087076
MU,1H,2026-02-18T17:00:00Z,426.03,426.85,424.24,424.51,35768,1029,425.442445
MU,1H,2026-02-18T18:00:00Z,424.68,426.3,421.98,422.95,41219,1199,424.515053
MU,1H,2026-02-18T19:00:00Z,422.71,423.59,416.43,416.82,37509,945,420.419915
MU,1H,2026-02-18T20:00:00Z,416.92,420.86,416.02,420.66,83805,2178,419.13842
MU,1H,2026-02-19T13:00:00Z,420.94,420.94,420.94,420.94,100,1,420.94
MU,1H,2026-02-19T14:00:00Z,415.52,418.13,407.61,413.12,91238,1519,413.339527
MU,1H,2026-02-19T15:00:00Z,412.25,419.65,411.99,417.64,52805,1093,416.559875
MU,1H,2026-02-19T16:00:00Z,418.16,419.8,412.08,413,28625,717,415.823672
MU,1H,2026-02-19T17:00:00Z,413.22,414.74,411.47,411.47,15515,472,413.420764
MU,1H,2026-02-19T18:00:00Z,411.79,414.58,411.79,414.13,15779,442,413.03608
MU,1H,2026-02-19T19:00:00Z,414.25,414.94,412.64,413.49,20465,514,414.010972
MU,1H,2026-02-19T20:00:00Z,413.68,417.2,412.19,416.6,72810,1803,415.135525
MU,1H,2026-02-20T14:00:00Z,414.98,429.75,414.98,421.55,79121,1487,424.450901
MU,1H,2026-02-20T15:00:00Z,422.47,425.89,418.89,425.23,70931,1644,422.630714
MU,1H,2026-02-20T16:00:00Z,424.84,427.46,420.77,425.9,42641,1308,425.047797
MU,1H,2026-02-20T17:00:00Z,425.84,426.68,421.16,426.36,39813,1143,423.985093
MU,1H,2026-02-20T18:00:00Z,426.31,427.62,422.42,425.93,41519,1289,425.262105
MU,1H,2026-02-20T19:00:00Z,426.32,427.1,424.16,424.5,31116,918,425.584944
MU,1H,2026-02-20T20:00:00Z,424.09,427.93,424.09,427.93,75028,2068,426.505234
MU,1H,2026-02-23T14:00:00Z,422.4,430.94,415.64,425.26,68030,1586,423.478189
MU,1H,2026-02-23T15:00:00Z,425.3,425.66,417.54,417.67,57416,1690,421.9929
MU,1H,2026-02-23T16:00:00Z,417.98,422.34,416.86,419.2,28607,907,419.434254
MU,1H,2026-02-23T17:00:00Z,419.48,421.23,417.21,420.17,28263,644,419.089584
MU,1H,2026-02-23T18:00:00Z,419.57,422.27,417.78,417.78,15779,541,420.289425
MU,1H,2026-02-23T19:00:00Z,417.49,421.44,415.5,415.88,16353,521,418.705367
MU,1H,2026-02-23T20:00:00Z,416.96,423,416.96,420.55,52987,1710,420.376074
MU,1H,2026-02-23T21:00:00Z,420.6,420.6,419.4,419.4,644,8,420.063616
MU,1H,2026-02-24T14:00:00Z,429.04,435.79,419.26,424.77,90169,1462,427.143673
MU,1H,2026-02-24T15:00:00Z,424.97,427.15,415.92,427.07,73498,1571,422.630728
MU,1H,2026-02-24T16:00:00Z,427.68,432.86,427.68,428.42,61969,1395,430.651536
MU,1H,2026-02-24T17:00:00Z,428.99,432.67,428.4,429.2,29312,598,430.57187
MU,1H,2026-02-24T18:00:00Z,429.23,429.68,411.18,415.49,49292,1011,419.806745
MU,1H,2026-02-24T19:00:00Z,415.62,419.99,412.86,418.78,61690,1335,416.753061
MU,1H,2026-02-24T20:00:00Z,418.95,421.81,417.61,417.61,76698,1945,419.443762
MU,1H,2026-02-25T14:00:00Z,426.89,436.22,424.68,431.82,90786,1518,431.181507
MU,1H,2026-02-25T15:00:00Z,431.37,433.4,426.75,427.4,54333,1623,430.670843
MU,1H,2026-02-25T16:00:00Z,427.07,430.76,426.47,426.68,22997,821,428.138806
MU,1H,2026-02-25T17:00:00Z,426.82,428.37,426.09,427.4,23712,567,427.294887
MU,1H,2026-02-25T18:00:00Z,427.47,427.47,424.16,424.17,31515,764,425.90523
MU,1H,2026-02-25T19:00:00Z,424.46,430.12,422.8,429.64,47595,1211,425.718362
MU,1H,2026-02-25T20:00:00Z,429.83,429.83,427.46,428.62,51896,1950,428.553076
MU,1H,2026-02-26T14:00:00Z,424.98,433.52,415.89,415.95,81867,1576,422.441313
MU,1H,2026-02-26T15:00:00Z,415.96,418.78,401.77,408.09,140423,2732,408.070664
MU,1H,2026-02-26T16:00:00Z,407.44,416.18,407.4,413.81,63135,1237,412.524349
MU,1H,2026-02-26T17:00:00Z,414.41,416.81,410.14,412.13,45614,862,412.989132
MU,1H,2026-02-26T18:00:00Z,411.86,416.54,411.12,416.54,25185,646,413.746298
MU,1H,2026-02-26T19:00:00Z,416.36,419.15,415.38,416.94,49448,928,417.199188
MU,1H,2026-02-26T20:00:00Z,416.59,416.86,412.61,415.37,86866,1968,414.259701
MU,1H,2026-02-26T21:00:00Z,414.12,414.12,414.12,414.12,200,1,414.12
MU,1H,2026-02-27T14:00:00Z,401.58,412.58,401.16,410.75,103783,1909,407.830978
MU,1H,2026-02-27T15:00:00Z,410.56,417.55,410.47,415.25,56864,1185,414.330524
MU,1H,2026-02-27T16:00:00Z,414.83,415.88,410.77,412.24,41259,1183,412.988753
MU,1H,2026-02-27T17:00:00Z,412.24,413.51,410.01,411.99,31025,894,411.859284
MU,1H,2026-02-27T18:00:00Z,411.91,411.92,405.44,405.44,38547,1032,408.183273
MU,1H,2026-02-27T19:00:00Z,406.12,408.51,405.82,406.95,53317,1164,407.191981
MU,1H,2026-02-27T20:00:00Z,406.24,412.5,406.14,412.47,95099,2750,410.155899
MU,1H,2026-03-02T13:00:00Z,403.43,403.43,403.43,403.43,100,1,403.43
MU,1H,2026-03-02T14:00:00Z,400.54,417.12,397.04,408.58,115454,1793,410.180991
MU,1H,2026-03-02T15:00:00Z,408.56,411.13,398.25,405.29,84991,1516,403.282264
MU,1H,2026-03-02T16:00:00Z,405.49,412.89,405.14,410.27,45569,953,408.719634
MU,1H,2026-03-02T17:00:00Z,410.92,414.6,409.58,414.15,33663,625,412.864028
MU,1H,2026-03-02T18:00:00Z,414.25,415.73,410.37,410.49,35543,749,412.696984
MU,1H,2026-03-02T19:00:00Z,410.13,412.94,409.6,411.39,28024,634,411.470416
MU,1H,2026-03-02T20:00:00Z,411.72,413.85,408.13,412.2,69513,1813,411.484682
MU,1H,2026-03-02T21:00:00Z,412.22,412.22,411.23,411.23,300,3,411.839231
MU,1H,2026-03-03T13:00:00Z,389.91,389.91,389.61,389.61,200,2,389.76
MU,1H,2026-03-03T14:00:00Z,389.16,389.78,379.28,384.08,143661,2507,383.631655
MU,1H,2026-03-03T15:00:00Z,383.42,387.82,374.7,382.99,112364,3171,380.218998
MU,1H,2026-03-03T16:00:00Z,382.76,386.77,381.82,384.86,68079,2560,384.680956
MU,1H,2026-03-03T17:00:00Z,384.91,386.46,380.93,380.97,41707,1821,383.503244
MU,1H,2026-03-03T18:00:00Z,381.17,384.8,381.09,382.58,44353,1886,383.036841
MU,1H,2026-03-03T19:00:00Z,383.31,383.31,378.14,381.08,68345,2390,380.648185
MU,1H,2026-03-03T20:00:00Z,380.81,382.83,379.04,379.56,120069,3718,380.98953
MU,1H,2026-03-04T13:00:00Z,389.68,389.68,389.68,389.68,135,1,389.68
MU,1H,2026-03-04T14:00:00Z,391.78,395.05,387.57,389.9,106722,2206,390.753735
MU,1H,2026-03-04T15:00:00Z,390.86,406.89,390.31,406.83,95770,2391,398.146305
MU,1H,2026-03-04T16:00:00Z,406.93,407.24,400.87,405.19,69942,1870,403.531187
MU,1H,2026-03-04T17:00:00Z,405.59,407.59,404.19,404.42,68897,1886,405.969178
MU,1H,2026-03-04T18:00:00Z,404.58,405.42,400.88,404.77,32581,975,403.288741
MU,1H,2026-03-04T19:00:00Z,405.04,405.44,402.32,402.43,31850,960,404.013836
MU,1H,2026-03-04T20:00:00Z,401.89,402.03,399.77,400.5,78090,2392,400.862073
MU,1H,2026-03-05T13:00:00Z,399.51,400.08,399.01,399.01,901,11,399.51125
MU,1H,2026-03-05T14:00:00Z,396.66,403.77,396.66,400.07,67187,1367,400.487176
MU,1H,2026-03-05T15:00:00Z,399.98,401.65,393.42,401.15,74230,1602,398.273301
MU,1H,2026-03-05T16:00:00Z,401.21,401.37,394.99,395.37,43904,1215,397.704662
MU,1H,2026-03-05T17:00:00Z,394.29,396.12,380.25,380.6,84761,1777,386.303266
MU,1H,2026-03-05T18:00:00Z,380.98,387.07,380.9,384.59,69591,1548,384.052523
MU,1H,2026-03-05T19:00:00Z,384.44,387.58,383.67,385.77,42720,1071,385.395516
MU,1H,2026-03-05T20:00:00Z,385.76,397.01,385.32,396.72,84912,2143,393.146973
MU,1H,2026-03-05T21:00:00Z,395.76,395.76,394.41,394.62,317,4,394.93
MU,1H,2026-03-06T13:00:00Z,390,390.28,387.12,387.12,676,9,388.742264
MU,1H,2026-03-06T14:00:00Z,383.39,388.34,377.36,388.34,71979,1624,381.773274
MU,1H,2026-03-06T15:00:00Z,388.52,390.05,382.44,388.79,43271,1191,387.095508
MU,1H,2026-03-06T16:00:00Z,388.95,390.14,386.6,389.82,27286,697,388.594836
MU,1H,2026-03-06T17:00:00Z,389.68,390.02,383.64,383.76,20114,571,386.1474
MU,1H,2026-03-06T18:00:00Z,383.31,386.87,383,383.46,25519,1858,385.098678
MU,1H,2026-03-06T19:00:00Z,383.42,383.81,378.68,378.68,44535,1898,381.031754
MU,1H,2026-03-06T20:00:00Z,378.83,379.89,367.3,370.16,180708,5928,370.961814
MU,1H,2026-03-06T21:00:00Z,369.85,371.74,369.67,371.74,528,11,370.5175
MU,1H,2026-03-09T13:00:00Z,363.9,368.54,357.55,362.67,122345,1813,361.568656
MU,1H,2026-03-09T14:00:00Z,362.05,373.22,359.67,373.01,117051,2436,367.783353
MU,1H,2026-03-09T15:00:00Z,373.07,378.48,372.85,377.07,55052,1584,375.642459
MU,1H,2026-03-09T16:00:00Z,377.24,381.15,377.09,379.38,91903,2227,379.465404
MU,1H,2026-03-09T17:00:00Z,379.45,380.11,377.3,378.19,45019,1425,378.888635
MU,1H,2026-03-09T18:00:00Z,378.35,379.44,376.56,377.72,53761,1506,378.059087
MU,1H,2026-03-09T19:00:00Z,377.57,389.49,377.19,389.15,190025,4237,385.842305
MU,1H,2026-03-09T20:00:00Z,389.28,389.28,388.98,388.98,288,4,389.13
MU,1H,2026-03-10T12:00:00Z,389.5,392.91,389.5,392.91,349,4,391.451387
MU,1H,2026-03-10T13:00:00Z,391.78,408.31,391.78,406.62,118303,1911,403.946698
MU,1H,2026-03-10T14:00:00Z,406.81,414.51,404.61,414.19,121257,2017,409.200921
MU,1H,2026-03-10T15:00:00Z,414.16,414.87,411.65,412.34,47652,966,412.869957
MU,1H,2026-03-10T16:00:00Z,410.68,412.73,409.38,412.73,39960,915,411.048062
MU,1H,2026-03-10T17:00:00Z,413.19,414.99,412.23,413.5,30826,795,413.640689
MU,1H,2026-03-10T18:00:00Z,413.43,413.74,406.2,407.35,53616,1295,409.456507
MU,1H,2026-03-10T19:00:00Z,407.64,408.36,401.14,403.22,75444,2140,404.179415
MU,1H,2026-03-10T20:00:00Z,403.47,404.7,403.47,404.69,964,15,404.05
MU,1H,2026-03-11T13:00:00Z,410.36,413.25,405.77,413.2,72788,1353,410.04259
MU,1H,2026-03-11T14:00:00Z,413.8,421.22,412.74,420.79,59457,1460,416.029994
MU,1H,2026-03-11T15:00:00Z,421.11,422.31,415.1,417.25,43125,1134,419.064358
MU,1H,2026-03-11T16:00:00Z,416.82,420.06,415.72,420.06,21938,533,417.995064
MU,1H,2026-03-11T17:00:00Z,420.1,421.78,417.14,421.11,25982,699,420.375631
MU,1H,2026-03-11T18:00:00Z,420.75,422.34,419.81,420.31,28204,666,420.771085
MU,1H,2026-03-11T19:00:00Z,420.47,420.47,417.8,418.36,79510,1708,419.028833
MU,1H,2026-03-11T20:00:00Z,419.22,419.22,419.22,419.22,112,2,419.22
MU,1H,2026-03-12T12:00:00Z,412.4,412.4,412.4,412.4,225,4,412.4
MU,1H,2026-03-12T13:00:00Z,414.07,414.07,402.34,403.54,150943,2246,408.00159
MU,1H,2026-03-12T14:00:00Z,403.76,406.8,398.7,400.19,127068,2227,403.188997
MU,1H,2026-03-12T15:00:00Z,399.73,404.74,396.59,403.92,87779,1750,399.770381
MU,1H,2026-03-12T16:00:00Z,404.69,407.26,402.29,406.05,31802,670,405.091626
MU,1H,2026-03-12T17:00:00Z,406.42,407.8,404.56,405.79,26894,549,406.158897
MU,1H,2026-03-12T18:00:00Z,406.18,407.94,404.74,405.81,46939,969,406.454361
MU,1H,2026-03-12T19:00:00Z,405.05,406.49,403.2,405.22,83148,2073,404.954749
MU,1H,2026-03-12T20:00:00Z,405.18,405.18,405.18,405.18,186,7,405.18
MU,1H,2026-03-13T13:00:00Z,413.49,427.58,413.23,427.31,130639,2221,420.672057
MU,1H,2026-03-13T14:00:00Z,427.39,429.01,415.85,417.61,111086,2253,423.49017
MU,1H,2026-03-13T15:00:00Z,417.82,422.78,416.8,420.18,42692,1174,420.302544
MU,1H,2026-03-13T16:00:00Z,419.97,425.54,419.32,421.03,49441,1169,422.614456
MU,1H,2026-03-13T17:00:00Z,421.11,422.75,419.52,421.46,34488,783,421.185746
MU,1H,2026-03-13T18:00:00Z,421.34,425.87,420.63,424.81,40585,943,423.274649
MU,1H,2026-03-13T19:00:00Z,425.2,425.96,421.92,425.87,104201,2217,424.416339
MU,1H,2026-03-13T20:00:00Z,424.69,424.69,424.69,424.69,100,1,424.69
MU,1H,2026-03-16T12:00:00Z,444.19,444.19,443.22,443.22,537,8,443.797287
MU,1H,2026-03-16T13:00:00Z,445.3,454.44,445.3,451.84,231245,3296,451.382826
MU,1H,2026-03-16T14:00:00Z,451.64,451.64,444.47,447.74,115350,2625,447.279219
MU,1H,2026-03-16T15:00:00Z,447.46,449.31,445.25,449.04,77780,1571,447.490737
MU,1H,2026-03-16T16:00:00Z,449.08,450.85,447.67,449.05,61592,1326,449.234055
MU,1H,2026-03-16T17:00:00Z,449.04,451.31,446.54,448.95,136588,2201,449.196755
MU,1H,2026-03-16T18:00:00Z,448.65,448.68,444.79,445.91,120503,1827,446.67863
MU,1H,2026-03-16T19:00:00Z,445.72,447.28,437.6,441.62,448176,5584,442.298968
MU,1H,2026-03-16T20:00:00Z,443.86,445.08,443.86,445.08,325,4,444.313333
MU,1H,2026-03-17T12:00:00Z,452.74,452.74,451.46,451.46,526,10,451.996667
MU,1H,2026-03-17T13:00:00Z,453.21,453.74,444.97,449.4,111126,2096,448.319262
MU,1H,2026-03-17T14:00:00Z,449.75,457.77,447.45,456.24,168643,2989,452.219798
MU,1H,2026-03-17T15:00:00Z,455.92,457.88,453.27,453.69,112266,1656,456.157393
MU,1H,2026-03-17T16:00:00Z,453.34,456.02,452.49,454.86,67399,1145,454.242611
MU,1H,2026-03-17T17:00:00Z,454.78,457.31,454.78,456.79,64743,1113,455.831663
MU,1H,2026-03-17T18:00:00Z,456.74,461.02,456.74,459.56,82416,1636,459.024973
MU,1H,2026-03-17T19:00:00Z,459.57,462.42,458.56,461.54,161368,3359,460.653631
MU,1H,2026-03-17T20:00:00Z,462.79,464.23,462.59,463.93,861,16,463.331429
MU,1H,2026-03-18T13:00:00Z,464.53,467.49,458.29,464.98,127373,2481,463.41946
MU,1H,2026-03-18T14:00:00Z,465.15,466.87,459.48,466.33,90080,2508,464.528242
MU,1H,2026-03-18T15:00:00Z,466.51,470.99,466.4,467.24,108535,2191,468.435549
MU,1H,2026-03-18T16:00:00Z,466,469.49,465.51,466.16,64699,1612,467.138765
MU,1H,2026-03-18T17:00:00Z,465.49,466.35,463.83,466.09,38085,1332,465.207551
MU,1H,2026-03-18T18:00:00Z,465.87,469.87,465.87,467.75,90129,2608,467.938465
MU,1H,2026-03-18T19:00:00Z,467.86,468.34,461.47,461.5,258158,6357,465.316878
MU,1H,2026-03-18T20:00:00Z,469.1,470.68,446.11,457.08,18957,469,461.493385
MU,1H,2026-03-19T13:00:00Z,433.82,439.63,420.98,438.91,287293,4318,430.222381
MU,1H,2026-03-19T14:00:00Z,438.92,456.88,438.67,450.84,218000,4086,448.394855
MU,1H,2026-03-19T15:00:00Z,449.73,450.28,434.41,436.99,141784,3154,442.128095
MU,1H,2026-03-19T16:00:00Z,436.48,445.9,435.05,445.15,92542,1869,440.651605
MU,1H,2026-03-19T17:00:00Z,445.63,446.05,441.39,444.3,52911,1213,443.611362
MU,1H,2026-03-19T18:00:00Z,443.99,446.55,442.75,445.16,59599,1161,444.365483
MU,1H,2026-03-19T19:00:00Z,445.69,452.99,444.01,444.07,117401,2778,447.488389
MU,1H,2026-03-19T20:00:00Z,446.63,446.63,446.63,446.63,100,1,446.63
MU,1H,2026-03-20T12:00:00Z,442.66,442.66,442.66,442.66,110,2,442.66
MU,1H,2026-03-20T13:00:00Z,443.53,448.51,432.96,437.33,208913,2671,439.519874
MU,1H,2026-03-20T14:00:00Z,437.25,438.27,424.93,426.72,173484,3198,433.121815
MU,1H,2026-03-20T15:00:00Z,427.63,432.01,426.37,430.47,87474,1687,429.507944
MU,1H,2026-03-20T16:00:00Z,430.17,432.55,427.26,427.37,70550,1266,429.986428
MU,1H,2026-03-20T17:00:00Z,427.91,428.4,420.11,421.41,90031,1657,422.965285
MU,1H,2026-03-20T18:00:00Z,420.51,421.53,416.58,420.62,102950,1635,419.266616
MU,1H,2026-03-20T19:00:00Z,421.7,422.69,415.38,422.63,145596,3237,419.467732
MU,1H,2026-03-20T20:00:00Z,422.11,422.11,421.37,421.37,569,12,421.84
MU,1H,2026-03-23T12:00:00Z,420.67,426.26,420.67,424.32,772,9,424.575652
MU,1H,2026-03-23T13:00:00Z,426.2,429.81,417.99,419.43,180056,3040,424.141307
MU,1H,2026-03-23T14:00:00Z,419.52,427.3,416.32,419.92,124807,2839,422.467547
MU,1H,2026-03-23T15:00:00Z,419.65,421.02,402.53,402.59,160808,2752,411.754837
MU,1H,2026-03-23T16:00:00Z,402.91,407.72,401.48,403.15,136877,2234,404.608888
MU,1H,2026-03-23T17:00:00Z,403.31,406.02,401.34,406.02,66145,1399,403.565177
MU,1H,2026-03-23T18:00:00Z,405.97,408.71,404.73,404.97,66583,1116,406.860908
MU,1H,2026-03-23T19:00:00Z,405.16,407.46,404.05,404.07,107646,2272,405.45088
MU,1H,2026-03-24T13:00:00Z,397.77,404.62,389.99,397.96,121979,1966,396.667687
MU,1H,2026-03-24T14:00:00Z,397.7,399.65,391.24,393.49,125034,2370,394.920445
MU,1H,2026-03-24T15:00:00Z,395.59,395.68,391.94,393.52,88881,1714,393.782137
MU,1H,2026-03-24T16:00:00Z,393.46,395.24,392.26,392.59,32828,756,393.707315
MU,1H,2026-03-24T17:00:00Z,392.77,393.58,388.78,391.09,54687,1166,390.597222
MU,1H,2026-03-24T18:00:00Z,391.34,394.51,390.23,394.51,47062,1094,392.818029
MU,1H,2026-03-24T19:00:00Z,394.41,398.15,393.7,395.37,125241,2561,396.086786
MU,1H,2026-03-24T20:00:00Z,399.87,401.76,399.13,399.13,1552,20,400.024866
MU,1H,2026-03-25T12:00:00Z,387.66,387.66,386.78,386.78,340,6,387.22
MU,1H,2026-03-25T13:00:00Z,382.54,386.49,372.01,380.82,230594,3766,377.933835
MU,1H,2026-03-25T14:00:00Z,380.7,388.42,377.8,378.61,189908,4004,382.752553
MU,1H,2026-03-25T15:00:00Z,378.74,380.1,373.49,380.1,107327,2904,376.912338
MU,1H,2026-03-25T16:00:00Z,379.87,382.45,378.01,378.64,121447,2672,380.469033
MU,1H,2026-03-25T17:00:00Z,378.57,384.55,376.19,381.61,103709,2319,379.893946
MU,1H,2026-03-25T18:00:00Z,381.51,383.11,379.87,380.1,71117,1999,382.193877
MU,1H,2026-03-25T19:00:00Z,379.77,382.84,377.76,381.88,127568,4041,380.822318
MU,1H,2026-03-25T20:00:00Z,382.08,382.08,382.08,382.08,155,4,382.08
MU,1H,2026-03-26T12:00:00Z,370.79,370.79,370.79,370.79,180,4,370.79
MU,1H,2026-03-26T13:00:00Z,369.9,373.81,362.94,364.1,112831,2264,368.651189
MU,1H,2026-03-26T14:00:00Z,364.78,367.95,360.87,363.18,125802,2835,364.391821
MU,1H,2026-03-26T15:00:00Z,363.07,367.09,361.43,366.09,82510,2184,364.586742
MU,1H,2026-03-26T16:00:00Z,366.36,367.1,358.64,360.89,98424,2347,363.470795
MU,1H,2026-03-26T17:00:00Z,360.89,361.18,353.89,353.91,142963,2531,357.5176
MU,1H,2026-03-26T18:00:00Z,354.35,356.2,351.81,356.2,131832,2497,353.726081
MU,1H,2026-03-26T19:00:00Z,356.18,357.56,353.54,355.35,179192,4275,355.992818
MU,1H,2026-03-26T20:00:00Z,357.35,358.97,355.6,358.73,1817,37,358.098958
MU,1H,2026-03-27T13:00:00Z,353.32,366.95,353.32,358.78,176755,3105,360.055604
MU,1H,2026-03-27T14:00:00Z,359.02,364.34,357.51,363.57,103666,2011,361.114122
MU,1H,2026-03-27T15:00:00Z,363.84,368.47,362.86,366.44,101454,2213,365.523256
MU,1H,2026-03-27T16:00:00Z,366.25,366.72,362.44,364.27,48483,1030,364.061634
MU,1H,2026-03-27T17:00:00Z,364.33,364.33,357.19,358.92,45199,1138,359.498166
MU,1H,2026-03-27T18:00:00Z,359.02,359.33,356.44,356.82,34643,932,357.90498
MU,1H,2026-03-27T19:00:00Z,357.23,357.65,355.38,357.07,80815,2123,356.745336
MU,1H,2026-03-30T13:00:00Z,363.94,363.94,340.62,343,235895,3071,347.937252
MU,1H,2026-03-30T14:00:00Z,343.19,347.19,337.45,340.41,222213,3519,342.230901
MU,1H,2026-03-30T15:00:00Z,340.34,342.09,332.9,333.21,160525,2635,337.856789
MU,1H,2026-03-30T16:00:00Z,332.7,332.93,329.27,330.17,224223,2686,330.966321
MU,1H,2026-03-30T17:00:00Z,330.03,330.03,324.99,327.99,180164,2285,327.666699
MU,1H,2026-03-30T18:00:00Z,328.1,328.32,322.49,322.86,109701,2146,324.846417
MU,1H,2026-03-30T19:00:00Z,322.75,323.25,318.48,322,375610,5853,321.943689
MU,1H,2026-03-30T20:00:00Z,320.69,321.21,320.3,321.01,1012,23,320.79029
MU,1H,2026-03-31T12:00:00Z,320.1,322.45,320.1,322.16,350,3,321.362857
MU,1H,2026-03-31T13:00:00Z,319.54,327.36,311.56,325.71,372537,4779,319.20909
MU,1H,2026-03-31T14:00:00Z,325.57,329.33,321.97,322.51,310033,5217,325.851884
MU,1H,2026-03-31T15:00:00Z,322.6,325.63,316.53,318.51,173544,3299,321.280345
MU,1H,2026-03-31T16:00:00Z,318.62,332.89,318.62,328.07,170624,3683,327.672321
MU,1H,2026-03-31T17:00:00Z,327.8,331.35,324.52,324.52,114782,3303,328.87377
MU,1H,2026-03-31T18:00:00Z,324.59,332.69,323.81,332.47,87955,3041,328.126687
MU,1H,2026-03-31T19:00:00Z,332.47,337.77,331.25,337.48,255763,7790,335.860159
MU,1H,2026-04-01T12:00:00Z,348.41,350.31,347.93,349.8,2079,20,348.918065
MU,1H,2026-04-01T13:00:00Z,348.86,356.13,343.12,355.08,216938,3723,351.219715
MU,1H,2026-04-01T14:00:00Z,355.03,370.45,355.03,368.35,347401,6811,364.781856
MU,1H,2026-04-01T15:00:00Z,368.31,377.11,367.64,376.05,236225,4635,371.928437
MU,1H,2026-04-01T16:00:00Z,376.07,377.07,373.33,375.42,135933,2822,375.249741
MU,1H,2026-04-01T17:00:00Z,375.28,377.72,371.76,372.13,137013,2607,375.066544
MU,1H,2026-04-01T18:00:00Z,372.19,372.37,365.66,365.74,131390,2685,368.777748
MU,1H,2026-04-01T19:00:00Z,365.81,369.81,365.6,367.83,141718,3756,368.061742
MU,1H,2026-04-02T13:00:00Z,341.06,354.1,341.03,354.1,154285,2522,347.554078
MU,1H,2026-04-02T14:00:00Z,354.66,365.67,353.01,363.49,195407,3835,360.597047
MU,1H,2026-04-02T15:00:00Z,363.09,365.18,359.94,361.27,78146,1730,362.346027
MU,1H,2026-04-02T16:00:00Z,360.96,363.25,358.17,362.59,61376,1302,361.145218
MU,1H,2026-04-02T17:00:00Z,362.58,364.77,361.17,362.26,56684,1308,363.264564
MU,1H,2026-04-02T18:00:00Z,362.88,366.22,362.59,365.12,83415,1754,364.530174
MU,1H,2026-04-02T19:00:00Z,365.23,366.75,363.39,366.16,130397,2990,365.754024
MU,1H,2026-04-06T12:00:00Z,379.26,379.26,379.26,379.26,100,1,379.26
MU,1H,2026-04-06T13:00:00Z,378.08,384.93,371.03,379.54,150366,3049,378.794885
MU,1H,2026-04-06T14:00:00Z,379.37,381.58,375.32,378.48,156033,3188,378.132434
MU,1H,2026-04-06T15:00:00Z,378.44,381.42,377.1,381.31,87770,2040,378.960194
MU,1H,2026-04-06T16:00:00Z,381.3,382.44,379.4,381.06,48520,1060,381.0921
MU,1H,2026-04-06T17:00:00Z,380.61,381.49,376.52,378.32,73541,1526,378.973265
MU,1H,2026-04-06T18:00:00Z,378.32,380.74,377.83,379.88,52788,1055,379.73398
MU,1H,2026-04-06T19:00:00Z,379.9,380.22,376.82,377.65,156568,3405,378.330148
MU,1H,2026-04-07T13:00:00Z,374.07,378.95,368.23,368.23,77673,1618,374.415518
MU,1H,2026-04-07T14:00:00Z,368.22,371.84,364.25,366.65,101571,2019,368.16148
MU,1H,2026-04-07T15:00:00Z,366.61,373.33,364.63,372.56,73461,1869,368.866172
MU,1H,2026-04-07T16:00:00Z,372.86,376.75,372.37,374.98,61573,1563,374.009543
MU,1H,2026-04-07T17:00:00Z,375.2,378.33,374.47,376.01,44779,1166,375.961996
MU,1H,2026-04-07T18:00:00Z,376.12,376.54,370.47,371.13,59204,1441,374.387941
MU,1H,2026-04-07T19:00:00Z,371.01,377.78,368.9,377.73,126038,3144,373.259561
MU,1H,2026-04-07T20:00:00Z,377.32,377.32,377.32,377.32,164,5,377.32
MU,1H,2026-04-08T12:00:00Z,411.95,412.1,409.1,409.1,848,9,411.18625
MU,1H,2026-04-08T13:00:00Z,415.06,415.24,403.96,406.84,229697,3995,409.789786
MU,1H,2026-04-08T14:00:00Z,406.58,409.99,398.94,401.47,135975,3110,405.212144
MU,1H,2026-04-08T15:00:00Z,402.02,406.31,402.02,406,112781,2851,404.452042
MU,1H,2026-04-08T16:00:00Z,405.91,409.08,404.94,408.51,107867,2406,407.328346
MU,1H,2026-04-08T17:00:00Z,408.51,408.75,405.5,406.13,100125,2263,406.878176
MU,1H,2026-04-08T18:00:00Z,406.08,407.7,401.77,401.97,110311,2361,405.316267
MU,1H,2026-04-08T19:00:00Z,401.93,406.71,401.7,406.66,157346,3677,404.98682
MU,1H,2026-04-09T13:00:00Z,407.49,414.95,407.49,409.28,165871,2196,412.118731
MU,1H,2026-04-09T14:00:00Z,408.94,409.67,398.52,404.26,108546,2062,402.966117
MU,1H,2026-04-09T15:00:00Z,403.74,408.41,401.34,407.07,53894,1750,405.273179
MU,1H,2026-04-09T16:00:00Z,407.2,409.21,406.02,407.3,49010,1413,407.392504
MU,1H,2026-04-09T17:00:00Z,407.39,414.09,407.13,412.17,99188,1584,411.570223
MU,1H,2026-04-09T18:00:00Z,412.52,416.74,410.32,415.8,69414,1654,413.066573
MU,1H,2026-04-09T19:00:00Z,415.85,423.57,415.85,421.39,188411,3617,421.55388
MU,1H,2026-04-10T13:00:00Z,420.22,422.85,410.11,420.31,117253,2293,416.892276
MU,1H,2026-04-10T14:00:00Z,420.24,422.66,417.17,422.66,92388,2146,419.909924
MU,1H,2026-04-10T15:00:00Z,422.93,423.64,414.12,415.25,108153,2970,419.88087
MU,1H,2026-04-10T16:00:00Z,415.24,418.36,414.37,418.08,52876,1821,416.342861
MU,1H,2026-04-10T17:00:00Z,418.1,423.55,417.21,422.67,62238,2048,419.98333
MU,1H,2026-04-10T18:00:00Z,422.73,423.05,420.43,420.64,49198,1598,421.911195
MU,1H,2026-04-10T19:00:00Z,420.71,422.85,419.8,420.58,155154,3843,421.568487
MU,1H,2026-04-13T13:00:00Z,416.17,419.01,408.93,416.27,138910,2456,414.619137
MU,1H,2026-04-13T14:00:00Z,416.47,417.94,411,416.16,134220,2453,413.298789
MU,1H,2026-04-13T15:00:00Z,415.98,420.88,413.29,414.01,80380,2058,417.264481
MU,1H,2026-04-13T16:00:00Z,414.04,416.1,410.63,415.97,76106,1978,413.157041
MU,1H,2026-04-13T17:00:00Z,415.69,417.9,414.44,416.47,58875,1350,416.600132
MU,1H,2026-04-13T18:00:00Z,416.57,420.62,414.75,419.7,52382,1474,417.877648
MU,1H,2026-04-13T19:00:00Z,419.77,426.77,419.65,426.77,149594,3438,423.994386
MU,1H,2026-04-13T20:00:00Z,426.79,426.79,426.79,426.79,195,11,426.79
MU,1H,2026-04-14T12:00:00Z,433.58,433.58,433.58,433.58,200,4,433.58
MU,1H,2026-04-14T13:00:00Z,432.71,437.96,424.99,431.09,120467,2159,430.845875
MU,1H,2026-04-14T14:00:00Z,431.17,440.57,429.63,435.62,111003,1841,434.948847
MU,1H,2026-04-14T15:00:00Z,435.74,441.9,431.25,439.24,67609,1614,437.157591
MU,1H,2026-04-14T16:00:00Z,439.24,444.93,439.24,444.19,59795,1310,443.096148
MU,1H,2026-04-14T17:00:00Z,444.42,456.61,444.17,456.07,84411,1817,451.961411
MU,1H,2026-04-14T18:00:00Z,456.58,458.28,452.32,453.22,95175,1855,455.372965
MU,1H,2026-04-14T19:00:00Z,453.35,465.63,453.35,465.32,210490,4213,461.468758
MU,1H,2026-04-14T20:00:00Z,466.82,466.82,462.73,462.73,262,10,464.775
MU,1H,2026-04-15T12:00:00Z,454.19,454.19,454.19,454.19,163,2,454.19
MU,1H,2026-04-15T13:00:00Z,457.55,463.73,452.34,452.39,118914,1949,458.049525
MU,1H,2026-04-15T14:00:00Z,452.73,454.17,444.6,450.85,100125,2074,450.329801
MU,1H,2026-04-15T15:00:00Z,450.14,453.22,446.32,446.64,54788,1236,449.891994
MU,1H,2026-04-15T16:00:00Z,446.43,448.08,439.33,442.32,56651,1617,443.684925
MU,1H,2026-04-15T17:00:00Z,442.62,448.28,442.21,447.83,26911,788,444.633575
MU,1H,2026-04-15T18:00:00Z,447.23,450.67,446.99,450.5,28674,880,449.463987
MU,1H,2026-04-15T19:00:00Z,450.97,456.26,450.18,456.04,92854,2283,454.162149
MU,1H,2026-04-15T20:00:00Z,452.91,452.91,452.91,452.91,100,1,452.91
MU,1H,2026-04-16T12:00:00Z,449.44,450.34,449.44,450.34,500,11,449.89
MU,1H,2026-04-16T13:00:00Z,449.41,454.71,444.71,454.32,65930,1328,449.175534
MU,1H,2026-04-16T14:00:00Z,454.76,462.12,453.34,458.35,84018,1750,458.133179
MU,1H,2026-04-16T15:00:00Z,458.53,461.08,454.73,460.08,62314,1722,458.212337
MU,1H,2026-04-16T16:00:00Z,460.25,461.47,453.65,458,52176,1582,457.925367
MU,1H,2026-04-16T17:00:00Z,458.23,460.25,454.75,455.26,30639,1174,457.998119
MU,1H,2026-04-16T18:00:00Z,455.24,455.39,451.61,453.94,43137,1501,453.067652
MU,1H,2026-04-16T19:00:00Z,454.33,457.66,454.33,457.14,82132,2483,456.457063
MU,1H,2026-04-17T12:00:00Z,467.23,467.41,467.23,467.41,653,11,467.354615
MU,1H,2026-04-17T13:00:00Z,466.59,470.82,454.97,458.48,103582,1670,465.956078
MU,1H,2026-04-17T14:00:00Z,458.99,462.29,455.49,458.69,102163,1624,458.54243
MU,1H,2026-04-17T15:00:00Z,458.68,460.51,452.51,452.51,52265,1069,457.856255
MU,1H,2026-04-17T16:00:00Z,452.54,459.47,452.2,458.07,43727,829,455.435706
MU,1H,2026-04-17T17:00:00Z,458.3,459.83,455.81,458.37,27217,703,458.086081
MU,1H,2026-04-17T18:00:00Z,458.7,459.82,456.94,458.74,30218,671,458.408327
MU,1H,2026-04-17T19:00:00Z,458.92,459.23,454.34,455,131491,2376,455.704926
MU,1H,2026-04-20T12:00:00Z,454.01,455.95,454.01,455.93,2313,33,455.764542
MU,1H,2026-04-20T13:00:00Z,458.36,464.16,450.32,451.4,60259,1240,455.655785
MU,1H,2026-04-20T14:00:00Z,451.4,451.4,440.27,441.82,82401,1708,446.883117
MU,1H,2026-04-20T15:00:00Z,441.78,443.95,435.93,438.28,74441,1693,440.014963
MU,1H,2026-04-20T16:00:00Z,438.03,445.6,436.75,445.49,52867,1256,441.5378
MU,1H,2026-04-20T17:00:00Z,445.59,448.21,444.52,447.66,33259,955,446.5032
MU,1H,2026-04-20T18:00:00Z,447.83,449.15,446.39,448.69,29189,1138,448.102872
MU,1H,2026-04-20T19:00:00Z,449.01,449.2,446.94,448.33,72368,2502,447.84414
MU,1H,2026-04-21T13:00:00Z,452.24,457.63,450.6,452.42,61739,1130,453.330005
MU,1H,2026-04-21T14:00:00Z,451.13,451.64,443.12,444,54149,1230,446.956858
MU,1H,2026-04-21T15:00:00Z,442.64,446.51,441.37,446.51,61065,1483,444.019788
MU,1H,2026-04-21T16:00:00Z,446.63,449.8,445.38,447,74756,1211,447.674508
MU,1H,2026-04-21T17:00:00Z,447.42,452.23,446.72,451.52,26084,616,449.867395
MU,1H,2026-04-21T18:00:00Z,451.36,452.02,449.23,450.56,28224,682,450.441483
MU,1H,2026-04-21T19:00:00Z,450.76,455.28,447.15,449.32,63556,1791,449.994554
MU,1H,2026-04-22T13:00:00Z,461.48,468.79,458.8,461.21,78697,1403,464.579692
MU,1H,2026-04-22T14:00:00Z,462.8,479.15,460.18,474.87,150008,2488,472.06884
MU,1H,2026-04-22T15:00:00Z,475.22,478.83,472.94,477.25,61335,1305,475.824361
MU,1H,2026-04-22T16:00:00Z,477.26,485.4,476.42,483.73,128309,1768,481.454047
MU,1H,2026-04-22T17:00:00Z,483.75,486.77,483.2,485.27,70712,1384,485.264188
MU,1H,2026-04-22T18:00:00Z,485.27,489.54,483.38,488.93,62349,1350,486.357209
MU,1H,2026-04-22T19:00:00Z,488.64,491.89,485.86,487.36,128266,3014,487.887649
MU,1H,2026-04-22T20:00:00Z,487.54,489.59,487.54,489.59,359,8,488.223333
MU,1H,2026-04-23T12:00:00Z,479.77,479.77,479.77,479.77,200,4,479.77
MU,1H,2026-04-23T13:00:00Z,482.66,483.75,474.93,479.36,115583,2045,478.196998
MU,1H,2026-04-23T14:00:00Z,479.27,482.71,471.86,481.78,104992,2336,477.187126
MU,1H,2026-04-23T15:00:00Z,481.94,489.71,480.84,488.47,69251,1583,486.100794
MU,1H,2026-04-23T16:00:00Z,489.03,493.35,484.7,489.98,60104,1362,489.693123
MU,1H,2026-04-23T17:00:00Z,489.9,490.47,473.31,479.12,121494,2434,481.260845
MU,1H,2026-04-23T18:00:00Z,478.74,481.04,474.36,474.57,40906,1200,479.100482
MU,1H,2026-04-23T19:00:00Z,474.92,482.07,473.39,481.93,62055,1825,478.025124
MU,1H,2026-04-23T20:00:00Z,481.09,485.32,481.09,481.57,1143,47,483.671429
MU,1H,2026-04-24T13:00:00Z,496.07,506.57,489.46,494.1,121020,2102,497.512154
MU,1H,2026-04-24T14:00:00Z,493.77,506.58,493.45,504.43,136251,2460,501.864803
MU,1H,2026-04-24T15:00:00Z,504.67,504.67,496.36,498.48,60786,1393,501.489981
MU,1H,2026-04-24T16:00:00Z,498.29,499.87,496.82,498.31,35389,943,498.080032
MU,1H,2026-04-24T17:00:00Z,498.82,498.93,494.48,498.12,36237,913,496.747639
MU,1H,2026-04-24T18:00:00Z,498.18,498.46,493.13,497.41,67342,1354,495.866533
MU,1H,2026-04-24T19:00:00Z,497.58,499.06,495.22,496.15,98280,2443,496.698957
MU,1H,2026-04-27T13:00:00Z,510.51,529.46,510.1,527.25,149212,2433,520.246904
MU,1H,2026-04-27T14:00:00Z,527.22,527.57,513.57,519.28,141032,2622,520.964545
MU,1H,2026-04-27T15:00:00Z,519.63,531.24,518.61,529.05,81089,1589,524.801643
MU,1H,2026-04-27T16:00:00Z,529.21,529.4,519.18,519.79,44067,1082,523.823296
MU,1H,2026-04-27T17:00:00Z,520.24,522.59,518.33,518.99,63120,1341,520.711262
MU,1H,2026-04-27T18:00:00Z,517.94,519.96,516.39,519.45,46111,1213,518.030462
MU,1H,2026-04-27T19:00:00Z,518.91,524.68,518.57,524.65,124169,2737,521.89664
MU,1H,2026-04-28T12:00:00Z,502.25,503.82,502.25,503.82,490,5,503.296667
MU,1H,2026-04-28T13:00:00Z,502.08,518.57,497.76,512.95,178382,2790,510.331211
MU,1H,2026-04-28T14:00:00Z,511.71,511.71,488.36,494.76,195064,3247,499.19326
MU,1H,2026-04-28T15:00:00Z,494.77,498.66,490.92,494.82,60261,1473,494.467601
MU,1H,2026-04-28T16:00:00Z,494.17,497.06,490.57,496.59,50749,1216,493.926857
MU,1H,2026-04-28T17:00:00Z,497.52,505.99,495.88,505.99,53485,1264,501.664728
MU,1H,2026-04-28T18:00:00Z,506.1,509.54,504.52,507.89,38322,1000,506.822773
MU,1H,2026-04-28T19:00:00Z,508.54,510.57,502.36,504.17,79604,2381,505.734575
MU,1H,2026-04-29T12:00:00Z,526.62,528.5,526.4,528.5,951,24,527.029091
MU,1H,2026-04-29T13:00:00Z,526.89,530.92,518.31,522.76,133190,1966,524.442332
MU,1H,2026-04-29T14:00:00Z,522.02,526.05,516.66,522.3,137925,2636,522.289514
MU,1H,2026-04-29T15:00:00Z,522.77,523.42,517.99,519.61,72897,1625,520.571127
MU,1H,2026-04-29T16:00:00Z,519.56,521.77,511.01,511.13,69254,1493,515.057557
MU,1H,2026-04-29T17:00:00Z,511.57,513.74,508.81,512.53,84273,1465,510.756832
MU,1H,2026-04-29T18:00:00Z,512.66,518.82,510.28,518.23,94971,1976,512.823059
MU,1H,2026-04-29T19:00:00Z,518.89,518.92,510.23,518.22,125033,2893,515.871108
MU,1H,2026-04-29T20:00:00Z,511.78,517.77,511.78,513.93,694,15,515.404
MU,1H,2026-04-30T12:00:00Z,523.8,526.56,523.8,526.56,709,12,525.572172
MU,1H,2026-04-30T13:00:00Z,528.58,535.08,519.2,519.43,98605,1545,527.785997
MU,1H,2026-04-30T14:00:00Z,519.25,520.53,503.92,510.17,161379,2848,512.22103
MU,1H,2026-04-30T15:00:00Z,511.25,513.29,502.65,508.86,85951,1902,508.267005
MU,1H,2026-04-30T16:00:00Z,508.25,512.42,507.74,509.54,51193,1145,509.674236
MU,1H,2026-04-30T17:00:00Z,509.5,513.09,508.7,512.92,65573,1261,509.963157
MU,1H,2026-04-30T18:00:00Z,513.16,516.07,510.58,513.82,51661,1362,513.871923
MU,1H,2026-04-30T19:00:00Z,513.56,518.17,511.58,517.36,108033,2718,515.523602
MU,1H,2026-04-30T20:00:00Z,513.98,513.98,502.93,507.42,3795,73,506.276333
MU,1H,2026-05-01T13:00:00Z,511.89,541.39,511.16,541.39,133835,2524,527.862811
MU,1H,2026-05-01T14:00:00Z,541.57,545.62,527.05,527.9,192133,3821,539.464983
MU,1H,2026-05-01T15:00:00Z,527.27,534.18,524.74,531.86,78723,1940,529.991335
MU,1H,2026-05-01T16:00:00Z,531.78,534.45,529.34,531.42,40817,1241,531.782711
MU,1H,2026-05-01T17:00:00Z,531.02,536.46,528.43,535.76,38693,1207,531.427579
MU,1H,2026-05-01T18:00:00Z,534.9,543.26,534.13,539.94,62463,1779,538.679138
MU,1H,2026-05-01T19:00:00Z,539.94,543.14,537.96,542.18,135485,3247,541.235389
MU,1H,2026-05-01T20:00:00Z,540.23,540.23,540.23,540.23,45,2,540.23
MU,1H,2026-05-04T12:00:00Z,558.23,558.23,554.91,554.91,1090,12,557.086651
MU,1H,2026-05-04T13:00:00Z,554.53,588.88,554.53,588.59,186934,3747,577.0763
MU,1H,2026-05-04T14:00:00Z,588.76,592.26,579.1,584.4,121749,3453,585.464774
MU,1H,2026-05-04T15:00:00Z,583.91,585.86,576.53,581,121485,3148,581.631923
MU,1H,2026-05-04T16:00:00Z,580.92,581.29,572.94,579.05,84561,2760,577.626832
MU,1H,2026-05-04T17:00:00Z,579.33,582.22,575.16,578.01,71229,2165,578.542749
MU,1H,2026-05-04T18:00:00Z,578.1,578.57,571.51,577.16,58198,1791,574.899844
MU,1H,2026-05-04T19:00:00Z,577.49,580.32,576.01,576.18,124603,3649,577.741398
MU,1H,2026-05-04T20:00:00Z,574.2,578.54,574.13,578.54,1185,36,575.389732
MU,1H,2026-05-05T12:00:00Z,603.72,603.72,601.98,601.98,434,12,603.116757
MU,1H,2026-05-05T13:00:00Z,603.63,637.48,603.63,635.46,253793,4426,622.656706
MU,1H,2026-05-05T14:00:00Z,635.19,651.37,630.22,636.52,263349,5765,639.395251
MU,1H,2026-05-05T15:00:00Z,636.62,646.9,632.9,644.34,109765,2783,639.514826
MU,1H,2026-05-05T16:00:00Z,644.34,649.7,628.06,640.01,118685,3097,637.751796
MU,1H,2026-05-05T17:00:00Z,639.9,644.25,638.09,638.77,67594,2063,640.884973
MU,1H,2026-05-05T18:00:00Z,638.47,645.08,637.03,644.75,68551,1959,641.309424
MU,1H,2026-05-05T19:00:00Z,644.42,646.65,635.21,640.24,169577,5373,639.467572
MU,1H,2026-05-05T20:00:00Z,639.91,639.91,639.91,639.91,293,20,639.91
MU,1H,2026-05-06T12:00:00Z,675.08,675.08,663.34,669.89,2502,57,668.37575
MU,1H,2026-05-06T13:00:00Z,667.36,667.36,640.95,648.1,211808,4673,652.648515
MU,1H,2026-05-06T14:00:00Z,646.75,657.17,627.62,654.21,298445,5431,640.686434
MU,1H,2026-05-06T15:00:00Z,654.27,667.22,650.91,658.87,118583,3629,659.015337
MU,1H,2026-05-06T16:00:00Z,658.42,662.64,649.78,651.9,82839,2196,654.937649
MU,1H,2026-05-06T17:00:00Z,651.8,657.36,649.64,652.24,55159,1608,653.234516
MU,1H,2026-05-06T18:00:00Z,652.72,659.64,651.77,657.87,68717,1823,655.822617
MU,1H,2026-05-06T19:00:00Z,657.85,667.15,655.74,666.73,131325,3529,662.835971
MU,1H,2026-05-06T20:00:00Z,666.7,671.31,657.92,657.92,1406,43,666.232466
MU,1H,2026-05-07T12:00:00Z,652.86,655.66,649.15,653.32,1237,29,651.820608
MU,1H,2026-05-07T13:00:00Z,651.52,663.58,640.9,659.77,139254,2569,652.349727
MU,1H,2026-05-07T14:00:00Z,659.35,682.94,658.14,668.2,121349,3255,670.055652
MU,1H,2026-05-07T15:00:00Z,668.28,668.28,647.62,648.74,158930,3903,659.444645
MU,1H,2026-05-07T16:00:00Z,648.66,653.09,637.21,647.33,157068,3682,644.909303
MU,1H,2026-05-07T17:00:00Z,647.39,648.09,635.46,646.85,100956,2731,642.297955
MU,1H,2026-05-07T18:00:00Z,646.93,647.91,635.56,639.49,75995,1987,642.273353
MU,1H,2026-05-07T19:00:00Z,640.2,649.09,638.43,646.4,127109,3569,644.761785
MU,1H,2026-05-07T20:00:00Z,649.36,649.36,642.39,642.92,924,32,646.53
MU,1H,2026-05-08T12:00:00Z,663.43,673.24,663.43,671.78,2418,47,668.786975
MU,1H,2026-05-08T13:00:00Z,670.8,708.62,669.8,708.47,195934,3973,694.966189
MU,1H,2026-05-08T14:00:00Z,709.39,716.22,702.76,715.41,198694,5057,708.583684
MU,1H,2026-05-08T15:00:00Z,715.59,724.1,712.41,721.74,127364,4027,717.413123
MU,1H,2026-05-08T16:00:00Z,721.89,741.38,721.89,730,149532,4372,731.730236
MU,1H,2026-05-08T17:00:00Z,730.26,739.2,729.89,730.51,129877,3332,733.516063
MU,1H,2026-05-08T18:00:00Z,730.45,743.07,727.51,734.71,114470,3374,733.582629
MU,1H,2026-05-08T19:00:00Z,734.03,746.98,732.05,746.98,236449,5536,741.030205
MU,1H,2026-05-08T20:00:00Z,747.02,749.32,744.31,744.4,1149,49,746.789572
MU,1H,2026-05-11T12:00:00Z,788.57,788.57,775.93,786.65,2826,76,780.802707
MU,1H,2026-05-11T13:00:00Z,786.64,818.54,767.88,769.4,467190,8164,792.342465
MU,1H,2026-05-11T14:00:00Z,769.99,795.61,768.78,789.74,233596,6009,781.056675
MU,1H,2026-05-11T15:00:00Z,790.14,794.16,776.78,793.58,111493,4138,785.137933
MU,1H,2026-05-11T16:00:00Z,793.81,798.55,785.49,796.52,104781,3698,792.853355
MU,1H,2026-05-11T17:00:00Z,796.76,806.26,795.53,800.72,98013,3685,802.110512
MU,1H,2026-05-11T18:00:00Z,801.35,816.36,796.95,804.12,112221,4194,808.451987
MU,1H,2026-05-11T19:00:00Z,804.88,811.28,788.18,795.2,209177,7271,798.080998
MU,1H,2026-05-11T20:00:00Z,795.14,797.34,792.38,792.38,613,19,794.829052
MU,1H,2026-05-12T12:00:00Z,766.4,777.61,766.4,774.6,1764,43,775.067522
MU,1H,2026-05-12T13:00:00Z,773.55,782.46,758.6,762.27,219099,4197,769.500152
MU,1H,2026-05-12T14:00:00Z,762.18,770.19,746.04,750.14,197964,5257,757.939213
MU,1H,2026-05-12T15:00:00Z,750.35,751.33,716.65,719.4,213987,5795,735.617698
MU,1H,2026-05-12T16:00:00Z,719.59,731.24,706.65,713.46,202200,5294,718.324448
MU,1H,2026-05-12T17:00:00Z,714.03,740.76,714.03,740.12,211735,5116,729.397628
MU,1H,2026-05-12T18:00:00Z,739.91,754.88,739.1,740.97,210542,5583,747.107897
MU,1H,2026-05-12T19:00:00Z,743.65,766.66,742.93,765.68,187071,5737,757.01801
MU,1H,2026-05-12T20:00:00Z,766.68,772.23,764.64,766.8,2279,89,767.099736
MU,1H,2026-05-13T12:00:00Z,812.45,814.4,794.62,799.3,2021,61,801.47666
MU,1H,2026-05-13T13:00:00Z,801.15,814.61,783.69,794.35,163826,3555,798.432052
MU,1H,2026-05-13T14:00:00Z,794.19,811.32,779.89,809.24,154875,3987,799.531122
MU,1H,2026-05-13T15:00:00Z,809.88,810.82,785.02,788.51,128563,3928,795.178502
MU,1H,2026-05-13T16:00:00Z,788.09,797.7,787.44,792.1,89690,2396,794.465553
MU,1H,2026-05-13T17:00:00Z,792.36,803.6,792.29,794.61,61653,1818,798.301675
MU,1H,2026-05-13T18:00:00Z,795.44,807.68,794.08,799.39,57415,1644,802.24144
MU,1H,2026-05-13T19:00:00Z,800.03,812.63,799.98,803.05,165154,4965,805.673817
MU,1H,2026-05-13T20:00:00Z,801.84,803.25,794.9,799.71,3530,104,798.308571
MU,1H,2026-05-14T12:00:00Z,796.32,797.8,791.4,791.72,984,24,795.26579
MU,1H,2026-05-14T13:00:00Z,791.68,811.52,775.97,799.02,176494,3448,794.305338
MU,1H,2026-05-14T14:00:00Z,798.54,804.46,787.88,790.06,206564,4356,796.380033
MU,1H,2026-05-14T15:00:00Z,790.66,796.77,779.21,786.57,88018,2878,788.042941
MU,1H,2026-05-14T16:00:00Z,786.5,795.16,784.39,792.67,45274,1579,789.27874
MU,1H,2026-05-14T17:00:00Z,792.57,796.26,781.55,792.81,66273,2028,789.139715
MU,1H,2026-05-14T18:00:00Z,792.12,792.12,785.16,791.78,63738,1888,789.408641
MU,1H,2026-05-14T19:00:00Z,791.91,794.16,775.57,775.79,124811,4088,785.368986
MU,1H,2026-05-14T20:00:00Z,776.41,781.18,776.16,776.55,3110,168,778.394104
MU,1H,2026-05-15T12:00:00Z,750,750.02,738.69,742.27,2434,40,745.399777
MU,1H,2026-05-15T13:00:00Z,743.44,749.39,724.56,724.99,280550,5240,736.847729
MU,1H,2026-05-15T14:00:00Z,724.93,746.51,718.96,731.1,188980,4959,730.964142
MU,1H,2026-05-15T15:00:00Z,731.81,740.74,729.73,732.46,77795,2877,735.127857
MU,1H,2026-05-15T16:00:00Z,732.4,737.37,730.04,735.36,46298,1956,733.210677
MU,1H,2026-05-15T17:00:00Z,736.03,745.31,735.19,742.08,49919,1875,741.289172
MU,1H,2026-05-15T18:00:00Z,742.41,746.35,735.21,738.82,61631,2178,739.717066
MU,1H,2026-05-15T19:00:00Z,739.16,739.62,723.37,723.98,185938,5490,728.287352
MU,1H,2026-05-15T20:00:00Z,725.51,725.51,722.89,724.29,2383,78,724.596694
MU,1H,2026-05-18T12:00:00Z,738.84,751.06,735.69,750.23,1775,48,743.596112
MU,1H,2026-05-18T13:00:00Z,754.2,764.32,720.53,721.9,131413,3383,735.797522
MU,1H,2026-05-18T14:00:00Z,721.86,725.23,687.32,698.68,182539,4882,706.308727
MU,1H,2026-05-18T15:00:00Z,699.02,707.81,695.96,695.96,192693,3400,700.858949
MU,1H,2026-05-18T16:00:00Z,696.42,696.75,679.73,688.73,195567,3770,689.128837
MU,1H,2026-05-18T17:00:00Z,688.75,689.17,677.41,679.36,82528,2251,682.077719
MU,1H,2026-05-18T18:00:00Z,678.84,679.07,663.76,669.59,111947,3193,669.346875
MU,1H,2026-05-18T19:00:00Z,669.73,687.95,663.41,681.56,292270,6641,675.620705
MU,1H,2026-05-18T20:00:00Z,678.09,680.56,677.69,680.56,1033,37,678.548333
MU,1H,2026-05-19T12:00:00Z,661.49,671.63,661.42,667.52,1167,29,667.405514
MU,1H,2026-05-19T13:00:00Z,663.98,700.9,663.01,677.53,158763,3674,685.007948
MU,1H,2026-05-19T14:00:00Z,677.22,679.7,652.13,677.58,231541,5664,665.940049
MU,1H,2026-05-19T15:00:00Z,678.39,696.61,676.64,694.5,125231,3236,687.708863
MU,1H,2026-05-19T16:00:00Z,695.32,717.08,695.02,714.01,139052,3530,707.653772
MU,1H,2026-05-19T17:00:00Z,714.78,725.61,712.15,718.33,101951,2615,719.867151
MU,1H,2026-05-19T18:00:00Z,718.54,722.69,703.35,704.55,91196,2507,713.407492
MU,1H,2026-05-19T19:00:00Z,704.41,711.19,693.28,698.95,166738,4402,699.461244
MU,1H,2026-05-19T20:00:00Z,701.72,701.72,699.3,699.99,1003,43,700.321781
MU,1H,2026-05-20T12:00:00Z,723.02,734.23,722.56,730.29,1954,46,726.224811
MU,1H,2026-05-20T13:00:00Z,733.82,735.73,709.51,713.78,152877,3422,721.806377
MU,1H,2026-05-20T14:00:00Z,714.49,720.54,700.57,720.16,159313,3385,710.291234
MU,1H,2026-05-20T15:00:00Z,719.85,727.76,714.45,725.82,94985,2299,721.770477
MU,1H,2026-05-20T16:00:00Z,725.11,725.36,711.48,719.97,69888,1808,718.773199
MU,1H,2026-05-20T17:00:00Z,720.21,731.24,718.66,730.44,51226,1476,724.233495
MU,1H,2026-05-20T18:00:00Z,730.77,732.38,723.23,726.31,46851,1355,727.139746
MU,1H,2026-05-20T19:00:00Z,727.45,733.89,726.87,731.94,107324,3199,730.506372
MU,1H,2026-05-20T20:00:00Z,731.05,735.7,717.07,729.24,2230,79,728.880077
MU,1H,2026-05-21T12:00:00Z,738.48,739.47,729.08,729.08,1050,27,735.650117
MU,1H,2026-05-21T13:00:00Z,731.77,761.4,731.77,758.12,112396,2463,748.782988
MU,1H,2026-05-21T14:00:00Z,758.59,764.43,740.69,747.89,127766,3416,751.849393
MU,1H,2026-05-21T15:00:00Z,747.83,751.84,741.03,741.39,265843,2985,747.533922
MU,1H,2026-05-21T16:00:00Z,741.73,754.84,741.73,747.81,178288,2648,746.699541
MU,1H,2026-05-21T17:00:00Z,748.62,761.25,748.62,755.59,216114,2950,755.172085
MU,1H,2026-05-21T18:00:00Z,756.73,760.27,744.64,746.76,45819,1504,753.253433
MU,1H,2026-05-21T19:00:00Z,747.71,763.53,745.46,761.62,130651,3861,757.362791
MU,1H,2026-05-21T20:00:00Z,761.79,761.81,757.07,758.51,2114,70,759.961899
MU,1H,2026-05-22T12:00:00Z,755.53,755.73,754.14,755.45,970,18,755.157657
MU,1H,2026-05-22T13:00:00Z,753.87,761.69,747.5,753.76,79449,1594,754.214171
MU,1H,2026-05-22T14:00:00Z,753.25,768.88,747.6,762.94,75260,1986,756.606898
MU,1H,2026-05-22T15:00:00Z,764.93,771.2,763.45,764.99,36972,1201,766.979693
MU,1H,2026-05-22T16:00:00Z,764.88,769.6,761.62,768.56,31181,1063,765.718427
MU,1H,2026-05-22T17:00:00Z,768.64,779.98,767.66,777.79,51053,1546,772.79331
MU,1H,2026-05-22T18:00:00Z,777.98,778.3,767.38,770.93,66432,1609,772.305102
MU,1H,2026-05-22T19:00:00Z,771.19,771.38,750.88,750.97,123403,3552,757.580819
MU,1H,2026-05-22T20:00:00Z,750.99,751.77,749.69,749.69,747,28,750.557752
MU,1H,2026-05-26T12:00:00Z,803.87,814.75,803.65,814.07,2460,55,806.717391
MU,1H,2026-05-26T13:00:00Z,813.14,862.22,812.27,858.65,200748,4700,845.001652
MU,1H,2026-05-26T14:00:00Z,860.18,891.08,845.91,880.18,218025,5457,872.619678
MU,1H,2026-05-26T15:00:00Z,880.67,883.1,867.68,873.15,112247,3079,875.289505
MU,1H,2026-05-26T16:00:00Z,874.51,889.21,872.86,884.11,100698,2340,881.478156
MU,1H,2026-05-26T17:00:00Z,884.02,899.26,883.02,897.23,67214,1963,893.077715
MU,1H,2026-05-26T18:00:00Z,897.38,908.7,894.42,905.14,94995,2561,902.955576
MU,1H,2026-05-26T19:00:00Z,905.86,916.35,895.02,896.71,206261,5669,905.031517
MU,1H,2026-05-26T20:00:00Z,895.42,904.01,892.74,900.67,2266,65,899.77688
MU,1H,2026-05-27T12:00:00Z,977.36,983.87,946.05,956.6,6546,149,966.023249
MU,1H,2026-05-27T13:00:00Z,961.19,964.49,901.74,929.31,362015,7921,929.033535
MU,1H,2026-05-27T14:00:00Z,929.55,932.98,888.15,900.4,312612,6228,907.518946
MU,1H,2026-05-27T15:00:00Z,900.51,911.41,888.44,911.11,133154,3637,901.038455
MU,1H,2026-05-27T16:00:00Z,911.11,921.9,906.25,907.43,144773,3437,914.152353
MU,1H,2026-05-27T17:00:00Z,908.08,912.23,901.48,907.21,104906,3110,907.262678
MU,1H,2026-05-27T18:00:00Z,907.16,920.23,903.16,915.9,87217,2752,912.634377
MU,1H,2026-05-27T19:00:00Z,916.15,931.4,915.89,928.16,168066,5322,924.989667
MU,1H,2026-05-27T20:00:00Z,931.18,934.21,927.51,930.26,4068,111,931.165504
MU,1H,2026-05-28T12:00:00Z,915.4,927.7,915.39,927.22,1611,43,923.257448
MU,1H,2026-05-28T13:00:00Z,928.17,944.85,905.85,908.58,182833,3416,920.399054
MU,1H,2026-05-28T14:00:00Z,908.59,939.86,904.76,934.37,173625,4361,922.359141
MU,1H,2026-05-28T15:00:00Z,935.16,946.86,933.64,934.67,68047,2778,941.586713
MU,1H,2026-05-28T16:00:00Z,934.84,949.16,933.4,948.39,53437,2277,940.415445
MU,1H,2026-05-28T17:00:00Z,948.35,948.72,935.37,939.58,49978,2186,941.331942
MU,1H,2026-05-28T18:00:00Z,940.59,942.7,925.16,932.25,79045,3228,933.452388
MU,1H,2026-05-28T19:00:00Z,932.15,935.16,918.97,923.56,123369,4402,925.135836
MU,1H,2026-05-28T20:00:00Z,923.96,930.79,922.94,927.49,1719,43,926.987633
MU,1H,2026-05-29T12:00:00Z,939.01,948.8,938.95,948.8,1277,33,942.862449
MU,1H,2026-05-29T13:00:00Z,947.58,979.57,945.48,975.87,100759,2502,963.171465
MU,1H,2026-05-29T14:00:00Z,976.79,980.12,954,963.68,131256,3651,966.318586
MU,1H,2026-05-29T15:00:00Z,965.22,973.69,955.57,958.24,86414,2788,963.608147
MU,1H,2026-05-29T16:00:00Z,958.42,971.62,956.15,964.68,69154,2459,965.190455
MU,1H,2026-05-29T17:00:00Z,963.69,966.03,950.73,952.59,82266,3101,955.930819
MU,1H,2026-05-29T18:00:00Z,952.6,960.03,949.42,950.59,98212,3489,954.915846
MU,1H,2026-05-29T19:00:00Z,950.76,972.64,940.54,970.49,285003,7252,958.620669
MU,1H,2026-05-29T20:00:00Z,968.11,968.11,962,965.06,3483,78,964.801423
MU,1H,2026-06-01T12:00:00Z,1010.76,1010.76,1008.8,1008.8,350,6,1009.352222
MU,1H,2026-06-01T13:00:00Z,1008.62,1038.32,999.92,1013.68,179579,4354,1026.449144
MU,1H,2026-06-01T14:00:00Z,1013.19,1039.18,1012.06,1030.39,150404,4125,1026.934895
MU,1H,2026-06-01T15:00:00Z,1031.23,1035.84,1020.71,1031.64,74513,2510,1027.467662
MU,1H,2026-06-01T16:00:00Z,1032.39,1043.37,1030.54,1043.37,69027,2411,1035.699147
MU,1H,2026-06-01T17:00:00Z,1043.74,1046.63,1037.24,1046.32,58563,2290,1042.178955
MU,1H,2026-06-01T18:00:00Z,1046.44,1046.65,1031.25,1031.47,67268,2521,1037.681619
MU,1H,2026-06-01T19:00:00Z,1031.74,1036.37,1027.45,1034.92,137920,4114,1032.66205
MU,1H,2026-06-01T20:00:00Z,1033.05,1040.83,1033.05,1037.94,1159,25,1036.445814
MU,1H,2026-06-02T12:00:00Z,1045.16,1047.07,1044.72,1044.8,1050,36,1046.222659
MU,1H,2026-06-02T13:00:00Z,1041.94,1056.19,1017.36,1053.49,108862,3536,1036.328215
MU,1H,2026-06-02T14:00:00Z,1054.23,1072.4,1022.66,1028.82,206699,6143,1041.485497
MU,1H,2026-06-02T15:00:00Z,1028.89,1044.22,1025.33,1042.97,95940,3385,1036.926813
MU,1H,2026-06-02T16:00:00Z,1043.49,1044.84,1031.84,1044.84,52035,2218,1037.991419
MU,1H,2026-06-02T17:00:00Z,1044.75,1049.84,1040.86,1048.46,42566,2301,1045.051629
MU,1H,2026-06-02T18:00:00Z,1049.61,1056.25,1044.53,1056.1,53616,2609,1051.152778
MU,1H,2026-06-02T19:00:00Z,1056.15,1076.39,1055.04,1064.08,187960,6810,1065.403092
MU,1H,2026-06-02T20:00:00Z,1064.12,1068.42,1062.61,1068.42,1550,54,1066.53466
MU,1H,2026-06-03T12:00:00Z,1079.34,1079.34,1072.16,1072.38,470,14,1075.557742
MU,1H,2026-06-03T13:00:00Z,1075.07,1088.3,1038.76,1042.29,103760,2955,1057.353638
MU,1H,2026-06-03T14:00:00Z,1041.28,1074.84,1041.28,1063.44,71984,2335,1057.811172
MU,1H,2026-06-03T15:00:00Z,1065.06,1074.67,1054.37,1056.67,54000,1853,1062.964672
MU,1H,2026-06-03T16:00:00Z,1056.32,1067.71,1054.05,1064.73,43335,1720,1062.113812
MU,1H,2026-06-03T17:00:00Z,1064.96,1072.84,1055.27,1071.35,60068,2165,1062.627951
MU,1H,2026-06-03T18:00:00Z,1071.84,1076.58,1065.99,1070.37,48298,1834,1070.171083
MU,1H,2026-06-03T19:00:00Z,1070.44,1088.98,1068.75,1079.58,101487,3557,1079.84082
MU,1H,2026-06-03T20:00:00Z,1076.98,1078.76,1054.84,1056.37,4052,132,1065.345837
MU,1H,2026-06-04T12:00:00Z,1000.06,1017.22,999.69,1013.38,6880,246,1010.194916
MU,1H,2026-06-04T13:00:00Z,1020.4,1027.83,985.05,985.94,181441,4848,999.381818
MU,1H,2026-06-04T14:00:00Z,985.35,1004.95,971.64,998.1,191068,6047,990.657926
MU,1H,2026-06-04T15:00:00Z,998.71,1014.26,991.28,1006.1,110454,3511,1005.497192
MU,1H,2026-06-04T16:00:00Z,1006.73,1024.67,1003.98,1022.79,85875,2935,1015.872892
MU,1H,2026-06-04T17:00:00Z,1022.46,1026.38,1017.84,1025.38,49791,2088,1022.274623
MU,1H,2026-06-04T18:00:00Z,1026.06,1035.85,1014.64,1015.41,83890,2959,1028.571121
MU,1H,2026-06-04T19:00:00Z,1015.5,1028.84,997.61,997.7,168402,5240,1010.669456
MU,1H,2026-06-04T20:00:00Z,996.83,998.57,987.87,987.92,2469,110,991.434395
MU,1H,2026-06-05T12:00:00Z,945.64,945.64,945.64,945.64,149,6,945.64
MU,1H,2026-06-05T13:00:00Z,951.91,961.42,915.01,915.36,147459,3819,936.373384
MU,1H,2026-06-05T14:00:00Z,915.19,949.97,914.4,947.09,148642,4392,935.72204
MU,1H,2026-06-05T15:00:00Z,946.77,946.94,919.71,929.38,96400,3554,929.445121
MU,1H,2026-06-05T16:00:00Z,929.3,929.3,886.76,905.02,147770,4873,907.402344
MU,1H,2026-06-05T17:00:00Z,903.97,907.53,891.75,905.09,112618,3303,901.123074
MU,1H,2026-06-05T18:00:00Z,904.87,906.62,868,885.91,151108,4851,883.92336
MU,1H,2026-06-05T19:00:00Z,885.31,892.35,864.87,864.87,302807,8132,877.770219
MU,1H,2026-06-05T20:00:00Z,869.97,870.87,850.48,860.57,8159,351,857.058679
MU,1H,2026-06-08T12:00:00Z,924.81,931.35,922.73,930.98,3473,91,927.286559
MU,1H,2026-06-08T13:00:00Z,934.23,951.35,921.99,922.11,165804,4889,940.183059
MU,1H,2026-06-08T14:00:00Z,921.73,949.62,916.57,949.22,178118,5307,932.766043
MU,1H,2026-06-08T15:00:00Z,949.66,962.8,946.06,954.72,131713,3921,954.712598
MU,1H,2026-06-08T16:00:00Z,955.87,961.51,951.54,953.36,73121,2196,955.84919
MU,1H,2026-06-08T17:00:00Z,953.71,956.34,944.26,951.22,73125,2037,949.867434
MU,1H,2026-06-08T18:00:00Z,953.09,957.25,944.19,945.11,63446,1749,950.723241
MU,1H,2026-06-08T19:00:00Z,945.28,949.39,928.18,948.83,183459,5145,940.275719
MU,1H,2026-06-08T20:00:00Z,949.21,949.84,944.87,945.65,493,12,947.002447
MU,1H,2026-06-09T12:00:00Z,993.67,994.83,991.58,993.55,516,19,993.957895
MU,1H,2026-06-09T13:00:00Z,993.91,994.21,967.55,969.35,98857,2922,977.339496
MU,1H,2026-06-09T14:00:00Z,968.88,978.38,924.25,933.67,130316,4086,949.795942
MU,1H,2026-06-09T15:00:00Z,933.11,943.1,885.72,887.85,139423,4034,910.587178
MU,1H,2026-06-09T16:00:00Z,887.65,895.85,855.02,871.74,190086,5482,872.643206
MU,1H,2026-06-09T17:00:00Z,872.42,915.45,871.48,900.17,141773,4022,897.760365
MU,1H,2026-06-09T18:00:00Z,899.87,912.24,891.57,910.81,112030,3511,901.25329
MU,1H,2026-06-09T19:00:00Z,910.85,936.76,891.2,935.23,247406,6109,911.850014
MU,1H,2026-06-09T20:00:00Z,935.37,946.66,930.98,937.47,2271,57,936.882639
MU,1H,2026-06-10T12:00:00Z,890.3,943.6,889.96,907,5630,142,918.789762
MU,1H,2026-06-10T13:00:00Z,905.13,936.92,899.43,913.64,94183,2231,918.751375
MU,1H,2026-06-10T14:00:00Z,915.21,957.11,909.86,919.99,130986,3602,931.482283
MU,1H,2026-06-10T15:00:00Z,919.86,925.85,890.41,910.49,99643,2708,908.021706
MU,1H,2026-06-10T16:00:00Z,910.72,913.4,894.85,900.78,56068,1539,903.0297
MU,1H,2026-06-10T17:00:00Z,900.43,906.08,890.49,903.82,87965,1786,897.758664
MU,1H,2026-06-10T18:00:00Z,903.72,907.86,890.16,893.29,59406,1735,897.679809
MU,1H,2026-06-10T19:00:00Z,892.11,907.48,883.42,893.27,187612,4914,896.346226
MU,1H,2026-06-10T20:00:00Z,888.81,888.81,876.43,879.07,1546,54,883.160284
MU,1H,2026-06-11T12:00:00Z,919.84,919.84,902.53,912.11,2016,41,909.938545
MU,1H,2026-06-11T13:00:00Z,909.2,921.26,895.63,909.9,130385,2881,907.427428
MU,1H,2026-06-11T14:00:00Z,910.6,928.87,897.86,901.14,113234,2684,915.307602
MU,1H,2026-06-11T15:00:00Z,898.94,924.63,897.74,922.6,172555,2155,913.869629
MU,1H,2026-06-11T16:00:00Z,923.28,931.14,915.31,915.31,133899,1805,923.766704
MU,1H,2026-06-11T17:00:00Z,914.29,948.35,910.74,946.5,177681,2816,930.296209
MU,1H,2026-06-11T18:00:00Z,946.97,965.87,934.94,964.51,140361,3210,951.450253
MU,1H,2026-06-11T19:00:00Z,964.85,996.26,958.37,995.87,311270,7046,983.339605
MU,1H,2026-06-11T20:00:00Z,992.3,993.09,976.14,982.46,3984,164,985.0811
MU,1H,2026-06-12T12:00:00Z,985.53,986.83,965.34,965.34,1424,35,976.044276
MU,1H,2026-06-12T13:00:00Z,962.48,993.26,960.69,986.66,141851,3366,973.634656
MU,1H,2026-06-12T14:00:00Z,987.55,1012.09,975.85,991.52,161832,3866,994.117806
MU,1H,2026-06-12T15:00:00Z,990.7,1003.32,979.3,980.8,117885,2702,994.894843
MU,1H,2026-06-12T16:00:00Z,981.51,1001.73,979.87,999.24,100169,2301,991.830307
MU,1H,2026-06-12T17:00:00Z,999.4,1002.99,995.51,999.23,51445,1559,999.695016
MU,1H,2026-06-12T18:00:00Z,999.59,999.59,987.64,990.65,52632,1538,993.07909
MU,1H,2026-06-12T19:00:00Z,990.94,995.06,981.12,981.12,123572,3283,987.602837
MU,1H,2026-06-12T20:00:00Z,982.2,984.81,981.57,983.73,1123,28,983.220615
MU,1H,2026-06-15T12:00:00Z,1056.38,1060.76,1056.38,1059.62,873,15,1059.268219
MU,1H,2026-06-15T13:00:00Z,1057.2,1076.14,1051.72,1054.74,132146,2827,1061.237509
MU,1H,2026-06-15T14:00:00Z,1054.31,1071.85,1052.57,1066.69,87517,2719,1064.016176
MU,1H,2026-06-15T15:00:00Z,1066.94,1077.18,1066.94,1070.28,61108,2183,1072.421559
MU,1H,2026-06-15T16:00:00Z,1070.3,1080.24,1069.83,1074.27,59109,2157,1077.096064
MU,1H,2026-06-15T17:00:00Z,1074.42,1079.49,1069.29,1076.13,55128,1722,1075.391561
MU,1H,2026-06-15T18:00:00Z,1076.45,1096.82,1074.17,1086.97,130296,3118,1084.398275
MU,1H,2026-06-15T19:00:00Z,1087.17,1090.87,1076.99,1088,129886,3679,1084.512456
MU,1H,2026-06-15T20:00:00Z,1087.63,1087.63,1078.96,1078.96,468,11,1082.16
MU,1H,2026-06-16T12:00:00Z,1123.25,1123.25,1099.59,1100.82,567,13,1108.177383
MU,1H,2026-06-16T13:00:00Z,1095.86,1110.16,1084.95,1088.93,105964,3145,1097.039743
MU,1H,2026-06-16T14:00:00Z,1089.21,1091.61,1056.18,1060.67,130253,3840,1074.804695
MU,1H,2026-06-16T15:00:00Z,1061.2,1065.29,1019.98,1039.57,174688,5070,1043.66219
MU,1H,2026-06-16T16:00:00Z,1039.72,1057.59,1039.72,1049.05,139107,4172,1050.306994
MU,1H,2026-06-16T17:00:00Z,1049.46,1053.54,1037.62,1049.07,107428,3538,1044.108847
MU,1H,2026-06-16T18:00:00Z,1048,1051.05,1031.07,1034.71,104837,3282,1040.379311
MU,1H,2026-06-16T19:00:00Z,1033.52,1043.74,1020.03,1020.11,231610,6952,1031.273562
MU,1H,2026-06-16T20:00:00Z,1023.76,1028.52,1022.97,1028.33,2346,81,1025.765909
MU,1H,2026-06-17T12:00:00Z,1047.03,1056.81,1047.03,1056.01,640,13,1050.787308
MU,1H,2026-06-17T13:00:00Z,1061.84,1061.84,1021.1,1021.85,86730,2184,1040.768025
MU,1H,2026-06-17T14:00:00Z,1021.11,1043.41,1014.2,1035.49,120002,2958,1030.607717
MU,1H,2026-06-17T15:00:00Z,1035.83,1058.84,1033.86,1058.68,67582,1924,1045.827726
MU,1H,2026-06-17T16:00:00Z,1058.26,1061.67,1053.06,1056.61,53513,1468,1058.422713
MU,1H,2026-06-17T17:00:00Z,1056.62,1071.97,1052.41,1066.42,56523,1806,1062.929844
MU,1H,2026-06-17T18:00:00Z,1066.65,1090.92,1034.99,1075.19,184251,4330,1067.075969
MU,1H,2026-06-17T19:00:00Z,1074.84,1092.89,1040.81,1043.79,206695,5972,1066.712536
MU,1H,2026-06-17T20:00:00Z,1052.04,1059.2,1046.73,1057.99,3465,149,1054.255054
MU,1H,2026-06-18T12:00:00Z,1090.47,1096.54,1090.47,1096.54,326,9,1093.561636
MU,1H,2026-06-18T13:00:00Z,1108.22,1115.73,1093.04,1106.52,101853,2519,1104.348266
MU,1H,2026-06-18T14:00:00Z,1106.47,1129.28,1104.35,1128.25,155463,4830,1118.711229
MU,1H,2026-06-18T15:00:00Z,1128.67,1132.94,1117.06,1125.12,102893,3344,1126.868138
MU,1H,2026-06-18T16:00:00Z,1125.86,1131.83,1122.1,1128.27,92968,2874,1126.782075
MU,1H,2026-06-18T17:00:00Z,1127.78,1137.82,1124.42,1136.05,187839,4182,1132.92077
MU,1H,2026-06-18T18:00:00Z,1136.51,1145.45,1136.4,1140.59,204830,5022,1142.264931
MU,1H,2026-06-18T19:00:00Z,1140.62,1149.2,1128.87,1132.42,351793,8857,1139.757844
MU,1H,2026-06-18T20:00:00Z,1134.5,1141.77,1134.5,1139.76,1546,28,1138.824896
MU,1H,2026-06-22T12:00:00Z,1181.56,1188.82,1180.76,1185.58,1279,26,1185.252847
MU,1H,2026-06-22T13:00:00Z,1197.42,1204.17,1168.87,1182.03,169914,4461,1189.070415
MU,1H,2026-06-22T14:00:00Z,1182.05,1195.38,1177.66,1190.2,150132,5159,1187.080818
MU,1H,2026-06-22T15:00:00Z,1190.45,1193.94,1172.3,1179.17,166049,4603,1182.541003
MU,1H,2026-06-22T16:00:00Z,1180.1,1200.62,1179.34,1191.56,185326,5233,1191.153906
MU,1H,2026-06-22T17:00:00Z,1191.5,1201.14,1187.41,1197.26,111502,3465,1194.220398
MU,1H,2026-06-22T18:00:00Z,1197.3,1201.85,1185.79,1189.98,129861,3531,1193.649536
MU,1H,2026-06-22T19:00:00Z,1190.7,1212.88,1187.51,1211.19,279549,7923,1198.298729
MU,1H,2026-06-22T20:00:00Z,1209.72,1244.44,1209.72,1244.2,2005,68,1226.612288
MU,1H,2026-06-23T12:00:00Z,1133.7,1133.75,1095.91,1095.91,1734,53,1117.755439
MU,1H,2026-06-23T13:00:00Z,1091.04,1098.99,1054.84,1091.28,281887,5830,1073.543861
MU,1H,2026-06-23T14:00:00Z,1090.33,1124.65,1081.76,1089.07,189548,5097,1101.857435
MU,1H,2026-06-23T15:00:00Z,1089.19,1095.5,1073.23,1082.32,87950,3537,1080.819872
MU,1H,2026-06-23T16:00:00Z,1082.21,1097.09,1076.82,1079.34,74502,3396,1087.122389
MU,1H,2026-06-23T17:00:00Z,1078.93,1080.58,1056.5,1056.65,75294,3464,1072.942032
MU,1H,2026-06-23T18:00:00Z,1056.72,1061.45,1038.57,1046.53,105441,4456,1052.957371
MU,1H,2026-06-23T19:00:00Z,1045.53,1059.78,1043.89,1051.26,265856,7715,1052.135408
MU,1H,2026-06-23T20:00:00Z,1060.99,1069.8,1060.18,1061.71,2191,104,1066.772847
MU,1H,2026-06-24T12:00:00Z,1103.04,1103.46,1094.03,1096.44,556,17,1098.203437
MU,1H,2026-06-24T13:00:00Z,1082.49,1084.74,1032.46,1045.7,175622,3885,1052.921998
MU,1H,2026-06-24T14:00:00Z,1045.34,1058.21,1030.84,1049.5,154854,4038,1046.436415
MU,1H,2026-06-24T15:00:00Z,1051.01,1053.04,1029.03,1041.89,100798,2978,1039.160921
MU,1H,2026-06-24T16:00:00Z,1041.04,1048.64,1035.85,1036.74,74444,2333,1042.059859
MU,1H,2026-06-24T17:00:00Z,1036.51,1042.4,1013.61,1014.61,104546,3354,1025.248371
MU,1H,2026-06-24T18:00:00Z,1014.65,1033.5,1010.28,1011.5,92524,2782,1020.250245
MU,1H,2026-06-24T19:00:00Z,1012.6,1048.68,991.12,1047.76,350784,9494,1020.277305
MU,1H,2026-06-24T20:00:00Z,1076.87,1216.4,1068.63,1201.24,52229,1624,1168.160593
MU,1H,2026-06-25T12:00:00Z,1227.24,1245.38,1227.24,1241.28,1726,80,1235.735146
MU,1H,2026-06-25T13:00:00Z,1236.61,1254.52,1136.65,1138.1,419575,10666,1203.158197
MU,1H,2026-06-25T14:00:00Z,1138.5,1182.45,1137.25,1176.64,376522,9001,1161.92689
MU,1H,2026-06-25T15:00:00Z,1177.26,1201.21,1163.32,1193.68,226252,6449,1184.903259
MU,1H,2026-06-25T16:00:00Z,1193.76,1221.94,1193.32,1215.03,240515,7499,1210.975363
MU,1H,2026-06-25T17:00:00Z,1214.82,1236.9,1212.18,1236.79,171458,5594,1225.543162
MU,1H,2026-06-25T18:00:00Z,1235.82,1237.26,1213.5,1226.86,147879,5220,1224.935396
MU,1H,2026-06-25T19:00:00Z,1228.35,1228.35,1193.98,1215.27,279353,7871,1205.172062
MU,1H,2026-06-25T20:00:00Z,1219.61,1221.74,1201.14,1201.14,2290,109,1211.3423
MU,1H,2026-06-26T12:00:00Z,1156.52,1156.59,1136.6,1139.76,851,38,1146.619508
MU,1H,2026-06-26T13:00:00Z,1133.07,1174.12,1122.2,1170.66,166248,4378,1144.068702
MU,1H,2026-06-26T14:00:00Z,1171.03,1198.36,1156.39,1162.62,275567,6259,1179.042564
MU,1H,2026-06-26T15:00:00Z,1162.63,1182.55,1150.36,1165.66,160773,4591,1163.270319
MU,1H,2026-06-26T16:00:00Z,1165.47,1188.73,1163.3,1177.77,180866,5137,1176.594257
MU,1H,2026-06-26T17:00:00Z,1177.24,1186.52,1157.84,1159.03,156428,4331,1173.539358
MU,1H,2026-06-26T18:00:00Z,1159.14,1162.19,1141.11,1144.55,164585,4269,1148.484569
MU,1H,2026-06-26T19:00:00Z,1144.5,1155.44,1121.34,1123.66,378738,9875,1141.008906
MU,1H,2026-06-26T20:00:00Z,1135.26,1136.17,1129.56,1129.56,468,16,1133.197224
MU,1H,2026-06-29T12:00:00Z,1124.09,1124.09,1124.09,1124.09,100,4,1124.09
MU,1H,2026-06-29T13:00:00Z,1128.94,1130.15,1061.45,1061.65,137355,4668,1091.912345
MU,1H,2026-06-29T14:00:00Z,1061.61,1065.74,1024.62,1062.66,350761,9139,1045.609236
MU,1H,2026-06-29T15:00:00Z,1062.64,1096.91,1060.4,1093.51,144672,4645,1078.117301
MU,1H,2026-06-29T16:00:00Z,1092.91,1127.39,1092.9,1121.71,122540,4062,1114.120983
MU,1H,2026-06-29T17:00:00Z,1121.65,1128,1105.16,1113.14,117933,3352,1117.143548
MU,1H,2026-06-29T18:00:00Z,1112.83,1139.65,1112.73,1129.73,109832,4022,1128.298016
MU,1H,2026-06-29T19:00:00Z,1129.48,1146.85,1122.51,1144.82,185284,6332,1135.094388
MU,1H,2026-06-29T20:00:00Z,1136.81,1146.55,1136.81,1138.66,762,49,1141.295109
MU,1H,2026-06-30T12:00:00Z,1149.49,1150.02,1139.5,1142.75,591,19,1144.193989
MU,1H,2026-06-30T13:00:00Z,1139.76,1162.44,1124.89,1154.55,83756,2525,1142.061313
MU,1H,2026-06-30T14:00:00Z,1154.3,1155.63,1136.12,1137.28,112716,3215,1145.987959
MU,1H,2026-06-30T15:00:00Z,1137.35,1149.82,1137.35,1146.52,74091,2189,1144.573889
MU,1H,2026-06-30T16:00:00Z,1146.18,1165.86,1145.73,1149.23,71649,2236,1154.84181
MU,1H,2026-06-30T17:00:00Z,1149.09,1162.37,1149.09,1155.83,74683,2457,1156.921695
MU,1H,2026-06-30T18:00:00Z,1156.07,1160.64,1143.87,1159.59,93453,2737,1151.879144
MU,1H,2026-06-30T19:00:00Z,1159.82,1168.22,1150.56,1151.98,150157,4415,1159.735895
MU,1H,2026-06-30T20:00:00Z,1143.29,1147.86,1143.29,1147.38,628,17,1145.488712
MU,1H,2026-07-01T12:00:00Z,1116.13,1116.13,1080.98,1080.98,2106,104,1087.335715
MU,1H,2026-07-01T13:00:00Z,1086.26,1096.56,1064.72,1080.41,163679,3685,1079.770622
MU,1H,2026-07-01T14:00:00Z,1079.68,1087.1,1048.04,1053.51,168570,5234,1067.07808
MU,1H,2026-07-01T15:00:00Z,1055.42,1066.39,1049.16,1050,135206,3873,1057.49599
MU,1H,2026-07-01T16:00:00Z,1050.12,1060.72,1046.32,1051.12,141101,3649,1052.034158
MU,1H,2026-07-01T17:00:00Z,1051.35,1057.7,1037.84,1038.9,88315,2795,1047.758275
MU,1H,2026-07-01T18:00:00Z,1039.07,1047.47,1038.21,1044.47,115560,4196,1042.580572
MU,1H,2026-07-01T19:00:00Z,1044.35,1066.12,1032.36,1032.48,266632,8055,1048.031446
MU,1H,2026-07-01T20:00:00Z,1029.83,1035.01,1023.35,1035.01,1136,44,1028.723011
MU,1H,2026-07-02T12:00:00Z,1018.03,1069.99,1017.95,1042.25,2904,78,1051.240324
MU,1H,2026-07-02T13:00:00Z,1044.95,1061.59,1027.26,1057.3,136901,3958,1045.249495
MU,1H,2026-07-02T14:00:00Z,1057.51,1064.43,987.05,993.15,206443,7061,1015.884334
MU,1H,2026-07-02T15:00:00Z,993.04,1012.68,977.3,990.55,187012,7484,995.808992
MU,1H,2026-07-02T16:00:00Z,990.66,992.01,965.92,973.66,151746,6440,980.536088
MU,1H,2026-07-02T17:00:00Z,973.21,977.1,954.42,955.92,126866,6254,964.7488
MU,1H,2026-07-02T18:00:00Z,955.92,980.82,955.67,974.06,134321,4776,970.236447
MU,1H,2026-07-02T19:00:00Z,974.16,976.44,950.16,975.26,294370,10274,963.060483
MU,1H,2026-07-02T20:00:00Z,976.57,982.53,974.01,974.08,491,14,976.846983
MU,1H,2026-07-06T12:00:00Z,1004.63,1009.6,1004.63,1009.6,340,6,1007.914286
MU,1H,2026-07-06T13:00:00Z,1008.1,1010.39,989.09,993.5,104457,3174,1000.127205
MU,1H,2026-07-06T14:00:00Z,993.59,1018.86,992.035,1011.67,155336,4654,1007.644771
MU,1H,2026-07-06T15:00:00Z,1011.54,1012.72,993,1012.17,96888,2963,1003.96103
MU,1H,2026-07-06T16:00:00Z,1012.17,1014.4,999.64,1001.17,72984,2291,1005.74969
MU,1H,2026-07-06T17:00:00Z,1001.23,1003.7,982.97,983.78,94218,2517,991.565662
MU,1H,2026-07-06T18:00:00Z,984.45,998.2,983.905,997.61,88691,2323,992.243917
MU,1H,2026-07-06T19:00:00Z,997.73,1005.88,981.33,981.8,239250,5817,997.045289
MU,1H,2026-07-06T20:00:00Z,985.78,988.06,983.12,984.04,376,20,985.498333
MU,1H,2026-07-07T12:00:00Z,936.72,945.8,934.34,936.53,1079,24,938.887336
MU,1H,2026-07-07T13:00:00Z,933.72,935.38,909.89,918.04,257370,5857,922.828261
MU,1H,2026-07-07T14:00:00Z,917.01,925.77,891.745,915.46,359129,9354,907.268912
MU,1H,2026-07-07T15:00:00Z,915.66,927.49,903.16,917.53,309758,7401,914.618746
MU,1H,2026-07-07T16:00:00Z,917.06,931.5,916.37,929.55,180264,5016,924.353747
MU,1H,2026-07-07T17:00:00Z,929.475,939.99,927.77,936.47,148186,3977,934.301966
MU,1H,2026-07-07T18:00:00Z,936.28,937.325,915.74,916.83,176057,4265,928.830705
MU,1H,2026-07-07T19:00:00Z,916.62,941.32,907.375,939.66,287112,7863,921.5316
MU,1H,2026-07-07T20:00:00Z,944.84,944.84,936.05,937.52,798,26,937.866956
MU,1H,2026-07-08T12:00:00Z,903.13,911.94,903.13,911.94,644,23,908.051084
MU,1H,2026-07-08T13:00:00Z,904.15,958.17,902.52,955.49,153021,4526,942.762653
MU,1H,2026-07-08T14:00:00Z,955.89,958.92,928.26,935.76,138205,4074,942.541681
MU,1H,2026-07-08T15:00:00Z,936,937.845,913.805,921.155,115165,3790,923.146794
MU,1H,2026-07-08T16:00:00Z,921.88,946.29,919.005,942.66,93421,3871,935.268059
MU,1H,2026-07-08T17:00:00Z,941.515,947.44,931.64,933.685,95355,3101,939.779098
MU,1H,2026-07-08T18:00:00Z,934.37,944.16,933.74,941.77,69152,2565,940.191279
MU,1H,2026-07-08T19:00:00Z,941.94,950.81,940.34,949.09,189036,5215,946.90528
MU,1H,2026-07-08T20:00:00Z,948.93,948.93,939.07,942.07,508,21,942.561429
MU,1H,2026-07-09T12:00:00Z,1005.62,1012.96,1003.77,1010.52,2112,47,1008.467166
MU,1H,2026-07-09T13:00:00Z,1008.99,1035.385,1008.09,1027.62,190706,4740,1018.705912
MU,1H,2026-07-09T14:00:00Z,1027.86,1033.19,1003.1,1014.12,180267,5175,1018.826181
MU,1H,2026-07-09T15:00:00Z,1015.035,1023.455,1012.64,1015.495,89258,2862,1018.421405
MU,1H,2026-07-09T16:00:00Z,1016.03,1021.84,1009.29,1014.19,98896,2678,1016.318155
MU,1H,2026-07-09T17:00:00Z,1014.59,1026.935,1014.46,1023,140435,3416,1023.5562
MU,1H,2026-07-09T18:00:00Z,1023.44,1024.32,1005.7,1008.18,136902,3270,1015.514747
MU,1H,2026-07-09T19:00:00Z,1008.23,1009.46,987.8,991.115,252896,6835,998.557218
MU,1H,2026-07-09T20:00:00Z,990.36,991.32,987.31,991.32,467,15,989.84179
MU,1H,2026-07-10T12:00:00Z,980.24,980.24,972.01,972.01,1198,39,974.116357
MU,1H,2026-07-10T13:00:00Z,964.46,978.2,957.65,971.59,109047,2570,968.104852
MU,1H,2026-07-10T14:00:00Z,972.43,983.085,968.09,969.52,182662,3764,975.648071
MU,1H,2026-07-10T15:00:00Z,969.89,984.33,954.3,969.975,165856,4207,968.356088
MU,1H,2026-07-10T16:00:00Z,969.75,983.86,969.75,982.17,153026,3901,978.545904
MU,1H,2026-07-10T17:00:00Z,981.75,997.92,978.6,989.99,76698,2495,989.378622
MU,1H,2026-07-10T18:00:00Z,991.11,993.36,986.07,991.04,60973,1815,989.877902
MU,1H,2026-07-10T19:00:00Z,991.29,994.715,977.65,979.36,104012,3523,985.738231
MU,1H,2026-07-10T20:00:00Z,976.48,981.71,976.48,980.68,641,18,979.963236
MU,1H,2026-07-13T12:00:00Z,934.74,934.74,924.48,924.83,784,31,926.411545
MU,1H,2026-07-13T13:00:00Z,929.19,929.76,903,924.02,112958,3098,916.657925
MU,1H,2026-07-13T14:00:00Z,923.615,942.03,921.11,942.03,135747,3977,931.724902
MU,1H,2026-07-13T15:00:00Z,942.24,943.24,928.41,932.23,125714,3143,936.841387
MU,1H,2026-07-13T16:00:00Z,932.15,938.29,920.1,929.5,88938,2708,929.649907
MU,1H,2026-07-13T17:00:00Z,929.37,935.345,925.905,929,68022,2049,929.674828
MU,1H,2026-07-13T18:00:00Z,929.19,932.665,922.16,929.57,97832,2546,927.953147
MU,1H,2026-07-13T19:00:00Z,929.515,942.02,927.595,936.99,409026,8341,934.630044
MU,1H,2026-07-13T20:00:00Z,937.12,937.12,927.15,929.64,807,24,930.857984
MU,1H,2026-07-14T12:00:00Z,986.59,989.73,982.5,984.33,2037,51,986.872846
MU,1H,2026-07-14T13:00:00Z,985.57,994.7,967.665,974.26,101766,2589,980.130134
MU,1H,2026-07-14T14:00:00Z,973.5,976.08,950.32,964.11,198051,4273,964.368347
MU,1H,2026-07-14T15:00:00Z,964.34,990.055,963.14,981.01,156432,3507,978.540255
MU,1H,2026-07-14T16:00:00Z,981.53,992,977.68,988.89,75113,2071,984.261828
MU,1H,2026-07-14T17:00:00Z,987.79,989.155,982,986.99,61182,1760,986.120416
MU,1H,2026-07-14T18:00:00Z,986.99,988.16,978.53,980.25,76624,2315,982.880367
MU,1H,2026-07-14T19:00:00Z,980.13,985.295,973.83,982.68,137941,4281,980.385542
MU,1H,2026-07-14T20:00:00Z,983.14,983.14,980.26,980.98,364,12,981.100268
MU,1H,2026-07-15T12:00:00Z,975.97,981.41,975.43,981.41,675,24,977.113306
MU,1H,2026-07-15T13:00:00Z,975.805,977.7,948.16,957.24,93765,2519,959.245103
MU,1H,2026-07-15T14:00:00Z,957.455,957.455,904.57,917.485,284522,7023,918.506526
MU,1H,2026-07-15T15:00:00Z,917.48,918.52,896.72,902.865,197799,5254,904.807442
MU,1H,2026-07-15T16:00:00Z,903.175,904.355,873.875,889.64,201156,6272,885.856083
MU,1H,2026-07-15T17:00:00Z,889.81,914.51,889.14,907.85,174873,4762,903.546971
MU,1H,2026-07-15T18:00:00Z,907.41,916.28,896.63,900.87,147757,3898,909.515947
MU,1H,2026-07-15T19:00:00Z,901.41,914.73,895.29,903.84,273931,7775,905.475885
MU,1H,2026-07-15T20:00:00Z,902.74,905.14,901.12,903.65,400,24,903.198333
MU,1H,2026-07-16T12:00:00Z,858.42,861.53,851.69,855,2495,69,859.115121
MU,1H,2026-07-16T13:00:00Z,859.7,887.1,852.75,867.24,122348,2730,864.815192
MU,1H,2026-07-16T14:00:00Z,866.31,879.39,856.78,863.84,100052,2706,868.168161
MU,1H,2026-07-16T15:00:00Z,866.11,869.35,847.52,853.41,108429,3332,857.498043
MU,1H,2026-07-16T16:00:00Z,853.87,855.33,845.88,851.79,103833,2914,850.217147
MU,1H,2026-07-16T17:00:00Z,850.74,853.99,840.51,846.36,89132,2548,846.615935
MU,1H,2026-07-16T18:00:00Z,846.25,862.99,842.64,845.76,108583,3625,851.388949
MU,1H,2026-07-16T19:00:00Z,845.5,855.37,841.89,853.78,201672,6037,848.841714
MU,1H,2026-07-16T20:00:00Z,851.26,856.34,847.49,856.06,636,23,853.41416
MU,1H,2026-07-17T12:00:00Z,828.05,833.02,826.79,833,1518,50,828.500549
MU,1H,2026-07-17T13:00:00Z,825.89,845.05,804.09,843.48,235955,5901,824.007119
MU,1H,2026-07-17T14:00:00Z,843.94,880.21,842.87,854.16,349016,8546,864.246537
MU,1H,2026-07-17T15:00:00Z,854.195,885.92,846.95,884.34,224208,5010,860.063186
MU,1H,2026-07-17T16:00:00Z,884.365,897.355,878.8,893.67,180339,4148,887.624786
MU,1H,2026-07-17T17:00:00Z,893.52,903.71,882.84,883.835,167457,3508,894.273826
MU,1H,2026-07-17T18:00:00Z,884.11,885.535,868.5,871.28,155292,3377,874.452287
MU,1H,2026-07-17T19:00:00Z,871.92,871.92,848.66,849.46,275066,6560,859.872948
MU,1H,2026-07-17T20:00:00Z,850.96,850.96,843.24,844.7,1974,53,845.740147
