symbol,timeframe,timestamp,open,high,low,close,volume,trade_count,vwap
GOOG,1H,2025-07-18T12:00:00Z,185.59,185.64,185.59,185.64,325,6,185.61
GOOG,1H,2025-07-18T13:00:00Z,186.54,186.66,185.04,185.04,85654,1168,185.832405
GOOG,1H,2025-07-18T14:00:00Z,185.22,185.63,184.2,185.29,55425,889,184.89376
GOOG,1H,2025-07-18T15:00:00Z,185.22,186,184.89,185.82,78980,1353,185.430944
GOOG,1H,2025-07-18T16:00:00Z,185.84,185.85,185.19,185.46,99241,1305,185.570945
GOOG,1H,2025-07-18T17:00:00Z,185.47,185.8,185.24,185.52,79226,1074,185.586971
GOOG,1H,2025-07-18T18:00:00Z,185.55,185.85,184.91,185.02,65478,901,185.393687
GOOG,1H,2025-07-18T19:00:00Z,185.04,185.58,184.98,185.41,138000,1972,185.274634
GOOG,1H,2025-07-21T13:00:00Z,186.88,190.14,186.53,189.44,102993,1379,188.693052
GOOG,1H,2025-07-21T14:00:00Z,189.28,190.31,188.91,189.66,94001,1231,189.646848
GOOG,1H,2025-07-21T15:00:00Z,189.63,189.79,188.9,188.97,59195,911,189.475675
GOOG,1H,2025-07-21T16:00:00Z,188.85,189.84,188.54,189.79,49190,761,189.216236
GOOG,1H,2025-07-21T17:00:00Z,189.77,190.13,189.73,189.89,39268,627,189.872122
GOOG,1H,2025-07-21T18:00:00Z,189.9,190.54,189.84,190.39,43913,661,190.275924
GOOG,1H,2025-07-21T19:00:00Z,190.45,190.72,190.06,190.64,134875,1579,190.505698
GOOG,1H,2025-07-22T13:00:00Z,191.81,191.95,187.98,189.23,125466,1521,189.878617
GOOG,1H,2025-07-22T14:00:00Z,189.12,190.31,188.59,190.16,108892,1368,189.673162
GOOG,1H,2025-07-22T15:00:00Z,190.09,190.16,189.33,190.02,47698,623,189.821484
GOOG,1H,2025-07-22T16:00:00Z,190.06,190.97,189.62,190.88,54940,769,190.447919
GOOG,1H,2025-07-22T17:00:00Z,190.79,191.62,190.79,191.17,29411,470,191.138582
GOOG,1H,2025-07-22T18:00:00Z,191.17,191.98,190.77,191.75,83546,1242,191.433475
GOOG,1H,2025-07-22T19:00:00Z,191.72,191.95,191.37,191.61,108510,1688,191.727445
GOOG,1H,2025-07-23T13:00:00Z,191.82,192.7,190.02,190.26,63762,817,190.991855
GOOG,1H,2025-07-23T14:00:00Z,190.29,190.77,189.66,190.07,79695,1144,190.181188
GOOG,1H,2025-07-23T15:00:00Z,190.05,190.94,189.91,190.53,72330,1001,190.270384
GOOG,1H,2025-07-23T16:00:00Z,190.56,190.56,189.76,190.22,38982,545,190.12236
GOOG,1H,2025-07-23T17:00:00Z,190.05,190.97,189.98,190.73,47435,627,190.412073
GOOG,1H,2025-07-23T18:00:00Z,190.75,191.14,190.55,190.95,44910,733,190.894602
GOOG,1H,2025-07-23T19:00:00Z,190.93,191.55,190,191.02,135587,2217,191.115719
GOOG,1H,2025-07-23T20:00:00Z,190.23,192.36,185.97,187.97,14624,337,187.303976
GOOG,1H,2025-07-24T13:00:00Z,197.38,198.38,193.11,193.9,187224,2954,195.43179
GOOG,1H,2025-07-24T14:00:00Z,193.44,193.88,191.43,193.33,123597,1733,192.936692
GOOG,1H,2025-07-24T15:00:00Z,193.35,194.69,193.16,193.85,101754,1381,193.842135
GOOG,1H,2025-07-24T16:00:00Z,193.86,194.14,192.16,192.19,91586,1188,193.357394
GOOG,1H,2025-07-24T17:00:00Z,192.24,193.99,192.24,193.76,37154,536,193.316409
GOOG,1H,2025-07-24T18:00:00Z,193.9,194.56,193.48,193.56,48715,508,194.088875
GOOG,1H,2025-07-24T19:00:00Z,193.52,193.92,192.45,192.69,123189,1871,192.991627
GOOG,1H,2025-07-25T13:00:00Z,192.75,194.72,191.6,193.78,101754,1357,193.558774
GOOG,1H,2025-07-25T14:00:00Z,193.83,194.28,192.88,193.21,163121,1669,193.542607
GOOG,1H,2025-07-25T15:00:00Z,193.18,194.34,193.02,193.85,94262,1092,193.769996
GOOG,1H,2025-07-25T16:00:00Z,193.86,194.01,193.34,193.64,68857,875,193.717523
GOOG,1H,2025-07-25T17:00:00Z,193.65,193.75,193.21,193.23,38906,643,193.529405
GOOG,1H,2025-07-25T18:00:00Z,193.21,194.31,193.17,193.57,60807,796,193.792286
GOOG,1H,2025-07-25T19:00:00Z,193.51,193.84,193.34,193.51,129091,1696,193.543536
GOOG,1H,2025-07-28T13:00:00Z,193.73,194.22,192.67,193.15,72497,894,193.296936
GOOG,1H,2025-07-28T14:00:00Z,193.06,193.15,191.62,192.11,89934,1124,192.153129
GOOG,1H,2025-07-28T15:00:00Z,192.1,192.35,191.4,191.73,98832,1250,191.756899
GOOG,1H,2025-07-28T16:00:00Z,191.74,192.44,191.35,192.32,95694,1281,191.850267
GOOG,1H,2025-07-28T17:00:00Z,192.37,192.68,192.08,192.48,76011,940,192.478639
GOOG,1H,2025-07-28T18:00:00Z,192.48,192.87,192.23,192.24,99160,1182,192.566024
GOOG,1H,2025-07-28T19:00:00Z,192.23,192.96,192.05,192.88,168377,2126,192.422831
GOOG,1H,2025-07-29T13:00:00Z,192.77,193.98,192.52,192.96,71899,917,193.389248
GOOG,1H,2025-07-29T14:00:00Z,192.91,193.83,192.72,193.7,106753,1160,193.400822
GOOG,1H,2025-07-29T15:00:00Z,193.71,194.77,193.45,194.54,81206,1119,194.065515
GOOG,1H,2025-07-29T16:00:00Z,194.58,195.91,194.43,195.74,144049,1729,195.050364
GOOG,1H,2025-07-29T17:00:00Z,195.78,195.94,194.91,195.35,65538,742,195.308166
GOOG,1H,2025-07-29T18:00:00Z,195.28,195.68,195.17,195.42,83515,936,195.470637
GOOG,1H,2025-07-29T19:00:00Z,195.47,196.09,195.32,195.89,210139,2925,195.718355
GOOG,1H,2025-07-30T13:00:00Z,195.83,197.04,195.45,195.48,39842,578,196.084885
GOOG,1H,2025-07-30T14:00:00Z,195.37,196.86,195.04,196.51,83543,943,196.159328
GOOG,1H,2025-07-30T15:00:00Z,196.51,197.52,196.51,197.49,44796,587,197.043955
GOOG,1H,2025-07-30T16:00:00Z,197.46,197.9,197.14,197.5,45581,575,197.475834
GOOG,1H,2025-07-30T17:00:00Z,197.5,197.54,196.74,197.22,47357,523,197.191354
GOOG,1H,2025-07-30T18:00:00Z,197.28,197.66,196.42,196.42,62311,796,197.268868
GOOG,1H,2025-07-30T19:00:00Z,196.37,196.9,195.66,196.9,133020,1740,196.375797
GOOG,1H,2025-07-30T20:00:00Z,196.28,196.28,196.28,196.28,138,5,196.28
GOOG,1H,2025-07-31T13:00:00Z,196.25,196.25,192.35,193.98,125678,1559,193.742846
GOOG,1H,2025-07-31T14:00:00Z,193.94,194.86,192.45,192.45,99339,1274,193.580947
GOOG,1H,2025-07-31T15:00:00Z,192.39,193.75,191.79,193.65,73630,952,192.622725
GOOG,1H,2025-07-31T16:00:00Z,193.66,194.43,193.14,193.31,65311,671,193.979494
GOOG,1H,2025-07-31T17:00:00Z,193.34,193.4,192.39,192.76,53751,634,193.006444
GOOG,1H,2025-07-31T18:00:00Z,192.72,192.99,192.06,192.06,77406,855,192.523917
GOOG,1H,2025-07-31T19:00:00Z,192.14,192.57,191.57,192.4,180420,1793,192.265298
GOOG,1H,2025-08-01T12:00:00Z,189.59,189.59,189.59,189.59,180,5,189.59
GOOG,1H,2025-08-01T13:00:00Z,188.92,190.96,188.06,189.41,87799,1101,189.666992
GOOG,1H,2025-08-01T14:00:00Z,189.41,190.39,188.22,189.23,88527,1241,189.401145
GOOG,1H,2025-08-01T15:00:00Z,189.15,189.66,188.89,189.37,59090,779,189.20158
GOOG,1H,2025-08-01T16:00:00Z,189.33,189.79,188.34,188.4,46404,546,189.132259
GOOG,1H,2025-08-01T17:00:00Z,188.55,189.41,188.3,189.23,55612,649,188.889904
GOOG,1H,2025-08-01T18:00:00Z,189.19,189.66,188.87,189.33,76958,655,189.312487
GOOG,1H,2025-08-01T19:00:00Z,189.42,189.68,188.97,189.46,174882,1642,189.347388
GOOG,1H,2025-08-04T13:00:00Z,190.8,194.78,190.47,194.75,85471,1334,192.865383
GOOG,1H,2025-08-04T14:00:00Z,194.42,194.83,193.65,193.79,71847,1022,194.339552
GOOG,1H,2025-08-04T15:00:00Z,193.77,194.44,193.1,194.39,69057,1040,193.619546
GOOG,1H,2025-08-04T16:00:00Z,194.41,194.51,194.05,194.34,51436,684,194.262138
GOOG,1H,2025-08-04T17:00:00Z,194.35,194.82,194.25,194.8,84427,919,194.593019
GOOG,1H,2025-08-04T18:00:00Z,194.76,195.5,194.67,195.15,131600,1290,194.986331
GOOG,1H,2025-08-04T19:00:00Z,195.12,195.33,194.55,195.18,179524,2045,194.854143
GOOG,1H,2025-08-05T13:00:00Z,195.06,198.11,195.06,197.35,115504,1186,196.74917
GOOG,1H,2025-08-05T14:00:00Z,197.06,197.61,195.39,195.65,97821,1163,196.676085
GOOG,1H,2025-08-05T15:00:00Z,195.54,196.25,195.4,195.79,38376,565,195.824759
GOOG,1H,2025-08-05T16:00:00Z,195.83,196.07,194.94,195,35496,431,195.576464
GOOG,1H,2025-08-05T17:00:00Z,195.01,195.77,194.93,195.67,36808,447,195.458254
GOOG,1H,2025-08-05T18:00:00Z,195.73,195.89,194.66,194.94,52695,589,195.371612
GOOG,1H,2025-08-05T19:00:00Z,194.96,195.12,194.13,194.78,198389,2198,194.632733
GOOG,1H,2025-08-06T13:00:00Z,195.01,195.61,194.14,194.25,46025,722,194.856832
GOOG,1H,2025-08-06T14:00:00Z,194.24,195.8,193.97,195.67,50784,647,194.851446
GOOG,1H,2025-08-06T15:00:00Z,195.64,196.35,195.08,196.21,78377,913,195.53368
GOOG,1H,2025-08-06T16:00:00Z,196.19,196.79,195.91,196.4,55476,742,196.288266
GOOG,1H,2025-08-06T17:00:00Z,196.5,196.71,195.96,196.64,39520,523,196.375373
GOOG,1H,2025-08-06T18:00:00Z,196.61,196.69,196.28,196.59,52127,658,196.502536
GOOG,1H,2025-08-06T19:00:00Z,196.61,196.71,195.7,196.34,146818,1611,196.262609
GOOG,1H,2025-08-07T13:00:00Z,197.25,197.72,195.78,196.53,53559,734,196.610512
GOOG,1H,2025-08-07T14:00:00Z,196.57,197.58,196.09,196.9,60150,910,196.781483
GOOG,1H,2025-08-07T15:00:00Z,196.97,197,196.43,196.97,22529,314,196.699801
GOOG,1H,2025-08-07T16:00:00Z,196.99,197.12,196.13,196.61,23339,357,196.803708
GOOG,1H,2025-08-07T17:00:00Z,196.7,196.81,195.23,195.71,30213,420,195.890144
GOOG,1H,2025-08-07T18:00:00Z,195.85,195.86,194.67,195.33,27992,371,195.150152
GOOG,1H,2025-08-07T19:00:00Z,195.26,196.68,195.17,196.67,74552,941,196.137598
GOOG,1H,2025-08-08T13:00:00Z,197.54,200.69,197.54,200.59,73773,1096,199.538409
GOOG,1H,2025-08-08T14:00:00Z,200.59,201.8,200.36,201.63,102238,1353,201.253695
GOOG,1H,2025-08-08T15:00:00Z,201.61,202.85,201.24,201.29,113266,1315,202.401822
GOOG,1H,2025-08-08T16:00:00Z,201.24,201.94,200.72,200.95,65801,854,201.079532
GOOG,1H,2025-08-08T17:00:00Z,200.93,201.43,200.65,201.26,55929,770,201.057021
GOOG,1H,2025-08-08T18:00:00Z,201.27,201.46,200.88,201.36,66554,790,201.229506
GOOG,1H,2025-08-08T19:00:00Z,201.4,201.82,201.26,201.53,116747,1584,201.529535
GOOG,1H,2025-08-08T20:00:00Z,201.75,201.75,201.75,201.75,240,5,201.75
GOOG,1H,2025-08-11T12:00:00Z,201.3,201.3,201.3,201.3,100,1,201.3
GOOG,1H,2025-08-11T13:00:00Z,200.98,201.3,199.41,199.74,52572,691,200.27038
GOOG,1H,2025-08-11T14:00:00Z,199.76,200.95,199.27,200.65,60642,840,200.202249
GOOG,1H,2025-08-11T15:00:00Z,200.64,201.46,200.41,201.21,45254,799,200.974909
GOOG,1H,2025-08-11T16:00:00Z,201.17,201.58,201.03,201.18,30968,506,201.274532
GOOG,1H,2025-08-11T17:00:00Z,201.18,201.42,200.88,200.97,64383,790,201.124536
GOOG,1H,2025-08-11T18:00:00Z,200.96,201.13,200.47,201.12,96665,1303,200.923025
GOOG,1H,2025-08-11T19:00:00Z,201.09,201.34,200.59,201.08,113473,1618,201.085076
GOOG,1H,2025-08-12T13:00:00Z,201.5,204.54,201.39,201.75,96488,1152,203.023743
GOOG,1H,2025-08-12T14:00:00Z,201.5,203.05,200.85,202.31,64480,889,202.026017
GOOG,1H,2025-08-12T15:00:00Z,202.32,203.61,201.66,203.4,110343,1491,202.719475
GOOG,1H,2025-08-12T16:00:00Z,203.35,204.41,202.56,204.03,78988,1116,203.69341
GOOG,1H,2025-08-12T17:00:00Z,203.99,204.19,203.5,203.8,41597,587,203.83383
GOOG,1H,2025-08-12T18:00:00Z,203.81,204.24,203.61,204.14,37245,592,203.922524
GOOG,1H,2025-08-12T19:00:00Z,204.14,204.36,203.49,203.56,115197,1531,203.937206
GOOG,1H,2025-08-13T13:00:00Z,204.35,204.76,202.99,203.31,96285,1249,204.098315
GOOG,1H,2025-08-13T14:00:00Z,203.16,203.99,202.6,203.87,73344,1269,203.423413
GOOG,1H,2025-08-13T15:00:00Z,203.86,204.22,203.23,203.29,87474,1290,203.673297
GOOG,1H,2025-08-13T16:00:00Z,203.23,203.27,202.67,202.85,54261,928,202.891554
GOOG,1H,2025-08-13T17:00:00Z,202.85,203.42,202.84,203.38,63047,1005,203.130838
GOOG,1H,2025-08-13T18:00:00Z,203.37,203.47,198.09,202.14,162431,2345,201.172717
GOOG,1H,2025-08-13T19:00:00Z,202.15,202.67,201.98,202.44,98785,1535,202.370136
GOOG,1H,2025-08-14T13:00:00Z,202.6,203.61,202,202.57,67411,886,202.859114
GOOG,1H,2025-08-14T14:00:00Z,202.67,203.75,201.77,203.75,106023,1162,203.0414
GOOG,1H,2025-08-14T15:00:00Z,203.72,204.83,203.42,204.59,82652,979,204.126384
GOOG,1H,2025-08-14T16:00:00Z,204.59,204.63,203.84,204.36,62625,819,204.244001
GOOG,1H,2025-08-14T17:00:00Z,204.34,204.58,203.55,203.84,51972,703,204.231939
GOOG,1H,2025-08-14T18:00:00Z,203.76,203.94,203.15,203.61,50508,763,203.558854
GOOG,1H,2025-08-14T19:00:00Z,203.61,203.78,203.18,203.18,95481,1744,203.477134
GOOG,1H,2025-08-14T20:00:00Z,202.74,202.74,202.74,202.74,130,4,202.74
GOOG,1H,2025-08-15T13:00:00Z,203.79,205.52,203.32,204.65,80010,928,204.770274
GOOG,1H,2025-08-15T14:00:00Z,204.6,206.72,204.31,205.98,95853,1158,205.948045
GOOG,1H,2025-08-15T15:00:00Z,205.83,206.15,204.71,204.78,51872,753,205.394466
GOOG,1H,2025-08-15T16:00:00Z,204.73,206.44,204.59,206.37,61520,845,205.61846
GOOG,1H,2025-08-15T17:00:00Z,206.38,206.69,205.52,205.84,43341,669,206.086768
GOOG,1H,2025-08-15T18:00:00Z,205.92,206.25,201.52,205.85,70551,1178,204.968354
GOOG,1H,2025-08-15T19:00:00Z,205.85,205.85,204.19,204.37,84570,1495,204.899529
GOOG,1H,2025-08-18T13:00:00Z,204.19,205.55,203.94,204.59,46103,611,204.717702
GOOG,1H,2025-08-18T14:00:00Z,204.6,205.08,203.45,204.09,44914,755,204.448735
GOOG,1H,2025-08-18T15:00:00Z,204.17,204.24,203.28,203.48,32734,573,203.691018
GOOG,1H,2025-08-18T16:00:00Z,203.48,203.65,202.84,202.96,112302,1149,203.183439
GOOG,1H,2025-08-18T17:00:00Z,202.97,203.51,202.97,203.21,54069,614,203.269193
GOOG,1H,2025-08-18T18:00:00Z,203.24,203.5,203.11,203.5,41503,630,203.307314
GOOG,1H,2025-08-18T19:00:00Z,203.43,203.94,203.36,203.73,108322,1506,203.621633
GOOG,1H,2025-08-19T13:00:00Z,203.32,203.62,201.3,202.03,58530,840,202.11839
GOOG,1H,2025-08-19T14:00:00Z,201.95,202.89,200.47,200.79,67168,1004,201.474211
GOOG,1H,2025-08-19T15:00:00Z,200.76,201.25,200.74,201,44614,750,201.009731
GOOG,1H,2025-08-19T16:00:00Z,200.99,201.12,200.38,200.78,47493,766,200.794751
GOOG,1H,2025-08-19T17:00:00Z,200.78,201.56,200.68,201.44,33686,640,201.190534
GOOG,1H,2025-08-19T18:00:00Z,201.43,201.73,201.22,201.58,24443,527,201.433156
GOOG,1H,2025-08-19T19:00:00Z,201.58,201.95,201.33,201.93,107058,1477,201.742927
GOOG,1H,2025-08-20T13:00:00Z,201.27,201.55,197.93,198.59,70538,989,199.435194
GOOG,1H,2025-08-20T14:00:00Z,198.56,199.33,197.19,197.35,75786,1147,197.921307
GOOG,1H,2025-08-20T15:00:00Z,197.31,199.43,196.93,198.88,62394,906,198.381986
GOOG,1H,2025-08-20T16:00:00Z,198.92,200.39,198.88,199.55,46311,656,199.853726
GOOG,1H,2025-08-20T17:00:00Z,199.67,200.82,199.66,200.29,29512,473,200.254772
GOOG,1H,2025-08-20T18:00:00Z,200.41,200.41,199.67,199.67,31278,454,199.962007
GOOG,1H,2025-08-20T19:00:00Z,199.81,200.62,199.58,199.65,47495,807,200.052635
GOOG,1H,2025-08-21T13:00:00Z,200.15,201.65,200,200.99,58288,993,200.915639
GOOG,1H,2025-08-21T14:00:00Z,200.81,202.69,200.6,201.71,50150,828,201.804185
GOOG,1H,2025-08-21T15:00:00Z,201.67,201.76,199.87,200,37099,743,200.59733
GOOG,1H,2025-08-21T16:00:00Z,200.08,200.4,199.88,199.96,24854,442,200.169835
GOOG,1H,2025-08-21T17:00:00Z,199.96,200.58,199.88,200.55,19270,367,200.252719
GOOG,1H,2025-08-21T18:00:00Z,200.57,200.57,199.92,200.31,17462,346,200.171778
GOOG,1H,2025-08-21T19:00:00Z,200.32,200.52,199.9,200.03,43969,797,200.242026
GOOG,1H,2025-08-22T13:00:00Z,203.26,204.12,201.57,201.74,135817,1567,202.914271
GOOG,1H,2025-08-22T14:00:00Z,201.76,204.42,201.76,204.07,278246,2673,203.839159
GOOG,1H,2025-08-22T15:00:00Z,204.1,205.37,204.02,204.88,140938,1520,204.858479
GOOG,1H,2025-08-22T16:00:00Z,204.88,204.99,203.92,204.08,44225,623,204.506026
GOOG,1H,2025-08-22T17:00:00Z,204.06,208.18,204.06,207.67,204204,2611,206.856505
GOOG,1H,2025-08-22T18:00:00Z,207.73,208.61,206.99,206.99,146207,2116,207.818679
GOOG,1H,2025-08-22T19:00:00Z,207.04,207.23,205.52,206.14,240535,2428,206.354579
GOOG,1H,2025-08-25T13:00:00Z,206.23,207.91,205.46,207.91,83334,1152,206.953832
GOOG,1H,2025-08-25T14:00:00Z,208.02,209.35,207.65,208.61,125913,1599,208.497821
GOOG,1H,2025-08-25T15:00:00Z,208.65,209.62,207.53,209.62,111079,1604,209.027653
GOOG,1H,2025-08-25T16:00:00Z,209.65,210.48,209.48,210.22,80725,1052,210.100151
GOOG,1H,2025-08-25T17:00:00Z,210.31,210.36,209.49,209.76,120504,1122,209.686348
GOOG,1H,2025-08-25T18:00:00Z,209.77,209.78,208.69,208.91,87096,961,209.261404
GOOG,1H,2025-08-25T19:00:00Z,208.91,209.23,208.56,208.56,189616,2247,208.952041
GOOG,1H,2025-08-26T13:00:00Z,207.78,207.78,205.89,206.67,85208,1128,206.840612
GOOG,1H,2025-08-26T14:00:00Z,206.7,207.23,206.12,206.14,114668,1444,206.590248
GOOG,1H,2025-08-26T15:00:00Z,206.14,207.08,206.1,207.03,71336,915,206.648082
GOOG,1H,2025-08-26T16:00:00Z,207.04,207.85,207.04,207.54,46739,618,207.410891
GOOG,1H,2025-08-26T17:00:00Z,207.54,207.59,206.75,206.88,48550,684,206.995601
GOOG,1H,2025-08-26T18:00:00Z,206.88,207.22,206.85,206.93,70437,899,207.023642
GOOG,1H,2025-08-26T19:00:00Z,206.89,207.47,206.11,207.37,137756,1861,207.097534
GOOG,1H,2025-08-27T13:00:00Z,205.82,208.37,205.82,208.04,34897,556,207.214208
GOOG,1H,2025-08-27T14:00:00Z,208.17,208.96,207.9,208.37,47939,840,208.56594
GOOG,1H,2025-08-27T15:00:00Z,208.47,208.47,206.41,208.21,70803,1060,207.871766
GOOG,1H,2025-08-27T16:00:00Z,208.13,208.13,206.88,207.62,21338,373,207.482316
GOOG,1H,2025-08-27T17:00:00Z,207.59,207.65,207.25,207.5,19615,330,207.443437
GOOG,1H,2025-08-27T18:00:00Z,207.41,207.69,207.22,207.31,24481,461,207.408437
GOOG,1H,2025-08-27T19:00:00Z,207.33,208.18,206.85,207.56,96145,1440,207.765574
GOOG,1H,2025-08-28T12:00:00Z,207.47,207.47,207.47,207.47,100,1,207.47
GOOG,1H,2025-08-28T13:00:00Z,207.38,210.08,207.08,210.05,39366,640,209.065024
GOOG,1H,2025-08-28T14:00:00Z,210.09,211.26,210.01,210.89,79428,1227,210.716399
GOOG,1H,2025-08-28T15:00:00Z,210.83,211.95,210.79,211.35,45147,796,211.482657
GOOG,1H,2025-08-28T16:00:00Z,211.24,212.26,211.17,211.58,27545,520,211.879165
GOOG,1H,2025-08-28T17:00:00Z,211.62,212.21,211.58,212.13,31537,516,211.928567
GOOG,1H,2025-08-28T18:00:00Z,212.13,212.22,211.5,212,35673,535,211.893136
GOOG,1H,2025-08-28T19:00:00Z,212.01,212.25,211.72,211.77,63017,1165,212.023264
GOOG,1H,2025-08-28T20:00:00Z,211.78,211.78,211.78,211.78,100,1,211.78
GOOG,1H,2025-08-29T13:00:00Z,210.69,212.41,210.47,211.3,47724,700,211.809843
GOOG,1H,2025-08-29T14:00:00Z,211.31,212.44,211.09,211.43,80669,1025,211.727123
GOOG,1H,2025-08-29T15:00:00Z,211.44,212.23,211.44,211.64,60079,775,211.86773
GOOG,1H,2025-08-29T16:00:00Z,211.64,212.38,211.59,212.26,37603,566,212.033231
GOOG,1H,2025-08-29T17:00:00Z,212.17,213.23,211.53,212.58,52486,684,212.058554
GOOG,1H,2025-08-29T18:00:00Z,212.64,214.68,212.47,213.67,71736,1084,213.812104
GOOG,1H,2025-08-29T19:00:00Z,213.71,213.91,212.5,213.05,107705,1904,213.181091
GOOG,1H,2025-09-02T12:00:00Z,209.26,209.26,208.43,208.43,275,7,208.845
GOOG,1H,2025-09-02T13:00:00Z,209.26,209.63,207.6,209.03,78560,1160,208.819657
GOOG,1H,2025-09-02T14:00:00Z,209.14,210.05,207.59,208.25,81336,1379,208.931227
GOOG,1H,2025-09-02T15:00:00Z,208.28,208.42,206.38,206.93,83999,1343,207.078768
GOOG,1H,2025-09-02T16:00:00Z,207.02,208.39,206.96,208.36,69134,1099,207.66455
GOOG,1H,2025-09-02T17:00:00Z,208.42,210.4,208.39,210.2,76440,1140,209.307242
GOOG,1H,2025-09-02T18:00:00Z,210.19,210.8,209.66,210.05,58291,910,210.233015
GOOG,1H,2025-09-02T19:00:00Z,210.16,211.76,210.15,211.4,173932,2474,211.088575
GOOG,1H,2025-09-03T12:00:00Z,224.74,225.71,224.74,225.71,535,13,225.43
GOOG,1H,2025-09-03T13:00:00Z,225.83,229.7,224.5,229.5,715762,6662,226.71596
GOOG,1H,2025-09-03T14:00:00Z,229.42,230.64,226.99,229.38,303310,3556,228.598648
GOOG,1H,2025-09-03T15:00:00Z,229.46,230.53,228.42,228.6,190153,2379,229.471716
GOOG,1H,2025-09-03T16:00:00Z,228.5,230.38,228.34,229.85,205591,2298,229.658994
GOOG,1H,2025-09-03T17:00:00Z,229.91,231.13,229.56,229.95,149998,1915,230.234399
GOOG,1H,2025-09-03T18:00:00Z,229.76,229.77,228.19,229.05,144939,1744,228.818448
GOOG,1H,2025-09-03T19:00:00Z,229.01,230.84,227.42,230.45,270188,3441,229.724463
GOOG,1H,2025-09-04T13:00:00Z,228.82,230.34,227.19,227.41,106550,1369,228.446505
GOOG,1H,2025-09-04T14:00:00Z,227.46,227.9,226.12,227.52,147783,1788,226.969723
GOOG,1H,2025-09-04T15:00:00Z,227.63,227.94,227.15,227.85,131384,1458,227.759825
GOOG,1H,2025-09-04T16:00:00Z,227.88,228.27,227.67,227.89,129525,1454,227.965727
GOOG,1H,2025-09-04T17:00:00Z,227.88,229.63,227.88,229.4,60788,815,228.787021
GOOG,1H,2025-09-04T18:00:00Z,229.44,231.14,229.44,231.14,78757,1038,230.369398
GOOG,1H,2025-09-04T19:00:00Z,231.13,232.11,230.81,232,148215,1995,231.491811
GOOG,1H,2025-09-05T12:00:00Z,232.21,232.21,232.21,232.21,140,3,232.21
GOOG,1H,2025-09-05T13:00:00Z,232.05,235.44,232.05,234.66,123236,1329,233.921753
GOOG,1H,2025-09-05T14:00:00Z,234.58,234.75,231.72,231.93,164223,1936,233.081492
GOOG,1H,2025-09-05T15:00:00Z,231.85,234.26,231.81,233.84,118528,1462,233.298316
GOOG,1H,2025-09-05T16:00:00Z,233.85,234.65,233.68,233.77,98636,1089,234.19061
GOOG,1H,2025-09-05T17:00:00Z,233.61,234.08,233.22,233.64,48483,594,233.692382
GOOG,1H,2025-09-05T18:00:00Z,233.68,233.88,232.48,233.07,100558,1460,232.992104
GOOG,1H,2025-09-05T19:00:00Z,233.08,234.93,233.08,234.51,120317,1798,234.107486
GOOG,1H,2025-09-08T13:00:00Z,235.65,237.77,234.96,236.89,115275,1531,236.666209
GOOG,1H,2025-09-08T14:00:00Z,236.82,237.17,234.97,235.41,134745,1796,236.09986
GOOG,1H,2025-09-08T15:00:00Z,235.35,235.79,234.7,235.79,91713,1422,235.215032
GOOG,1H,2025-09-08T16:00:00Z,235.9,235.9,234.34,234.53,110840,1548,234.849984
GOOG,1H,2025-09-08T17:00:00Z,234.54,234.54,233.72,233.97,101761,1516,234.111706
GOOG,1H,2025-09-08T18:00:00Z,233.98,234.57,233.76,233.85,160055,2222,234.156749
GOOG,1H,2025-09-08T19:00:00Z,233.85,234.24,233.53,233.7,307929,4125,233.835644
GOOG,1H,2025-09-09T13:00:00Z,233.98,235.53,233.09,235.18,65179,999,234.408154
GOOG,1H,2025-09-09T14:00:00Z,235.35,236.7,234.9,236.67,109889,1581,235.839777
GOOG,1H,2025-09-09T15:00:00Z,236.78,236.81,235.52,236.16,61217,935,236.122005
GOOG,1H,2025-09-09T16:00:00Z,236.16,237.23,236.16,237.1,64685,852,236.770298
GOOG,1H,2025-09-09T17:00:00Z,237.23,238.15,237.17,238.14,86177,1222,237.708503
GOOG,1H,2025-09-09T18:00:00Z,238.15,239.65,238.05,239.53,130758,1534,238.818798
GOOG,1H,2025-09-09T19:00:00Z,239.56,240.09,238.82,239.44,210734,2533,239.464423
GOOG,1H,2025-09-10T13:00:00Z,238.74,239.82,237.77,239.03,117965,1345,238.577228
GOOG,1H,2025-09-10T14:00:00Z,238.9,241.12,238.9,240.19,130770,1559,240.03624
GOOG,1H,2025-09-10T15:00:00Z,240.2,241.06,239.88,240.79,108222,1249,240.359649
GOOG,1H,2025-09-10T16:00:00Z,240.67,241.43,239.8,241.43,81851,1176,240.51534
GOOG,1H,2025-09-10T17:00:00Z,241.45,241.61,240.3,240.64,42805,699,240.982643
GOOG,1H,2025-09-10T18:00:00Z,240.53,240.67,238.89,238.9,52178,805,239.5999
GOOG,1H,2025-09-10T19:00:00Z,238.91,240.1,238.46,239.06,106689,1638,239.274922
GOOG,1H,2025-09-11T13:00:00Z,240.24,240.24,236.85,238.54,65464,934,237.978863
GOOG,1H,2025-09-11T14:00:00Z,238.44,238.55,236.23,237.93,70654,1020,237.868033
GOOG,1H,2025-09-11T15:00:00Z,238.01,239.52,238.01,239.19,69291,1105,239.000087
GOOG,1H,2025-09-11T16:00:00Z,239.13,240.01,239.13,239.37,59030,872,239.631945
GOOG,1H,2025-09-11T17:00:00Z,239.39,240.18,239.11,240.18,53462,780,239.69146
GOOG,1H,2025-09-11T18:00:00Z,240.07,241.56,239.94,241.4,70479,964,240.813944
GOOG,1H,2025-09-11T19:00:00Z,241.46,242.09,240.19,240.25,127976,1841,241.317894
GOOG,1H,2025-09-12T13:00:00Z,240.53,240.53,238.19,239.33,65844,842,239.500972
GOOG,1H,2025-09-12T14:00:00Z,239.1,240.09,238.66,240.02,91429,1165,239.259855
GOOG,1H,2025-09-12T15:00:00Z,239.99,240.67,239.71,240.61,53865,784,240.110374
GOOG,1H,2025-09-12T16:00:00Z,240.59,241.33,240.24,241.25,38471,531,240.736976
GOOG,1H,2025-09-12T17:00:00Z,241.14,241.95,240.84,241.39,31854,504,241.34427
GOOG,1H,2025-09-12T18:00:00Z,241.42,241.57,240.98,241.52,47541,659,241.260684
GOOG,1H,2025-09-12T19:00:00Z,241.5,241.64,240.63,240.83,78261,1242,241.034203
GOOG,1H,2025-09-15T13:00:00Z,244.41,250.52,244.29,249.13,99509,1473,247.957161
GOOG,1H,2025-09-15T14:00:00Z,249.24,252.23,248.47,248.67,111899,1567,250.763982
GOOG,1H,2025-09-15T15:00:00Z,248.66,249.78,247.92,249.05,79342,1196,248.732061
GOOG,1H,2025-09-15T16:00:00Z,249.03,250.48,248.18,248.74,79066,1167,249.205805
GOOG,1H,2025-09-15T17:00:00Z,248.68,249.27,248.25,248.72,59040,895,248.726284
GOOG,1H,2025-09-15T18:00:00Z,248.69,250.04,248.47,248.69,67525,987,249.505567
GOOG,1H,2025-09-15T19:00:00Z,248.77,251.65,248.56,251.35,171450,2379,250.572832
GOOG,1H,2025-09-16T13:00:00Z,252.5,252.63,249.26,249.66,158673,1916,250.86357
GOOG,1H,2025-09-16T14:00:00Z,249.64,251.63,249.38,250.68,144165,1847,250.538517
GOOG,1H,2025-09-16T15:00:00Z,250.64,250.99,250.3,250.39,97021,1252,250.652571
GOOG,1H,2025-09-16T16:00:00Z,250.42,252.08,250.4,251.76,120530,1264,251.240521
GOOG,1H,2025-09-16T17:00:00Z,251.84,252.08,251.28,251.76,88251,1066,251.727041
GOOG,1H,2025-09-16T18:00:00Z,251.79,251.89,251.36,251.81,83515,1107,251.733592
GOOG,1H,2025-09-16T19:00:00Z,251.81,252.03,250.85,250.89,135704,1870,251.44122
GOOG,1H,2025-09-17T13:00:00Z,251.12,251.45,249.69,250.69,86645,1275,250.739006
GOOG,1H,2025-09-17T14:00:00Z,250.8,250.81,248.37,249.22,113216,1574,249.517557
GOOG,1H,2025-09-17T15:00:00Z,249.24,249.37,247.41,247.96,83674,1162,248.084942
GOOG,1H,2025-09-17T16:00:00Z,248.04,248.81,247.72,247.97,85401,1072,248.348842
GOOG,1H,2025-09-17T17:00:00Z,247.99,248.27,247.34,247.7,79075,1079,247.879449
GOOG,1H,2025-09-17T18:00:00Z,248.04,248.87,246.13,248.54,134602,1977,247.765788
GOOG,1H,2025-09-17T19:00:00Z,248.53,250.23,248.48,249.23,159124,2502,249.638654
GOOG,1H,2025-09-18T13:00:00Z,251.39,253.56,250.96,253.07,133096,1778,252.195051
GOOG,1H,2025-09-18T14:00:00Z,253.09,253.21,250.38,250.84,92763,1548,251.753796
GOOG,1H,2025-09-18T15:00:00Z,250.77,251.3,249.68,249.73,106990,1282,250.404532
GOOG,1H,2025-09-18T16:00:00Z,249.78,250.36,249.73,249.84,95647,1236,250.064371
GOOG,1H,2025-09-18T17:00:00Z,249.87,251.12,249.86,251.03,44986,747,250.479721
GOOG,1H,2025-09-18T18:00:00Z,250.88,251.71,250.88,251.43,52105,864,251.408606
GOOG,1H,2025-09-18T19:00:00Z,251.44,252.1,251.11,251.84,106623,1673,251.606236
GOOG,1H,2025-09-19T13:00:00Z,253.01,253.76,251.63,253.38,77598,1003,252.632171
GOOG,1H,2025-09-19T14:00:00Z,253.37,253.58,252.13,252.73,56697,821,252.876089
GOOG,1H,2025-09-19T15:00:00Z,252.82,253.05,251.89,252.91,48249,755,252.476379
GOOG,1H,2025-09-19T16:00:00Z,252.94,253.99,252.94,253.65,33989,617,253.619329
GOOG,1H,2025-09-19T17:00:00Z,253.66,254.69,253.49,254.5,83069,1313,254.363906
GOOG,1H,2025-09-19T18:00:00Z,254.48,254.98,254.02,254.98,56459,1040,254.530393
GOOG,1H,2025-09-19T19:00:00Z,254.99,256,254.51,254.69,123112,1924,255.260305
GOOG,1H,2025-09-22T13:00:00Z,253.27,255.76,252.97,253.73,66450,835,254.188149
GOOG,1H,2025-09-22T14:00:00Z,253.89,255,253.56,254.83,37315,565,254.36196
GOOG,1H,2025-09-22T15:00:00Z,254.83,254.99,250.39,252.89,73457,1020,252.923818
GOOG,1H,2025-09-22T16:00:00Z,252.93,252.93,250.89,251.32,88012,1129,251.802819
GOOG,1H,2025-09-22T17:00:00Z,251.28,251.92,251.13,251.89,34292,629,251.481232
GOOG,1H,2025-09-22T18:00:00Z,251.95,253.04,251.73,251.9,42577,589,252.456584
GOOG,1H,2025-09-22T19:00:00Z,251.92,252.57,251.18,252.39,105483,1518,251.637036
GOOG,1H,2025-09-23T13:00:00Z,253.22,254.27,251.45,252.37,46960,829,252.517704
GOOG,1H,2025-09-23T14:00:00Z,252.35,252.9,251.19,251.29,68151,886,251.984436
GOOG,1H,2025-09-23T15:00:00Z,251.22,253.56,251,253.51,64806,805,252.104907
GOOG,1H,2025-09-23T16:00:00Z,253.55,253.74,252.51,253.2,45494,579,252.941543
GOOG,1H,2025-09-23T17:00:00Z,253.21,253.43,250.62,251.85,67042,927,252.010791
GOOG,1H,2025-09-23T18:00:00Z,251.79,251.96,251,251,31908,450,251.581142
GOOG,1H,2025-09-23T19:00:00Z,250.99,251.84,250.67,251.84,108060,1417,251.357037
GOOG,1H,2025-09-24T13:00:00Z,251.66,252.38,248.33,249.11,90529,1205,250.365717
GOOG,1H,2025-09-24T14:00:00Z,249.07,250.41,249.07,250.07,54514,764,249.619782
GOOG,1H,2025-09-24T15:00:00Z,250.01,250.18,248.26,248.26,40802,571,249.4035
GOOG,1H,2025-09-24T16:00:00Z,248.26,249.01,247.32,248.52,53144,720,248.345963
GOOG,1H,2025-09-24T17:00:00Z,248.54,249.08,246.96,248.26,42149,610,248.390709
GOOG,1H,2025-09-24T18:00:00Z,248.23,248.23,247.32,248.09,35069,536,247.795443
GOOG,1H,2025-09-24T19:00:00Z,248.14,248.4,246.89,247.22,88115,1249,247.4432
GOOG,1H,2025-09-25T13:00:00Z,243.81,244.16,241.18,243.01,99857,1684,242.398946
GOOG,1H,2025-09-25T14:00:00Z,242.99,246.55,242.6,246.16,87222,1139,244.94979
GOOG,1H,2025-09-25T15:00:00Z,246.11,246.79,245.18,246.26,87063,1228,245.981203
GOOG,1H,2025-09-25T16:00:00Z,246.22,246.62,245.36,245.57,42522,695,245.908073
GOOG,1H,2025-09-25T17:00:00Z,245.61,246.35,244.34,244.49,55456,794,245.194075
GOOG,1H,2025-09-25T18:00:00Z,244.41,246.51,244.2,246.44,40052,669,245.562204
GOOG,1H,2025-09-25T19:00:00Z,246.45,246.7,245.24,245.96,78198,1272,245.895884
GOOG,1H,2025-09-25T20:00:00Z,248.51,248.51,248.51,248.51,2553,48,248.51
GOOG,1H,2025-09-26T13:00:00Z,247.07,249.6,246.88,247.52,143912,1261,248.133365
GOOG,1H,2025-09-26T14:00:00Z,247.37,247.94,246.28,246.68,106839,1355,247.127002
GOOG,1H,2025-09-26T15:00:00Z,246.74,247.27,246.25,246.25,102362,1329,246.861622
GOOG,1H,2025-09-26T16:00:00Z,246.22,247.71,246.19,247.71,60703,896,247.120135
GOOG,1H,2025-09-26T17:00:00Z,247.71,248.18,246.87,247.03,53237,771,247.764074
GOOG,1H,2025-09-26T18:00:00Z,247.01,247.33,246.56,247.27,51461,796,246.98668
GOOG,1H,2025-09-26T19:00:00Z,247.28,247.38,246.2,246.58,84819,1322,246.892605
GOOG,1H,2025-09-29T13:00:00Z,247.39,251.04,247.3,249.9,76377,1078,249.40132
GOOG,1H,2025-09-29T14:00:00Z,249.8,250.73,247.71,247.88,96651,1289,249.327038
GOOG,1H,2025-09-29T15:00:00Z,247.95,248.35,247.45,248.06,68156,1172,247.945095
GOOG,1H,2025-09-29T16:00:00Z,248.17,248.34,247.44,247.46,67704,987,247.816324
GOOG,1H,2025-09-29T17:00:00Z,247.45,247.45,244.23,244.71,173835,2339,245.439374
GOOG,1H,2025-09-29T18:00:00Z,244.79,245.63,244.79,244.8,52369,803,245.206044
GOOG,1H,2025-09-29T19:00:00Z,244.81,244.81,242.73,243.9,170970,2623,243.48485
GOOG,1H,2025-09-30T13:00:00Z,243.03,243.03,239.23,240.54,88605,1090,240.63137
GOOG,1H,2025-09-30T14:00:00Z,240.57,241.18,239.55,241.17,102342,1260,240.616151
GOOG,1H,2025-09-30T15:00:00Z,241.3,241.51,239.56,241.41,72866,1141,240.566969
GOOG,1H,2025-09-30T16:00:00Z,241.45,241.75,241.12,241.54,35666,577,241.386331
GOOG,1H,2025-09-30T17:00:00Z,241.6,241.9,240.75,240.83,41184,649,241.30999
GOOG,1H,2025-09-30T18:00:00Z,240.82,241.8,240.82,241.33,25596,466,241.31841
GOOG,1H,2025-09-30T19:00:00Z,241.3,243.18,241.3,243.01,79803,1306,242.602798
GOOG,1H,2025-10-01T13:00:00Z,239.59,241.86,238.77,240.57,62474,871,240.700586
GOOG,1H,2025-10-01T14:00:00Z,240.49,241.26,240.04,240.68,104637,1294,240.725438
GOOG,1H,2025-10-01T15:00:00Z,240.75,242.9,240.49,242.66,62134,840,241.42801
GOOG,1H,2025-10-01T16:00:00Z,242.74,244.11,242.68,244.07,65245,855,243.544158
GOOG,1H,2025-10-01T17:00:00Z,244.13,244.45,243.49,244.21,42447,620,244.092998
GOOG,1H,2025-10-01T18:00:00Z,244.27,245.84,244.18,245.67,61469,841,245.140845
GOOG,1H,2025-10-01T19:00:00Z,245.63,246.65,244.89,245.06,144805,2188,245.875668
GOOG,1H,2025-10-02T13:00:00Z,245.39,246.48,244.36,246.06,90679,1074,245.421484
GOOG,1H,2025-10-02T14:00:00Z,246.03,247.13,242.63,243.59,88530,1240,245.285152
GOOG,1H,2025-10-02T15:00:00Z,243.61,244.78,243.42,244.68,37914,567,244.113611
GOOG,1H,2025-10-02T16:00:00Z,244.63,244.79,243.51,243.6,32628,533,244.283763
GOOG,1H,2025-10-02T17:00:00Z,243.6,244.28,243.29,244.2,35542,492,243.84258
GOOG,1H,2025-10-02T18:00:00Z,244.21,244.88,244.09,244.86,32558,400,244.484797
GOOG,1H,2025-10-02T19:00:00Z,244.81,245.94,243.82,245.94,109550,1540,245.037848
GOOG,1H,2025-10-03T13:00:00Z,244.84,245.75,242.13,242.7,89381,974,243.370726
GOOG,1H,2025-10-03T14:00:00Z,242.63,243.77,242.2,243.66,80554,1036,242.869425
GOOG,1H,2025-10-03T15:00:00Z,243.73,245.48,243.61,245.14,109987,1193,244.532267
GOOG,1H,2025-10-03T16:00:00Z,245.17,246.6,244.69,246.49,35133,517,245.812037
GOOG,1H,2025-10-03T17:00:00Z,246.39,246.39,244.19,245.88,56579,861,245.339059
GOOG,1H,2025-10-03T18:00:00Z,245.8,245.9,244.86,244.95,45786,627,245.418586
GOOG,1H,2025-10-03T19:00:00Z,244.98,246.02,244.5,245.9,149587,2290,245.426962
GOOG,1H,2025-10-06T13:00:00Z,244.37,249.12,244.37,247.26,80835,1156,246.807032
GOOG,1H,2025-10-06T14:00:00Z,247.1,247.76,245.56,246.38,59533,880,246.636002
GOOG,1H,2025-10-06T15:00:00Z,246.36,248.91,245.98,248.77,40460,799,247.202216
GOOG,1H,2025-10-06T16:00:00Z,248.7,249.45,248.02,249.37,34191,626,248.813875
GOOG,1H,2025-10-06T17:00:00Z,249.56,249.98,246.37,248.55,88528,1421,248.598693
GOOG,1H,2025-10-06T18:00:00Z,248.62,251.67,248.62,250.99,64257,1234,250.556901
GOOG,1H,2025-10-06T19:00:00Z,250.98,251.56,250.55,251.03,102365,1869,250.992151
GOOG,1H,2025-10-07T13:00:00Z,248.57,251.05,247.93,249,73161,1191,249.25423
GOOG,1H,2025-10-07T14:00:00Z,249.02,249.29,248,248.52,68241,1104,248.887789
GOOG,1H,2025-10-07T15:00:00Z,248.55,248.57,246.98,247.47,75610,1264,247.8301
GOOG,1H,2025-10-07T16:00:00Z,247.46,247.72,246.47,246.73,28072,600,247.216467
GOOG,1H,2025-10-07T17:00:00Z,246.8,247.96,246.66,247.52,25320,453,247.252535
GOOG,1H,2025-10-07T18:00:00Z,247.4,247.95,247.38,247.51,46440,689,247.676559
GOOG,1H,2025-10-07T19:00:00Z,247.53,247.62,246.35,246.64,131326,1880,246.823904
GOOG,1H,2025-10-08T13:00:00Z,245.94,246.66,244.61,245.39,67618,1003,245.821169
GOOG,1H,2025-10-08T14:00:00Z,245.43,246.72,245.2,245.23,46030,826,245.955581
GOOG,1H,2025-10-08T15:00:00Z,245.28,246.11,244.89,245.89,52279,920,245.592784
GOOG,1H,2025-10-08T16:00:00Z,245.69,246.11,244.73,244.84,28248,512,245.452864
GOOG,1H,2025-10-08T17:00:00Z,244.86,245.66,244.74,245.08,24829,441,245.133655
GOOG,1H,2025-10-08T18:00:00Z,245.07,245.54,244.88,245.24,34609,587,245.230973
GOOG,1H,2025-10-08T19:00:00Z,245.2,245.45,244.68,244.98,127037,1907,245.086116
GOOG,1H,2025-10-09T13:00:00Z,245.32,245.32,242.37,243.13,90937,1381,243.710811
GOOG,1H,2025-10-09T14:00:00Z,243.05,243.1,239.92,240.07,134430,2409,241.254444
GOOG,1H,2025-10-09T15:00:00Z,240.18,241.54,239.23,241.36,68281,1207,240.182546
GOOG,1H,2025-10-09T16:00:00Z,241.4,241.95,240.82,241.04,41696,626,241.361801
GOOG,1H,2025-10-09T17:00:00Z,241.03,241.5,240.73,240.85,24616,402,241.031472
GOOG,1H,2025-10-09T18:00:00Z,240.8,241.32,240.59,241.15,19859,330,240.800029
GOOG,1H,2025-10-09T19:00:00Z,241.16,241.66,241.07,241.66,51843,1038,241.288639
GOOG,1H,2025-10-10T13:00:00Z,241.59,244.29,241.25,243.65,57826,970,243.396658
GOOG,1H,2025-10-10T14:00:00Z,243.7,243.73,241.77,242.17,66433,1000,242.830098
GOOG,1H,2025-10-10T15:00:00Z,241.98,241.98,237.24,239.14,203865,2881,239.361782
GOOG,1H,2025-10-10T16:00:00Z,238.89,239.42,237.53,237.76,55963,1028,238.518361
GOOG,1H,2025-10-10T17:00:00Z,237.74,239.56,237.33,239.41,54070,892,238.61564
GOOG,1H,2025-10-10T18:00:00Z,239.45,240.04,238.25,238.74,43078,791,239.129843
GOOG,1H,2025-10-10T19:00:00Z,238.79,239.13,236.25,236.98,131815,1915,237.448692
GOOG,1H,2025-10-13T13:00:00Z,240.7,242.43,240.5,242.43,57608,837,241.390839
GOOG,1H,2025-10-13T14:00:00Z,242.45,242.66,240.7,240.85,46148,862,241.690557
GOOG,1H,2025-10-13T15:00:00Z,240.76,242.99,240.67,242.78,35350,558,242.343487
GOOG,1H,2025-10-13T16:00:00Z,242.77,243.31,242.58,242.87,39340,529,242.879122
GOOG,1H,2025-10-13T17:00:00Z,242.86,243.54,242.09,243.42,47071,639,242.742365
GOOG,1H,2025-10-13T18:00:00Z,243.44,243.53,242.81,243.16,23926,408,243.266815
GOOG,1H,2025-10-13T19:00:00Z,243.24,244.48,243.07,244.17,66762,1218,243.917513
GOOG,1H,2025-10-14T13:00:00Z,241.67,242.33,240.78,242.1,62319,979,241.606704
GOOG,1H,2025-10-14T14:00:00Z,242.1,245.88,242.1,245.28,106107,1576,244.554255
GOOG,1H,2025-10-14T15:00:00Z,245.32,247.44,245.31,247.28,75140,1199,246.252914
GOOG,1H,2025-10-14T16:00:00Z,247.37,247.54,246.01,246.63,50061,857,246.920865
GOOG,1H,2025-10-14T17:00:00Z,246.44,247.16,246.19,246.81,42124,624,246.840971
GOOG,1H,2025-10-14T18:00:00Z,246.91,247.09,246.31,246.48,26783,592,246.764244
GOOG,1H,2025-10-14T19:00:00Z,246.59,246.66,244.1,245.82,117453,1746,245.59368
GOOG,1H,2025-10-15T13:00:00Z,247.55,248.52,246.38,247.87,43120,650,247.756874
GOOG,1H,2025-10-15T14:00:00Z,247.84,252.16,247.78,250.88,81706,1582,250.597552
GOOG,1H,2025-10-15T15:00:00Z,250.71,250.81,248.76,249.44,48394,922,249.842929
GOOG,1H,2025-10-15T16:00:00Z,249.45,250.09,248.63,248.8,35316,673,249.492726
GOOG,1H,2025-10-15T17:00:00Z,248.78,249.61,246.96,249.52,43860,726,248.117093
GOOG,1H,2025-10-15T18:00:00Z,249.59,250.95,249.14,250.92,49510,900,250.228359
GOOG,1H,2025-10-15T19:00:00Z,250.9,251.24,249.94,251.22,79234,1458,250.554302
GOOG,1H,2025-10-16T13:00:00Z,251.99,256.97,251.84,254.59,95431,1389,255.40102
GOOG,1H,2025-10-16T14:00:00Z,254.58,256.4,253.85,255.29,108954,1690,254.895691
GOOG,1H,2025-10-16T15:00:00Z,255.29,255.75,253.11,253.13,59802,970,254.740093
GOOG,1H,2025-10-16T16:00:00Z,252.86,253.5,251.22,252.94,52880,1003,252.438493
GOOG,1H,2025-10-16T17:00:00Z,252.86,253.24,251.52,252.16,57028,943,252.468728
GOOG,1H,2025-10-16T18:00:00Z,252.12,252.32,250.35,251.94,43202,765,251.296563
GOOG,1H,2025-10-16T19:00:00Z,252.01,252.35,251.11,251.4,83457,1899,251.710831
GOOG,1H,2025-10-17T13:00:00Z,250.85,251.03,248.2,250.08,53639,882,249.638372
GOOG,1H,2025-10-17T14:00:00Z,250.17,252.33,249.94,251.39,104895,1560,251.305219
GOOG,1H,2025-10-17T15:00:00Z,251.35,252.05,249.95,251.84,60170,1125,250.958429
GOOG,1H,2025-10-17T16:00:00Z,251.87,253.39,251.8,252.03,42935,863,252.674165
GOOG,1H,2025-10-17T17:00:00Z,251.94,253.3,251.41,253.15,41068,743,252.210775
GOOG,1H,2025-10-17T18:00:00Z,253.19,254.29,252.64,253.53,44915,789,253.537479
GOOG,1H,2025-10-17T19:00:00Z,253.53,253.9,252.88,253.3,82106,1374,253.387615
GOOG,1H,2025-10-20T13:00:00Z,254.59,256.3,254.13,255.07,98745,1420,255.11274
GOOG,1H,2025-10-20T14:00:00Z,255.14,256.37,255.01,256.2,97489,1691,255.934746
GOOG,1H,2025-10-20T15:00:00Z,256.25,257.36,255.48,257.07,109752,1537,256.523593
GOOG,1H,2025-10-20T16:00:00Z,256.72,256.98,256.18,256.29,50671,844,256.639005
GOOG,1H,2025-10-20T17:00:00Z,256.3,256.59,256.09,256.19,106281,962,256.363766
GOOG,1H,2025-10-20T18:00:00Z,256.21,256.68,255.9,256.68,79610,888,256.249807
GOOG,1H,2025-10-20T19:00:00Z,256.74,257.03,256.15,256.57,98534,1773,256.647111
GOOG,1H,2025-10-21T13:00:00Z,254.85,254.85,252.3,252.69,92089,1494,253.40762
GOOG,1H,2025-10-21T14:00:00Z,252.72,252.95,251.55,252.65,140040,1974,252.495745
GOOG,1H,2025-10-21T15:00:00Z,252.73,252.73,244.2,248.33,335195,5286,246.819805
GOOG,1H,2025-10-21T16:00:00Z,248.38,249.98,248.37,249.42,159634,2267,249.16658
GOOG,1H,2025-10-21T17:00:00Z,249.44,252.61,247.6,252.27,239334,3769,250.465481
GOOG,1H,2025-10-21T18:00:00Z,252.2,252.75,251.51,251.67,111136,1818,252.204075
GOOG,1H,2025-10-21T19:00:00Z,251.66,252,250.82,250.82,103457,1826,251.444081
GOOG,1H,2025-10-22T13:00:00Z,254.69,256.55,253.63,254.74,135841,1850,255.287146
GOOG,1H,2025-10-22T14:00:00Z,254.86,255.37,252.38,254.36,140759,2312,253.827108
GOOG,1H,2025-10-22T15:00:00Z,254.33,256.64,252.72,253.07,110841,1884,254.868746
GOOG,1H,2025-10-22T16:00:00Z,253,253.14,250.11,251.3,78895,1428,251.809022
GOOG,1H,2025-10-22T17:00:00Z,251.31,251.54,250.15,250.9,64520,967,250.795804
GOOG,1H,2025-10-22T18:00:00Z,250.91,251.91,250.6,251.91,54555,759,251.214757
GOOG,1H,2025-10-22T19:00:00Z,251.9,252.25,251.24,252.02,85337,1434,251.867207
GOOG,1H,2025-10-23T13:00:00Z,253.3,255.25,252.36,254.09,62480,1032,253.704117
GOOG,1H,2025-10-23T14:00:00Z,254.45,255.1,253.45,254.31,78777,1379,254.172388
GOOG,1H,2025-10-23T15:00:00Z,254.33,255,253.77,254.24,45609,923,254.385403
GOOG,1H,2025-10-23T16:00:00Z,254.26,255.05,253.87,254.59,52063,1060,254.721942
GOOG,1H,2025-10-23T17:00:00Z,254.6,254.77,253.95,254.65,40477,735,254.360233
GOOG,1H,2025-10-23T18:00:00Z,254.57,254.9,254.26,254.37,45892,751,254.635477
GOOG,1H,2025-10-23T19:00:00Z,254.39,254.48,252.86,253.17,94749,1538,253.738698
GOOG,1H,2025-10-23T20:00:00Z,256.02,256.02,256.02,256.02,111,3,256.02
GOOG,1H,2025-10-24T13:00:00Z,256.78,260.37,255.61,260.37,116785,1606,258.429109
GOOG,1H,2025-10-24T14:00:00Z,260.32,261.97,259.15,259.69,148627,2266,260.713478
GOOG,1H,2025-10-24T15:00:00Z,259.65,261.12,259.2,260.43,89423,1534,260.342618
GOOG,1H,2025-10-24T16:00:00Z,260.54,261.44,260.33,261.15,58337,952,260.79695
GOOG,1H,2025-10-24T17:00:00Z,261.24,261.73,261.06,261.12,62818,923,261.475555
GOOG,1H,2025-10-24T18:00:00Z,261.11,261.67,261.03,261.09,66806,902,261.402644
GOOG,1H,2025-10-24T19:00:00Z,261.13,261.24,259.88,260.02,133728,2264,260.456952
GOOG,1H,2025-10-27T13:00:00Z,264.84,266.71,264.52,265.63,105682,1670,265.657908
GOOG,1H,2025-10-27T14:00:00Z,265.49,266.15,264.54,265.78,188351,2643,265.281507
GOOG,1H,2025-10-27T15:00:00Z,265.87,267.16,265.62,266.69,134107,2036,266.436017
GOOG,1H,2025-10-27T16:00:00Z,266.63,267.54,266.42,267.1,116950,1785,266.980442
GOOG,1H,2025-10-27T17:00:00Z,267.1,268.37,267.07,268.37,107486,1519,267.808493
GOOG,1H,2025-10-27T18:00:00Z,268.3,269.73,268.27,268.84,135241,1855,268.914496
GOOG,1H,2025-10-27T19:00:00Z,268.77,270.04,268.07,269.3,172305,2466,268.969613
GOOG,1H,2025-10-28T13:00:00Z,269.6,270.75,267.48,267.8,150654,1966,269.272845
GOOG,1H,2025-10-28T14:00:00Z,267.68,268.46,266.72,266.9,154119,2256,267.531774
GOOG,1H,2025-10-28T15:00:00Z,266.94,267.91,266.8,266.9,112247,1688,267.36133
GOOG,1H,2025-10-28T16:00:00Z,266.91,267.87,266.67,267.53,125210,1953,267.180815
GOOG,1H,2025-10-28T17:00:00Z,267.69,268.5,267.63,268.28,133025,1843,268.212606
GOOG,1H,2025-10-28T18:00:00Z,268.29,268.49,267.49,268.15,96807,1349,268.177569
GOOG,1H,2025-10-28T19:00:00Z,268.15,268.38,267.6,268,238870,3132,268.060254
GOOG,1H,2025-10-29T13:00:00Z,268.03,270.41,268.01,269.34,107908,1845,269.126369
GOOG,1H,2025-10-29T14:00:00Z,269.32,271.19,268.36,270.52,121622,1926,269.587028
GOOG,1H,2025-10-29T15:00:00Z,270.4,272.46,270.12,272.45,129677,1797,270.933983
GOOG,1H,2025-10-29T16:00:00Z,272.42,272.59,271.75,271.93,91979,1400,272.154431
GOOG,1H,2025-10-29T17:00:00Z,271.93,273.52,271.78,272.96,101994,1479,272.55055
GOOG,1H,2025-10-29T18:00:00Z,273.04,273.65,271.43,273.07,134050,2197,272.809559
GOOG,1H,2025-10-29T19:00:00Z,273.12,275.36,272.52,275,228094,3368,273.987502
GOOG,1H,2025-10-30T13:00:00Z,294.78,295.35,279.95,287.67,287622,4163,284.707543
GOOG,1H,2025-10-30T14:00:00Z,287.76,290.05,287.76,288.49,232798,3614,289.081004
GOOG,1H,2025-10-30T15:00:00Z,288.47,289.97,286.64,286.72,144708,2615,288.333657
GOOG,1H,2025-10-30T16:00:00Z,286.69,287.74,284.03,285.55,108108,2059,286.113168
GOOG,1H,2025-10-30T17:00:00Z,285.64,286.09,284.07,284.29,74204,1444,285.09844
GOOG,1H,2025-10-30T18:00:00Z,283.66,284.1,282.9,284.1,78945,1385,283.441645
GOOG,1H,2025-10-30T19:00:00Z,283.98,283.98,280.5,281.48,169517,2701,282.813918
GOOG,1H,2025-10-31T12:00:00Z,285.74,285.74,285.74,285.74,100,1,285.74
GOOG,1H,2025-10-31T13:00:00Z,281.36,285.64,278.15,278.15,149772,2443,281.511473
GOOG,1H,2025-10-31T14:00:00Z,278.08,280.67,277.13,280.54,161634,2450,278.930765
GOOG,1H,2025-10-31T15:00:00Z,280.49,282.23,279.76,280.39,131999,2143,280.950466
GOOG,1H,2025-10-31T16:00:00Z,280.31,280.74,278.29,279.75,158793,2387,279.482052
GOOG,1H,2025-10-31T17:00:00Z,279.82,281.53,279.27,281.05,129127,1843,280.292756
GOOG,1H,2025-10-31T18:00:00Z,281.06,281.46,278.81,279.36,85238,1260,280.329771
GOOG,1H,2025-10-31T19:00:00Z,279.38,282.02,279.38,281.34,185061,2609,281.018012
GOOG,1H,2025-11-03T13:00:00Z,282.57,282.57,282.57,282.57,215,7,282.57
GOOG,1H,2025-11-03T14:00:00Z,282.33,282.45,279.83,280.96,148192,2013,281.443855
GOOG,1H,2025-11-03T15:00:00Z,280.94,283.27,279.89,281.8,152391,2156,281.959514
GOOG,1H,2025-11-03T16:00:00Z,281.77,283.52,281.38,283.21,73388,1146,282.600892
GOOG,1H,2025-11-03T17:00:00Z,283.04,283.27,281.83,282.81,61542,992,282.615711
GOOG,1H,2025-11-03T18:00:00Z,282.79,283.06,282.06,283.05,67507,1035,282.449513
GOOG,1H,2025-11-03T19:00:00Z,282.99,284.31,282.31,284.07,68846,1147,283.032739
GOOG,1H,2025-11-03T20:00:00Z,284.02,285.37,283.13,283.7,122529,1751,284.196612
GOOG,1H,2025-11-04T14:00:00Z,276.52,280.25,276.47,280.05,122384,2041,278.659262
GOOG,1H,2025-11-04T15:00:00Z,279.94,281.23,278.61,278.74,98547,1478,280.008076
GOOG,1H,2025-11-04T16:00:00Z,278.72,279.5,278.21,278.64,72928,1207,278.896476
GOOG,1H,2025-11-04T17:00:00Z,278.65,278.73,276.83,277.36,62428,1101,277.605718
GOOG,1H,2025-11-04T18:00:00Z,277.4,278.57,276.73,278.14,60373,1037,277.500766
GOOG,1H,2025-11-04T19:00:00Z,278.1,278.36,276.95,277.61,50884,867,277.708794
GOOG,1H,2025-11-04T20:00:00Z,277.65,277.82,276.32,277.54,100307,1696,277.28498
GOOG,1H,2025-11-04T21:00:00Z,277.59,277.59,277.59,277.59,100,1,277.59
GOOG,1H,2025-11-05T14:00:00Z,278.82,283.37,277.43,283.37,93871,1500,280.122901
GOOG,1H,2025-11-05T15:00:00Z,283.28,284.81,282.55,283.05,119233,1928,283.544811
GOOG,1H,2025-11-05T16:00:00Z,283.18,284.75,282.14,283.85,94662,1379,283.697664
GOOG,1H,2025-11-05T17:00:00Z,283.95,284.51,282.59,282.73,77241,1249,283.250521
GOOG,1H,2025-11-05T18:00:00Z,282.78,283.95,282.66,283.44,52668,946,283.13388
GOOG,1H,2025-11-05T19:00:00Z,283.37,285.95,282.94,283.07,115518,2033,283.890944
GOOG,1H,2025-11-05T20:00:00Z,283.12,284.76,283.09,284.23,128776,2199,284.130561
GOOG,1H,2025-11-06T14:00:00Z,288.4,288.4,284.67,284.92,129612,1811,286.628985
GOOG,1H,2025-11-06T15:00:00Z,284.96,285.28,281.14,281.42,160078,2241,283.841879
GOOG,1H,2025-11-06T16:00:00Z,281.45,284.24,281.45,283.51,116257,1967,283.295123
GOOG,1H,2025-11-06T17:00:00Z,283.57,286.3,283.57,286.26,67994,1092,284.646644
GOOG,1H,2025-11-06T18:00:00Z,286.23,286.31,284.59,285.41,67350,1118,285.298569
GOOG,1H,2025-11-06T19:00:00Z,285.32,287.2,285.32,285.49,72039,1353,286.444867
GOOG,1H,2025-11-06T20:00:00Z,285.45,285.88,284.47,284.79,132637,2021,285.207077
GOOG,1H,2025-11-07T14:00:00Z,283.85,283.86,278.3,278.79,97027,1740,279.90664
GOOG,1H,2025-11-07T15:00:00Z,278.82,279.49,276,276.12,131662,2059,277.64984
GOOG,1H,2025-11-07T16:00:00Z,276.23,277.35,275.59,275.89,94895,1578,276.656033
GOOG,1H,2025-11-07T17:00:00Z,275.79,277.73,275.22,277.34,67846,1031,276.790774
GOOG,1H,2025-11-07T18:00:00Z,277.59,277.71,276.56,277.03,39503,704,277.275119
GOOG,1H,2025-11-07T19:00:00Z,277.06,279.48,276.95,279.48,58582,933,278.162809
GOOG,1H,2025-11-07T20:00:00Z,279.43,279.43,278.08,279.09,98204,1846,278.849848
GOOG,1H,2025-11-10T14:00:00Z,284.65,289.8,283.02,289.45,124849,1762,285.30188
GOOG,1H,2025-11-10T15:00:00Z,289.33,289.61,286.44,286.64,87886,1452,288.127617
GOOG,1H,2025-11-10T16:00:00Z,286.43,287.15,285.68,286.27,59910,1030,286.360055
GOOG,1H,2025-11-10T17:00:00Z,286.14,288.51,286.05,288.51,27299,528,287.192464
GOOG,1H,2025-11-10T18:00:00Z,288.32,289.71,288.24,289.34,45741,722,289.162716
GOOG,1H,2025-11-10T19:00:00Z,289.32,290.75,289.32,290.21,44636,811,290.34849
GOOG,1H,2025-11-10T20:00:00Z,290.26,290.89,289.9,289.98,98280,1674,290.251099
GOOG,1H,2025-11-11T14:00:00Z,287.67,290.96,287.34,290.91,60819,1123,289.061197
GOOG,1H,2025-11-11T15:00:00Z,290.9,291.04,288.33,288.82,75579,1195,289.260406
GOOG,1H,2025-11-11T16:00:00Z,288.91,289.54,288.26,288.74,52566,856,288.872834
GOOG,1H,2025-11-11T17:00:00Z,288.69,289.89,288.69,289.25,43528,673,289.41826
GOOG,1H,2025-11-11T18:00:00Z,289.24,290.07,288.72,290.07,56725,805,289.18113
GOOG,1H,2025-11-11T19:00:00Z,290.07,291.05,289.93,290.56,97758,1169,290.248282
GOOG,1H,2025-11-11T20:00:00Z,290.56,291.76,290.25,291.19,148304,2195,290.889006
GOOG,1H,2025-11-12T14:00:00Z,291.51,291.64,285.64,286.03,76191,1268,288.17457
GOOG,1H,2025-11-12T15:00:00Z,286.28,287.43,285.45,285.66,77249,1203,286.515781
GOOG,1H,2025-11-12T16:00:00Z,285.55,285.61,283.84,284.51,84998,1287,284.813169
GOOG,1H,2025-11-12T17:00:00Z,284.45,286.83,284.21,286.61,46710,689,285.330876
GOOG,1H,2025-11-12T18:00:00Z,286.62,286.69,285.77,286.38,40312,559,286.296782
GOOG,1H,2025-11-12T19:00:00Z,286.49,286.51,285.78,286.12,36397,495,286.247282
GOOG,1H,2025-11-12T20:00:00Z,286.16,287.34,285.9,286.85,70689,1124,286.668378
GOOG,1H,2025-11-13T14:00:00Z,282.5,282.92,277.51,279.43,75872,1250,279.812
GOOG,1H,2025-11-13T15:00:00Z,279.2,281.1,277.83,279.61,74346,1286,279.109227
GOOG,1H,2025-11-13T16:00:00Z,279.45,280.94,279.22,280.24,78930,1202,279.83901
GOOG,1H,2025-11-13T17:00:00Z,280.49,280.95,278.62,278.69,54415,822,279.924864
GOOG,1H,2025-11-13T18:00:00Z,278.72,279.27,277.51,278.29,54132,882,278.370905
GOOG,1H,2025-11-13T19:00:00Z,278.36,279.91,278.01,279.06,48555,797,278.855213
GOOG,1H,2025-11-13T20:00:00Z,278.95,280.01,277.66,278.58,125585,1897,278.848811
GOOG,1H,2025-11-14T13:00:00Z,271.67,271.67,271.67,271.67,382,6,271.67
GOOG,1H,2025-11-14T14:00:00Z,271.52,276.43,271.19,276.23,100376,1663,274.046183
GOOG,1H,2025-11-14T15:00:00Z,276.19,278.48,274.8,277.32,109886,1797,276.90893
GOOG,1H,2025-11-14T16:00:00Z,277.63,278.57,276.47,277.96,78155,1193,277.774697
GOOG,1H,2025-11-14T17:00:00Z,277.89,278.38,277.07,277.37,49773,827,277.814435
GOOG,1H,2025-11-14T18:00:00Z,277.27,277.77,276.38,277.2,65637,1057,276.923246
GOOG,1H,2025-11-14T19:00:00Z,277.2,277.93,276.93,277.58,32335,516,277.435734
GOOG,1H,2025-11-14T20:00:00Z,277.57,278.05,275.87,276.44,106173,1602,276.451003
GOOG,1H,2025-11-14T21:00:00Z,281.81,281.81,280.62,281.01,2305,29,281.073939
GOOG,1H,2025-11-17T14:00:00Z,284.38,293.91,284.25,292.68,165384,2540,290.632653
GOOG,1H,2025-11-17T15:00:00Z,292.68,292.95,288.57,289.83,163931,2493,289.938132
GOOG,1H,2025-11-17T16:00:00Z,290,290,286.94,289.52,87233,1475,288.525587
GOOG,1H,2025-11-17T17:00:00Z,289.52,289.67,285.52,285.95,65645,1088,287.928786
GOOG,1H,2025-11-17T18:00:00Z,285.88,286.86,284.53,284.72,63150,982,285.771151
GOOG,1H,2025-11-17T19:00:00Z,284.88,285.15,283.82,283.82,48111,850,284.553625
GOOG,1H,2025-11-17T20:00:00Z,283.78,285.63,283.77,285.1,105096,1867,284.755922
GOOG,1H,2025-11-18T13:00:00Z,288.1,288.1,288.1,288.1,105,2,288.1
GOOG,1H,2025-11-18T14:00:00Z,287.92,288.31,280.53,280.58,139359,2176,284.687516
GOOG,1H,2025-11-18T15:00:00Z,280.44,283.12,279.53,279.65,112848,2077,280.907073
GOOG,1H,2025-11-18T16:00:00Z,279.75,287.32,278.54,285.02,127724,2169,284.240846
GOOG,1H,2025-11-18T17:00:00Z,284.98,286.74,283.7,286.24,73239,1368,285.25093
GOOG,1H,2025-11-18T18:00:00Z,286.66,288.87,285.97,287.17,128419,1984,287.219997
GOOG,1H,2025-11-18T19:00:00Z,287.39,288.75,287.35,288.04,86821,1432,287.980441
GOOG,1H,2025-11-18T20:00:00Z,288.04,288.39,284.24,284.51,171068,2868,286.084789
GOOG,1H,2025-11-19T14:00:00Z,287.42,301.79,287.25,300.34,175711,3103,296.458151
GOOG,1H,2025-11-19T15:00:00Z,300.53,303.63,298.62,298.75,236765,3637,301.388078
GOOG,1H,2025-11-19T16:00:00Z,298.74,299.11,294.51,295.89,138440,2536,296.53038
GOOG,1H,2025-11-19T17:00:00Z,295.71,295.97,292.26,294.35,110972,1844,293.987821
GOOG,1H,2025-11-19T18:00:00Z,294.28,294.48,292.54,293.88,58646,1066,293.657414
GOOG,1H,2025-11-19T19:00:00Z,294.09,294.3,292.85,293.87,81862,1314,293.600401
GOOG,1H,2025-11-19T20:00:00Z,293.94,295.98,292.41,292.43,155727,2487,294.038856
GOOG,1H,2025-11-19T21:00:00Z,294.88,296.88,294.88,296.88,550,23,295.713333
GOOG,1H,2025-11-20T13:00:00Z,302.09,304.36,302.09,304.12,4185,95,303.892204
GOOG,1H,2025-11-20T14:00:00Z,303.7,304.86,299.71,302.93,147515,2717,301.96897
GOOG,1H,2025-11-20T15:00:00Z,303.59,306.25,302.38,304.01,161748,2677,304.379546
GOOG,1H,2025-11-20T16:00:00Z,303.9,303.9,294,294.56,150509,2550,300.167779
GOOG,1H,2025-11-20T17:00:00Z,295.08,296.4,291.19,293.83,128420,2248,293.785037
GOOG,1H,2025-11-20T18:00:00Z,293.55,296.19,291.47,292.39,88654,1418,293.856823
GOOG,1H,2025-11-20T19:00:00Z,292.1,292.92,290.41,292.81,70416,1238,291.698517
GOOG,1H,2025-11-20T20:00:00Z,292.67,292.67,288.72,289.42,155749,3026,290.396995
GOOG,1H,2025-11-20T21:00:00Z,288.64,288.64,288.64,288.64,100,1,288.64
GOOG,1H,2025-11-21T14:00:00Z,296.81,301.27,296.45,298.98,190828,2983,298.821824
GOOG,1H,2025-11-21T15:00:00Z,299.22,300.32,293.93,298.7,204484,3343,296.782905
GOOG,1H,2025-11-21T16:00:00Z,298.98,301.23,296.5,298.38,158661,2475,298.951547
GOOG,1H,2025-11-21T17:00:00Z,298.36,298.36,295.06,296.5,106468,1598,296.411772
GOOG,1H,2025-11-21T18:00:00Z,296.6,300.41,295.28,300.06,225482,1365,299.492069
GOOG,1H,2025-11-21T19:00:00Z,300.19,303.37,300.19,301.23,177569,2464,301.995792
GOOG,1H,2025-11-21T20:00:00Z,301.23,301.28,298.25,299.03,199471,3233,299.749575
GOOG,1H,2025-11-24T13:00:00Z,311.13,311.13,311.13,311.13,150,2,311.13
GOOG,1H,2025-11-24T14:00:00Z,311.1,316.81,308.83,315.44,269574,3917,314.25333
GOOG,1H,2025-11-24T15:00:00Z,315.38,317.77,313.83,314.17,263656,3632,315.825786
GOOG,1H,2025-11-24T16:00:00Z,314.23,315.38,311.29,311.55,144427,2399,313.622843
GOOG,1H,2025-11-24T17:00:00Z,311.65,316.54,311.62,316.24,165499,2442,314.195776
GOOG,1H,2025-11-24T18:00:00Z,316.31,317.46,315.02,316.07,233320,3212,316.687826
GOOG,1H,2025-11-24T19:00:00Z,316.43,318.33,316.09,317.57,141274,2070,317.344827
GOOG,1H,2025-11-24T20:00:00Z,317.56,318.71,317.01,317.83,257117,3897,317.937893
GOOG,1H,2025-11-24T21:00:00Z,320.11,320.11,320.11,320.11,292,6,320.11
GOOG,1H,2025-11-25T13:00:00Z,331.13,331.22,331.13,331.22,306,6,331.18
GOOG,1H,2025-11-25T14:00:00Z,329.18,329.18,319.32,325.35,246535,3863,323.514829
GOOG,1H,2025-11-25T15:00:00Z,325.17,327.9,319.88,320.68,240449,3817,323.985522
GOOG,1H,2025-11-25T16:00:00Z,320.61,321.18,317.26,319.68,157326,2542,319.349514
GOOG,1H,2025-11-25T17:00:00Z,319.83,322.3,319.11,321.56,95595,1512,320.606296
GOOG,1H,2025-11-25T18:00:00Z,321.88,323.88,321.15,322.51,83927,1485,322.332377
GOOG,1H,2025-11-25T19:00:00Z,322.51,323.12,321.21,322.63,70799,1321,322.247774
GOOG,1H,2025-11-25T20:00:00Z,322.74,323.83,320.39,323.06,131328,2248,322.026142
GOOG,1H,2025-11-25T21:00:00Z,322.6,322.6,322.6,322.6,180,5,322.6
GOOG,1H,2025-11-26T13:00:00Z,326.1,326.1,326.1,326.1,240,6,326.1
GOOG,1H,2025-11-26T14:00:00Z,319.97,324.22,319.24,320.62,196241,2755,321.489857
GOOG,1H,2025-11-26T15:00:00Z,320.37,320.48,316.58,317.62,181816,2496,318.321319
GOOG,1H,2025-11-26T16:00:00Z,317.66,319.78,317.63,318.96,85249,1256,318.950634
GOOG,1H,2025-11-26T17:00:00Z,318.95,319.09,317.67,317.86,62860,930,318.210508
GOOG,1H,2025-11-26T18:00:00Z,317.94,319.15,317.88,318.51,49833,840,318.439509
GOOG,1H,2025-11-26T19:00:00Z,318.77,318.96,318.06,318.75,46426,767,318.566806
GOOG,1H,2025-11-26T20:00:00Z,318.77,320.03,318.23,319.77,136764,1998,319.518723
GOOG,1H,2025-11-28T14:00:00Z,321.61,326.09,318.06,318.07,170593,2219,323.511121
GOOG,1H,2025-11-28T15:00:00Z,318.12,318.85,316.85,318.36,126099,2054,317.811942
GOOG,1H,2025-11-28T16:00:00Z,318.34,318.53,316.32,317.83,86697,1366,317.552057
GOOG,1H,2025-11-28T17:00:00Z,317.64,319.65,317.38,319.39,122895,1962,318.947374
GOOG,1H,2025-11-28T18:00:00Z,319.39,319.39,319.39,319.39,177,4,319.39
GOOG,1H,2025-12-01T14:00:00Z,316.24,318.87,313.88,316.32,133926,2133,316.338737
GOOG,1H,2025-12-01T15:00:00Z,316.59,317.99,315.43,317.75,77846,1296,316.795043
GOOG,1H,2025-12-01T16:00:00Z,317.76,317.76,314.85,316.81,45058,774,316.555258
GOOG,1H,2025-12-01T17:00:00Z,316.79,317.8,316.74,317.07,71378,989,317.296379
GOOG,1H,2025-12-01T18:00:00Z,317.17,317.34,316.61,317.28,33689,589,316.947125
GOOG,1H,2025-12-01T19:00:00Z,317.13,317.16,314.91,315.59,47212,783,315.681406
GOOG,1H,2025-12-01T20:00:00Z,315.6,316.17,313.44,314.56,129644,2050,314.704411
GOOG,1H,2025-12-01T21:00:00Z,314.75,314.75,314.75,314.75,164,4,314.75
GOOG,1H,2025-12-02T14:00:00Z,315.75,317.97,314.2,315.92,78820,1285,316.279334
GOOG,1H,2025-12-02T15:00:00Z,315.91,317.83,315,317.17,109933,1611,316.404454
GOOG,1H,2025-12-02T16:00:00Z,317.16,317.26,313.67,314.37,57021,1095,315.083597
GOOG,1H,2025-12-02T17:00:00Z,314.55,315.56,314.1,314.1,29403,514,314.779592
GOOG,1H,2025-12-02T18:00:00Z,314.03,316.23,314.03,316.23,31541,529,315.507112
GOOG,1H,2025-12-02T19:00:00Z,316.22,316.62,315.51,316.05,46068,715,316.084855
GOOG,1H,2025-12-02T20:00:00Z,316.16,316.25,314.72,315.44,96324,1539,315.39455
GOOG,1H,2025-12-03T14:00:00Z,315.41,318.49,313.75,315.51,75247,1268,315.409986
GOOG,1H,2025-12-03T15:00:00Z,315.32,319.56,315.32,318.86,95145,1763,317.803105
GOOG,1H,2025-12-03T16:00:00Z,319.2,320,317.92,319.98,92211,1695,319.360336
GOOG,1H,2025-12-03T17:00:00Z,320.03,320.66,319.58,320.32,50122,1067,320.136493
GOOG,1H,2025-12-03T18:00:00Z,320.34,321.37,319.82,320.98,41812,835,320.831077
GOOG,1H,2025-12-03T19:00:00Z,320.97,321.39,319.78,320.9,50613,982,320.645903
GOOG,1H,2025-12-03T20:00:00Z,320.94,321.16,319.83,319.96,204661,3486,320.323998
GOOG,1H,2025-12-03T21:00:00Z,319.54,319.54,319.54,319.54,208,9,319.54
GOOG,1H,2025-12-04T14:00:00Z,322.41,322.41,314.97,316.33,120905,1850,318.566814
GOOG,1H,2025-12-04T15:00:00Z,316.15,317.55,315.54,316.5,64353,1246,316.62751
GOOG,1H,2025-12-04T16:00:00Z,316.6,317.02,315.43,316.82,37995,771,316.270493
GOOG,1H,2025-12-04T17:00:00Z,316.82,317.76,315.88,317.76,65311,980,316.552862
GOOG,1H,2025-12-04T18:00:00Z,317.77,318,316.81,317.21,29750,635,317.354581
GOOG,1H,2025-12-04T19:00:00Z,317.03,317.62,316.23,317.18,28781,744,317.090233
GOOG,1H,2025-12-04T20:00:00Z,317.27,317.6,316.92,317.55,81347,1567,317.3263
GOOG,1H,2025-12-05T14:00:00Z,319.9,323.03,319.69,322.28,63115,1355,321.989067
GOOG,1H,2025-12-05T15:00:00Z,322.42,322.44,319.8,319.86,66462,1210,321.60071
GOOG,1H,2025-12-05T16:00:00Z,319.87,322.33,319.4,322.01,38869,904,320.386978
GOOG,1H,2025-12-05T17:00:00Z,321.98,322.07,320.37,320.81,16590,406,321.30234
GOOG,1H,2025-12-05T18:00:00Z,320.82,321.09,320.18,320.33,18196,394,320.69667
GOOG,1H,2025-12-05T19:00:00Z,320.3,320.83,320.26,320.71,30197,469,320.553138
GOOG,1H,2025-12-05T20:00:00Z,320.7,321.67,320.27,321.52,100904,1681,320.773853
GOOG,1H,2025-12-08T13:00:00Z,321.25,321.25,321.25,321.25,100,1,321.25
GOOG,1H,2025-12-08T14:00:00Z,320.52,320.81,317.3,318.49,106144,2024,318.905427
GOOG,1H,2025-12-08T15:00:00Z,318.39,319.95,315.68,316.34,64752,1346,317.736658
GOOG,1H,2025-12-08T16:00:00Z,316.36,316.6,314.72,314.8,62647,1343,315.503803
GOOG,1H,2025-12-08T17:00:00Z,314.64,315.03,311.52,312.73,89768,2040,313.119982
GOOG,1H,2025-12-08T18:00:00Z,312.74,313.87,311.87,313.29,50514,1185,312.840836
GOOG,1H,2025-12-08T19:00:00Z,313.29,313.64,312.72,313,46373,950,313.058932
GOOG,1H,2025-12-08T20:00:00Z,312.97,314.11,312.31,314.11,114122,1961,312.852769
GOOG,1H,2025-12-08T21:00:00Z,314.42,314.42,314.06,314.06,439,15,314.28
GOOG,1H,2025-12-09T14:00:00Z,312.69,314.07,312.26,312.79,43261,830,312.872816
GOOG,1H,2025-12-09T15:00:00Z,312.78,314.61,312.68,314.5,67100,1095,313.451527
GOOG,1H,2025-12-09T16:00:00Z,314.53,315.34,314.09,315.16,42127,673,314.459539
GOOG,1H,2025-12-09T17:00:00Z,315.2,317.84,315.14,317.84,30572,550,317.007246
GOOG,1H,2025-12-09T18:00:00Z,317.88,318.26,317.53,317.93,26111,524,317.932809
GOOG,1H,2025-12-09T19:00:00Z,317.81,317.98,317.19,317.72,21775,404,317.602052
GOOG,1H,2025-12-09T20:00:00Z,317.73,318,316.64,317.46,90300,1644,317.281196
GOOG,1H,2025-12-10T14:00:00Z,315.51,318.3,315.06,317.59,56567,1194,316.807027
GOOG,1H,2025-12-10T15:00:00Z,317.47,319.04,316.98,317.49,60116,1074,318.036974
GOOG,1H,2025-12-10T16:00:00Z,317.41,318.41,317.04,317.71,68907,1297,317.755197
GOOG,1H,2025-12-10T17:00:00Z,317.61,317.7,316.58,317.49,50525,735,317.287387
GOOG,1H,2025-12-10T18:00:00Z,317.49,317.59,316.05,316.46,68685,960,317.100958
GOOG,1H,2025-12-10T19:00:00Z,316.8,320.25,316.8,319.96,114561,1976,318.660495
GOOG,1H,2025-12-10T20:00:00Z,320.01,321.45,319.66,320.46,178402,3001,320.535604
GOOG,1H,2025-12-11T14:00:00Z,320.77,321.5,314.19,314.33,82342,1426,316.922222
GOOG,1H,2025-12-11T15:00:00Z,314.44,317.43,314.16,316.25,79679,1443,315.849947
GOOG,1H,2025-12-11T16:00:00Z,316.43,316.75,314.24,314.52,52559,1005,315.538665
GOOG,1H,2025-12-11T17:00:00Z,314.7,316.1,314.46,315.02,34230,503,315.36617
GOOG,1H,2025-12-11T18:00:00Z,314.94,316.01,309.56,312.57,142992,2461,312.7366
GOOG,1H,2025-12-11T19:00:00Z,312.52,314.12,312.52,313.4,61284,1027,313.445497
GOOG,1H,2025-12-11T20:00:00Z,313.41,313.68,312.47,313.36,99758,1780,313.06925
GOOG,1H,2025-12-11T21:00:00Z,313.83,314.3,313.83,314.3,315,6,314.022623
GOOG,1H,2025-12-12T14:00:00Z,315.85,315.85,311.89,313,84234,1460,313.87978
GOOG,1H,2025-12-12T15:00:00Z,312.87,313.07,307.95,308.21,73006,1261,310.292172
GOOG,1H,2025-12-12T16:00:00Z,308.14,308.83,306.58,308.83,87117,1611,307.670354
GOOG,1H,2025-12-12T17:00:00Z,308.83,310.95,308.65,310.64,51416,974,310.040468
GOOG,1H,2025-12-12T18:00:00Z,310.62,311.4,310.22,310.22,58502,908,310.912947
GOOG,1H,2025-12-12T19:00:00Z,310.35,310.96,310.01,310.76,38252,666,310.479192
GOOG,1H,2025-12-12T20:00:00Z,310.75,310.94,309.13,310.15,100559,1861,310.021417
GOOG,1H,2025-12-15T13:00:00Z,312.23,312.23,312.2,312.2,370,7,312.215
GOOG,1H,2025-12-15T14:00:00Z,312.22,312.22,307.85,308.21,90598,1537,309.477197
GOOG,1H,2025-12-15T15:00:00Z,308.03,309.31,306.86,308.63,86380,1504,308.09178
GOOG,1H,2025-12-15T16:00:00Z,308.48,308.89,307.05,307.24,39462,708,308.103575
GOOG,1H,2025-12-15T17:00:00Z,307.19,307.28,305.34,306.54,88219,1392,306.465521
GOOG,1H,2025-12-15T18:00:00Z,306.62,308.51,306.35,308.51,32628,680,307.411889
GOOG,1H,2025-12-15T19:00:00Z,308.34,308.96,307.76,308.42,42212,800,308.223929
GOOG,1H,2025-12-15T20:00:00Z,308.42,309.14,307.89,308.96,204139,2007,308.502505
GOOG,1H,2025-12-16T14:00:00Z,305.23,310.68,303.92,310.56,94886,1233,307.707248
GOOG,1H,2025-12-16T15:00:00Z,310.63,311.33,307.28,307.97,143295,1451,309.114233
GOOG,1H,2025-12-16T16:00:00Z,308.05,308.37,305.29,306.49,56806,928,306.386149
GOOG,1H,2025-12-16T17:00:00Z,306.34,306.75,304.02,304.02,50053,886,305.499576
GOOG,1H,2025-12-16T18:00:00Z,304.12,305.93,303.48,305.73,46367,814,304.595736
GOOG,1H,2025-12-16T19:00:00Z,305.49,306.05,305.02,305.92,56191,893,305.487888
GOOG,1H,2025-12-16T20:00:00Z,305.94,307.76,305.94,307.25,109788,1941,306.987897
GOOG,1H,2025-12-17T14:00:00Z,308.42,308.42,299.93,301.73,101464,1569,302.536887
GOOG,1H,2025-12-17T15:00:00Z,301.85,302.47,297.56,298.62,121694,1885,300.094347
GOOG,1H,2025-12-17T16:00:00Z,298.69,300.82,298.3,300.26,76451,1141,299.701239
GOOG,1H,2025-12-17T17:00:00Z,300.25,301.25,299.14,299.95,53416,831,300.250173
GOOG,1H,2025-12-17T18:00:00Z,300.11,300.45,298.83,299.14,42818,594,299.834171
GOOG,1H,2025-12-17T19:00:00Z,299.13,299.22,297.53,297.66,67035,967,298.271176
GOOG,1H,2025-12-17T20:00:00Z,297.64,298.52,297.27,297.62,142291,2198,297.740226
GOOG,1H,2025-12-18T13:00:00Z,302.43,302.43,302.43,302.43,280,8,302.43
GOOG,1H,2025-12-18T14:00:00Z,302.97,303.31,300.25,301.47,93956,1354,302.029396
GOOG,1H,2025-12-18T15:00:00Z,301.74,303.69,300.73,303.31,90077,1625,302.290005
GOOG,1H,2025-12-18T16:00:00Z,303.3,304.17,302.98,303.94,48491,1041,303.633298
GOOG,1H,2025-12-18T17:00:00Z,303.85,304.52,302.2,303.85,75892,1202,303.302678
GOOG,1H,2025-12-18T18:00:00Z,303.8,304.83,303.56,303.77,35228,707,304.328532
GOOG,1H,2025-12-18T19:00:00Z,303.77,303.96,302.57,302.68,36725,790,303.170985
GOOG,1H,2025-12-18T20:00:00Z,302.43,304.02,302.43,303.33,72507,1494,303.459914
GOOG,1H,2025-12-19T14:00:00Z,303.51,305.24,302.12,303.92,70130,1142,303.982383
GOOG,1H,2025-12-19T15:00:00Z,304.09,307.21,304.09,306,93555,1341,306.002848
GOOG,1H,2025-12-19T16:00:00Z,305.83,306.99,305.68,305.93,50092,685,306.36535
GOOG,1H,2025-12-19T17:00:00Z,305.93,306.69,305.66,305.78,62983,976,306.132344
GOOG,1H,2025-12-19T18:00:00Z,305.7,305.82,304.86,305.5,105808,1099,305.279506
GOOG,1H,2025-12-19T19:00:00Z,305.47,305.64,304.83,305.33,66599,788,305.280278
GOOG,1H,2025-12-19T20:00:00Z,305.33,308.54,304.74,308.54,163028,2711,306.444821
GOOG,1H,2025-12-22T13:00:00Z,310.79,310.79,310.61,310.61,369,8,310.7
GOOG,1H,2025-12-22T14:00:00Z,310.49,310.81,306.2,308.35,66410,1290,308.062313
GOOG,1H,2025-12-22T15:00:00Z,308.16,308.63,307.57,308.11,41420,697,308.142203
GOOG,1H,2025-12-22T16:00:00Z,308.19,310.48,308.04,310.48,38243,647,309.58122
GOOG,1H,2025-12-22T17:00:00Z,310.55,310.66,309.83,310.26,43668,545,310.386349
GOOG,1H,2025-12-22T18:00:00Z,310.31,310.49,309.69,310.02,29181,393,310.017661
GOOG,1H,2025-12-22T19:00:00Z,310.05,310.43,309.56,310.37,22310,400,310.048465
GOOG,1H,2025-12-22T20:00:00Z,310.45,311.26,310.45,310.88,69085,1090,310.89966
GOOG,1H,2025-12-23T14:00:00Z,310.26,315.65,310.26,314.45,46613,905,313.134092
GOOG,1H,2025-12-23T15:00:00Z,314.5,314.86,312.54,314.62,39949,937,313.887147
GOOG,1H,2025-12-23T16:00:00Z,314.62,315.77,314.27,314.82,62447,913,314.861516
GOOG,1H,2025-12-23T17:00:00Z,314.73,315.42,314.49,314.59,34771,576,315.085955
GOOG,1H,2025-12-23T18:00:00Z,314.6,315.51,314.56,315.37,10575,230,314.957183
GOOG,1H,2025-12-23T19:00:00Z,315.34,315.86,315.04,315.17,16758,375,315.36065
GOOG,1H,2025-12-23T20:00:00Z,315.28,315.83,315.01,315.2,50820,1095,315.36255
GOOG,1H,2025-12-23T21:00:00Z,315.59,315.59,315.59,315.59,100,1,315.59
GOOG,1H,2025-12-24T14:00:00Z,315.3,315.43,312.93,314.21,48053,885,313.891753
GOOG,1H,2025-12-24T15:00:00Z,314.34,314.59,313.53,314.09,20195,432,314.064087
GOOG,1H,2025-12-24T16:00:00Z,313.93,314.8,313.81,314.8,20843,341,314.474747
GOOG,1H,2025-12-24T17:00:00Z,314.79,315.28,314.21,315.1,39982,624,314.703628
GOOG,1H,2025-12-26T14:00:00Z,315.8,316.07,314.06,314.45,34742,534,315.133319
GOOG,1H,2025-12-26T15:00:00Z,314.45,314.66,313.36,314.63,31444,537,314.065032
GOOG,1H,2025-12-26T16:00:00Z,314.66,314.88,314.05,314.79,15029,265,314.59125
GOOG,1H,2025-12-26T17:00:00Z,314.81,314.86,314.2,314.55,11836,211,314.45924
GOOG,1H,2025-12-26T18:00:00Z,314.56,315,314.34,314.93,12922,229,314.717185
GOOG,1H,2025-12-26T19:00:00Z,314.98,314.98,314.43,314.85,7407,133,314.692018
GOOG,1H,2025-12-26T20:00:00Z,314.77,314.77,314.34,314.58,34497,634,314.525454
GOOG,1H,2025-12-29T14:00:00Z,312.41,313.72,311.59,312.81,56725,949,312.823238
GOOG,1H,2025-12-29T15:00:00Z,312.88,313.96,311.52,313.25,57647,935,312.738504
GOOG,1H,2025-12-29T16:00:00Z,313.26,313.47,312.08,312.47,34644,659,312.626729
GOOG,1H,2025-12-29T17:00:00Z,312.47,313.27,312.12,313.21,19712,411,312.589741
GOOG,1H,2025-12-29T18:00:00Z,313.11,313.83,312.94,313.8,17769,358,313.227197
GOOG,1H,2025-12-29T19:00:00Z,313.87,314.34,313.36,314.25,19825,366,313.646466
GOOG,1H,2025-12-29T20:00:00Z,314.19,314.52,313.74,313.94,71638,1617,314.061373
GOOG,1H,2025-12-30T14:00:00Z,313.17,317.2,313.17,315.22,63358,1103,315.025769
GOOG,1H,2025-12-30T15:00:00Z,315.42,315.51,313.47,314.57,34784,589,314.345184
GOOG,1H,2025-12-30T16:00:00Z,314.54,315.37,314.33,314.38,27099,473,314.895675
GOOG,1H,2025-12-30T17:00:00Z,314.31,314.57,313.99,314.1,17315,302,314.327747
GOOG,1H,2025-12-30T18:00:00Z,313.89,314.43,313.88,314.37,24758,368,314.115507
GOOG,1H,2025-12-30T19:00:00Z,314.32,314.59,314.12,314.36,33211,518,314.419532
GOOG,1H,2025-12-30T20:00:00Z,314.33,314.92,314.1,314.17,61258,1058,314.446346
GOOG,1H,2025-12-31T14:00:00Z,313,314.95,311.85,313.95,66726,884,313.542491
GOOG,1H,2025-12-31T15:00:00Z,314.12,314.66,313.68,313.86,26814,477,314.287112
GOOG,1H,2025-12-31T16:00:00Z,313.8,314.49,313.59,314.07,38876,776,313.932373
GOOG,1H,2025-12-31T17:00:00Z,314.07,314.1,313.59,313.82,33040,475,313.855798
GOOG,1H,2025-12-31T18:00:00Z,313.78,314.73,313.52,314.58,30874,508,314.191002
GOOG,1H,2025-12-31T19:00:00Z,314.68,314.94,313.95,314.09,15768,265,314.429842
GOOG,1H,2025-12-31T20:00:00Z,313.98,313.99,312.92,313.51,74171,1219,313.471252
GOOG,1H,2026-01-02T14:00:00Z,315.6,322.46,315.33,319.95,150204,2498,320.445373
GOOG,1H,2026-01-02T15:00:00Z,319.86,320.71,312.81,312.82,155205,2371,316.673758
GOOG,1H,2026-01-02T16:00:00Z,312.76,312.89,310.34,311.54,80631,1592,311.286031
GOOG,1H,2026-01-02T17:00:00Z,311.6,313.76,311.28,313.39,49247,887,313.111763
GOOG,1H,2026-01-02T18:00:00Z,313.42,314.77,313.35,313.51,45663,685,313.903307
GOOG,1H,2026-01-02T19:00:00Z,313.82,315.5,313.52,314.32,29685,519,314.601888
GOOG,1H,2026-01-02T20:00:00Z,314.38,315.1,314.18,314.92,89117,1578,314.65822
GOOG,1H,2026-01-05T14:00:00Z,316.52,318.71,315.29,316.66,118972,1722,316.454119
GOOG,1H,2026-01-05T15:00:00Z,316.84,318.39,315.91,316.86,67249,1303,317.181423
GOOG,1H,2026-01-05T16:00:00Z,316.83,317.5,315.21,315.46,57127,1030,316.590052
GOOG,1H,2026-01-05T17:00:00Z,315.52,316.41,314.91,316.41,31207,574,315.587016
GOOG,1H,2026-01-05T18:00:00Z,316.53,317.41,316.39,316.74,32788,605,316.826205
GOOG,1H,2026-01-05T19:00:00Z,316.78,316.94,315.65,316.08,39889,716,316.295504
GOOG,1H,2026-01-05T20:00:00Z,316.17,316.96,315.71,316.79,53077,1089,316.43344
GOOG,1H,2026-01-06T14:00:00Z,316.69,321.12,316.69,318.13,81474,1390,318.679706
GOOG,1H,2026-01-06T15:00:00Z,318.13,318.27,313.77,314.16,94081,1573,315.537785
GOOG,1H,2026-01-06T16:00:00Z,314.09,314.19,311.93,312.29,56747,1043,312.784456
GOOG,1H,2026-01-06T17:00:00Z,312.3,314.05,312.15,313.61,22539,417,313.398676
GOOG,1H,2026-01-06T18:00:00Z,313.63,314.67,313,314.67,32890,614,313.66252
GOOG,1H,2026-01-06T19:00:00Z,314.59,314.77,313.33,313.39,25816,517,314.019946
GOOG,1H,2026-01-06T20:00:00Z,313.38,314.27,312.93,314.19,70926,1714,313.474511
GOOG,1H,2026-01-07T13:00:00Z,314.63,314.63,314.63,314.63,205,5,314.63
GOOG,1H,2026-01-07T14:00:00Z,314.61,321.95,314.29,320.01,57000,1053,319.424167
GOOG,1H,2026-01-07T15:00:00Z,319.75,320.8,318.5,319.94,34673,736,319.623312
GOOG,1H,2026-01-07T16:00:00Z,319.76,320.26,319.18,320.25,13350,361,319.698042
GOOG,1H,2026-01-07T17:00:00Z,320.16,321.76,320.11,321.08,19164,431,320.904081
GOOG,1H,2026-01-07T18:00:00Z,320.94,325.97,320.78,324.58,54414,1014,323.715889
GOOG,1H,2026-01-07T19:00:00Z,324.3,324.75,321.3,322.31,86039,887,322.399206
GOOG,1H,2026-01-07T20:00:00Z,322.65,323.11,320.96,322.03,43511,960,321.964534
GOOG,1H,2026-01-08T13:00:00Z,326.82,326.82,326.82,326.82,100,1,326.82
GOOG,1H,2026-01-08T14:00:00Z,329.13,330.05,322.09,322.09,81643,1198,324.423416
GOOG,1H,2026-01-08T15:00:00Z,322.06,327.97,321.67,327.97,35889,650,324.699182
GOOG,1H,2026-01-08T16:00:00Z,327.83,328.73,324.62,327.14,40947,790,326.783604
GOOG,1H,2026-01-08T17:00:00Z,327.57,327.75,326.81,326.95,62661,744,327.267554
GOOG,1H,2026-01-08T18:00:00Z,326.76,326.82,325.61,325.74,25923,413,326.218381
GOOG,1H,2026-01-08T19:00:00Z,325.77,326.07,324.38,324.87,64068,634,325.512512
GOOG,1H,2026-01-08T20:00:00Z,324.87,325.81,324.41,325.54,56431,1163,325.342351
GOOG,1H,2026-01-09T14:00:00Z,327.08,330.72,325.97,329.38,166370,1354,328.001591
GOOG,1H,2026-01-09T15:00:00Z,328.67,330.3,327.61,328.94,112183,1190,329.478674
GOOG,1H,2026-01-09T16:00:00Z,329.09,330.9,328.99,330.54,37675,675,330.030341
GOOG,1H,2026-01-09T17:00:00Z,330.44,330.51,328.96,329.34,28378,424,329.756379
GOOG,1H,2026-01-09T18:00:00Z,329.16,330.21,328.73,330.15,14615,273,329.364727
GOOG,1H,2026-01-09T19:00:00Z,330.11,330.76,329.64,329.71,55442,948,330.263896
GOOG,1H,2026-01-09T20:00:00Z,329.56,330.3,328.71,328.74,43123,769,329.560321
GOOG,1H,2026-01-12T14:00:00Z,325.68,329.24,325.43,326.47,27192,589,327.360019
GOOG,1H,2026-01-12T15:00:00Z,326.62,333.78,325.4,328.19,94803,1700,328.995408
GOOG,1H,2026-01-12T16:00:00Z,327.92,330.44,327.86,329.9,83837,879,329.593642
GOOG,1H,2026-01-12T17:00:00Z,329.68,330.39,329.46,329.97,19975,409,329.995116
GOOG,1H,2026-01-12T18:00:00Z,330.05,330.79,329.66,330.47,22398,434,330.418427
GOOG,1H,2026-01-12T19:00:00Z,330.16,331.65,329.8,331.64,31261,560,330.600523
GOOG,1H,2026-01-12T20:00:00Z,331.63,332.56,330.8,332.33,133041,1774,331.727391
GOOG,1H,2026-01-12T21:00:00Z,333.02,333.02,333.02,333.02,100,1,333.02
GOOG,1H,2026-01-13T14:00:00Z,334.99,340.7,334.02,339.27,99016,1455,338.650634
GOOG,1H,2026-01-13T15:00:00Z,339.45,339.69,334.51,336.84,70357,1247,336.383597
GOOG,1H,2026-01-13T16:00:00Z,337.07,339.38,336.7,339.11,61017,1112,338.027736
GOOG,1H,2026-01-13T17:00:00Z,339.4,339.96,337.55,337.55,30760,615,339.418603
GOOG,1H,2026-01-13T18:00:00Z,337.96,339.07,336.43,336.56,22881,423,338.189931
GOOG,1H,2026-01-13T19:00:00Z,336.45,337.45,335.99,336.17,19170,403,336.583014
GOOG,1H,2026-01-13T20:00:00Z,336.18,336.61,334.79,336.04,37569,1119,335.61726
GOOG,1H,2026-01-14T14:00:00Z,334.58,334.58,331.85,331.85,46549,822,333.079617
GOOG,1H,2026-01-14T15:00:00Z,331.63,334.77,330.84,332.21,38983,840,332.786113
GOOG,1H,2026-01-14T16:00:00Z,332.14,333.88,331.71,332.18,22711,463,332.757657
GOOG,1H,2026-01-14T17:00:00Z,332.15,333.76,332.08,333.45,20613,393,332.993855
GOOG,1H,2026-01-14T18:00:00Z,333.56,335.61,333.48,335.61,15385,347,334.366069
GOOG,1H,2026-01-14T19:00:00Z,335.22,335.26,334.35,335.01,10527,192,334.933771
GOOG,1H,2026-01-14T20:00:00Z,335.19,336.52,334.81,335.8,36593,834,335.750546
GOOG,1H,2026-01-15T14:00:00Z,338.06,338.06,333.49,334.01,32247,608,335.359319
GOOG,1H,2026-01-15T15:00:00Z,333.67,333.91,330.88,332.21,30970,656,332.833538
GOOG,1H,2026-01-15T16:00:00Z,332.25,332.94,331.43,332.63,32277,500,332.232983
GOOG,1H,2026-01-15T17:00:00Z,332.6,332.95,332.17,332.94,12077,227,332.565818
GOOG,1H,2026-01-15T18:00:00Z,332.71,333.44,332.56,333.43,19878,338,332.983932
GOOG,1H,2026-01-15T19:00:00Z,333.3,333.5,332.13,332.34,9735,190,333.041235
GOOG,1H,2026-01-15T20:00:00Z,332.37,332.87,331.48,332.45,43572,876,332.164062
GOOG,1H,2026-01-16T14:00:00Z,334.65,335.19,330.57,330.57,27282,594,332.478265
GOOG,1H,2026-01-16T15:00:00Z,330.62,331.51,329.14,329.82,36436,684,330.192442
GOOG,1H,2026-01-16T16:00:00Z,329.83,330.72,329.44,330.26,22265,464,329.841279
GOOG,1H,2026-01-16T17:00:00Z,330.29,330.29,327.94,328.07,15181,329,329.64359
GOOG,1H,2026-01-16T18:00:00Z,328.51,329.92,328.51,329.32,10509,216,329.431151
GOOG,1H,2026-01-16T19:00:00Z,329.2,330.11,328.97,329.84,17657,305,329.527834
GOOG,1H,2026-01-16T20:00:00Z,329.75,330.18,329.33,330.01,41024,882,329.816301
GOOG,1H,2026-01-16T21:00:00Z,330,330,330,330,100,1,330
GOOG,1H,2026-01-20T13:00:00Z,320.59,320.59,320.59,320.59,100,1,320.59
GOOG,1H,2026-01-20T14:00:00Z,320.81,324.43,320.27,323.74,72505,1140,322.761334
GOOG,1H,2026-01-20T15:00:00Z,323.51,325.87,322.54,325.83,109030,1581,323.973932
GOOG,1H,2026-01-20T16:00:00Z,325.78,327.62,325.78,327.45,42455,803,326.725552
GOOG,1H,2026-01-20T17:00:00Z,327.25,327.3,324.51,325.34,42445,725,325.784465
GOOG,1H,2026-01-20T18:00:00Z,325.2,325.29,323.55,323.55,27605,470,324.498475
GOOG,1H,2026-01-20T19:00:00Z,323.57,323.96,322.19,323.19,44914,744,323.094525
GOOG,1H,2026-01-20T20:00:00Z,323.24,323.37,320.83,321.62,219484,2478,321.638753
GOOG,1H,2026-01-21T14:00:00Z,321.65,325.51,319.58,325.32,39082,694,322.582248
GOOG,1H,2026-01-21T15:00:00Z,325.34,330.6,324.74,330.16,75246,1164,327.032681
GOOG,1H,2026-01-21T16:00:00Z,330.19,332.19,326.82,327.16,38551,781,330.334523
GOOG,1H,2026-01-21T17:00:00Z,327.34,327.81,325.94,327.32,18527,318,326.686774
GOOG,1H,2026-01-21T18:00:00Z,327.9,327.9,325.75,325.96,8639,186,326.582146
GOOG,1H,2026-01-21T19:00:00Z,326.2,331.56,325.89,330.35,53542,781,329.599866
GOOG,1H,2026-01-21T20:00:00Z,330.3,330.38,327.43,327.9,51559,1044,328.406911
GOOG,1H,2026-01-22T13:00:00Z,334.55,334.55,334.55,334.55,165,3,334.55
GOOG,1H,2026-01-22T14:00:00Z,333.92,334.59,330.89,331.48,61349,891,332.561236
GOOG,1H,2026-01-22T15:00:00Z,331.23,331.96,329.55,330.12,45951,806,330.779237
GOOG,1H,2026-01-22T16:00:00Z,330.44,331.92,330.38,331.52,15785,361,331.117759
GOOG,1H,2026-01-22T17:00:00Z,331.23,331.67,330.87,331.42,23192,423,331.374829
GOOG,1H,2026-01-22T18:00:00Z,331.45,331.58,330.61,331.07,97194,1002,331.072723
GOOG,1H,2026-01-22T19:00:00Z,331.11,331.81,330.84,331.08,175077,1310,331.492819
GOOG,1H,2026-01-22T20:00:00Z,331.03,331.13,328.53,330.36,128553,2094,329.832833
GOOG,1H,2026-01-23T14:00:00Z,332.22,333.58,329.99,331.45,110255,491,331.483174
GOOG,1H,2026-01-23T15:00:00Z,331.58,332.18,329.77,331.35,48251,383,331.11284
GOOG,1H,2026-01-23T16:00:00Z,331.58,332.03,327.95,328.38,83493,1081,330.125323
GOOG,1H,2026-01-23T17:00:00Z,328.29,328.7,327.57,327.99,47926,482,328.313019
GOOG,1H,2026-01-23T18:00:00Z,328.07,329.5,328.07,329.33,33761,536,328.749717
GOOG,1H,2026-01-23T19:00:00Z,329.32,329.7,328.94,329.28,25517,352,329.409735
GOOG,1H,2026-01-23T20:00:00Z,329.24,329.25,327.62,328.01,52500,790,328.130774
GOOG,1H,2026-01-26T13:00:00Z,326.46,326.46,326.46,326.46,100,1,326.46
GOOG,1H,2026-01-26T14:00:00Z,327.87,330.98,327.22,330.98,54395,809,329.01696
GOOG,1H,2026-01-26T15:00:00Z,330.94,333.26,330.46,333.07,73121,1011,331.519053
GOOG,1H,2026-01-26T16:00:00Z,333.19,335.21,332.69,335.21,57294,882,334.316026
GOOG,1H,2026-01-26T17:00:00Z,335.2,335.88,334.87,334.9,34615,637,335.50606
GOOG,1H,2026-01-26T18:00:00Z,334.83,335.24,334.41,334.7,22964,436,334.820718
GOOG,1H,2026-01-26T19:00:00Z,334.7,335.08,333.73,334.07,22386,534,334.45547
GOOG,1H,2026-01-26T20:00:00Z,333.83,334.21,332.95,333.22,49776,1168,333.587777
GOOG,1H,2026-01-27T14:00:00Z,335.96,337.72,333.34,337.58,63732,718,336.119224
GOOG,1H,2026-01-27T15:00:00Z,337.68,337.68,335.99,337.08,56342,940,336.815718
GOOG,1H,2026-01-27T16:00:00Z,337.07,337.22,335.19,335.34,23524,390,336.19711
GOOG,1H,2026-01-27T17:00:00Z,335.33,335.52,334.59,334.59,14360,292,335.178045
GOOG,1H,2026-01-27T18:00:00Z,334.66,335.64,334.4,335.47,17147,288,334.943662
GOOG,1H,2026-01-27T19:00:00Z,335.27,335.62,334.95,335.15,20674,291,335.355853
GOOG,1H,2026-01-27T20:00:00Z,335.11,335.56,334.18,334.53,39663,658,334.897148
GOOG,1H,2026-01-27T21:00:00Z,334.49,334.49,334.49,334.49,191,7,334.49
GOOG,1H,2026-01-28T13:00:00Z,335.75,335.75,335.75,335.75,250,7,335.75
GOOG,1H,2026-01-28T14:00:00Z,335.68,336.41,334.2,335.59,27470,483,335.200197
GOOG,1H,2026-01-28T15:00:00Z,335.5,337.03,332.93,333.88,76253,1118,334.606808
GOOG,1H,2026-01-28T16:00:00Z,333.9,334.32,332.65,332.74,34915,551,333.496002
GOOG,1H,2026-01-28T17:00:00Z,332.74,333.6,331.72,333.19,32776,432,332.546397
GOOG,1H,2026-01-28T18:00:00Z,333.23,334.15,332.91,334.07,14809,244,333.525938
GOOG,1H,2026-01-28T19:00:00Z,333.96,336.23,333.45,336.02,36097,579,334.519639
GOOG,1H,2026-01-28T20:00:00Z,335.77,337.17,335.5,335.79,45526,660,336.310444
GOOG,1H,2026-01-28T21:00:00Z,339.47,341.41,339.47,341.41,205,3,340.44
GOOG,1H,2026-01-29T13:00:00Z,341.75,341.75,341.75,341.75,140,2,341.75
GOOG,1H,2026-01-29T14:00:00Z,340.04,341.35,330.08,330.08,71789,1053,336.550881
GOOG,1H,2026-01-29T15:00:00Z,330.1,330.93,326.37,327.85,98472,1476,328.359393
GOOG,1H,2026-01-29T16:00:00Z,327.68,331.31,327.34,330.64,51694,999,329.719113
GOOG,1H,2026-01-29T17:00:00Z,330.75,334.08,330.72,333.06,35720,504,332.61731
GOOG,1H,2026-01-29T18:00:00Z,333.57,336.22,333.45,335.62,20084,323,335.000893
GOOG,1H,2026-01-29T19:00:00Z,335.69,336.65,335.57,336.2,32069,459,336.224503
GOOG,1H,2026-01-29T20:00:00Z,336.37,338.67,334.55,338.08,62926,904,336.494128
GOOG,1H,2026-01-30T14:00:00Z,333.82,338.52,332.36,337.27,47844,810,335.851399
GOOG,1H,2026-01-30T15:00:00Z,337.47,339.79,337.24,337.42,96438,1320,338.19344
GOOG,1H,2026-01-30T16:00:00Z,337.49,339.24,337.4,337.82,74833,1179,338.128975
GOOG,1H,2026-01-30T17:00:00Z,337.85,339.15,336.79,337.51,58984,1005,337.747249
GOOG,1H,2026-01-30T18:00:00Z,337.54,339.58,336.01,339.45,54668,801,337.98072
GOOG,1H,2026-01-30T19:00:00Z,339.52,339.61,336.51,337.3,58795,857,337.872384
GOOG,1H,2026-01-30T20:00:00Z,337.47,339.47,337.09,337.9,92521,1325,338.032875
GOOG,1H,2026-02-02T13:00:00Z,334.45,335.81,334.45,335.81,500,12,335.236667
GOOG,1H,2026-02-02T14:00:00Z,336.62,341.4,335.64,341.34,59959,835,337.654279
GOOG,1H,2026-02-02T15:00:00Z,341.15,344.38,340.75,341.49,92266,1309,342.19032
GOOG,1H,2026-02-02T16:00:00Z,341.51,342.31,340.05,342.21,57558,853,341.412521
GOOG,1H,2026-02-02T17:00:00Z,342.3,343.49,341.64,343.24,47142,684,342.424054
GOOG,1H,2026-02-02T18:00:00Z,343.29,343.77,342.55,343.66,42486,683,343.272336
GOOG,1H,2026-02-02T19:00:00Z,343.49,344.44,343.3,344.35,53895,716,343.901992
GOOG,1H,2026-02-02T20:00:00Z,344.25,344.69,343.48,344.38,100246,1573,344.143759
GOOG,1H,2026-02-02T21:00:00Z,345.28,345.49,345.28,345.49,234,8,345.385
GOOG,1H,2026-02-03T14:00:00Z,348.4,349.64,343.32,344.88,59235,1014,346.688374
GOOG,1H,2026-02-03T15:00:00Z,344.67,346.21,342.02,345.97,59795,1073,344.102583
GOOG,1H,2026-02-03T16:00:00Z,345.33,345.75,342.93,343.51,29438,523,344.048465
GOOG,1H,2026-02-03T17:00:00Z,343.31,343.72,340.21,341.58,38051,656,341.675202
GOOG,1H,2026-02-03T18:00:00Z,341.55,341.61,338.53,338.53,57697,839,340.47575
GOOG,1H,2026-02-03T19:00:00Z,338.38,340.24,338.26,339.71,28984,458,339.268847
GOOG,1H,2026-02-03T20:00:00Z,339.83,341.02,338.71,340.25,32609,595,340.009325
GOOG,1H,2026-02-03T21:00:00Z,341.81,341.81,341.81,341.81,157,3,341.81
GOOG,1H,2026-02-04T13:00:00Z,344.23,344.23,343.3,343.3,1040,25,343.705
GOOG,1H,2026-02-04T14:00:00Z,342.7,343.78,336.89,337.16,77341,1207,340.882841
GOOG,1H,2026-02-04T15:00:00Z,337.13,338.24,333.59,334.21,141791,1943,335.864795
GOOG,1H,2026-02-04T16:00:00Z,334.18,334.66,330.78,333.16,200881,2116,333.199446
GOOG,1H,2026-02-04T17:00:00Z,333.25,333.98,328.98,331.66,105883,1676,331.724191
GOOG,1H,2026-02-04T18:00:00Z,331.71,333.71,330.67,332.25,76155,1407,332.1531
GOOG,1H,2026-02-04T19:00:00Z,332.24,334.67,330.08,333.64,105047,1712,332.484652
GOOG,1H,2026-02-04T20:00:00Z,333.63,334.45,332.48,332.97,143791,2364,333.281197
GOOG,1H,2026-02-04T21:00:00Z,327.12,347.21,309.53,341.05,24610,640,331.130186
GOOG,1H,2026-02-05T14:00:00Z,311.36,326.06,306.8,321.89,322892,3650,318.826484
GOOG,1H,2026-02-05T15:00:00Z,321.67,322.46,316.77,317.4,187738,3008,318.546205
GOOG,1H,2026-02-05T16:00:00Z,317.77,324.55,317.65,322.54,124934,1987,321.799282
GOOG,1H,2026-02-05T17:00:00Z,322.53,325.74,321.57,323.96,83748,1400,323.304475
GOOG,1H,2026-02-05T18:00:00Z,324.42,325.99,323.86,325.82,70448,1193,325.159984
GOOG,1H,2026-02-05T19:00:00Z,325.93,330.94,325.93,328.97,88988,1415,329.07918
GOOG,1H,2026-02-05T20:00:00Z,328.92,332.21,328.9,330.85,117559,1828,330.857772
GOOG,1H,2026-02-05T21:00:00Z,328.33,328.33,328.33,328.33,150,1,328.33
GOOG,1H,2026-02-06T14:00:00Z,328.22,329.57,322.69,322.69,204709,2159,326.294251
GOOG,1H,2026-02-06T15:00:00Z,322.26,324.05,319.83,321.3,74883,1294,322.237057
GOOG,1H,2026-02-06T16:00:00Z,321.6,323.16,321.07,321.71,42012,685,321.975197
GOOG,1H,2026-02-06T17:00:00Z,321.67,325,321.12,324.31,32564,488,322.587311
GOOG,1H,2026-02-06T18:00:00Z,324.51,325.46,324.35,324.78,33855,411,324.931608
GOOG,1H,2026-02-06T19:00:00Z,324.91,325.12,321.58,321.58,66414,698,324.040781
GOOG,1H,2026-02-06T20:00:00Z,321.47,324.51,321.41,322.65,153675,1388,322.905846
GOOG,1H,2026-02-06T21:00:00Z,322.54,322.54,322.54,322.54,263,10,322.54
GOOG,1H,2026-02-09T14:00:00Z,320.85,323.47,317.53,319.41,98408,1520,321.446937
GOOG,1H,2026-02-09T15:00:00Z,319.32,324.54,319.32,324.42,105160,1571,322.538326
GOOG,1H,2026-02-09T16:00:00Z,324.42,327.26,323.83,326.54,147893,1803,325.478748
GOOG,1H,2026-02-09T17:00:00Z,326.4,327.11,324.78,324.9,91668,1084,326.350418
GOOG,1H,2026-02-09T18:00:00Z,324.74,325.31,324.18,324.18,45507,656,324.664841
GOOG,1H,2026-02-09T19:00:00Z,324.19,325.05,324.19,324.36,36866,592,324.5237
GOOG,1H,2026-02-09T20:00:00Z,324.32,324.58,322.97,323.88,93482,1501,323.783454
GOOG,1H,2026-02-10T14:00:00Z,322.3,322.3,314.35,317.03,82692,1146,316.727681
GOOG,1H,2026-02-10T15:00:00Z,316.81,319.79,316.44,317.02,81681,985,318.30308
GOOG,1H,2026-02-10T16:00:00Z,317.02,318.72,316.99,318.06,61991,654,317.609064
GOOG,1H,2026-02-10T17:00:00Z,318.03,319.2,317.86,318.24,43737,489,318.856571
GOOG,1H,2026-02-10T18:00:00Z,318.13,318.96,317.95,318.84,42226,576,318.602116
GOOG,1H,2026-02-10T19:00:00Z,318.7,319.34,318.21,319.29,21592,433,318.862076
GOOG,1H,2026-02-10T20:00:00Z,319.23,319.87,318.02,318.19,87137,874,318.451274
GOOG,1H,2026-02-11T14:00:00Z,318.94,320.35,315.41,315.67,63384,875,317.804286
GOOG,1H,2026-02-11T15:00:00Z,315.79,316.71,311.37,312.42,69610,1051,313.771397
GOOG,1H,2026-02-11T16:00:00Z,312.55,313.15,310.58,311.21,26525,493,311.771529
GOOG,1H,2026-02-11T17:00:00Z,310.99,312.47,310.99,311.19,45801,737,311.875487
GOOG,1H,2026-02-11T18:00:00Z,311.13,312.44,310.34,312,34759,588,311.274182
GOOG,1H,2026-02-11T19:00:00Z,311.79,312.55,310.73,310.95,44507,794,311.65601
GOOG,1H,2026-02-11T20:00:00Z,310.91,311.39,309.8,310.78,62801,1249,310.722511
GOOG,1H,2026-02-11T21:00:00Z,311.72,311.72,311.72,311.72,105,2,311.72
GOOG,1H,2026-02-12T14:00:00Z,311.93,312.17,310.04,310.9,68534,989,310.943005
GOOG,1H,2026-02-12T15:00:00Z,311.12,313.34,309.85,310.41,98198,1352,311.352486
GOOG,1H,2026-02-12T16:00:00Z,310.48,315.88,309.5,313.71,81061,1128,312.859905
GOOG,1H,2026-02-12T17:00:00Z,313.61,314.76,312.42,312.6,99303,854,314.056356
GOOG,1H,2026-02-12T18:00:00Z,312.48,314.32,311.71,311.73,67586,772,312.914469
GOOG,1H,2026-02-12T19:00:00Z,311.63,311.68,309.91,310.13,72540,1256,310.537908
GOOG,1H,2026-02-12T20:00:00Z,310.2,310.21,307.78,309.03,63170,1058,308.804306
GOOG,1H,2026-02-12T21:00:00Z,309.24,309.24,309.24,309.24,119,5,309.24
GOOG,1H,2026-02-13T13:00:00Z,309.88,309.88,309.88,309.88,261,8,309.88
GOOG,1H,2026-02-13T14:00:00Z,307.72,308.19,303.64,306.17,77598,857,306.242493
GOOG,1H,2026-02-13T15:00:00Z,306.25,307.57,304.78,305.95,96978,1297,306.373028
GOOG,1H,2026-02-13T16:00:00Z,306.05,306.93,304.58,306.36,71909,809,305.930113
GOOG,1H,2026-02-13T17:00:00Z,306.47,307.17,306.06,306.29,72004,764,306.749343
GOOG,1H,2026-02-13T18:00:00Z,306.44,307.82,305.99,307.48,32554,417,306.861194
GOOG,1H,2026-02-13T19:00:00Z,307.45,307.76,306.63,306.64,30789,428,307.407143
GOOG,1H,2026-02-13T20:00:00Z,306.68,306.89,304.58,305.49,98946,1190,305.529744
GOOG,1H,2026-02-13T21:00:00Z,305.88,305.88,305.88,305.88,150,1,305.88
GOOG,1H,2026-02-17T13:00:00Z,300.16,300.16,300.16,300.16,135,3,300.16
GOOG,1H,2026-02-17T14:00:00Z,300.27,304.34,297.32,297.77,127878,1655,300.930809
GOOG,1H,2026-02-17T15:00:00Z,297.54,299.83,296.54,299.78,156953,2356,298.545608
GOOG,1H,2026-02-17T16:00:00Z,299.85,303.03,299.76,301.8,74530,1203,301.641899
GOOG,1H,2026-02-17T17:00:00Z,301.86,302.19,299.83,300.94,70333,1160,300.92461
GOOG,1H,2026-02-17T18:00:00Z,300.95,302.93,300.45,302.68,42074,920,301.852709
GOOG,1H,2026-02-17T19:00:00Z,302.69,303.6,302.51,302.57,31322,647,302.95317
GOOG,1H,2026-02-17T20:00:00Z,302.51,302.69,301.45,302.38,73061,1419,301.984635
GOOG,1H,2026-02-18T14:00:00Z,302.11,304.94,301.65,303.63,46577,737,303.183633
GOOG,1H,2026-02-18T15:00:00Z,303.49,304.32,302.3,304,53180,810,303.584542
GOOG,1H,2026-02-18T16:00:00Z,304.01,304.75,303.49,303.62,26978,438,304.077962
GOOG,1H,2026-02-18T17:00:00Z,303.65,305.02,303.57,304.91,23899,375,304.324713
GOOG,1H,2026-02-18T18:00:00Z,304.97,305.47,303.17,303.81,22624,386,304.426813
GOOG,1H,2026-02-18T19:00:00Z,303.63,304.23,302,302.04,22979,400,303.243736
GOOG,1H,2026-02-18T20:00:00Z,302.08,304.22,301.59,303.5,51627,803,302.987063
GOOG,1H,2026-02-19T14:00:00Z,301.56,303.37,300.39,302.88,40123,709,301.747785
GOOG,1H,2026-02-19T15:00:00Z,302.7,304.29,302.12,303.22,57545,1001,303.13455
GOOG,1H,2026-02-19T16:00:00Z,303.33,305.55,302.21,303.62,64470,989,303.945679
GOOG,1H,2026-02-19T17:00:00Z,303.57,305,303.06,303.85,23940,432,304.076176
GOOG,1H,2026-02-19T18:00:00Z,303.83,304.92,303.66,304.6,20470,342,304.208945
GOOG,1H,2026-02-19T19:00:00Z,304.62,304.81,302.96,303.35,42203,723,303.904989
GOOG,1H,2026-02-19T20:00:00Z,303.47,303.77,302.46,303.11,45276,952,303.019706
GOOG,1H,2026-02-20T14:00:00Z,304.31,310.36,304.31,309.28,64633,1024,308.797324
GOOG,1H,2026-02-20T15:00:00Z,309.5,315.24,307.34,314.75,152411,1968,311.757287
GOOG,1H,2026-02-20T16:00:00Z,314.74,316.35,313.5,315.75,87043,1218,315.11774
GOOG,1H,2026-02-20T17:00:00Z,315.88,315.88,312.75,315.35,98882,1193,314.507335
GOOG,1H,2026-02-20T18:00:00Z,315.16,315.3,313.62,314.53,58902,1015,314.600554
GOOG,1H,2026-02-20T19:00:00Z,314.59,315.27,314.36,315.08,57611,871,314.799514
GOOG,1H,2026-02-20T20:00:00Z,315.09,316.08,314.2,314.35,155347,2054,314.992854
GOOG,1H,2026-02-23T14:00:00Z,316.79,318.77,314.84,314.95,76094,1248,317.090109
GOOG,1H,2026-02-23T15:00:00Z,315.41,316.08,312.43,312.46,66943,1163,314.317256
GOOG,1H,2026-02-23T16:00:00Z,312.66,314.11,311.48,313.53,94012,1430,312.931446
GOOG,1H,2026-02-23T17:00:00Z,313.62,313.84,312.55,313.1,24218,476,313.328401
GOOG,1H,2026-02-23T18:00:00Z,313.22,314.58,312.38,312.49,41986,731,313.500495
GOOG,1H,2026-02-23T19:00:00Z,312.58,312.76,310.19,310.19,44906,686,311.25292
GOOG,1H,2026-02-23T20:00:00Z,310.24,311.35,309.71,311.25,55136,1036,310.467567
GOOG,1H,2026-02-23T21:00:00Z,311.72,311.72,311.72,311.72,100,1,311.72
GOOG,1H,2026-02-24T14:00:00Z,310.24,310.48,305.79,307.75,55082,879,308.039752
GOOG,1H,2026-02-24T15:00:00Z,307.34,309.99,305.95,309.57,80582,1455,308.377262
GOOG,1H,2026-02-24T16:00:00Z,309.56,310.93,309.55,310.8,56752,873,310.42733
GOOG,1H,2026-02-24T17:00:00Z,310.84,311.86,310.57,310.73,41210,685,311.17567
GOOG,1H,2026-02-24T18:00:00Z,310.7,311.17,310.03,310.28,45643,891,310.502111
GOOG,1H,2026-02-24T19:00:00Z,310.2,310.94,309.26,310.94,42128,1017,310.068827
GOOG,1H,2026-02-24T20:00:00Z,310.87,311.26,310.28,310.49,48122,1112,310.637927
GOOG,1H,2026-02-25T14:00:00Z,310.84,313.17,309.35,312.48,43209,1069,311.813906
GOOG,1H,2026-02-25T15:00:00Z,312.53,312.59,309.27,309.51,74936,1536,310.876713
GOOG,1H,2026-02-25T16:00:00Z,309.51,310.94,308.98,310.57,111310,2071,310.258091
GOOG,1H,2026-02-25T17:00:00Z,310.44,311.26,309.7,310.11,66733,1477,310.51996
GOOG,1H,2026-02-25T18:00:00Z,310.2,310.54,309.86,310.26,39859,983,310.108863
GOOG,1H,2026-02-25T19:00:00Z,310.28,311.02,310.01,310.88,67604,1456,310.495159
GOOG,1H,2026-02-25T20:00:00Z,310.86,312.82,310.72,312.61,105182,1994,311.7404
GOOG,1H,2026-02-25T21:00:00Z,312.26,312.26,312.26,312.26,100,1,312.26
GOOG,1H,2026-02-26T14:00:00Z,312.39,312.39,305.87,306.08,84766,1188,307.783264
GOOG,1H,2026-02-26T15:00:00Z,306.03,306.37,302.02,303.98,106834,1799,303.760296
GOOG,1H,2026-02-26T16:00:00Z,304.03,307.16,303.86,305.06,66550,1112,305.52565
GOOG,1H,2026-02-26T17:00:00Z,305.13,306.23,304.21,304.66,51420,927,305.266591
GOOG,1H,2026-02-26T18:00:00Z,304.65,306.31,304.19,306.15,56168,995,305.026512
GOOG,1H,2026-02-26T19:00:00Z,306.16,307.76,306.02,307.14,38738,705,307.233476
GOOG,1H,2026-02-26T20:00:00Z,307.02,307.48,306.14,306.75,86843,1568,306.750343
GOOG,1H,2026-02-26T21:00:00Z,306.12,306.12,306.12,306.12,153,3,306.12
GOOG,1H,2026-02-27T14:00:00Z,303.77,308.97,303.3,307.61,51749,805,305.563596
GOOG,1H,2026-02-27T15:00:00Z,307.39,308.6,306.96,307.72,25973,500,307.744274
GOOG,1H,2026-02-27T16:00:00Z,307.81,308.24,306.67,306.84,21234,385,307.502214
GOOG,1H,2026-02-27T17:00:00Z,307.01,308.43,305.91,306.14,22643,473,306.872116
GOOG,1H,2026-02-27T18:00:00Z,305.87,306.38,304.74,306.16,42315,596,305.251587
GOOG,1H,2026-02-27T19:00:00Z,306.24,307.72,305.79,306.03,17518,374,306.585521
GOOG,1H,2026-02-27T20:00:00Z,306.01,311.58,305.96,310.82,92709,1372,309.3621
GOOG,1H,2026-03-02T13:00:00Z,303.01,303.96,302.73,302.97,1306,22,303.094185
GOOG,1H,2026-03-02T14:00:00Z,302.11,305.5,300.74,303.78,41824,631,303.635809
GOOG,1H,2026-03-02T15:00:00Z,303.77,305.03,303.25,304.43,43316,797,304.079413
GOOG,1H,2026-03-02T16:00:00Z,304.22,307.2,303.73,307.1,59694,937,305.541873
GOOG,1H,2026-03-02T17:00:00Z,306.85,307.7,306.6,307.58,35437,717,307.046042
GOOG,1H,2026-03-02T18:00:00Z,307.6,307.6,305.28,305.29,33865,744,306.134379
GOOG,1H,2026-03-02T19:00:00Z,305.21,307.35,305.21,306.76,47299,813,306.618028
GOOG,1H,2026-03-02T20:00:00Z,306.84,306.89,304.56,305.83,81743,1613,305.54192
GOOG,1H,2026-03-03T14:00:00Z,297.86,301.21,296.42,298.58,43386,880,299.150933
GOOG,1H,2026-03-03T15:00:00Z,299.01,300.1,296.71,298.47,75729,1481,297.936118
GOOG,1H,2026-03-03T16:00:00Z,298.48,301.77,297.99,300.61,57014,1070,300.39381
GOOG,1H,2026-03-03T17:00:00Z,300.77,301.25,300.05,300.09,45690,741,300.667965
GOOG,1H,2026-03-03T18:00:00Z,300.1,302.5,299.86,302.08,46146,922,300.971985
GOOG,1H,2026-03-03T19:00:00Z,302.02,302.79,300.37,302.17,40176,823,301.586256
GOOG,1H,2026-03-03T20:00:00Z,301.75,303.53,301.42,303.09,60558,1297,302.644204
GOOG,1H,2026-03-04T14:00:00Z,303.4,303.4,300.51,302.4,54381,859,302.004865
GOOG,1H,2026-03-04T15:00:00Z,302.74,304.94,301.6,304.26,53693,963,303.374213
GOOG,1H,2026-03-04T16:00:00Z,304.22,304.48,302.97,303.74,35143,589,303.779002
GOOG,1H,2026-03-04T17:00:00Z,303.6,304.02,303.06,303.73,23334,466,303.505965
GOOG,1H,2026-03-04T18:00:00Z,303.73,303.74,302.43,302.72,24121,496,303.024467
GOOG,1H,2026-03-04T19:00:00Z,302.78,303.12,302.35,302.48,31132,537,302.754033
GOOG,1H,2026-03-04T20:00:00Z,302.3,303.24,301.76,302.89,71290,1284,302.517975
GOOG,1H,2026-03-05T14:00:00Z,302.69,302.69,298.95,301.01,55104,860,300.112536
GOOG,1H,2026-03-05T15:00:00Z,301.12,301.57,298.6,299.89,47827,760,300.034674
GOOG,1H,2026-03-05T16:00:00Z,300.09,300.1,298.11,299.39,41195,745,298.986826
GOOG,1H,2026-03-05T17:00:00Z,299.38,300.01,298.17,299.08,29175,526,298.82285
GOOG,1H,2026-03-05T18:00:00Z,299.16,299.85,297.75,298.38,23990,530,298.52509
GOOG,1H,2026-03-05T19:00:00Z,298.18,299.46,298.18,298.88,13079,309,298.910833
GOOG,1H,2026-03-05T20:00:00Z,298.8,300.99,298.49,300.54,64948,1369,299.863106
GOOG,1H,2026-03-06T13:00:00Z,297.68,297.68,297.68,297.68,160,2,297.68
GOOG,1H,2026-03-06T14:00:00Z,294.73,298.14,294.41,298.07,31496,652,296.492691
GOOG,1H,2026-03-06T15:00:00Z,298.05,299.88,297.54,299.47,40691,755,298.913687
GOOG,1H,2026-03-06T16:00:00Z,299.06,299.64,298.3,298.67,35381,742,299.012362
GOOG,1H,2026-03-06T17:00:00Z,298.47,299.31,297.92,297.93,21241,364,298.473017
GOOG,1H,2026-03-06T18:00:00Z,298.11,299.48,298,298.93,13918,264,298.968652
GOOG,1H,2026-03-06T19:00:00Z,299.09,299.25,297.61,298.1,20056,387,298.480555
GOOG,1H,2026-03-06T20:00:00Z,298.17,299.07,296.95,297.84,87521,1753,297.758667
GOOG,1H,2026-03-06T21:00:00Z,297.34,297.34,297.34,297.34,176,4,297.34
GOOG,1H,2026-03-09T13:00:00Z,293.98,296.42,293.75,294.78,59308,934,295.272588
GOOG,1H,2026-03-09T14:00:00Z,294.72,299.39,294.72,298.8,96049,1583,297.585708
GOOG,1H,2026-03-09T15:00:00Z,298.85,299.75,298.19,299.43,53856,993,299.096469
GOOG,1H,2026-03-09T16:00:00Z,299.31,301.48,299.26,301.18,84866,1219,300.334362
GOOG,1H,2026-03-09T17:00:00Z,301.18,301.19,299.71,300.97,45135,846,300.476648
GOOG,1H,2026-03-09T18:00:00Z,301.11,302.34,300.62,301.62,36965,708,301.222941
GOOG,1H,2026-03-09T19:00:00Z,301.5,306.3,301.38,305.84,144118,2466,304.735491
GOOG,1H,2026-03-09T20:00:00Z,306.54,306.54,305.02,305.02,429,9,305.813713
GOOG,1H,2026-03-10T13:00:00Z,305.69,307.92,305.26,305.55,29284,533,306.90288
GOOG,1H,2026-03-10T14:00:00Z,305.38,308.47,305.24,308.47,60001,942,306.760597
GOOG,1H,2026-03-10T15:00:00Z,308.42,308.96,307.52,308.56,46218,766,308.08203
GOOG,1H,2026-03-10T16:00:00Z,308.53,308.56,307.16,307.66,46895,860,307.757459
GOOG,1H,2026-03-10T17:00:00Z,307.6,308.76,307.58,307.83,28558,592,308.154694
GOOG,1H,2026-03-10T18:00:00Z,307.56,307.84,306.1,307.05,36342,696,307.311362
GOOG,1H,2026-03-10T19:00:00Z,307.21,307.31,306.28,306.78,48431,1050,306.771859
GOOG,1H,2026-03-11T13:00:00Z,306.17,308.61,305.8,308.61,36236,593,306.620074
GOOG,1H,2026-03-11T14:00:00Z,309.19,310.8,308.47,310.1,38212,770,309.649471
GOOG,1H,2026-03-11T15:00:00Z,310.17,310.28,308.06,308.65,37102,733,308.931706
GOOG,1H,2026-03-11T16:00:00Z,308.63,308.69,307.81,308.69,20000,464,308.313863
GOOG,1H,2026-03-11T17:00:00Z,308.67,309.06,307.33,308.06,25157,519,308.37465
GOOG,1H,2026-03-11T18:00:00Z,307.8,308.25,307.17,307.33,17555,447,307.674656
GOOG,1H,2026-03-11T19:00:00Z,307.34,308.38,306.98,308.2,33001,817,307.675316
GOOG,1H,2026-03-12T13:00:00Z,306.11,308.18,303.45,303.72,35049,621,305.844878
GOOG,1H,2026-03-12T14:00:00Z,303.8,304.47,301.48,301.56,65959,1079,302.542445
GOOG,1H,2026-03-12T15:00:00Z,301.5,303.04,300.71,302.75,69477,1342,301.769682
GOOG,1H,2026-03-12T16:00:00Z,302.78,303.46,301.97,303.01,42545,923,302.85069
GOOG,1H,2026-03-12T17:00:00Z,302.95,303.82,302.64,303.23,32728,683,303.377872
GOOG,1H,2026-03-12T18:00:00Z,303.26,304.28,303.26,303.95,25470,598,303.851171
GOOG,1H,2026-03-12T19:00:00Z,303.84,304.59,302.95,303.12,44208,1115,303.911645
GOOG,1H,2026-03-13T13:00:00Z,307.01,307.01,303.83,305.5,31897,582,305.452568
GOOG,1H,2026-03-13T14:00:00Z,305.56,306.93,303.94,304.19,58004,1139,305.343224
GOOG,1H,2026-03-13T15:00:00Z,304.23,305.5,301.8,302.22,115780,2136,303.464493
GOOG,1H,2026-03-13T16:00:00Z,302.23,302.67,299.82,300.01,84407,1551,301.417648
GOOG,1H,2026-03-13T17:00:00Z,300.07,301.83,299.63,299.75,82445,1659,300.603108
GOOG,1H,2026-03-13T18:00:00Z,299.81,301.76,299.66,301.38,85493,1726,300.811651
GOOG,1H,2026-03-13T19:00:00Z,301.42,301.55,300.17,301.29,116706,2299,300.939932
GOOG,1H,2026-03-16T13:00:00Z,303.42,304.46,302.38,304.29,87247,1260,303.329094
GOOG,1H,2026-03-16T14:00:00Z,304.36,305.28,302.43,302.86,65362,1167,304.076727
GOOG,1H,2026-03-16T15:00:00Z,302.76,303.12,302.07,302.29,42315,774,302.610661
GOOG,1H,2026-03-16T16:00:00Z,302.27,303.03,301.72,302.98,50078,947,302.486819
GOOG,1H,2026-03-16T17:00:00Z,302.95,303.42,302.94,303.16,35062,663,303.198624
GOOG,1H,2026-03-16T18:00:00Z,303.15,304.36,302.88,304.22,37263,773,303.63883
GOOG,1H,2026-03-16T19:00:00Z,304.21,304.79,303.54,304.3,70832,1796,304.196079
GOOG,1H,2026-03-17T13:00:00Z,304.54,306.02,304.25,305.17,52881,798,305.170643
GOOG,1H,2026-03-17T14:00:00Z,305.49,306.43,304.77,305.47,48380,870,305.597458
GOOG,1H,2026-03-17T15:00:00Z,305.64,306.53,304.91,306.53,25486,490,305.605778
GOOG,1H,2026-03-17T16:00:00Z,306.55,307.27,306.46,306.46,43470,688,306.830124
GOOG,1H,2026-03-17T17:00:00Z,306.49,307.37,306.34,307.31,41917,805,306.774902
GOOG,1H,2026-03-17T18:00:00Z,307.29,308.54,307.2,308.44,38446,710,307.940491
GOOG,1H,2026-03-17T19:00:00Z,308.41,309.81,308.35,309.28,81176,1515,309.093548
GOOG,1H,2026-03-18T13:00:00Z,306.89,310.53,306.89,308.64,40427,650,309.310506
GOOG,1H,2026-03-18T14:00:00Z,308.78,309.62,307.13,309.03,82717,1237,308.466527
GOOG,1H,2026-03-18T15:00:00Z,309.01,309.44,308.31,308.84,54437,833,308.875783
GOOG,1H,2026-03-18T16:00:00Z,308.74,309.07,307.64,307.93,40971,641,308.461851
GOOG,1H,2026-03-18T17:00:00Z,307.89,307.91,306.92,307.72,46571,679,307.383498
GOOG,1H,2026-03-18T18:00:00Z,307.84,308.3,306.19,306.19,55355,969,307.176037
GOOG,1H,2026-03-18T19:00:00Z,306.24,307.21,305.38,306.05,65925,1318,306.291324
GOOG,1H,2026-03-18T20:00:00Z,306.43,306.43,305.48,305.48,508,16,305.851538
GOOG,1H,2026-03-19T13:00:00Z,302.99,303.75,300.83,303.32,68621,1066,302.418542
GOOG,1H,2026-03-19T14:00:00Z,303.33,304.07,302.04,303.56,76602,1260,303.189316
GOOG,1H,2026-03-19T15:00:00Z,303.52,304.35,301.89,303.54,69807,1191,303.020993
GOOG,1H,2026-03-19T16:00:00Z,303.34,304.53,303.34,304.4,45271,820,303.93455
GOOG,1H,2026-03-19T17:00:00Z,304.41,304.52,303.42,304.15,62105,940,303.912918
GOOG,1H,2026-03-19T18:00:00Z,303.86,305.01,303.47,304.73,53501,749,303.930071
GOOG,1H,2026-03-19T19:00:00Z,304.75,306.48,304.72,305.54,136181,2194,305.521005
GOOG,1H,2026-03-20T13:00:00Z,303.69,303.69,300.38,300.53,53935,950,301.94218
GOOG,1H,2026-03-20T14:00:00Z,300.58,301.35,299.97,300.33,75387,1437,300.68903
GOOG,1H,2026-03-20T15:00:00Z,300.34,300.7,299.42,300.61,64407,1305,300.043715
GOOG,1H,2026-03-20T16:00:00Z,300.56,301.29,299.18,299.26,60208,1239,300.409416
GOOG,1H,2026-03-20T17:00:00Z,299.32,299.71,298.34,298.91,60278,1189,298.972136
GOOG,1H,2026-03-20T18:00:00Z,298.96,299,297.25,297.56,76035,1451,297.999015
GOOG,1H,2026-03-20T19:00:00Z,297.72,299.42,296.63,298.52,127055,2216,298.017257
GOOG,1H,2026-03-23T13:00:00Z,303.53,303.53,299.36,301.67,54630,991,301.307469
GOOG,1H,2026-03-23T14:00:00Z,301.69,303.15,300.25,300.61,64226,1139,301.679722
GOOG,1H,2026-03-23T15:00:00Z,300.55,301.67,299.23,299.86,127132,1943,300.58712
GOOG,1H,2026-03-23T16:00:00Z,300.01,300.27,297.9,298.7,89559,1514,299.039681
GOOG,1H,2026-03-23T17:00:00Z,298.85,299.22,297.98,298.83,61904,1181,298.615308
GOOG,1H,2026-03-23T18:00:00Z,298.8,300.18,298.37,300.02,52446,972,299.296825
GOOG,1H,2026-03-23T19:00:00Z,299.87,300.1,298.7,298.87,90220,1798,299.42898
GOOG,1H,2026-03-24T13:00:00Z,295.41,296.85,294.17,295.18,58552,981,295.21204
GOOG,1H,2026-03-24T14:00:00Z,295.06,295.72,292.45,292.85,120666,2244,293.640747
GOOG,1H,2026-03-24T15:00:00Z,293.09,293.78,291.72,292.55,91526,1557,292.951037
GOOG,1H,2026-03-24T16:00:00Z,292.5,292.57,289.83,290.92,143905,2388,290.904612
GOOG,1H,2026-03-24T17:00:00Z,290.96,291.11,289.48,290.78,105561,1636,290.173851
GOOG,1H,2026-03-24T18:00:00Z,290.87,291.66,290.28,290.51,114057,1739,290.854122
GOOG,1H,2026-03-24T19:00:00Z,290.61,291.16,288.71,288.81,147201,2169,289.59754
GOOG,1H,2026-03-25T13:00:00Z,291.98,294.36,289.96,290.09,73559,1292,292.240491
GOOG,1H,2026-03-25T14:00:00Z,290.15,290.69,288.69,289.95,112070,2050,289.704528
GOOG,1H,2026-03-25T15:00:00Z,289.89,290.34,287.93,288.87,82611,1414,288.932416
GOOG,1H,2026-03-25T16:00:00Z,288.81,289.77,288.43,288.98,54503,1066,289.048099
GOOG,1H,2026-03-25T17:00:00Z,289,289.82,288.52,289.06,58126,1067,289.067381
GOOG,1H,2026-03-25T18:00:00Z,289.09,289.23,287.21,287.6,65946,1128,288.130894
GOOG,1H,2026-03-25T19:00:00Z,287.7,289.49,287.39,289.45,76361,1525,288.442546
GOOG,1H,2026-03-26T13:00:00Z,285.63,286.05,282.81,285.34,77825,984,284.494179
GOOG,1H,2026-03-26T14:00:00Z,285.54,286.33,284.46,284.96,145063,2087,285.30749
GOOG,1H,2026-03-26T15:00:00Z,285.06,285.17,283.49,283.72,88950,1529,284.171702
GOOG,1H,2026-03-26T16:00:00Z,283.7,283.97,282.44,283.07,114891,1970,283.188434
GOOG,1H,2026-03-26T17:00:00Z,283.11,283.29,281.21,281.37,112352,1844,282.137315
GOOG,1H,2026-03-26T18:00:00Z,281.25,281.67,278.98,281.02,183559,3026,280.439539
GOOG,1H,2026-03-26T19:00:00Z,281.06,281.22,279.69,280.58,171947,2685,280.545908
GOOG,1H,2026-03-27T13:00:00Z,276.62,278.63,274.78,276.26,74155,833,276.593539
GOOG,1H,2026-03-27T14:00:00Z,276.14,278.86,276.07,278.39,52205,762,277.702336
GOOG,1H,2026-03-27T15:00:00Z,278.49,278.58,277.05,277.32,19220,305,277.770443
GOOG,1H,2026-03-27T16:00:00Z,277.28,277.28,275.53,275.93,42605,638,276.150901
GOOG,1H,2026-03-27T17:00:00Z,275.89,276.07,273.57,273.82,74605,569,273.964652
GOOG,1H,2026-03-27T18:00:00Z,274.04,275.26,273.65,274.6,21729,410,274.489592
GOOG,1H,2026-03-27T19:00:00Z,274.55,275.13,273.34,273.61,54973,897,274.050683
GOOG,1H,2026-03-30T13:00:00Z,275.11,275.9,272.89,273.03,64382,968,273.81562
GOOG,1H,2026-03-30T14:00:00Z,272.95,273.96,272.33,273.75,87755,1268,273.034665
GOOG,1H,2026-03-30T15:00:00Z,273.84,275.04,272.54,274.43,92690,1444,273.861567
GOOG,1H,2026-03-30T16:00:00Z,274.39,274.46,273.29,273.42,51832,819,273.76214
GOOG,1H,2026-03-30T17:00:00Z,273.45,273.74,272.85,273.19,59665,1037,273.207063
GOOG,1H,2026-03-30T18:00:00Z,273.19,273.35,272.04,272.07,48218,780,272.649174
GOOG,1H,2026-03-30T19:00:00Z,272.06,273.31,271.4,272.96,97502,1694,272.193553
GOOG,1H,2026-03-31T13:00:00Z,277.84,279.62,276.68,279.56,60840,1152,278.118508
GOOG,1H,2026-03-31T14:00:00Z,279.6,281.62,279.46,279.88,99988,1731,280.499884
GOOG,1H,2026-03-31T15:00:00Z,279.98,281.52,279.95,280.22,83434,1552,280.709051
GOOG,1H,2026-03-31T16:00:00Z,280.14,284.35,280.06,283.89,77291,1387,281.984116
GOOG,1H,2026-03-31T17:00:00Z,283.94,286.86,283.94,285.38,108628,2056,285.670286
GOOG,1H,2026-03-31T18:00:00Z,285.43,286.17,285.43,285.87,92388,1728,285.816027
GOOG,1H,2026-03-31T19:00:00Z,285.8,286.86,285.33,286.57,192050,3412,285.974302
GOOG,1H,2026-04-01T13:00:00Z,289.42,294.2,289.42,293.49,55233,1002,292.761133
GOOG,1H,2026-04-01T14:00:00Z,293.57,294.56,292.47,294.33,80604,1359,293.682741
GOOG,1H,2026-04-01T15:00:00Z,294.37,295.4,293.89,295.22,100692,1285,294.646444
GOOG,1H,2026-04-01T16:00:00Z,295.08,297.14,294.83,297.07,73004,1213,295.720135
GOOG,1H,2026-04-01T17:00:00Z,297.04,297.74,296.25,296.25,76066,1214,297.238912
GOOG,1H,2026-04-01T18:00:00Z,296.26,296.27,293.71,294.2,79292,1248,295.058313
GOOG,1H,2026-04-01T19:00:00Z,294.17,295.5,294.09,294.7,100720,1570,294.84926
GOOG,1H,2026-04-02T13:00:00Z,286.37,291.63,286.37,291.6,26633,490,289.487069
GOOG,1H,2026-04-02T14:00:00Z,291.66,295.72,291.63,293.97,73168,1206,293.365562
GOOG,1H,2026-04-02T15:00:00Z,293.89,294.25,292.8,293.27,102570,1407,293.543484
GOOG,1H,2026-04-02T16:00:00Z,293.21,294.28,292.81,293.9,83795,1208,293.434367
GOOG,1H,2026-04-02T17:00:00Z,293.84,294.32,293.17,293.56,32286,528,293.818119
GOOG,1H,2026-04-02T18:00:00Z,293.63,294.09,293.19,293.65,22187,382,293.656084
GOOG,1H,2026-04-02T19:00:00Z,293.53,294.27,293.08,294.27,54973,919,293.645564
GOOG,1H,2026-04-06T13:00:00Z,293.79,296.82,293.79,296.48,14759,307,295.583183
GOOG,1H,2026-04-06T14:00:00Z,296.15,296.7,294.94,295.46,20352,375,295.836933
GOOG,1H,2026-04-06T15:00:00Z,295.57,296.48,295.02,295.7,29334,472,295.714086
GOOG,1H,2026-04-06T16:00:00Z,295.7,297.37,295.66,296.84,17469,254,296.798002
GOOG,1H,2026-04-06T17:00:00Z,296.73,297.29,295.95,296.65,17490,299,296.679849
GOOG,1H,2026-04-06T18:00:00Z,296.67,298.08,296.36,297.91,19783,311,297.583202
GOOG,1H,2026-04-06T19:00:00Z,297.95,298.19,297.12,297.53,38096,741,297.624564
GOOG,1H,2026-04-07T13:00:00Z,299.96,300.75,296.7,296.74,45076,826,298.621753
GOOG,1H,2026-04-07T14:00:00Z,296.43,299.05,295.25,297.82,147101,2185,296.589493
GOOG,1H,2026-04-07T15:00:00Z,297.5,299.67,297.02,299.58,74221,1021,298.22847
GOOG,1H,2026-04-07T16:00:00Z,299.7,301.2,299.68,300.46,68586,1002,300.681053
GOOG,1H,2026-04-07T17:00:00Z,300.39,302.09,300.39,301.43,40628,674,301.252467
GOOG,1H,2026-04-07T18:00:00Z,301.49,301.63,299.42,299.63,43811,766,300.725014
GOOG,1H,2026-04-07T19:00:00Z,299.48,303.87,299.36,303.87,152785,2703,301.339182
GOOG,1H,2026-04-08T12:00:00Z,316.92,316.92,316.23,316.23,200,2,316.575
GOOG,1H,2026-04-08T13:00:00Z,316.82,319.01,312.61,312.93,113755,2070,315.036893
GOOG,1H,2026-04-08T14:00:00Z,312.85,314.45,312.65,313.17,41147,808,313.749182
GOOG,1H,2026-04-08T15:00:00Z,313.44,315.48,313.44,315.44,56412,1026,314.30838
GOOG,1H,2026-04-08T16:00:00Z,315.41,317.04,314.81,316.41,39382,617,315.836461
GOOG,1H,2026-04-08T17:00:00Z,316.52,316.63,315.22,315.74,38499,650,315.632431
GOOG,1H,2026-04-08T18:00:00Z,315.66,316.38,314.49,314.5,32120,594,315.584333
GOOG,1H,2026-04-08T19:00:00Z,314.68,315.26,313.77,314.61,78820,1438,314.703992
GOOG,1H,2026-04-09T13:00:00Z,313.03,313.83,310.3,310.68,51086,859,311.420808
GOOG,1H,2026-04-09T14:00:00Z,310.93,311.47,309.37,311.32,56717,907,310.437553
GOOG,1H,2026-04-09T15:00:00Z,311.47,315.26,311.47,315.16,34914,678,313.58973
GOOG,1H,2026-04-09T16:00:00Z,315.24,316.61,315.1,316.1,26633,491,316.077861
GOOG,1H,2026-04-09T17:00:00Z,316.14,317.12,316.02,316.68,23779,465,316.700343
GOOG,1H,2026-04-09T18:00:00Z,316.74,316.74,315.9,316.15,19540,503,316.137878
GOOG,1H,2026-04-09T19:00:00Z,316.13,316.85,316.13,316.15,31632,630,316.433477
GOOG,1H,2026-04-10T13:00:00Z,318.46,319.1,317,317.02,26111,466,318.102941
GOOG,1H,2026-04-10T14:00:00Z,317.06,317.44,316.02,317.06,34071,609,316.775865
GOOG,1H,2026-04-10T15:00:00Z,316.9,317.28,315.15,315.34,51162,746,316.138007
GOOG,1H,2026-04-10T16:00:00Z,315.27,315.88,314.92,315.2,21396,393,315.442676
GOOG,1H,2026-04-10T17:00:00Z,315.1,315.22,314.62,314.79,25782,384,314.902756
GOOG,1H,2026-04-10T18:00:00Z,314.84,315.19,314.44,314.91,14397,212,314.879946
GOOG,1H,2026-04-10T19:00:00Z,314.96,315.83,314.93,315.54,49961,669,315.443794
GOOG,1H,2026-04-13T13:00:00Z,315.71,316.59,313.73,316.59,23835,420,315.057643
GOOG,1H,2026-04-13T14:00:00Z,316.47,317.91,315.59,316.53,29805,558,316.674539
GOOG,1H,2026-04-13T15:00:00Z,316.55,317.44,316.26,316.6,22157,357,316.720228
GOOG,1H,2026-04-13T16:00:00Z,316.5,317.83,315.86,317.61,22345,366,316.755054
GOOG,1H,2026-04-13T17:00:00Z,317.6,317.69,317.02,317.09,16105,242,317.36027
GOOG,1H,2026-04-13T18:00:00Z,317.15,318.03,316.99,317.97,28999,413,317.295979
GOOG,1H,2026-04-13T19:00:00Z,317.91,319.23,317.87,319,62380,1222,318.618052
GOOG,1H,2026-04-14T13:00:00Z,322.07,324.65,321,323.87,68057,921,323.246238
GOOG,1H,2026-04-14T14:00:00Z,324,326.3,324,326.01,66836,1198,325.070851
GOOG,1H,2026-04-14T15:00:00Z,325.68,330,325.39,329.32,56200,1091,328.273093
GOOG,1H,2026-04-14T16:00:00Z,329.39,330.09,329.31,329.95,49839,941,329.786823
GOOG,1H,2026-04-14T17:00:00Z,329.98,330.3,329.52,329.89,29235,698,329.902522
GOOG,1H,2026-04-14T18:00:00Z,329.79,329.93,328.84,328.89,20977,522,329.329252
GOOG,1H,2026-04-14T19:00:00Z,329.01,330.34,328.79,330.34,55753,1095,329.622563
GOOG,1H,2026-04-15T13:00:00Z,329.92,331.46,328.62,330.1,40281,657,330.0518
GOOG,1H,2026-04-15T14:00:00Z,330.35,331.95,329.92,331.1,39053,726,330.966926
GOOG,1H,2026-04-15T15:00:00Z,330.97,331.07,329.94,330.45,42022,711,330.398947
GOOG,1H,2026-04-15T16:00:00Z,330.29,332.26,330.29,331.55,26216,450,331.399033
GOOG,1H,2026-04-15T17:00:00Z,331.35,332.87,331.35,332.58,20756,373,332.177549
GOOG,1H,2026-04-15T18:00:00Z,332.32,334.36,332.32,334.13,35511,595,333.024103
GOOG,1H,2026-04-15T19:00:00Z,333.95,334.53,332.86,334.24,44748,903,333.765203
GOOG,1H,2026-04-16T13:00:00Z,335.12,337.04,332.92,333.3,28101,512,334.349085
GOOG,1H,2026-04-16T14:00:00Z,333.26,334.99,332.94,334.18,23294,432,334.030059
GOOG,1H,2026-04-16T15:00:00Z,334.26,335.19,333.7,334.6,30824,481,334.456913
GOOG,1H,2026-04-16T16:00:00Z,334.76,335.6,334.28,334.63,15081,257,334.955533
GOOG,1H,2026-04-16T17:00:00Z,334.61,334.61,332.2,332.2,19388,308,333.352772
GOOG,1H,2026-04-16T18:00:00Z,332.39,332.62,331.53,332.04,22994,408,332.289649
GOOG,1H,2026-04-16T19:00:00Z,332.06,333.12,331.76,332.6,61234,1166,332.428475
GOOG,1H,2026-04-17T13:00:00Z,334.51,335.29,333.12,333.76,44099,754,334.359008
GOOG,1H,2026-04-17T14:00:00Z,333.91,334.99,333.91,334.27,38097,808,334.58496
GOOG,1H,2026-04-17T15:00:00Z,334.06,336.22,333.71,335.28,38470,748,335.114946
GOOG,1H,2026-04-17T16:00:00Z,335.1,337,335.04,336.67,52278,811,336.340851
GOOG,1H,2026-04-17T17:00:00Z,336.57,338.11,336.53,337.98,50018,815,337.12999
GOOG,1H,2026-04-17T18:00:00Z,338.14,339.66,337.78,339.4,58517,928,338.799095
GOOG,1H,2026-04-17T19:00:00Z,339.39,339.76,338.56,339.14,76441,1347,339.140533
GOOG,1H,2026-04-20T12:00:00Z,336.56,337.31,336.56,337.31,280,4,336.935
GOOG,1H,2026-04-20T13:00:00Z,337.91,338.72,335.47,337.94,44823,896,337.100799
GOOG,1H,2026-04-20T14:00:00Z,337.77,337.9,336.3,336.39,65843,1064,336.951814
GOOG,1H,2026-04-20T15:00:00Z,336.53,336.61,334.49,335.91,53405,819,335.74239
GOOG,1H,2026-04-20T16:00:00Z,336.05,336.99,335.91,336.6,34349,600,336.410788
GOOG,1H,2026-04-20T17:00:00Z,336.58,336.63,335.88,336.27,28417,462,336.280379
GOOG,1H,2026-04-20T18:00:00Z,336.09,336.51,335.88,336.21,33099,476,336.19199
GOOG,1H,2026-04-20T19:00:00Z,336.07,336.38,334.8,335.24,32453,751,335.597638
GOOG,1H,2026-04-21T13:00:00Z,335.38,336.91,333.78,336.14,38832,581,335.6149
GOOG,1H,2026-04-21T14:00:00Z,336.62,336.84,334.68,335.07,89337,1233,335.516411
GOOG,1H,2026-04-21T15:00:00Z,334.96,335.4,334.18,334.32,25859,496,334.843389
GOOG,1H,2026-04-21T16:00:00Z,334.44,334.99,331.84,331.88,25294,545,333.541222
GOOG,1H,2026-04-21T17:00:00Z,331.89,332.33,330.64,330.95,37071,705,331.462716
GOOG,1H,2026-04-21T18:00:00Z,331,331.45,330.35,331.37,13976,265,330.986248
GOOG,1H,2026-04-21T19:00:00Z,331.34,332.22,329.59,330.22,50558,949,330.518576
GOOG,1H,2026-04-21T20:00:00Z,331.96,331.96,331.96,331.96,220,2,331.96
GOOG,1H,2026-04-22T12:00:00Z,335.51,335.51,335.51,335.51,290,8,335.51
GOOG,1H,2026-04-22T13:00:00Z,333.98,335.5,332.82,335.16,38722,651,333.987241
GOOG,1H,2026-04-22T14:00:00Z,335.21,336.18,334.7,335.61,43945,918,335.394783
GOOG,1H,2026-04-22T15:00:00Z,335.41,335.68,334.77,335.22,32231,617,335.255438
GOOG,1H,2026-04-22T16:00:00Z,335.35,336.15,334.34,334.62,56443,1000,334.947263
GOOG,1H,2026-04-22T17:00:00Z,334.8,335.78,334.72,335.65,32270,645,335.099553
GOOG,1H,2026-04-22T18:00:00Z,335.71,336.48,335.71,336.01,20174,544,336.257461
GOOG,1H,2026-04-22T19:00:00Z,336.09,337.81,336.02,337.55,90046,1519,337.336107
GOOG,1H,2026-04-23T13:00:00Z,338.49,339.71,336.82,338.41,31224,480,338.095818
GOOG,1H,2026-04-23T14:00:00Z,338.35,338.68,337.21,338.47,66961,800,337.920356
GOOG,1H,2026-04-23T15:00:00Z,338.66,339.9,337.65,338.14,53545,796,338.577146
GOOG,1H,2026-04-23T16:00:00Z,338.07,338.89,338.07,338.53,30355,524,338.435009
GOOG,1H,2026-04-23T17:00:00Z,338.64,338.69,334.93,337.9,82272,1191,337.412068
GOOG,1H,2026-04-23T18:00:00Z,337.75,339.41,337.75,337.96,23320,508,338.887666
GOOG,1H,2026-04-23T19:00:00Z,338,338.42,337.45,337.57,38325,763,337.77881
GOOG,1H,2026-04-24T13:00:00Z,336.44,337.68,334.01,337.02,46992,984,336.168297
GOOG,1H,2026-04-24T14:00:00Z,337.05,337.64,335.36,335.83,71827,1553,336.411436
GOOG,1H,2026-04-24T15:00:00Z,335.74,342.06,335.23,341.19,57194,969,337.808062
GOOG,1H,2026-04-24T16:00:00Z,341.68,343.09,340.65,341.69,38834,1013,341.615119
GOOG,1H,2026-04-24T17:00:00Z,341.82,342.17,340.62,341.38,23740,394,341.244802
GOOG,1H,2026-04-24T18:00:00Z,341.28,341.97,341.28,341.68,11708,189,341.636746
GOOG,1H,2026-04-24T19:00:00Z,341.85,342.71,341.61,342.07,63084,1142,342.271684
GOOG,1H,2026-04-27T12:00:00Z,343.24,343.24,343.24,343.24,100,1,343.24
GOOG,1H,2026-04-27T13:00:00Z,344.55,346.57,340.75,346.57,66311,1215,343.73061
GOOG,1H,2026-04-27T14:00:00Z,346.5,349.14,346.07,349,38179,795,347.934579
GOOG,1H,2026-04-27T15:00:00Z,348.78,349.07,347.74,348.97,41262,684,348.437628
GOOG,1H,2026-04-27T16:00:00Z,349.3,349.9,348.72,349.23,34219,619,349.365914
GOOG,1H,2026-04-27T17:00:00Z,349.34,350.65,349.11,350.64,26016,498,349.90713
GOOG,1H,2026-04-27T18:00:00Z,350.56,350.65,349.56,349.87,32981,578,350.223821
GOOG,1H,2026-04-27T19:00:00Z,349.87,350.36,348.22,348.29,61287,1240,349.226218
GOOG,1H,2026-04-28T13:00:00Z,346.72,347.26,344.1,346.31,49066,1022,345.850788
GOOG,1H,2026-04-28T14:00:00Z,346.72,349.67,346.63,347.98,79524,1591,348.357008
GOOG,1H,2026-04-28T15:00:00Z,348.18,348.86,346.48,346.66,73391,1256,347.612155
GOOG,1H,2026-04-28T16:00:00Z,346.66,347.13,345.88,346.9,48646,877,346.524663
GOOG,1H,2026-04-28T17:00:00Z,347,347,345.89,346.47,39394,945,346.434763
GOOG,1H,2026-04-28T18:00:00Z,346.78,347.51,346.73,347.35,30550,570,347.178041
GOOG,1H,2026-04-28T19:00:00Z,347.32,348.37,346.93,347.29,62157,1121,347.693537
GOOG,1H,2026-04-28T20:00:00Z,347.38,347.38,347.38,347.38,200,5,347.38
GOOG,1H,2026-04-29T13:00:00Z,345.27,349.49,342.29,349.49,76231,1371,346.123539
GOOG,1H,2026-04-29T14:00:00Z,349.47,353.17,348.44,349.6,115638,2287,351.059145
GOOG,1H,2026-04-29T15:00:00Z,349.59,350.69,348.2,348.58,83922,1331,349.561242
GOOG,1H,2026-04-29T16:00:00Z,348.61,348.61,345.56,345.72,54882,983,346.870585
GOOG,1H,2026-04-29T17:00:00Z,345.93,347.29,345.41,347.2,55000,1027,346.708821
GOOG,1H,2026-04-29T18:00:00Z,347.08,348.93,346.18,348.92,61020,1103,347.263932
GOOG,1H,2026-04-29T19:00:00Z,349.01,349.28,346.69,347.45,140747,2342,348.090971
GOOG,1H,2026-04-29T20:00:00Z,357.65,371.86,353.81,367.04,5888,314,363.118462
GOOG,1H,2026-04-30T12:00:00Z,373.74,374.14,371.08,371.12,555,6,372.624762
GOOG,1H,2026-04-30T13:00:00Z,371.29,373.78,363.66,366.96,116998,2059,368.257001
GOOG,1H,2026-04-30T14:00:00Z,367.03,369.47,362.98,369.38,145980,2216,365.874722
GOOG,1H,2026-04-30T15:00:00Z,369.05,374.92,369.05,371.1,158092,2937,372.424554
GOOG,1H,2026-04-30T16:00:00Z,371.12,374.79,370.44,374.36,158853,3657,373.163163
GOOG,1H,2026-04-30T17:00:00Z,374.48,380.9,374.48,380.9,108623,2062,379.28939
GOOG,1H,2026-04-30T18:00:00Z,380.74,382.04,377.95,378.3,120435,1803,380.443144
GOOG,1H,2026-04-30T19:00:00Z,378.31,382.36,377.67,381.83,147078,2254,379.766908
GOOG,1H,2026-04-30T20:00:00Z,381.5,381.65,381.5,381.65,270,8,381.575
GOOG,1H,2026-05-01T12:00:00Z,380.42,381.6,380.42,381.07,750,17,381.131321
GOOG,1H,2026-05-01T13:00:00Z,381.15,381.15,375.16,380.51,177750,2943,378.186797
GOOG,1H,2026-05-01T14:00:00Z,380.55,382.35,378,381.05,143997,2581,380.362491
GOOG,1H,2026-05-01T15:00:00Z,380.71,382.91,379.51,380.08,79745,1568,381.225696
GOOG,1H,2026-05-01T16:00:00Z,380.35,381.65,379.67,381.08,72199,1428,380.842613
GOOG,1H,2026-05-01T17:00:00Z,381.22,382.74,381.22,381.6,57181,1170,381.788599
GOOG,1H,2026-05-01T18:00:00Z,381.65,381.85,378.83,380.11,72435,1328,380.771911
GOOG,1H,2026-05-01T19:00:00Z,380.03,383.14,380.03,383.05,136457,2628,382.161062
GOOG,1H,2026-05-01T20:00:00Z,382.08,382.08,382.08,382.08,150,9,382.08
GOOG,1H,2026-05-04T12:00:00Z,382.98,383.33,382.75,382.78,377,8,382.982332
GOOG,1H,2026-05-04T13:00:00Z,381.77,383.84,377.33,379.29,86113,1420,379.808012
GOOG,1H,2026-05-04T14:00:00Z,379.4,380.36,378.29,378.99,80954,1560,379.197899
GOOG,1H,2026-05-04T15:00:00Z,378.97,380.5,376.6,380.03,65007,1330,378.279298
GOOG,1H,2026-05-04T16:00:00Z,380.02,380.39,378.05,380.3,74706,1336,379.216487
GOOG,1H,2026-05-04T17:00:00Z,380.47,381.53,380.09,381.34,63966,1340,380.722743
GOOG,1H,2026-05-04T18:00:00Z,381.4,381.4,379.4,379.77,78968,1464,380.416397
GOOG,1H,2026-05-04T19:00:00Z,379.81,380.03,378.89,379.27,146560,3283,379.474847
GOOG,1H,2026-05-04T20:00:00Z,378.8,378.8,378.8,378.8,80,1,378.8
GOOG,1H,2026-05-05T13:00:00Z,380.73,388.56,380.31,384.38,94673,1853,385.435059
GOOG,1H,2026-05-05T14:00:00Z,384.18,385.35,382.65,384.25,101510,2100,384.174332
GOOG,1H,2026-05-05T15:00:00Z,384.16,385.65,383.38,383.38,66712,1548,384.594267
GOOG,1H,2026-05-05T16:00:00Z,383.41,384.45,382.21,382.21,59520,1378,383.635196
GOOG,1H,2026-05-05T17:00:00Z,382.29,382.41,380.16,381.96,79678,1753,381.499003
GOOG,1H,2026-05-05T18:00:00Z,381.96,382.58,381.47,382.11,72417,1917,382.04331
GOOG,1H,2026-05-05T19:00:00Z,382.02,384.13,381.94,384.07,109634,2884,383.365999
GOOG,1H,2026-05-05T20:00:00Z,383.93,393.75,383.93,388.88,898,29,390.977525
GOOG,1H,2026-05-06T12:00:00Z,389.45,391.41,389,390.67,2272,52,390.353744
GOOG,1H,2026-05-06T13:00:00Z,389.79,393.14,387.19,390.13,54804,1519,390.87276
GOOG,1H,2026-05-06T14:00:00Z,390.04,393.88,389.08,393.88,62666,1579,391.022113
GOOG,1H,2026-05-06T15:00:00Z,393.82,394.18,391.33,393.6,49331,1337,392.755889
GOOG,1H,2026-05-06T16:00:00Z,393.63,396.11,393.39,394.83,66960,1980,395.10465
GOOG,1H,2026-05-06T17:00:00Z,394.73,395.91,393.46,393.86,65093,1771,394.63298
GOOG,1H,2026-05-06T18:00:00Z,393.82,394,391.92,393.42,39832,1287,392.909456
GOOG,1H,2026-05-06T19:00:00Z,393.41,395.47,391.43,394.8,124490,3094,393.87988
GOOG,1H,2026-05-06T20:00:00Z,395.64,395.64,394.57,394.57,370,11,395.036429
GOOG,1H,2026-05-07T12:00:00Z,399.52,399.52,399.06,399.16,290,7,399.153333
GOOG,1H,2026-05-07T13:00:00Z,396.93,396.93,392.72,394.26,34036,823,394.603252
GOOG,1H,2026-05-07T14:00:00Z,394.44,394.54,392.51,393.82,55027,1247,393.528209
GOOG,1H,2026-05-07T15:00:00Z,393.88,394.22,392.2,392.33,55616,1274,393.185733
GOOG,1H,2026-05-07T16:00:00Z,392.26,392.41,390.2,392.14,44189,1218,391.750244
GOOG,1H,2026-05-07T17:00:00Z,392.36,394,391.62,393.77,47886,1261,392.658282
GOOG,1H,2026-05-07T18:00:00Z,393.84,394.63,393.2,393.99,34054,888,393.920756
GOOG,1H,2026-05-07T19:00:00Z,393.81,395.25,391.52,394.88,63289,1876,393.547178
GOOG,1H,2026-05-08T12:00:00Z,394.81,394.99,394.81,394.99,260,7,394.912632
GOOG,1H,2026-05-08T13:00:00Z,394.36,397.4,393.48,396.24,29667,585,395.26655
GOOG,1H,2026-05-08T14:00:00Z,396.18,397.68,395.32,396.31,38492,860,396.540342
GOOG,1H,2026-05-08T15:00:00Z,396.2,396.21,394.9,395.13,54117,1492,395.537737
GOOG,1H,2026-05-08T16:00:00Z,395.3,395.92,393.85,393.95,29907,892,395.035175
GOOG,1H,2026-05-08T17:00:00Z,393.56,395.3,393.56,395.1,35508,1225,394.434847
GOOG,1H,2026-05-08T18:00:00Z,395.1,396.04,394.94,395.56,35273,1302,395.528674
GOOG,1H,2026-05-08T19:00:00Z,395.44,398.05,395.31,396.65,117629,2824,396.616874
GOOG,1H,2026-05-08T20:00:00Z,395.96,395.96,395.96,395.96,140,5,395.96
GOOG,1H,2026-05-11T12:00:00Z,392.43,392.43,392.34,392.36,180,5,392.37
GOOG,1H,2026-05-11T13:00:00Z,390.95,394.05,388.76,392.69,83238,1874,391.609504
GOOG,1H,2026-05-11T14:00:00Z,392.82,392.82,388.97,390.5,58335,1819,390.770043
GOOG,1H,2026-05-11T15:00:00Z,390.53,391.38,389.66,391.09,41436,1314,390.371439
GOOG,1H,2026-05-11T16:00:00Z,391.08,391.27,390.02,390.02,33057,1041,390.580611
GOOG,1H,2026-05-11T17:00:00Z,390.17,390.4,388.84,389.34,26854,996,389.72622
GOOG,1H,2026-05-11T18:00:00Z,389.35,389.71,387.22,387.3,45924,1595,388.548119
GOOG,1H,2026-05-11T19:00:00Z,387.22,387.82,386.22,386.55,87347,2736,387.023408
GOOG,1H,2026-05-12T13:00:00Z,385.06,386.07,382.68,383.76,28842,820,384.151629
GOOG,1H,2026-05-12T14:00:00Z,383.76,384.49,381.91,384.22,55529,1276,383.549777
GOOG,1H,2026-05-12T15:00:00Z,384.44,385.49,383.54,383.62,34479,772,384.678836
GOOG,1H,2026-05-12T16:00:00Z,383.71,384.51,380.31,380.31,26383,683,381.904819
GOOG,1H,2026-05-12T17:00:00Z,380.32,381.7,379.51,381.19,45692,1127,380.4731
GOOG,1H,2026-05-12T18:00:00Z,381.25,382.72,380.95,381.52,39706,976,381.663688
GOOG,1H,2026-05-12T19:00:00Z,381.43,384.09,381.05,383.69,80535,2149,382.984827
GOOG,1H,2026-05-13T12:00:00Z,383.37,383.37,383.28,383.28,164,5,383.3025
GOOG,1H,2026-05-13T13:00:00Z,383.89,387.47,381.49,387.35,44470,1172,384.354034
GOOG,1H,2026-05-13T14:00:00Z,387.39,392.83,387.35,392.41,50792,1748,389.56508
GOOG,1H,2026-05-13T15:00:00Z,392.64,394.31,392.4,393.64,33525,1130,393.495947
GOOG,1H,2026-05-13T16:00:00Z,393.66,396.72,393.6,396.54,37217,1051,395.632236
GOOG,1H,2026-05-13T17:00:00Z,396.85,398.17,396.76,397.65,39508,1245,397.51656
GOOG,1H,2026-05-13T18:00:00Z,397.64,399.55,397.47,397.52,34171,994,398.680223
GOOG,1H,2026-05-13T19:00:00Z,397.62,399.31,397.59,398.84,80074,2396,398.693019
GOOG,1H,2026-05-14T12:00:00Z,398.06,398.76,397.35,397.35,449,14,398.109091
GOOG,1H,2026-05-14T13:00:00Z,395.99,397.31,393.09,394.38,33536,922,395.526663
GOOG,1H,2026-05-14T14:00:00Z,394.4,395,392.59,394.15,53666,1439,394.023983
GOOG,1H,2026-05-14T15:00:00Z,394.28,398.1,393.82,398.1,56474,1342,394.955671
GOOG,1H,2026-05-14T16:00:00Z,398.08,398.59,395.28,396.31,38300,1080,396.694733
GOOG,1H,2026-05-14T17:00:00Z,396.65,398.86,395.17,398.38,55878,1450,396.883495
GOOG,1H,2026-05-14T18:00:00Z,398.2,398.2,395.54,396.37,33061,833,396.385211
GOOG,1H,2026-05-14T19:00:00Z,396.32,397.08,395.84,396.99,70823,1931,396.664328
GOOG,1H,2026-05-15T12:00:00Z,390.22,390.49,389.72,389.72,1360,40,390.157292
GOOG,1H,2026-05-15T13:00:00Z,389.29,395.4,389.2,394.06,59008,1317,392.039304
GOOG,1H,2026-05-15T14:00:00Z,394.14,395.52,392.7,394.27,50212,1351,394.296823
GOOG,1H,2026-05-15T15:00:00Z,394.09,394.77,390.9,392.41,61248,1501,393.293443
GOOG,1H,2026-05-15T16:00:00Z,392.51,393.26,391.83,391.9,28761,929,392.525353
GOOG,1H,2026-05-15T17:00:00Z,392.08,394.07,392.05,392.85,115525,2434,393.183539
GOOG,1H,2026-05-15T18:00:00Z,392.85,393.45,391.25,392.64,77716,1757,392.359561
GOOG,1H,2026-05-15T19:00:00Z,392.6,393.27,391.86,392.97,51754,1681,392.614405
GOOG,1H,2026-05-15T20:00:00Z,392.42,393,392.42,393,347,12,392.755361
GOOG,1H,2026-05-18T12:00:00Z,393.38,393.38,393.38,393.38,80,2,393.38
GOOG,1H,2026-05-18T13:00:00Z,393.71,402.11,390.83,401.7,94488,1975,397.932249
GOOG,1H,2026-05-18T14:00:00Z,401.7,404.23,397.85,400.34,106589,2617,401.488469
GOOG,1H,2026-05-18T15:00:00Z,400.17,400.63,397.38,397.5,39386,851,399.241578
GOOG,1H,2026-05-18T16:00:00Z,397.53,398.6,395.97,397.8,35978,835,397.247203
GOOG,1H,2026-05-18T17:00:00Z,397.83,399.04,397.03,397.51,30487,787,397.79136
GOOG,1H,2026-05-18T18:00:00Z,397.5,397.52,393.01,393.1,56828,1476,394.894207
GOOG,1H,2026-05-18T19:00:00Z,392.9,395.51,392.01,392.88,135309,2929,393.291195
GOOG,1H,2026-05-19T12:00:00Z,396.64,396.68,396.64,396.68,200,4,396.66
GOOG,1H,2026-05-19T13:00:00Z,392.82,393.07,384.08,387.02,50239,1246,387.442621
GOOG,1H,2026-05-19T14:00:00Z,386.92,389.62,384.45,385.74,89619,2110,386.57207
GOOG,1H,2026-05-19T15:00:00Z,385.81,386.03,383.23,383.59,75485,1616,384.473184
GOOG,1H,2026-05-19T16:00:00Z,383.66,386.68,382.81,386.58,57451,1204,384.50666
GOOG,1H,2026-05-19T17:00:00Z,386.54,389.92,386.05,387.82,40942,1195,387.813967
GOOG,1H,2026-05-19T18:00:00Z,387.84,388.04,384.86,385.29,30718,853,386.282631
GOOG,1H,2026-05-19T19:00:00Z,385.32,386.51,383.64,384.68,155809,2501,384.74106
GOOG,1H,2026-05-19T20:00:00Z,384.5,384.5,384.32,384.4,335,10,384.407143
GOOG,1H,2026-05-20T12:00:00Z,385.33,385.4,384.82,384.82,390,6,385.214571
GOOG,1H,2026-05-20T13:00:00Z,384.9,390.27,382.29,383.77,42009,949,386.386921
GOOG,1H,2026-05-20T14:00:00Z,383.64,383.75,379.77,382.32,60224,1552,381.954905
GOOG,1H,2026-05-20T15:00:00Z,382.2,383.75,380.85,383,49907,1102,381.942593
GOOG,1H,2026-05-20T16:00:00Z,382.96,383.44,381.17,382.08,25761,653,381.966952
GOOG,1H,2026-05-20T17:00:00Z,381.87,382.24,380.83,382.23,24700,656,381.551367
GOOG,1H,2026-05-20T18:00:00Z,382.15,383.98,382.09,383.77,25362,761,383.203771
GOOG,1H,2026-05-20T19:00:00Z,383.81,385.08,382.78,384.65,69494,2185,384.051529
GOOG,1H,2026-05-20T20:00:00Z,384.66,385,384.66,385,140,5,384.83
GOOG,1H,2026-05-21T12:00:00Z,383.75,383.75,383.75,383.75,81,2,383.75
GOOG,1H,2026-05-21T13:00:00Z,381.64,382.81,379.29,381.87,32153,936,381.235915
GOOG,1H,2026-05-21T14:00:00Z,381.98,385.15,379.45,384.65,129859,2489,383.207868
GOOG,1H,2026-05-21T15:00:00Z,384.7,386.39,383.83,385.41,60844,2253,385.166647
GOOG,1H,2026-05-21T16:00:00Z,385.44,385.94,383.48,384.15,33294,1612,384.899611
GOOG,1H,2026-05-21T17:00:00Z,384.11,388.38,383.98,387.85,50688,1915,385.838549
GOOG,1H,2026-05-21T18:00:00Z,387.86,387.86,384.13,384.57,37941,1318,385.945902
GOOG,1H,2026-05-21T19:00:00Z,384.64,385.05,381.91,383.21,56630,2007,383.500956
GOOG,1H,2026-05-22T13:00:00Z,382.87,383.06,380.42,382.19,68192,1401,381.927764
GOOG,1H,2026-05-22T14:00:00Z,381.86,383.77,380.15,383.71,71271,1637,382.226929
GOOG,1H,2026-05-22T15:00:00Z,383.72,384.52,382.51,382.94,24970,688,383.342922
GOOG,1H,2026-05-22T16:00:00Z,382.87,383.03,381.39,382.02,27365,665,382.056291
GOOG,1H,2026-05-22T17:00:00Z,382.02,382.37,380.83,380.83,65995,1476,381.650357
GOOG,1H,2026-05-22T18:00:00Z,380.77,381.08,380.2,380.57,34093,800,380.589431
GOOG,1H,2026-05-22T19:00:00Z,380.59,380.97,378.06,379.17,60562,1875,379.211355
GOOG,1H,2026-05-26T12:00:00Z,380.07,380.43,380.07,380.28,207,6,380.238153
GOOG,1H,2026-05-26T13:00:00Z,380.73,382.94,379.06,382.94,83356,1804,380.741686
GOOG,1H,2026-05-26T14:00:00Z,383.24,384.15,381.78,383.94,100600,2723,383.166302
GOOG,1H,2026-05-26T15:00:00Z,383.95,385.15,381.6,382.4,127349,2585,382.502093
GOOG,1H,2026-05-26T16:00:00Z,382.13,383.07,381.77,382.39,70815,1856,382.392983
GOOG,1H,2026-05-26T17:00:00Z,382.39,382.74,381.25,382.54,52872,1321,382.124353
GOOG,1H,2026-05-26T18:00:00Z,382.54,383.07,381.56,381.78,67861,1544,382.218574
GOOG,1H,2026-05-26T19:00:00Z,381.8,384.73,381.71,384.62,128507,3135,383.690975
GOOG,1H,2026-05-27T12:00:00Z,382.25,382.25,382.25,382.25,100,3,382.25
GOOG,1H,2026-05-27T13:00:00Z,382.08,386.54,381.93,386.3,109843,2169,384.474832
GOOG,1H,2026-05-27T14:00:00Z,386.31,388.66,385.67,386.84,124314,2482,387.377772
GOOG,1H,2026-05-27T15:00:00Z,386.99,387.94,386.34,387.01,86536,1640,387.238379
GOOG,1H,2026-05-27T16:00:00Z,387.06,389.43,385.89,387.55,111059,2234,387.66713
GOOG,1H,2026-05-27T17:00:00Z,387.56,388.03,386.2,387.83,58823,1321,387.036733
GOOG,1H,2026-05-27T18:00:00Z,387.85,388.53,386.06,386.54,74926,1728,387.544661
GOOG,1H,2026-05-27T19:00:00Z,386.55,387.24,384.3,384.53,113978,2285,385.252489
GOOG,1H,2026-05-27T20:00:00Z,384.99,385.93,384.94,385.93,320,9,385.288087
GOOG,1H,2026-05-28T12:00:00Z,383.7,383.7,383.7,383.7,130,4,383.7
GOOG,1H,2026-05-28T13:00:00Z,383,384.54,381.05,383.26,51015,1124,383.272068
GOOG,1H,2026-05-28T14:00:00Z,383.01,386.11,381.88,384.91,100076,2345,384.868503
GOOG,1H,2026-05-28T15:00:00Z,384.94,387.13,384.94,386.22,129466,2867,385.930155
GOOG,1H,2026-05-28T16:00:00Z,386.08,386.21,383.98,384.7,79513,1598,385.287326
GOOG,1H,2026-05-28T17:00:00Z,384.76,386.84,384.46,385.5,118125,2851,385.996592
GOOG,1H,2026-05-28T18:00:00Z,385.48,387.06,385.05,386.28,89051,2115,386.23932
GOOG,1H,2026-05-28T19:00:00Z,386.13,387.61,385.43,385.95,120347,2612,386.527694
GOOG,1H,2026-05-28T20:00:00Z,385.93,386.08,385.93,386.08,115,3,385.994286
GOOG,1H,2026-05-29T12:00:00Z,381.33,381.47,381.09,381.09,480,8,381.241667
GOOG,1H,2026-05-29T13:00:00Z,381.09,381.35,376.44,381.28,71537,1993,379.069881
GOOG,1H,2026-05-29T14:00:00Z,381.27,381.4,377.02,378.81,90102,2183,379.058903
GOOG,1H,2026-05-29T15:00:00Z,379.11,380.09,378.46,378.92,30768,867,379.3231
GOOG,1H,2026-05-29T16:00:00Z,378.91,380.04,378.65,379,39814,1019,379.364223
GOOG,1H,2026-05-29T17:00:00Z,379,379.62,378.16,378.71,35029,970,378.899925
GOOG,1H,2026-05-29T18:00:00Z,378.63,379.76,377.86,378,31009,887,378.896433
GOOG,1H,2026-05-29T19:00:00Z,378.04,379.11,374.11,376.14,246755,4016,376.796332
GOOG,1H,2026-06-01T12:00:00Z,373.17,373.63,373.17,373.63,235,8,373.4
GOOG,1H,2026-06-01T13:00:00Z,371.77,373.27,369.62,370.74,74481,1885,371.317688
GOOG,1H,2026-06-01T14:00:00Z,370.88,372.96,370.49,372.35,55563,1767,371.706167
GOOG,1H,2026-06-01T15:00:00Z,372.46,373.55,370.65,371.24,34026,954,371.848314
GOOG,1H,2026-06-01T16:00:00Z,371.24,371.97,370.51,371.88,30424,819,371.115385
GOOG,1H,2026-06-01T17:00:00Z,371.73,374.19,371.52,372.09,24551,766,372.990998
GOOG,1H,2026-06-01T18:00:00Z,372.07,373.7,371.78,373.62,31289,789,372.964549
GOOG,1H,2026-06-01T19:00:00Z,373.61,374.36,372.15,372.28,36020,1378,373.297649
GOOG,1H,2026-06-01T20:00:00Z,371.8,371.8,364.92,364.95,2100,42,367.411014
GOOG,1H,2026-06-02T12:00:00Z,362.02,362.38,361.56,361.75,659,18,361.925128
GOOG,1H,2026-06-02T13:00:00Z,362.08,363.3,354.84,360.04,193454,3594,357.730783
GOOG,1H,2026-06-02T14:00:00Z,360.07,369.52,359.68,368.82,191817,3592,365.931675
GOOG,1H,2026-06-02T15:00:00Z,368.88,369.05,362.79,362.9,89711,2404,365.29643
GOOG,1H,2026-06-02T16:00:00Z,362.93,365.15,362.48,364.28,79759,2362,363.59399
GOOG,1H,2026-06-02T17:00:00Z,364.33,364.65,363.35,363.36,70399,1794,364.059589
GOOG,1H,2026-06-02T18:00:00Z,363.16,363.49,360.56,360.7,55280,1521,361.8551
GOOG,1H,2026-06-02T19:00:00Z,360.66,361.08,357.64,358.28,186886,4112,359.290395
GOOG,1H,2026-06-02T20:00:00Z,358.5,358.5,358.07,358.07,377,16,358.42
GOOG,1H,2026-06-03T12:00:00Z,353.36,355.19,353.36,353.99,1674,51,354.296393
GOOG,1H,2026-06-03T13:00:00Z,356.03,362.27,355.34,360,197231,4110,359.490408
GOOG,1H,2026-06-03T14:00:00Z,360.02,361.78,356.7,357.25,206017,5461,359.206619
GOOG,1H,2026-06-03T15:00:00Z,357.38,357.59,354.53,355.76,149089,3718,355.639229
GOOG,1H,2026-06-03T16:00:00Z,355.78,357.59,354.64,357.39,100601,3074,355.976615
GOOG,1H,2026-06-03T17:00:00Z,357.35,358.41,356.16,356.56,85139,2813,357.085197
GOOG,1H,2026-06-03T18:00:00Z,356.42,357.59,355.32,356.7,102120,2986,356.227197
GOOG,1H,2026-06-03T19:00:00Z,356.81,356.81,354.31,355.57,206114,4757,355.317163
GOOG,1H,2026-06-04T13:00:00Z,355.39,363.7,354.67,362.62,163351,3415,359.842526
GOOG,1H,2026-06-04T14:00:00Z,362.71,365.43,361.03,365.03,132908,2941,363.860583
GOOG,1H,2026-06-04T15:00:00Z,365.12,367.61,363.94,366.64,114161,2368,366.140395
GOOG,1H,2026-06-04T16:00:00Z,366.61,369.1,366.22,368.18,90694,2421,368.055788
GOOG,1H,2026-06-04T17:00:00Z,368.16,369.49,367.7,369.22,70534,2172,368.878281
GOOG,1H,2026-06-04T18:00:00Z,369.32,369.62,367.6,368.45,61466,1645,368.891658
GOOG,1H,2026-06-04T19:00:00Z,368.43,369.58,366.93,369.08,167266,3647,368.578501
GOOG,1H,2026-06-04T20:00:00Z,367.8,367.92,367.8,367.92,704,12,367.84
GOOG,1H,2026-06-05T12:00:00Z,366.3,366.3,365.03,365.38,694,16,365.8217
GOOG,1H,2026-06-05T13:00:00Z,362.88,368.37,361.7,366.83,87476,2092,366.046664
GOOG,1H,2026-06-05T14:00:00Z,366.87,368.97,365.16,367.34,113101,2779,367.081662
GOOG,1H,2026-06-05T15:00:00Z,367.28,368.15,365.77,367.83,70107,1907,366.711064
GOOG,1H,2026-06-05T16:00:00Z,367.64,367.97,365.3,367.07,55359,1914,366.843749
GOOG,1H,2026-06-05T17:00:00Z,366.95,367.47,365.68,366.49,41212,1278,366.489307
GOOG,1H,2026-06-05T18:00:00Z,366.63,366.91,363.58,364.25,80771,2561,365.14648
GOOG,1H,2026-06-05T19:00:00Z,363.99,366.19,361.43,365.94,131128,3461,363.667572
GOOG,1H,2026-06-05T20:00:00Z,365.71,365.71,362.92,362.92,776,24,363.801374
GOOG,1H,2026-06-08T12:00:00Z,364.96,364.96,364.96,364.96,280,9,364.96
GOOG,1H,2026-06-08T13:00:00Z,364.53,364.53,359.96,360.3,130188,3524,361.593555
GOOG,1H,2026-06-08T14:00:00Z,360.155,361.8,357.9,361.8,103548,2540,359.18353
GOOG,1H,2026-06-08T15:00:00Z,361.76,361.92,358.7,359.2,82812,1980,360.407949
GOOG,1H,2026-06-08T16:00:00Z,359.25,360.28,358.94,359.375,54476,1640,359.548182
GOOG,1H,2026-06-08T17:00:00Z,359.335,362.265,358.31,361.555,65010,1695,360.455588
GOOG,1H,2026-06-08T18:00:00Z,361.615,362.36,360.79,361.015,41511,1250,361.534143
GOOG,1H,2026-06-08T19:00:00Z,361.025,361.55,359.71,361.15,87745,2427,360.624233
GOOG,1H,2026-06-09T13:00:00Z,364.995,369.66,364.41,367.06,63152,1459,367.398125
GOOG,1H,2026-06-09T14:00:00Z,366.9,368.29,361,362.555,105478,2773,364.694528
GOOG,1H,2026-06-09T15:00:00Z,362.69,362.77,357.2,357.8,107693,2739,359.147203
GOOG,1H,2026-06-09T16:00:00Z,358.06,359.06,354.83,357.49,137319,3462,357.136091
GOOG,1H,2026-06-09T17:00:00Z,357.6,362.63,357.53,361.47,76248,2160,360.297564
GOOG,1H,2026-06-09T18:00:00Z,361.44,364.16,361.36,363.805,123337,2842,362.78579
GOOG,1H,2026-06-09T19:00:00Z,363.77,364.63,360.58,362.03,168443,4153,362.40166
GOOG,1H,2026-06-10T12:00:00Z,358.35,358.35,358.35,358.35,120,3,358.35
GOOG,1H,2026-06-10T13:00:00Z,360.91,364.47,359.985,364.06,90629,1314,361.685834
GOOG,1H,2026-06-10T14:00:00Z,363.91,366.16,360.6,361.205,80934,1663,363.402182
GOOG,1H,2026-06-10T15:00:00Z,361.19,361.99,357.14,358.46,87220,2008,359.901961
GOOG,1H,2026-06-10T16:00:00Z,358.75,358.8,355.23,355.93,44581,1133,356.806055
GOOG,1H,2026-06-10T17:00:00Z,356.11,356.38,353.74,354.87,47459,1104,354.875732
GOOG,1H,2026-06-10T18:00:00Z,354.93,355.36,353.81,354.34,42403,1256,354.643742
GOOG,1H,2026-06-10T19:00:00Z,354.14,355.24,352.85,353.51,123208,2579,353.953922
GOOG,1H,2026-06-11T12:00:00Z,354.79,354.79,354.79,354.79,40,1,354.79
GOOG,1H,2026-06-11T13:00:00Z,352.905,354.33,344.85,345.48,97221,2253,347.802775
GOOG,1H,2026-06-11T14:00:00Z,345.705,348.45,344.05,344.405,84533,2362,345.636689
GOOG,1H,2026-06-11T15:00:00Z,344.11,345.85,343.92,345.265,84390,2844,344.851144
GOOG,1H,2026-06-11T16:00:00Z,345.155,347.39,344.86,344.92,70517,2355,345.99734
GOOG,1H,2026-06-11T17:00:00Z,344.85,351.01,343.69,349.4,111661,2853,347.411477
GOOG,1H,2026-06-11T18:00:00Z,349.435,352.16,348.37,351.835,64455,1845,350.215822
GOOG,1H,2026-06-11T19:00:00Z,351.95,358,351.885,356.55,208945,5089,355.296282
GOOG,1H,2026-06-11T20:00:00Z,356.52,357.68,356.52,357.68,227,11,356.991037
GOOG,1H,2026-06-12T12:00:00Z,362.36,362.69,361.16,361.25,690,20,361.6625
GOOG,1H,2026-06-12T13:00:00Z,361.08,362.265,353.39,356.525,80338,1805,357.500337
GOOG,1H,2026-06-12T14:00:00Z,356.645,361.3,356.645,361.3,100223,2215,359.508226
GOOG,1H,2026-06-12T15:00:00Z,361.38,364.725,358.9,359.08,65163,1639,361.932705
GOOG,1H,2026-06-12T16:00:00Z,359.12,361.02,358.49,359.94,41672,1246,359.543833
GOOG,1H,2026-06-12T17:00:00Z,359.97,361.87,359.06,359.57,65544,1224,360.096261
GOOG,1H,2026-06-12T18:00:00Z,359.52,360.05,358.82,358.82,52079,1179,359.398497
GOOG,1H,2026-06-12T19:00:00Z,358.91,359.315,356.915,358.09,87082,2115,357.981301
GOOG,1H,2026-06-12T20:00:00Z,358.81,358.81,358.51,358.51,296,11,358.627073
GOOG,1H,2026-06-15T12:00:00Z,364.34,364.36,364.34,364.36,100,3,364.351111
GOOG,1H,2026-06-15T13:00:00Z,364.13,370.13,363.84,367.13,47372,862,367.527303
GOOG,1H,2026-06-15T14:00:00Z,367.22,369.445,365.45,368.25,109049,2128,367.621651
GOOG,1H,2026-06-15T15:00:00Z,368.465,370.28,367.77,370.095,79525,1634,369.160683
GOOG,1H,2026-06-15T16:00:00Z,370.14,370.61,368.81,369.38,63340,1243,369.748631
GOOG,1H,2026-06-15T17:00:00Z,369.41,370.085,369.05,369.395,45489,1157,369.537741
GOOG,1H,2026-06-15T18:00:00Z,369.5,369.81,368.8,369.33,58416,1080,369.288161
GOOG,1H,2026-06-15T19:00:00Z,369.435,369.515,365.68,367,139030,2851,367.278193
GOOG,1H,2026-06-15T20:00:00Z,367.02,367.17,367.02,367.17,97,3,367.103333
GOOG,1H,2026-06-16T13:00:00Z,367.3,369.185,365.37,366.365,26313,514,366.907588
GOOG,1H,2026-06-16T14:00:00Z,366.625,372.15,366.275,372.14,70378,1431,369.711163
GOOG,1H,2026-06-16T15:00:00Z,372.295,373.5,370.97,371,58718,1288,372.39377
GOOG,1H,2026-06-16T16:00:00Z,370.985,371,367.74,368.14,50349,862,369.521869
GOOG,1H,2026-06-16T17:00:00Z,367.925,369.5,367.925,368.9,26819,516,368.639298
GOOG,1H,2026-06-16T18:00:00Z,368.85,371.76,368.62,371.59,21825,486,370.656778
GOOG,1H,2026-06-16T19:00:00Z,371.58,371.78,369.7,371.19,80950,1778,370.888958
GOOG,1H,2026-06-16T20:00:00Z,370.46,370.46,370.46,370.46,40,1,370.46
GOOG,1H,2026-06-17T13:00:00Z,368.9,370.15,363.87,364.3,31130,632,366.48638
GOOG,1H,2026-06-17T14:00:00Z,364.25,366.025,361.15,362.19,68874,1426,363.992391
GOOG,1H,2026-06-17T15:00:00Z,362.03,362.98,360.905,362.91,44551,1020,362.122421
GOOG,1H,2026-06-17T16:00:00Z,362.93,363.98,362.13,363.33,77837,1541,363.102488
GOOG,1H,2026-06-17T17:00:00Z,363.315,364.505,361.88,364.505,189556,2441,362.922789
GOOG,1H,2026-06-17T18:00:00Z,364.56,364.75,362.26,362.45,120326,1917,363.576738
GOOG,1H,2026-06-17T19:00:00Z,362.64,363.15,360.285,362.08,105681,2527,361.815098
GOOG,1H,2026-06-17T20:00:00Z,362.46,362.46,362.46,362.46,120,5,362.46
GOOG,1H,2026-06-18T13:00:00Z,362.36,365.875,356.68,358.52,63138,1302,360.838008
GOOG,1H,2026-06-18T14:00:00Z,358.73,362.16,358.52,361.43,71172,1450,361.054413
GOOG,1H,2026-06-18T15:00:00Z,361.36,365.58,361.06,364.45,64496,1501,362.610722
GOOG,1H,2026-06-18T16:00:00Z,364.28,365.555,363.21,364.84,118395,1996,364.174003
GOOG,1H,2026-06-18T17:00:00Z,364.9,366.825,364.64,366.475,50084,1250,365.903425
GOOG,1H,2026-06-18T18:00:00Z,366.46,367.025,365.67,366.71,53968,1324,366.470849
GOOG,1H,2026-06-18T19:00:00Z,366.75,368.45,364.715,367.18,135834,3561,366.900694
GOOG,1H,2026-06-22T12:00:00Z,361.1,361.1,359.26,359.26,1324,38,360.076667
GOOG,1H,2026-06-22T13:00:00Z,359.51,359.51,352.655,353.62,111048,2049,354.497434
GOOG,1H,2026-06-22T14:00:00Z,353.555,353.555,344.14,344.68,167849,3627,348.611311
GOOG,1H,2026-06-22T15:00:00Z,344.67,346.555,340.97,345.33,155350,2947,343.425591
GOOG,1H,2026-06-22T16:00:00Z,345.445,346.27,344.185,345.74,68343,1511,345.153193
GOOG,1H,2026-06-22T17:00:00Z,345.7,347.01,344.96,346.555,115696,2292,345.975769
GOOG,1H,2026-06-22T18:00:00Z,346.4,347.845,346.315,346.8,71441,1599,347.227779
GOOG,1H,2026-06-22T19:00:00Z,346.79,349.3,346.745,348.74,161228,3556,348.359221
GOOG,1H,2026-06-22T20:00:00Z,348.32,348.32,347.9,347.9,260,7,348.11
GOOG,1H,2026-06-23T13:00:00Z,341.51,348.33,339.57,347.81,67940,1350,345.2977
GOOG,1H,2026-06-23T14:00:00Z,347.74,348.67,345.74,345.75,79736,1626,347.365644
GOOG,1H,2026-06-23T15:00:00Z,345.83,346.51,344.61,345.69,37279,988,345.622466
GOOG,1H,2026-06-23T16:00:00Z,345.76,347.59,344.8,347.54,51206,1215,346.428641
GOOG,1H,2026-06-23T17:00:00Z,347.3,347.54,346.01,346.27,48415,1243,346.929448
GOOG,1H,2026-06-23T18:00:00Z,346.09,346.64,345.39,346.16,61233,1563,345.874124
GOOG,1H,2026-06-23T19:00:00Z,346.24,347.68,345.855,346.1,117720,3163,346.667737
GOOG,1H,2026-06-24T12:00:00Z,347.56,347.56,347.56,347.56,50,2,347.56
GOOG,1H,2026-06-24T13:00:00Z,349.11,351.89,346.87,350.07,80154,1409,349.413654
GOOG,1H,2026-06-24T14:00:00Z,349.92,352.57,348.75,352.37,85391,1712,350.234246
GOOG,1H,2026-06-24T15:00:00Z,352.45,352.46,348.815,349.345,45240,1031,350.189716
GOOG,1H,2026-06-24T16:00:00Z,349.3,350.15,347.46,348.495,28648,819,349.199795
GOOG,1H,2026-06-24T17:00:00Z,348.56,348.965,347.65,348.61,46117,938,348.33625
GOOG,1H,2026-06-24T18:00:00Z,348.605,348.95,341.87,342.51,135226,2370,344.609113
GOOG,1H,2026-06-24T19:00:00Z,342.625,345.19,341.55,345.025,147472,3112,343.872884
GOOG,1H,2026-06-24T20:00:00Z,345.4,345.4,344.79,344.79,163,3,345.016352
GOOG,1H,2026-06-25T13:00:00Z,339.59,340.44,335.97,338.99,90652,1717,337.302528
GOOG,1H,2026-06-25T14:00:00Z,339.05,342.685,338.64,341.285,113466,2409,340.818944
GOOG,1H,2026-06-25T15:00:00Z,341.4,341.57,338.97,340.79,56909,1551,340.570196
GOOG,1H,2026-06-25T16:00:00Z,340.86,341.915,339.93,340.785,84484,1609,340.921577
GOOG,1H,2026-06-25T17:00:00Z,340.79,341.27,338.04,339.885,92899,2012,339.846687
GOOG,1H,2026-06-25T18:00:00Z,339.97,341.295,338.73,340.58,64075,1601,340.36334
GOOG,1H,2026-06-25T19:00:00Z,340.51,343.17,339.57,342.06,161567,3522,341.294503
GOOG,1H,2026-06-26T12:00:00Z,341.01,341.01,341.01,341.01,80,3,341.01
GOOG,1H,2026-06-26T13:00:00Z,340.575,340.82,334.22,336.1,151011,2874,336.302734
GOOG,1H,2026-06-26T14:00:00Z,336.2,338.8,335.35,338.61,97405,2286,336.874186
GOOG,1H,2026-06-26T15:00:00Z,338.65,343.54,338.35,343.08,103812,2097,340.902378
GOOG,1H,2026-06-26T16:00:00Z,343.08,344.075,339.04,340.58,73826,1681,341.417351
GOOG,1H,2026-06-26T17:00:00Z,340.44,341.23,339.38,340.405,86718,1918,340.484826
GOOG,1H,2026-06-26T18:00:00Z,340.465,341.62,339.485,341.21,117163,2331,340.390797
GOOG,1H,2026-06-26T19:00:00Z,341.37,342.18,333.72,334.58,440972,8286,338.564381
GOOG,1H,2026-06-26T20:00:00Z,334.66,335.57,334.66,335.15,415,16,335.207868
GOOG,1H,2026-06-29T13:00:00Z,339.85,346.36,339.08,345.66,82414,1545,344.682229
GOOG,1H,2026-06-29T14:00:00Z,346.02,349.69,344.52,348.41,213558,3184,347.332453
GOOG,1H,2026-06-29T15:00:00Z,348.38,350.84,348.045,350.72,145689,2915,349.198232
GOOG,1H,2026-06-29T16:00:00Z,350.74,351.04,348.765,349.575,227360,3017,349.92277
GOOG,1H,2026-06-29T17:00:00Z,349.575,351.67,349.54,351.41,190655,2893,350.678041
GOOG,1H,2026-06-29T18:00:00Z,351.39,351.66,350.13,350.34,93441,2057,350.929998
GOOG,1H,2026-06-29T19:00:00Z,350.47,351.97,349.67,351.15,156980,3373,350.9735
GOOG,1H,2026-06-30T13:00:00Z,351.325,352.35,348.385,349.55,61885,1376,349.392713
GOOG,1H,2026-06-30T14:00:00Z,349.34,352.865,348.24,352.44,83873,1784,351.170462
GOOG,1H,2026-06-30T15:00:00Z,352.405,354.29,351.27,354.25,90860,1382,352.911445
GOOG,1H,2026-06-30T16:00:00Z,354.325,355.31,353.735,354.55,75417,1413,354.485208
GOOG,1H,2026-06-30T17:00:00Z,354.73,354.73,352.48,353.19,61501,1310,353.272256
GOOG,1H,2026-06-30T18:00:00Z,353.165,353.96,352.56,353.375,97839,1866,353.391159
GOOG,1H,2026-06-30T19:00:00Z,353.37,354.715,353.22,353.24,210876,3974,353.910664
GOOG,1H,2026-07-01T12:00:00Z,357.28,357.28,357.28,357.28,280,12,357.28
GOOG,1H,2026-07-01T13:00:00Z,358.3,358.39,353.27,355.11,73526,1414,356.046481
GOOG,1H,2026-07-01T14:00:00Z,355.155,359.3,354.48,357.65,73415,1532,356.978779
GOOG,1H,2026-07-01T15:00:00Z,357.53,359.225,355.92,356.265,54162,1300,357.761857
GOOG,1H,2026-07-01T16:00:00Z,355.96,356.36,354.22,355.115,84821,1475,355.461859
GOOG,1H,2026-07-01T17:00:00Z,355.2,356.83,355.06,356.545,110827,1881,355.888375
GOOG,1H,2026-07-01T18:00:00Z,356.545,357.86,356.09,357.1,81843,1509,356.945432
GOOG,1H,2026-07-01T19:00:00Z,357.17,358.21,356.27,357.9,125089,2473,357.592325
GOOG,1H,2026-07-01T20:00:00Z,356.86,356.86,356.86,356.86,60,3,356.86
GOOG,1H,2026-07-02T13:00:00Z,356.15,360.705,355.22,359.37,56643,961,358.592275
GOOG,1H,2026-07-02T14:00:00Z,359.46,360.99,356.89,357.425,72680,1318,358.822263
GOOG,1H,2026-07-02T15:00:00Z,357.425,357.45,352.07,352.57,101907,1571,354.407551
GOOG,1H,2026-07-02T16:00:00Z,352.68,352.93,350.495,350.57,53584,1130,351.920652
GOOG,1H,2026-07-02T17:00:00Z,350.48,353.99,350.37,353.35,33273,752,351.932616
GOOG,1H,2026-07-02T18:00:00Z,353.29,355.695,353.29,354.795,32922,1069,354.801559
GOOG,1H,2026-07-02T19:00:00Z,354.91,356.785,354.68,356.03,77013,1801,355.951386
GOOG,1H,2026-07-06T12:00:00Z,357,357.02,357,357.02,300,9,357.011111
GOOG,1H,2026-07-06T13:00:00Z,358.195,360.42,354.32,354.46,57951,1282,357.193961
GOOG,1H,2026-07-06T14:00:00Z,354.57,359.17,354.26,358.645,97305,1845,357.048167
GOOG,1H,2026-07-06T15:00:00Z,358.685,360.98,357.89,360.8,70328,1608,359.588022
GOOG,1H,2026-07-06T16:00:00Z,360.79,362.5,360.63,361,66977,1439,361.480934
GOOG,1H,2026-07-06T17:00:00Z,361,362.62,361,361.61,45841,1332,361.798761
GOOG,1H,2026-07-06T18:00:00Z,361.53,364.14,361.38,364.08,69609,1471,362.771751
GOOG,1H,2026-07-06T19:00:00Z,364.11,365.67,363.95,364.86,290600,5427,364.878643
GOOG,1H,2026-07-06T20:00:00Z,364.43,364.43,364.43,364.43,149,8,364.43
GOOG,1H,2026-07-07T13:00:00Z,367.47,370.75,364.89,368.92,63702,1528,368.312046
GOOG,1H,2026-07-07T14:00:00Z,369.08,369.72,364.54,364.785,87852,1745,367.87141
GOOG,1H,2026-07-07T15:00:00Z,364.84,366.73,364.46,366.12,56749,1199,365.531399
GOOG,1H,2026-07-07T16:00:00Z,366.2,366.94,365.035,366.365,39127,1107,365.899335
GOOG,1H,2026-07-07T17:00:00Z,366.39,367.095,366.03,366.81,23042,651,366.449237
GOOG,1H,2026-07-07T18:00:00Z,366.93,367.26,365.29,365.4,53620,1208,366.396754
GOOG,1H,2026-07-07T19:00:00Z,365.58,365.73,362.44,363.66,96508,2440,364.476474
GOOG,1H,2026-07-08T12:00:00Z,360.42,360.42,360.2,360.2,230,10,360.346667
GOOG,1H,2026-07-08T13:00:00Z,362.43,364.7,359.71,359.73,53185,952,361.318507
GOOG,1H,2026-07-08T14:00:00Z,359.915,360.45,358.025,358.695,67551,1384,359.291176
GOOG,1H,2026-07-08T15:00:00Z,358.75,359.215,357.06,357.46,41970,1033,358.210061
GOOG,1H,2026-07-08T16:00:00Z,357.47,358.66,357.385,358,33374,848,358.060703
GOOG,1H,2026-07-08T17:00:00Z,357.875,358.13,355.555,355.63,42072,987,357.235749
GOOG,1H,2026-07-08T18:00:00Z,355.695,356.39,354.715,355.7,50847,1161,355.498924
GOOG,1H,2026-07-08T19:00:00Z,355.74,359.71,354.91,358.78,87767,2087,356.987655
GOOG,1H,2026-07-09T12:00:00Z,353.54,353.54,353.54,353.54,50,2,353.54
GOOG,1H,2026-07-09T13:00:00Z,353.93,356.255,351.085,353.63,63702,1097,354.215576
GOOG,1H,2026-07-09T14:00:00Z,354.03,354.335,348.695,350.815,112037,1880,350.43371
GOOG,1H,2026-07-09T15:00:00Z,350.72,351.46,349.8,350.33,44473,938,350.642959
GOOG,1H,2026-07-09T16:00:00Z,350.34,352.565,350.22,352.33,57377,1080,351.411293
GOOG,1H,2026-07-09T17:00:00Z,352.42,353.01,351.96,352.92,27717,648,352.47835
GOOG,1H,2026-07-09T18:00:00Z,352.95,354.195,352.95,353.95,40948,904,353.742231
GOOG,1H,2026-07-09T19:00:00Z,353.93,356.69,353.805,356.22,93506,2104,355.578337
GOOG,1H,2026-07-10T13:00:00Z,354.58,355.305,352.11,354.43,72607,1295,353.915655
GOOG,1H,2026-07-10T14:00:00Z,354.645,354.77,350.99,351.08,63396,1304,352.927259
GOOG,1H,2026-07-10T15:00:00Z,351.07,353.175,350.78,352.64,59101,1347,351.962656
GOOG,1H,2026-07-10T16:00:00Z,352.67,353.87,352.38,353.125,38944,855,353.216708
GOOG,1H,2026-07-10T17:00:00Z,353.08,353.1,351.585,352.67,41316,794,352.359721
GOOG,1H,2026-07-10T18:00:00Z,352.645,353.73,352.44,353.4,24419,630,353.283486
GOOG,1H,2026-07-10T19:00:00Z,353.45,355.595,353.45,355.04,48100,1203,354.749404
GOOG,1H,2026-07-13T13:00:00Z,353.99,355.66,352.07,354.09,74174,1435,353.495
GOOG,1H,2026-07-13T14:00:00Z,354.55,354.55,351.83,352.86,58566,1080,352.705704
GOOG,1H,2026-07-13T15:00:00Z,352.9,353.71,352.06,352.73,43734,1047,352.609877
GOOG,1H,2026-07-13T16:00:00Z,352.9,354.14,352.44,352.98,52134,1294,353.119225
GOOG,1H,2026-07-13T17:00:00Z,352.795,354.01,352.565,352.825,29448,728,353.223088
GOOG,1H,2026-07-13T18:00:00Z,352.81,353.61,352.26,352.295,57920,1084,352.911199
GOOG,1H,2026-07-13T19:00:00Z,352.29,352.82,349.95,350.66,74560,2048,351.21457
GOOG,1H,2026-07-14T13:00:00Z,349.37,352.49,348.94,351.67,25490,511,351.004266
GOOG,1H,2026-07-14T14:00:00Z,351.82,355.24,351.11,354.83,72094,1561,353.739376
GOOG,1H,2026-07-14T15:00:00Z,354.9,356.09,353.595,353.72,44007,977,355.218071
GOOG,1H,2026-07-14T16:00:00Z,353.85,354.06,352.355,353.95,30388,804,353.407947
GOOG,1H,2026-07-14T17:00:00Z,353.93,356.645,353.87,355.39,54398,979,355.456275
GOOG,1H,2026-07-14T18:00:00Z,355.47,356.045,354.685,355.83,42823,828,355.210646
GOOG,1H,2026-07-14T19:00:00Z,356.09,357.715,356.065,357.345,82608,1872,357.177372
GOOG,1H,2026-07-15T13:00:00Z,355.82,362.28,355.82,361.86,60552,1245,361.12574
GOOG,1H,2026-07-15T14:00:00Z,361.97,367.24,361.97,365.315,116067,2511,364.647071
GOOG,1H,2026-07-15T15:00:00Z,365.38,370.84,365.215,370.215,131283,2928,368.556726
GOOG,1H,2026-07-15T16:00:00Z,370.07,372.11,369.68,370.8,74493,1863,370.905025
GOOG,1H,2026-07-15T17:00:00Z,370.925,371.27,368.56,370.89,80015,2638,369.850028
GOOG,1H,2026-07-15T18:00:00Z,371.015,372.12,369.25,369.25,90933,2848,370.833442
GOOG,1H,2026-07-15T19:00:00Z,369.215,370.525,368.21,370.23,158799,4328,369.58051
GOOG,1H,2026-07-16T13:00:00Z,372.425,374.305,368.37,369.98,68239,1359,370.415641
GOOG,1H,2026-07-16T14:00:00Z,370.055,374.04,368.96,372.24,203502,3870,371.936298
GOOG,1H,2026-07-16T15:00:00Z,372.25,372.495,370.55,370.765,129138,2066,371.464145
GOOG,1H,2026-07-16T16:00:00Z,370.94,371.65,369.43,371.13,99485,1859,370.564611
GOOG,1H,2026-07-16T17:00:00Z,371.21,371.525,370.29,370.925,93878,1829,370.923849
GOOG,1H,2026-07-16T18:00:00Z,370.89,370.95,356.05,356.14,198554,3871,361.813755
GOOG,1H,2026-07-16T19:00:00Z,356.02,356.535,351.79,353.84,226568,5144,353.703533
GOOG,1H,2026-07-17T12:00:00Z,345.23,345.23,345.23,345.23,60,3,345.23
GOOG,1H,2026-07-17T13:00:00Z,345.74,347.99,341.14,346.055,116606,2183,344.044302
GOOG,1H,2026-07-17T14:00:00Z,346.24,347.6,344.035,345.19,107981,2756,345.839283
GOOG,1H,2026-07-17T15:00:00Z,345.15,347.78,344.51,346.875,77731,1552,346.334787
GOOG,1H,2026-07-17T16:00:00Z,346.91,347,345.32,346.63,78465,1476,345.976167
GOOG,1H,2026-07-17T17:00:00Z,346.795,347.19,342.815,343.38,119943,2190,344.729788
GOOG,1H,2026-07-17T18:00:00Z,343.38,344.94,342.36,344.72,91563,1683,343.638996
GOOG,1H,2026-07-17T19:00:00Z,344.66,346.87,343.71,346.17,122283,3241,345.07603
