symbol,timeframe,timestamp,open,high,low,close,volume,trade_count,vwap
META,1H,2025-07-18T13:00:00Z,699.6,700.67,693.32,694.09,28716,713,696.859136
META,1H,2025-07-18T14:00:00Z,694.03,695.19,689.54,695.16,43816,1446,692.43179
META,1H,2025-07-18T15:00:00Z,695.12,698.58,694.87,698.34,32791,784,696.749656
META,1H,2025-07-18T16:00:00Z,698.16,698.23,695.85,696.5,15608,352,697.524831
META,1H,2025-07-18T17:00:00Z,696.63,698.44,696.05,696.54,10842,339,697.027527
META,1H,2025-07-18T18:00:00Z,696.33,699.58,696.33,698.83,11949,462,698.034122
META,1H,2025-07-18T19:00:00Z,699.25,702.16,699.01,701.77,45256,1391,701.087655
META,1H,2025-07-21T13:00:00Z,704.49,714.41,704.13,712.33,55033,1204,710.888146
META,1H,2025-07-21T14:00:00Z,713.22,714.2,709.68,709.77,62460,1648,712.021091
META,1H,2025-07-21T15:00:00Z,709.86,711.14,709.12,710.16,38692,1109,710.357589
META,1H,2025-07-21T16:00:00Z,709.57,712.75,708.5,712.05,31698,908,710.511196
META,1H,2025-07-21T17:00:00Z,711.89,712.92,710.83,712.16,28697,872,711.964119
META,1H,2025-07-21T18:00:00Z,712.02,712.66,711.25,711.47,16737,537,712.246994
META,1H,2025-07-21T19:00:00Z,712.06,712.15,709.76,711.07,38968,1089,710.560033
META,1H,2025-07-22T13:00:00Z,713.47,713.47,700.81,701.83,33847,743,706.446241
META,1H,2025-07-22T14:00:00Z,701.62,704.99,699.25,702.19,91567,2153,702.71633
META,1H,2025-07-22T15:00:00Z,702.21,703.87,701.23,702.37,30632,702,702.558464
META,1H,2025-07-22T16:00:00Z,701.85,703.6,700.59,702.39,24430,631,701.361051
META,1H,2025-07-22T17:00:00Z,702.51,703.02,700.99,701.55,48382,1043,702.193165
META,1H,2025-07-22T18:00:00Z,701.44,704.44,700.3,703.91,24674,530,703.142899
META,1H,2025-07-22T19:00:00Z,704.11,706.31,701.71,702.62,61275,1530,703.963616
META,1H,2025-07-23T13:00:00Z,704.04,708.06,702.64,704.02,29233,677,705.507483
META,1H,2025-07-23T14:00:00Z,704.05,706.65,703.57,706.38,49855,983,705.778659
META,1H,2025-07-23T15:00:00Z,706.5,712.2,705.3,711.27,50543,1185,707.100379
META,1H,2025-07-23T16:00:00Z,711.21,711.34,707.26,708.2,25605,797,709.118467
META,1H,2025-07-23T17:00:00Z,707.88,711.11,707.83,711.11,11811,407,709.413321
META,1H,2025-07-23T18:00:00Z,710.97,711.59,710.39,711.59,23000,707,711.133526
META,1H,2025-07-23T19:00:00Z,711.41,711.88,709.84,711.15,46926,1436,711.026548
META,1H,2025-07-24T13:00:00Z,714.71,720.89,713.18,717.79,44782,1064,717.518533
META,1H,2025-07-24T14:00:00Z,718.35,720,713.33,718.34,62262,1545,717.318805
META,1H,2025-07-24T15:00:00Z,718.31,718.5,713.74,714.54,32896,885,715.866858
META,1H,2025-07-24T16:00:00Z,714.25,714.25,711.9,713.08,26439,742,713.102831
META,1H,2025-07-24T17:00:00Z,713.08,714.91,712.36,712.88,29173,664,713.913982
META,1H,2025-07-24T18:00:00Z,712.91,716.12,712.91,714.88,18534,516,715.272976
META,1H,2025-07-24T19:00:00Z,715.13,716.31,712.58,712.61,47135,1383,714.553954
META,1H,2025-07-25T13:00:00Z,714.57,716.34,711.15,715.46,14841,383,714.309988
META,1H,2025-07-25T14:00:00Z,716.55,717.32,713.09,714.6,19991,499,715.047597
META,1H,2025-07-25T15:00:00Z,714.36,715.86,714.21,715.49,13553,318,715.083009
META,1H,2025-07-25T16:00:00Z,715.62,717.24,714.54,716.9,9279,210,716.403992
META,1H,2025-07-25T17:00:00Z,716.99,718.27,715.55,716.12,17486,291,717.201703
META,1H,2025-07-25T18:00:00Z,715.46,715.6,713.79,714.35,12788,313,714.467647
META,1H,2025-07-25T19:00:00Z,714.19,714.19,709.92,710.61,58773,1370,711.023434
META,1H,2025-07-28T13:00:00Z,712.61,722.02,712.3,719.45,53499,1161,719.052599
META,1H,2025-07-28T14:00:00Z,719.52,720.23,715.53,716.08,62583,1759,717.7426
META,1H,2025-07-28T15:00:00Z,716.04,716.15,713.15,714.92,26002,885,715.206423
META,1H,2025-07-28T16:00:00Z,714.62,714.94,713.73,714.62,12327,439,714.328
META,1H,2025-07-28T17:00:00Z,713.91,714.31,711.69,711.74,37986,1169,712.973295
META,1H,2025-07-28T18:00:00Z,711.02,712.5,710.46,712.5,31408,857,711.280063
META,1H,2025-07-28T19:00:00Z,712.43,715.36,711.61,715.25,52051,1564,713.713751
META,1H,2025-07-29T13:00:00Z,717.67,722.07,712.44,714.35,38211,878,715.713476
META,1H,2025-07-29T14:00:00Z,714.4,714.44,710.25,711.62,71702,1319,712.58968
META,1H,2025-07-29T15:00:00Z,711.65,711.86,707.75,709.67,64339,1336,709.951591
META,1H,2025-07-29T16:00:00Z,710,710.3,706.27,708.86,48433,1011,708.061982
META,1H,2025-07-29T17:00:00Z,708.8,709.44,706.06,706.83,84489,1624,707.973389
META,1H,2025-07-29T18:00:00Z,706.77,707.12,704.42,704.42,97775,1617,706.508362
META,1H,2025-07-29T19:00:00Z,704.33,705.69,698.45,698.67,186488,3829,702.091411
META,1H,2025-07-30T13:00:00Z,705.11,705.11,697.96,699.15,47427,1098,699.836985
META,1H,2025-07-30T14:00:00Z,699.53,701.82,698.43,699.11,65058,1307,700.080796
META,1H,2025-07-30T15:00:00Z,699.2,699.91,696.68,698.62,72516,1473,698.663264
META,1H,2025-07-30T16:00:00Z,698.84,699.71,697.74,699.28,50612,1156,698.699937
META,1H,2025-07-30T17:00:00Z,699.28,700.34,697.69,698.17,53271,1128,698.781982
META,1H,2025-07-30T18:00:00Z,698.15,699.03,689.95,690.37,161405,3311,695.751845
META,1H,2025-07-30T19:00:00Z,690.19,694.94,689.73,692.98,277313,4902,692.317751
META,1H,2025-07-30T20:00:00Z,752.9,762.39,752.57,753.17,4114,217,756.092222
META,1H,2025-07-31T13:00:00Z,769.48,781.98,763.25,775.25,366301,5932,775.567348
META,1H,2025-07-31T14:00:00Z,774.75,781.94,768.76,771.44,228294,4437,775.138394
META,1H,2025-07-31T15:00:00Z,771.48,780.12,769.82,777.54,104304,2348,774.632489
META,1H,2025-07-31T16:00:00Z,777.69,779.18,774.83,776.75,61980,1233,777.230119
META,1H,2025-07-31T17:00:00Z,776.39,777.94,771.25,774.45,53810,1266,773.442891
META,1H,2025-07-31T18:00:00Z,774.43,777.45,772.66,774.28,72623,1561,775.37934
META,1H,2025-07-31T19:00:00Z,774.46,775.34,768.25,771.1,145095,3188,771.144587
META,1H,2025-08-01T13:00:00Z,758.58,763.18,747.06,750.93,89705,1856,755.420081
META,1H,2025-08-01T14:00:00Z,750.84,756.91,748.29,751.48,76622,1978,752.62876
META,1H,2025-08-01T15:00:00Z,750.34,753.92,749.08,752.78,46889,1502,751.844325
META,1H,2025-08-01T16:00:00Z,752.84,753.15,747.41,747.61,31393,824,751.047751
META,1H,2025-08-01T17:00:00Z,747.55,748.66,745.09,745.54,37525,905,746.568258
META,1H,2025-08-01T18:00:00Z,745.71,748.29,742.95,745.48,31023,876,745.635913
META,1H,2025-08-01T19:00:00Z,744.9,748.53,744.09,747.5,75331,2020,746.764267
META,1H,2025-08-04T13:00:00Z,757.69,764.44,755.97,761.35,123939,1907,761.292443
META,1H,2025-08-04T14:00:00Z,761.05,764.74,758.55,762.91,96975,1952,760.845957
META,1H,2025-08-04T15:00:00Z,763.6,771.76,763,769.74,54463,1511,767.781776
META,1H,2025-08-04T16:00:00Z,769.91,770.27,767.54,770.05,38312,958,769.291029
META,1H,2025-08-04T17:00:00Z,770.47,771.61,769.47,770.35,27459,773,770.213951
META,1H,2025-08-04T18:00:00Z,770.62,773.16,770.35,773,34255,951,771.98005
META,1H,2025-08-04T19:00:00Z,773.19,774.31,771.92,773.81,77882,2239,773.29154
META,1H,2025-08-05T13:00:00Z,774.18,780.27,771.14,779.88,48489,912,774.352214
META,1H,2025-08-05T14:00:00Z,777.95,778.05,764.93,767.31,44120,1183,772.191055
META,1H,2025-08-05T15:00:00Z,766.62,768.51,760.55,762.31,54724,1319,763.525802
META,1H,2025-08-05T16:00:00Z,762.41,765.45,762.41,765,31721,801,764.127907
META,1H,2025-08-05T17:00:00Z,764.64,766.95,762.95,766.63,21935,506,765.19489
META,1H,2025-08-05T18:00:00Z,766.53,766.62,761.95,763.27,28556,642,764.007872
META,1H,2025-08-05T19:00:00Z,762.92,763.32,760.76,760.87,45697,1441,762.08515
META,1H,2025-08-06T13:00:00Z,767.56,768.56,760.26,761.66,46559,1175,765.191459
META,1H,2025-08-06T14:00:00Z,761.28,765.26,758.07,765.04,47959,1313,762.019512
META,1H,2025-08-06T15:00:00Z,765.32,769.6,764.21,767.66,48168,1340,766.885498
META,1H,2025-08-06T16:00:00Z,768.23,770.99,767.84,769.45,19280,755,769.261184
META,1H,2025-08-06T17:00:00Z,769.55,769.55,766.55,767.99,16163,498,767.779201
META,1H,2025-08-06T18:00:00Z,768.4,769.73,768.25,769.01,8415,334,768.87871
META,1H,2025-08-06T19:00:00Z,768.93,770.06,767.27,769.28,33444,1256,769.073161
META,1H,2025-08-07T13:00:00Z,771.75,771.76,766.25,771.31,46492,1196,768.765562
META,1H,2025-08-07T14:00:00Z,772.12,772.17,766.49,767.59,27483,921,769.762255
META,1H,2025-08-07T15:00:00Z,768.51,768.73,765.11,766.18,23519,769,767.217733
META,1H,2025-08-07T16:00:00Z,764.65,765.92,761.4,764.63,21226,561,764.144507
META,1H,2025-08-07T17:00:00Z,764.48,764.91,760.74,762.08,9405,372,762.832443
META,1H,2025-08-07T18:00:00Z,762.21,762.21,757.35,758.38,22980,595,758.909221
META,1H,2025-08-07T19:00:00Z,758.35,761.49,758.19,759.08,65156,1835,759.713596
META,1H,2025-08-08T13:00:00Z,759.46,763.46,756.11,759.88,25147,591,759.969464
META,1H,2025-08-08T14:00:00Z,760.13,764.97,758.98,761.88,29288,810,762.884852
META,1H,2025-08-08T15:00:00Z,762.04,763.3,760.37,760.8,21349,622,761.678526
META,1H,2025-08-08T16:00:00Z,761.06,761.58,760.03,760.03,10835,243,761.049945
META,1H,2025-08-08T17:00:00Z,759.93,764.26,759.26,764.02,15364,438,762.091163
META,1H,2025-08-08T18:00:00Z,764.72,766.59,764.09,766.01,13884,456,765.431318
META,1H,2025-08-08T19:00:00Z,766.08,767.24,764.91,766.92,31214,1030,766.445937
META,1H,2025-08-11T13:00:00Z,767.81,769.76,764.3,766.01,21954,565,767.185483
META,1H,2025-08-11T14:00:00Z,765.36,770.52,764.54,766.03,23098,621,767.33949
META,1H,2025-08-11T15:00:00Z,765.32,767.48,764.9,766.69,12567,411,765.942803
META,1H,2025-08-11T16:00:00Z,767.27,770.58,767.27,768.79,13974,446,769.513416
META,1H,2025-08-11T17:00:00Z,768.73,770.58,767.22,767.39,11705,348,769.001363
META,1H,2025-08-11T18:00:00Z,767.56,767.56,763.69,765.2,12646,370,766.197613
META,1H,2025-08-11T19:00:00Z,765.54,766.2,762.37,763.63,34612,1134,763.849968
META,1H,2025-08-12T13:00:00Z,770.17,787.82,770.17,777.44,73993,1561,782.391906
META,1H,2025-08-12T14:00:00Z,776.07,784.65,773.53,783.17,55754,1219,779.621025
META,1H,2025-08-12T15:00:00Z,783.23,788.01,782.61,786.24,31388,839,785.385283
META,1H,2025-08-12T16:00:00Z,786.2,790.87,784.88,789.17,27155,823,789.198475
META,1H,2025-08-12T17:00:00Z,788.84,790.69,786.91,787.81,27001,704,789.219839
META,1H,2025-08-12T18:00:00Z,787.87,787.87,784.57,784.95,23848,606,786.026491
META,1H,2025-08-12T19:00:00Z,785.08,788.36,785.08,787.22,40163,1125,787.153311
META,1H,2025-08-13T13:00:00Z,788.65,792.65,784.49,787.65,25189,647,788.379773
META,1H,2025-08-13T14:00:00Z,787.11,788.62,783.08,783.52,24118,1225,785.701798
META,1H,2025-08-13T15:00:00Z,782.61,783.23,780.01,781.2,10207,315,781.977959
META,1H,2025-08-13T16:00:00Z,781.13,781.65,778.24,778.29,7574,290,779.868046
META,1H,2025-08-13T17:00:00Z,780.1,782.34,779.61,781.59,10748,349,781.31866
META,1H,2025-08-13T18:00:00Z,782.05,782.05,778.65,778.69,26963,627,780.368206
META,1H,2025-08-13T19:00:00Z,778.61,779.71,775.77,777.32,50081,1430,777.736653
META,1H,2025-08-14T13:00:00Z,775.34,780.76,770.02,778.99,20601,489,775.248851
META,1H,2025-08-14T14:00:00Z,778.29,785.05,775.28,783,25846,733,780.945111
META,1H,2025-08-14T15:00:00Z,783.11,784.71,780.05,784.62,22970,658,782.640124
META,1H,2025-08-14T16:00:00Z,784.26,784.26,781.6,784.08,15384,391,782.821699
META,1H,2025-08-14T17:00:00Z,784.19,784.68,781.12,781.81,13806,335,783.313609
META,1H,2025-08-14T18:00:00Z,781.65,781.65,778.94,780.53,14662,324,780.440576
META,1H,2025-08-14T19:00:00Z,780.96,781.33,779.72,779.91,28457,845,780.445366
META,1H,2025-08-15T13:00:00Z,781.59,785.3,778.69,784.44,41564,1003,783.133146
META,1H,2025-08-15T14:00:00Z,784.74,793.38,783.55,788.98,80880,2067,789.726045
META,1H,2025-08-15T15:00:00Z,788.97,789.2,783.62,787.07,17805,525,787.360893
META,1H,2025-08-15T16:00:00Z,785.88,787.47,785.59,787.19,10047,262,786.878722
META,1H,2025-08-15T17:00:00Z,787.97,787.97,784.85,786.15,10314,329,786.158288
META,1H,2025-08-15T18:00:00Z,785.79,786.66,784.68,785.25,13632,466,785.811285
META,1H,2025-08-15T19:00:00Z,784.66,785.65,782.22,782.74,45655,1282,783.600152
META,1H,2025-08-18T13:00:00Z,771.73,771.87,754.44,758.26,130366,2566,760.104588
META,1H,2025-08-18T14:00:00Z,759.71,764.9,757.94,763.97,41176,1070,761.739046
META,1H,2025-08-18T15:00:00Z,764.03,765.6,761.07,763.05,25321,604,763.757567
META,1H,2025-08-18T16:00:00Z,763.08,764.11,761.91,762.9,13283,376,763.054756
META,1H,2025-08-18T17:00:00Z,763.57,765.48,762.49,763.5,10558,269,764.119912
META,1H,2025-08-18T18:00:00Z,763.14,765.59,763.14,765.59,26357,593,764.752369
META,1H,2025-08-18T19:00:00Z,765.89,768.85,764.84,764.84,55318,1822,766.542336
META,1H,2025-08-19T13:00:00Z,763.95,764.39,754.74,757.16,38005,820,758.260662
META,1H,2025-08-19T14:00:00Z,757.48,757.7,749.53,749.53,66935,1709,752.973386
META,1H,2025-08-19T15:00:00Z,749.16,752.86,748.05,752.18,32563,932,750.150993
META,1H,2025-08-19T16:00:00Z,751.34,752.06,747.1,748.98,35952,799,749.675492
META,1H,2025-08-19T17:00:00Z,749.42,750.99,747.79,750.99,14147,469,749.481034
META,1H,2025-08-19T18:00:00Z,750.87,751.63,749.4,750.29,16082,524,750.623675
META,1H,2025-08-19T19:00:00Z,749.31,749.31,747.46,749.23,45695,1444,748.245221
META,1H,2025-08-20T13:00:00Z,745.58,747.61,728.77,731.76,59997,1261,736.814402
META,1H,2025-08-20T14:00:00Z,732.11,736.18,729.99,731.63,74560,2275,732.902443
META,1H,2025-08-20T15:00:00Z,731.07,740.79,731.03,736.61,54792,1355,736.189656
META,1H,2025-08-20T16:00:00Z,736.79,742.3,736.77,740.09,25965,709,740.479927
META,1H,2025-08-20T17:00:00Z,740.08,743.67,740.06,742.37,16031,463,741.982361
META,1H,2025-08-20T18:00:00Z,741.56,743.31,740.32,742.33,13052,466,741.876
META,1H,2025-08-20T19:00:00Z,742.66,746.85,742.63,745.25,48302,1887,745.147124
META,1H,2025-08-21T13:00:00Z,742.61,742.61,735.25,735.59,28436,702,738.047204
META,1H,2025-08-21T14:00:00Z,734.96,740.48,733.37,738.59,48193,1163,737.218799
META,1H,2025-08-21T15:00:00Z,738.59,739.41,735.06,735.77,16485,506,737.484704
META,1H,2025-08-21T16:00:00Z,735.82,735.82,732.32,732.32,14949,425,734.612475
META,1H,2025-08-21T17:00:00Z,732.83,734.95,730.9,734.09,9282,236,733.086604
META,1H,2025-08-21T18:00:00Z,734.62,735.23,733.5,735.08,8136,243,734.4476
META,1H,2025-08-21T19:00:00Z,735.4,736.91,735.4,736.72,28598,946,736.394976
META,1H,2025-08-22T13:00:00Z,734.05,741.47,732.87,736.95,27742,624,738.012358
META,1H,2025-08-22T14:00:00Z,737.97,751.73,737.97,750.8,79898,1911,747.364861
META,1H,2025-08-22T15:00:00Z,750.86,754.33,749.49,749.79,53949,1169,751.919672
META,1H,2025-08-22T16:00:00Z,750.08,750.57,747.52,747.52,14807,432,749.288667
META,1H,2025-08-22T17:00:00Z,747.13,752.01,746.98,751.78,16654,381,749.731166
META,1H,2025-08-22T18:00:00Z,751.72,752.54,750.79,750.89,17126,444,751.696894
META,1H,2025-08-22T19:00:00Z,750.81,752.81,750.5,752.49,30489,1049,751.856802
META,1H,2025-08-25T13:00:00Z,752.26,755.75,748.42,751.71,12635,363,751.569881
META,1H,2025-08-25T14:00:00Z,752.23,752.53,749.95,751.35,10002,331,751.603195
META,1H,2025-08-25T15:00:00Z,751.7,753.61,750.48,751.45,12064,341,752.553543
META,1H,2025-08-25T16:00:00Z,752.18,752.99,751.61,752.86,6337,210,752.33632
META,1H,2025-08-25T17:00:00Z,752.09,753.69,752.09,753.38,7559,199,753.236444
META,1H,2025-08-25T18:00:00Z,753.42,753.42,751.32,751.32,11964,306,752.567309
META,1H,2025-08-25T19:00:00Z,751.29,752.42,750.9,750.96,20851,760,751.718432
META,1H,2025-08-26T13:00:00Z,748.02,749.55,745.6,749.01,16871,477,747.565027
META,1H,2025-08-26T14:00:00Z,749.76,752.15,748.58,750.59,13893,436,750.465781
META,1H,2025-08-26T15:00:00Z,750.49,750.6,749.24,749.96,6456,231,749.987652
META,1H,2025-08-26T16:00:00Z,749.99,750.59,748.64,749.3,7228,246,749.52628
META,1H,2025-08-26T17:00:00Z,748.98,749.02,747.17,747.67,5133,163,748.252062
META,1H,2025-08-26T18:00:00Z,747.69,749.91,747.46,749.87,11098,353,748.596162
META,1H,2025-08-26T19:00:00Z,749.76,751.94,749.46,751.92,31088,1062,750.620975
META,1H,2025-08-27T13:00:00Z,749.58,750.85,744.33,744.7,38353,849,746.870458
META,1H,2025-08-27T14:00:00Z,746.35,749.87,746,746.78,24140,684,747.928345
META,1H,2025-08-27T15:00:00Z,746.32,746.59,744.88,746.44,24020,682,745.678814
META,1H,2025-08-27T16:00:00Z,746.08,746.08,740.95,743.33,19456,512,743.061614
META,1H,2025-08-27T17:00:00Z,743.19,744.48,742.55,744.18,11634,388,743.592072
META,1H,2025-08-27T18:00:00Z,743.87,746.02,743.81,744.6,12017,455,745.284046
META,1H,2025-08-27T19:00:00Z,744.56,745.29,742.5,744.86,31800,1033,744.408209
META,1H,2025-08-28T13:00:00Z,742.15,749.78,738.56,743.71,40655,903,744.248925
META,1H,2025-08-28T14:00:00Z,744.23,748.15,744.23,747.44,29366,629,746.624579
META,1H,2025-08-28T15:00:00Z,747.79,749.04,746.96,747.55,20873,591,747.966827
META,1H,2025-08-28T16:00:00Z,747.49,750.52,747.33,748.39,14964,406,749.189487
META,1H,2025-08-28T17:00:00Z,748.37,749.3,747.43,748.64,4082,111,748.408759
META,1H,2025-08-28T18:00:00Z,748.75,749.66,748.18,748.18,8037,282,748.887442
META,1H,2025-08-28T19:00:00Z,748.21,748.81,747.33,748.72,44544,1309,748.129871
META,1H,2025-08-29T13:00:00Z,741.07,744.31,737.17,737.44,23422,610,740.106927
META,1H,2025-08-29T14:00:00Z,737.28,738.35,734.96,736.24,26551,770,736.730694
META,1H,2025-08-29T15:00:00Z,736.39,739.78,736.39,739.28,14643,479,737.598365
META,1H,2025-08-29T16:00:00Z,738.34,738.73,736.99,737.91,10790,367,737.939253
META,1H,2025-08-29T17:00:00Z,736.64,736.64,733.69,735.51,16339,341,734.964475
META,1H,2025-08-29T18:00:00Z,735.17,737.55,735.01,735.28,10419,330,736.459804
META,1H,2025-08-29T19:00:00Z,735.42,736.14,733.11,735.8,31950,1112,734.958022
META,1H,2025-09-02T13:00:00Z,722.59,730.05,720.69,728.95,67727,1120,724.706749
META,1H,2025-09-02T14:00:00Z,729.49,732.29,727.77,731.23,53106,1259,729.741074
META,1H,2025-09-02T15:00:00Z,731.24,731.86,722.79,722.9,27644,774,726.62853
META,1H,2025-09-02T16:00:00Z,723.04,728.64,723.04,728.52,19692,666,726.09009
META,1H,2025-09-02T17:00:00Z,728.55,731.94,728.17,730.73,17968,669,729.814163
META,1H,2025-09-02T18:00:00Z,730.74,731.58,729.64,731.55,11496,424,730.19532
META,1H,2025-09-02T19:00:00Z,731.25,733.05,729.86,733.01,53920,1703,731.832029
META,1H,2025-09-03T13:00:00Z,733.31,737.53,732.27,734.58,19475,490,735.245028
META,1H,2025-09-03T14:00:00Z,732.98,736.57,732.91,734.16,38157,1150,734.577808
META,1H,2025-09-03T15:00:00Z,733.89,735.34,731.61,733.73,48029,1201,733.370327
META,1H,2025-09-03T16:00:00Z,733.78,736.1,732.71,733.8,18505,497,734.287992
META,1H,2025-09-03T17:00:00Z,733.92,735.4,732.17,733.21,8168,223,733.872771
META,1H,2025-09-03T18:00:00Z,733.37,734.11,732.53,734.11,3861,119,733.204834
META,1H,2025-09-03T19:00:00Z,734.07,734.71,733.36,734.55,37702,969,734.131418
META,1H,2025-09-04T13:00:00Z,746.12,758.37,745.32,746.27,74383,1305,751.878732
META,1H,2025-09-04T14:00:00Z,746.4,752.29,743.52,751.91,66630,1379,748.13519
META,1H,2025-09-04T15:00:00Z,751.91,752.09,747.75,747.93,36052,936,750.524026
META,1H,2025-09-04T16:00:00Z,747.69,748.15,744.67,744.7,28559,693,746.438045
META,1H,2025-09-04T17:00:00Z,744.38,746.7,744.38,745.8,24317,542,745.50701
META,1H,2025-09-04T18:00:00Z,745.9,746.23,745.18,746.06,14729,348,745.792531
META,1H,2025-09-04T19:00:00Z,746.16,746.47,744,746.13,45544,1224,745.320698
META,1H,2025-09-05T13:00:00Z,750.21,755.15,749.31,755.14,63777,1397,751.973243
META,1H,2025-09-05T14:00:00Z,755.14,755.14,746.43,747.7,56242,1493,750.772289
META,1H,2025-09-05T15:00:00Z,747.47,751.6,742.87,749.71,44432,1232,748.037383
META,1H,2025-09-05T16:00:00Z,749.53,750,745.94,746.75,10730,315,748.006297
META,1H,2025-09-05T17:00:00Z,745.91,747.76,745.11,747.47,13994,427,746.981066
META,1H,2025-09-05T18:00:00Z,746.92,749.98,746.92,749.91,7015,221,748.650933
META,1H,2025-09-05T19:00:00Z,750.33,752.97,748.55,748.92,38561,1099,750.618921
META,1H,2025-09-08T13:00:00Z,754.49,763.83,754.49,760.2,54449,1073,760.502221
META,1H,2025-09-08T14:00:00Z,760.03,761.79,756.8,757.86,49100,1147,758.826072
META,1H,2025-09-08T15:00:00Z,757.43,759.9,756.12,759.9,19152,535,757.591337
META,1H,2025-09-08T16:00:00Z,759.81,759.81,756.41,757.18,12103,270,757.562174
META,1H,2025-09-08T17:00:00Z,757.66,758.19,755.64,756.14,17824,427,757.377335
META,1H,2025-09-08T18:00:00Z,755.91,758.32,755.65,756.36,15714,394,757.020063
META,1H,2025-09-08T19:00:00Z,755.9,756.66,749.59,750.31,62199,1426,753.1203
META,1H,2025-09-09T13:00:00Z,755.46,761.22,751.19,759.64,32205,651,759.035203
META,1H,2025-09-09T14:00:00Z,760.28,760.94,756.52,759.34,37748,862,759.307982
META,1H,2025-09-09T15:00:00Z,759.46,759.6,755.35,757.85,15611,455,757.668091
META,1H,2025-09-09T16:00:00Z,757.34,759.39,756.83,759.12,24303,597,757.767101
META,1H,2025-09-09T17:00:00Z,758.39,761.8,758.39,760.8,27801,719,760.644379
META,1H,2025-09-09T18:00:00Z,760.76,761.94,759.87,761.03,27217,711,761.078727
META,1H,2025-09-09T19:00:00Z,761.16,763.67,760.69,763.3,65392,2037,762.397033
META,1H,2025-09-10T13:00:00Z,761.89,763.11,749.72,752.84,37914,804,753.667776
META,1H,2025-09-10T14:00:00Z,752.85,755.45,750.73,750.76,25899,614,753.579924
META,1H,2025-09-10T15:00:00Z,754.46,755.67,751.54,755.51,13041,356,753.761321
META,1H,2025-09-10T16:00:00Z,755.13,755.38,753.33,755.24,18157,520,754.552814
META,1H,2025-09-10T17:00:00Z,755.55,757.04,752.68,752.7,14351,331,754.997666
META,1H,2025-09-10T18:00:00Z,753.21,754.27,752.02,753.62,18136,403,753.41654
META,1H,2025-09-10T19:00:00Z,753.31,753.31,748.59,749.49,57965,1543,750.27467
META,1H,2025-09-11T13:00:00Z,752.64,753.1,746.49,751.7,34913,802,749.623926
META,1H,2025-09-11T14:00:00Z,751.94,754.39,747.94,749.81,21666,640,750.835229
META,1H,2025-09-11T15:00:00Z,750.32,751.55,746.69,748.19,25647,616,749.582861
META,1H,2025-09-11T16:00:00Z,748.74,750.66,748.17,749.02,12280,371,748.933372
META,1H,2025-09-11T17:00:00Z,749.6,751.76,749.57,751.76,5838,196,750.77871
META,1H,2025-09-11T18:00:00Z,751.35,752.8,749.21,749.21,9612,236,750.972084
META,1H,2025-09-11T19:00:00Z,749.41,750.92,748.27,748.73,33466,987,749.421998
META,1H,2025-09-12T13:00:00Z,745.9,747.08,741.53,745.26,21756,582,745.390064
META,1H,2025-09-12T14:00:00Z,745.22,749.25,745.13,748.11,17399,506,747.031593
META,1H,2025-09-12T15:00:00Z,748.06,748.08,746.16,747.7,21043,454,747.559182
META,1H,2025-09-12T16:00:00Z,747.72,753.06,747.28,753.06,11694,339,749.465185
META,1H,2025-09-12T17:00:00Z,753.72,753.72,751.13,752.46,13909,368,752.569951
META,1H,2025-09-12T18:00:00Z,752.28,754.65,751.89,752.47,13677,403,753.238858
META,1H,2025-09-12T19:00:00Z,752.69,753.76,750.78,753.21,33237,919,752.251499
META,1H,2025-09-15T13:00:00Z,754.34,761.11,749.95,756.1,50603,828,755.316187
META,1H,2025-09-15T14:00:00Z,756.05,756.85,753.38,756.82,34214,903,755.090409
META,1H,2025-09-15T15:00:00Z,757.52,763.6,757.28,762.92,34386,763,761.239427
META,1H,2025-09-15T16:00:00Z,762.89,770.73,761.11,763.69,67247,1311,766.581254
META,1H,2025-09-15T17:00:00Z,764.06,764.9,762,763.2,18833,478,763.602779
META,1H,2025-09-15T18:00:00Z,763.75,764.8,761.74,763,14046,377,763.283084
META,1H,2025-09-15T19:00:00Z,763.08,763.81,760.39,762.1,40097,1298,761.927684
META,1H,2025-09-16T13:00:00Z,765.3,771.98,763.48,767,45370,902,768.468472
META,1H,2025-09-16T14:00:00Z,766.39,767.87,764.26,766.01,35972,892,766.056474
META,1H,2025-09-16T15:00:00Z,766.3,767.58,764.75,764.94,19706,510,765.95103
META,1H,2025-09-16T16:00:00Z,764.78,765.69,762.84,765.21,8569,222,764.332901
META,1H,2025-09-16T17:00:00Z,765.09,769.88,765.09,769.44,18443,464,768.287893
META,1H,2025-09-16T18:00:00Z,769.14,772.37,767.77,772.06,27168,599,770.797352
META,1H,2025-09-16T19:00:00Z,772.09,778.71,770.89,776.32,90093,2342,775.562438
META,1H,2025-09-17T13:00:00Z,776.55,780.73,767.61,767.87,33637,591,773.141965
META,1H,2025-09-17T14:00:00Z,767.91,771.05,767.37,769.1,26484,695,769.174359
META,1H,2025-09-17T15:00:00Z,768.89,772.16,767.19,771.67,23130,680,769.329051
META,1H,2025-09-17T16:00:00Z,770.98,773.79,770.65,771.16,16778,440,772.564537
META,1H,2025-09-17T17:00:00Z,770.86,771.73,768.34,769.58,28369,571,770.710257
META,1H,2025-09-17T18:00:00Z,770.2,770.2,764.2,769.75,31716,816,766.878907
META,1H,2025-09-17T19:00:00Z,769.95,777.29,769.95,772.68,52420,1229,774.491068
META,1H,2025-09-18T13:00:00Z,779.21,784.9,771.28,780.11,62474,1080,779.309944
META,1H,2025-09-18T14:00:00Z,780.34,785.74,780,783.74,49532,1238,783.834572
META,1H,2025-09-18T15:00:00Z,783.31,783.9,777.06,777.1,37739,1026,781.072367
META,1H,2025-09-18T16:00:00Z,777.35,782.95,776,781.79,26576,730,780.801862
META,1H,2025-09-18T17:00:00Z,781.34,783.31,778.68,779.69,21190,537,780.181631
META,1H,2025-09-18T18:00:00Z,779.24,782.32,779.16,781.77,19169,579,781.253848
META,1H,2025-09-18T19:00:00Z,781.63,782.13,776.23,777.64,56102,1468,778.792573
META,1H,2025-09-19T13:00:00Z,783.64,787.9,778.25,779.66,55048,969,781.867283
META,1H,2025-09-19T14:00:00Z,779.78,780.24,775.05,776.66,46241,1003,777.338903
META,1H,2025-09-19T15:00:00Z,777,777.25,771.71,771.73,66757,1223,773.79329
META,1H,2025-09-19T16:00:00Z,771.78,772.49,766.78,771,91702,1896,769.906325
META,1H,2025-09-19T17:00:00Z,771.03,771.91,767.58,769.29,58760,1318,769.482234
META,1H,2025-09-19T18:00:00Z,769.26,770.01,767.23,769.84,43250,1064,768.238439
META,1H,2025-09-19T19:00:00Z,770.25,776.48,770.02,775.96,106804,2456,772.87614
META,1H,2025-09-22T13:00:00Z,779.65,783.46,777.11,778.37,38110,794,780.291974
META,1H,2025-09-22T14:00:00Z,778.77,780.34,776.23,777.87,35066,761,777.889989
META,1H,2025-09-22T15:00:00Z,777.74,778.05,772.88,772.88,38073,935,775.487065
META,1H,2025-09-22T16:00:00Z,772.88,773.19,768.75,768.85,38517,894,770.837378
META,1H,2025-09-22T17:00:00Z,768.41,771.44,768.16,770.08,33722,609,769.570179
META,1H,2025-09-22T18:00:00Z,770.14,770.14,766.26,766.26,33137,715,767.991707
META,1H,2025-09-22T19:00:00Z,767.09,767.66,762.52,763.16,70983,1556,764.464641
META,1H,2025-09-23T13:00:00Z,767.25,767.25,757.13,757.94,40925,1098,760.740413
META,1H,2025-09-23T14:00:00Z,757.61,768.37,757.35,766.52,73406,1668,763.446711
META,1H,2025-09-23T15:00:00Z,766.91,768.48,764.15,764.99,20049,586,766.157831
META,1H,2025-09-23T16:00:00Z,765.34,765.34,760.88,761.86,24251,840,762.739117
META,1H,2025-09-23T17:00:00Z,761.48,762.18,756.54,759.25,31324,844,759.175085
META,1H,2025-09-23T18:00:00Z,759.45,759.68,749.71,749.71,36096,1051,753.313754
META,1H,2025-09-23T19:00:00Z,749.89,754.82,749.13,753.74,69131,1928,751.899747
META,1H,2025-09-24T13:00:00Z,755.66,758.19,752.45,753.35,59360,1171,755.282572
META,1H,2025-09-24T14:00:00Z,752.38,756.53,752.19,753.79,38480,880,754.489124
META,1H,2025-09-24T15:00:00Z,753.5,757.66,753.5,753.59,24284,693,755.917848
META,1H,2025-09-24T16:00:00Z,753.76,755.33,751.14,751.17,18397,527,753.139479
META,1H,2025-09-24T17:00:00Z,751.25,754,751.03,752.74,8622,242,752.266549
META,1H,2025-09-24T18:00:00Z,752.46,755.99,752.32,755.9,7237,227,753.85
META,1H,2025-09-24T19:00:00Z,756.39,759.1,755.88,758.84,46364,1448,757.608357
META,1H,2025-09-25T13:00:00Z,751.57,753.51,742.85,744.71,63271,990,748.6473
META,1H,2025-09-25T14:00:00Z,743.88,748.24,743.26,747.26,62397,1713,746.055018
META,1H,2025-09-25T15:00:00Z,747.06,754.42,746.1,751.86,27918,641,749.880724
META,1H,2025-09-25T16:00:00Z,752.54,754.56,747.86,748.19,13001,341,751.05736
META,1H,2025-09-25T17:00:00Z,748.38,749.26,744.65,745.41,13564,401,746.783447
META,1H,2025-09-25T18:00:00Z,745.22,749.18,744.63,747.99,21431,306,745.903365
META,1H,2025-09-25T19:00:00Z,748.11,748.67,746.75,747.08,32344,889,747.568057
META,1H,2025-09-26T13:00:00Z,747.99,749.05,745.05,746.72,30050,619,747.479395
META,1H,2025-09-26T14:00:00Z,747.07,747.62,738.09,739.66,83722,1023,741.037461
META,1H,2025-09-26T15:00:00Z,739.44,740.48,736.05,736.54,30993,1019,739.217103
META,1H,2025-09-26T16:00:00Z,736.42,740.67,735.54,740.22,49127,1038,738.798987
META,1H,2025-09-26T17:00:00Z,740.24,743.65,739.8,741.8,31703,825,741.902058
META,1H,2025-09-26T18:00:00Z,741.73,743.07,740.54,740.81,48499,876,741.728452
META,1H,2025-09-26T19:00:00Z,740.57,742.18,737.85,742.04,88473,2296,739.508457
META,1H,2025-09-29T13:00:00Z,746.83,748.8,743.48,746.98,48662,826,746.254312
META,1H,2025-09-29T14:00:00Z,747.67,747.8,743.79,745.9,39854,895,745.512549
META,1H,2025-09-29T15:00:00Z,745.95,746.97,743.19,743.56,23358,791,744.544442
META,1H,2025-09-29T16:00:00Z,743.51,747.51,743.51,744.23,12001,354,745.156728
META,1H,2025-09-29T17:00:00Z,743.9,743.92,741.64,741.95,24844,674,742.603628
META,1H,2025-09-29T18:00:00Z,741.69,742.07,740.76,742.01,45333,658,741.71242
META,1H,2025-09-29T19:00:00Z,741.95,742.18,737.5,741.56,82980,2089,740.589142
META,1H,2025-09-30T13:00:00Z,739.74,740.44,727.43,727.55,63881,1491,731.933099
META,1H,2025-09-30T14:00:00Z,727.55,732.77,724.67,732.46,85532,2684,728.764995
META,1H,2025-09-30T15:00:00Z,732.83,733.75,729.92,733.74,47054,1475,731.961346
META,1H,2025-09-30T16:00:00Z,733.48,733.48,729.12,729.54,33719,1017,731.459535
META,1H,2025-09-30T17:00:00Z,728.9,729.46,725.83,728.32,51647,1558,727.221837
META,1H,2025-09-30T18:00:00Z,728.08,730.68,727.77,729.64,42302,1286,729.406312
META,1H,2025-09-30T19:00:00Z,729.74,735.21,728.86,732.11,107190,2865,731.678645
META,1H,2025-10-01T12:00:00Z,720.13,720.13,720.13,720.13,248,7,720.13
META,1H,2025-10-01T13:00:00Z,719.37,719.5,709.86,710.35,166896,2852,716.120841
META,1H,2025-10-01T14:00:00Z,710,715.43,708.75,714.59,112250,2317,712.83286
META,1H,2025-10-01T15:00:00Z,714.73,715.53,712.25,713.61,99353,2176,713.939298
META,1H,2025-10-01T16:00:00Z,713.23,717.56,711.02,717.56,67192,2031,715.42676
META,1H,2025-10-01T17:00:00Z,717.15,719.27,715.49,715.94,31675,806,717.288272
META,1H,2025-10-01T18:00:00Z,716.15,719.31,715.28,717.63,39651,1039,717.378199
META,1H,2025-10-01T19:00:00Z,717.73,717.73,714.65,715.88,71840,1934,716.130349
META,1H,2025-10-02T13:00:00Z,720.73,725.66,718.39,721.6,70207,1407,722.136592
META,1H,2025-10-02T14:00:00Z,721.27,722,717.66,718.75,41565,996,720.20537
META,1H,2025-10-02T15:00:00Z,718.2,719.6,716.37,718.85,29836,643,718.101362
META,1H,2025-10-02T16:00:00Z,718.84,721.31,717.59,721.2,32742,662,718.614464
META,1H,2025-10-02T17:00:00Z,720.94,724.9,720.66,724.43,31279,610,723.330962
META,1H,2025-10-02T18:00:00Z,724.26,724.89,723.09,724.62,29601,692,724.04471
META,1H,2025-10-02T19:00:00Z,724.36,725.15,722.57,725.15,72508,1982,723.73219
META,1H,2025-10-03T13:00:00Z,727.19,728.69,714.19,716.51,98853,1806,718.51054
META,1H,2025-10-03T14:00:00Z,716.62,718.42,715.65,717.33,67083,1463,716.877208
META,1H,2025-10-03T15:00:00Z,717.41,718.33,713.29,717.41,54860,1284,716.234098
META,1H,2025-10-03T16:00:00Z,718.06,718.22,715.82,717.13,33732,980,717.194813
META,1H,2025-10-03T17:00:00Z,716.49,716.49,711.03,713.04,56725,1477,713.25129
META,1H,2025-10-03T18:00:00Z,713.12,713.75,711.4,713.41,29584,949,712.397507
META,1H,2025-10-03T19:00:00Z,713.78,713.94,708.35,708.93,80509,2037,711.364944
META,1H,2025-10-06T13:00:00Z,703.21,703.21,688.9,698.12,197188,3445,693.679196
META,1H,2025-10-06T14:00:00Z,698.09,704.59,697.36,703.33,161514,3059,700.415186
META,1H,2025-10-06T15:00:00Z,703.37,706.19,699.34,705.57,110396,1992,702.776085
META,1H,2025-10-06T16:00:00Z,705.71,707.27,703.69,707.09,78007,1187,704.637823
META,1H,2025-10-06T17:00:00Z,707.18,712.51,705.61,711.18,88926,1701,707.785067
META,1H,2025-10-06T18:00:00Z,710.72,714.89,710.36,713.32,145505,2177,713.738253
META,1H,2025-10-06T19:00:00Z,713.35,714.24,709.22,713.55,139460,3349,711.868959
META,1H,2025-10-07T13:00:00Z,715.17,716.44,708.05,708.23,39264,1072,711.5121
META,1H,2025-10-07T14:00:00Z,708.1,713.78,706.73,712.14,52487,1229,709.840527
META,1H,2025-10-07T15:00:00Z,711.61,712.24,706.24,706.57,35882,965,709.172895
META,1H,2025-10-07T16:00:00Z,708.26,708.46,704.32,704.32,15966,380,707.416145
META,1H,2025-10-07T17:00:00Z,704.41,706.86,704.32,705.92,18943,467,705.958061
META,1H,2025-10-07T18:00:00Z,705.31,708.11,705.31,707.62,14488,410,706.621654
META,1H,2025-10-07T19:00:00Z,707.76,712.01,707.37,711.14,76554,2148,709.999353
META,1H,2025-10-08T13:00:00Z,711.65,713.13,705.98,711.68,64742,1390,709.51462
META,1H,2025-10-08T14:00:00Z,711.55,714.43,710.39,714.1,85601,1347,712.681432
META,1H,2025-10-08T15:00:00Z,714.81,716.32,713.35,715.88,29813,941,714.83518
META,1H,2025-10-08T16:00:00Z,715.99,716.35,712.88,713.31,20518,470,715.074502
META,1H,2025-10-08T17:00:00Z,713.68,717.58,712.64,716.7,26893,550,715.692746
META,1H,2025-10-08T18:00:00Z,716.52,717.37,714.99,716.06,25916,706,716.164416
META,1H,2025-10-08T19:00:00Z,716.1,717.57,714.84,715.9,58917,1906,716.183451
META,1H,2025-10-09T13:00:00Z,716.87,720.28,711.34,715.96,33154,793,716.318127
META,1H,2025-10-09T14:00:00Z,715.36,718.46,714.96,718.42,27652,691,716.813315
META,1H,2025-10-09T15:00:00Z,718.52,725.3,717.58,724.28,95782,1843,721.179359
META,1H,2025-10-09T16:00:00Z,724.51,727.32,723.09,723.86,85568,1625,725.539058
META,1H,2025-10-09T17:00:00Z,723.93,727.48,723.74,727.31,31225,812,725.398923
META,1H,2025-10-09T18:00:00Z,727.03,729.28,726.13,729.24,33465,702,728.136662
META,1H,2025-10-09T19:00:00Z,729.66,731.59,729.14,731.4,117145,2476,730.480001
META,1H,2025-10-10T13:00:00Z,730.2,733.26,726.18,729.09,39995,900,729.778653
META,1H,2025-10-10T14:00:00Z,730.03,732.01,723.07,723.85,53008,1359,729.318485
META,1H,2025-10-10T15:00:00Z,723.65,723.65,708.2,712.82,119122,2540,714.587448
META,1H,2025-10-10T16:00:00Z,713.15,715.59,708.67,709.23,49846,1246,712.519119
META,1H,2025-10-10T17:00:00Z,709.1,712.31,707.15,710.75,40474,1029,709.771528
META,1H,2025-10-10T18:00:00Z,710.09,710.7,707.87,709.7,36317,902,709.370507
META,1H,2025-10-10T19:00:00Z,709.51,710.98,702.89,703.55,90317,2288,705.692429
META,1H,2025-10-13T13:00:00Z,711.42,715.36,706.07,715.27,53889,1158,710.256575
META,1H,2025-10-13T14:00:00Z,715.27,718,707.04,707.04,63395,1257,713.634291
META,1H,2025-10-13T15:00:00Z,706.95,712.74,706.7,710.42,20053,558,709.383176
META,1H,2025-10-13T16:00:00Z,710.18,712.55,710.18,712.03,17845,475,711.337462
META,1H,2025-10-13T17:00:00Z,711.9,712.17,710.38,710.68,11109,370,711.135442
META,1H,2025-10-13T18:00:00Z,712.6,713.55,711.57,711.8,4613,153,712.582381
META,1H,2025-10-13T19:00:00Z,711.58,714.13,711.12,713.68,50364,1455,713.204882
META,1H,2025-10-14T13:00:00Z,705.42,705.97,698.17,705.97,67859,1091,700.9227
META,1H,2025-10-14T14:00:00Z,706.37,709.26,706.25,708.5,24901,595,707.812724
META,1H,2025-10-14T15:00:00Z,708.24,713.49,708.16,712.75,23003,586,710.387828
META,1H,2025-10-14T16:00:00Z,713.04,713.09,709.68,712.61,30475,829,711.185661
META,1H,2025-10-14T17:00:00Z,711.94,712.23,710.15,710.84,9823,332,711.336967
META,1H,2025-10-14T18:00:00Z,710.71,710.76,708.56,709.6,10728,387,709.366305
META,1H,2025-10-14T19:00:00Z,709.95,710.72,703.1,706.82,62279,1824,706.971149
META,1H,2025-10-15T13:00:00Z,714.9,718.13,711.48,717.61,60847,1170,715.730222
META,1H,2025-10-15T14:00:00Z,717.46,721.72,717.04,721.4,33002,849,719.8513
META,1H,2025-10-15T15:00:00Z,721.64,721.64,711.75,713.92,27951,777,715.967106
META,1H,2025-10-15T16:00:00Z,713.59,716.74,712.97,713.38,20391,621,715.025145
META,1H,2025-10-15T17:00:00Z,712.46,714.76,708.16,714.36,26250,880,711.826002
META,1H,2025-10-15T18:00:00Z,714.29,716.57,713.34,716.14,20775,553,715.124956
META,1H,2025-10-15T19:00:00Z,715.88,716.04,713.2,715.8,51939,1503,714.830243
META,1H,2025-10-16T13:00:00Z,715.69,723.37,715.69,720.74,25986,649,719.651964
META,1H,2025-10-16T14:00:00Z,719.56,722.53,717.29,719.23,25889,728,719.316682
META,1H,2025-10-16T15:00:00Z,719.53,719.99,715.41,715.88,17270,521,717.469916
META,1H,2025-10-16T16:00:00Z,715.12,716.01,708.81,711.39,36674,699,710.539082
META,1H,2025-10-16T17:00:00Z,711.68,711.7,706.52,707.96,68717,1224,709.127927
META,1H,2025-10-16T18:00:00Z,707.11,707.67,702.27,707.16,45847,875,704.212785
META,1H,2025-10-16T19:00:00Z,706.86,710.78,705.38,710.3,51079,1352,708.060144
META,1H,2025-10-17T13:00:00Z,707.29,712.95,704.61,708.82,31368,925,709.131253
META,1H,2025-10-17T14:00:00Z,708.97,713.73,706.71,706.71,30579,914,711.04662
META,1H,2025-10-17T15:00:00Z,707.07,709.32,705.57,708.02,18568,541,707.532948
META,1H,2025-10-17T16:00:00Z,707.79,711.44,707.77,709.44,8100,229,709.892028
META,1H,2025-10-17T17:00:00Z,709.67,712.94,708.74,712.74,11426,387,710.868157
META,1H,2025-10-17T18:00:00Z,712.65,715.14,712.36,714.29,23770,566,714.286105
META,1H,2025-10-17T19:00:00Z,714.31,716.63,713.74,714.9,56590,1559,715.49868
META,1H,2025-10-20T13:00:00Z,719.34,729.02,718.48,727.33,53097,1224,724.048558
META,1H,2025-10-20T14:00:00Z,727.61,730.22,726.91,729.8,56469,1440,729.134329
META,1H,2025-10-20T15:00:00Z,729.17,729.41,726.86,728.05,21380,577,728.511431
META,1H,2025-10-20T16:00:00Z,727.91,729.73,726.69,728.22,28851,759,728.27142
META,1H,2025-10-20T17:00:00Z,728.65,731.36,728.65,730.99,20355,601,729.958692
META,1H,2025-10-20T18:00:00Z,731.21,731.69,729.53,730.49,22526,545,730.988032
META,1H,2025-10-20T19:00:00Z,730.44,731.49,729.62,730.3,55799,1593,730.347779
META,1H,2025-10-21T13:00:00Z,734.56,736.33,730.61,731.19,41321,939,732.536254
META,1H,2025-10-21T14:00:00Z,732.3,732.35,729.28,729.28,37748,767,730.568842
META,1H,2025-10-21T15:00:00Z,729.72,730.42,727.01,729.63,39520,1051,728.525844
META,1H,2025-10-21T16:00:00Z,729.66,732.71,729.66,730.09,27077,726,731.325062
META,1H,2025-10-21T17:00:00Z,729.53,731.22,728.19,730.36,19360,571,729.97333
META,1H,2025-10-21T18:00:00Z,731.32,731.36,730.33,730.7,5256,184,730.716923
META,1H,2025-10-21T19:00:00Z,730.68,732.27,730.68,731.19,24496,868,731.639917
META,1H,2025-10-22T13:00:00Z,731.6,736.93,729.33,735.03,35587,686,733.252689
META,1H,2025-10-22T14:00:00Z,735.14,738.54,728.58,734.61,62150,1543,733.012624
META,1H,2025-10-22T15:00:00Z,734.39,734.51,726.45,730.94,41989,988,730.441913
META,1H,2025-10-22T16:00:00Z,730.47,730.51,722.93,726.63,26530,652,726.634804
META,1H,2025-10-22T17:00:00Z,726.73,727.15,722.38,723.92,15710,472,724.455234
META,1H,2025-10-22T18:00:00Z,724.48,728.37,724.27,728.37,14812,375,726.346936
META,1H,2025-10-22T19:00:00Z,728.31,731.59,727.65,731.43,49569,1757,730.680525
META,1H,2025-10-23T13:00:00Z,732.2,740.14,731.8,738.08,62573,975,735.12888
META,1H,2025-10-23T14:00:00Z,738.57,739.72,736.19,736.37,38975,1161,737.726889
META,1H,2025-10-23T15:00:00Z,736.69,739.52,736.69,739.08,38878,1019,738.091171
META,1H,2025-10-23T16:00:00Z,739.06,740.08,735.9,736.06,20271,504,737.932334
META,1H,2025-10-23T17:00:00Z,736.21,736.38,734,735.15,35836,628,735.669607
META,1H,2025-10-23T18:00:00Z,735.21,735.25,731.21,732.11,25323,976,732.842665
META,1H,2025-10-23T19:00:00Z,732.25,733.82,731.84,732.03,66212,2022,732.660249
META,1H,2025-10-24T13:00:00Z,735.31,737.26,730.4,731.89,34177,861,733.952011
META,1H,2025-10-24T14:00:00Z,731.57,735.33,731,731.25,24765,750,733.123823
META,1H,2025-10-24T15:00:00Z,731.6,731.91,729.33,730.64,19309,670,730.554046
META,1H,2025-10-24T16:00:00Z,731.24,735.48,730.61,734.53,11766,424,732.952666
META,1H,2025-10-24T17:00:00Z,735.07,736.2,734.87,735.58,10719,359,735.474401
META,1H,2025-10-24T18:00:00Z,735.06,739.18,735.06,736.58,22921,602,737.350927
META,1H,2025-10-24T19:00:00Z,736.65,737.61,735.46,736.67,35128,1192,736.767462
META,1H,2025-10-27T13:00:00Z,747.79,753.58,747.47,753.38,60372,1339,750.370561
META,1H,2025-10-27T14:00:00Z,753.41,753.66,750.24,750.61,54971,1286,751.563074
META,1H,2025-10-27T15:00:00Z,750.54,750.77,746.85,749.95,64684,1348,749.370752
META,1H,2025-10-27T16:00:00Z,750.05,750.66,747.54,747.92,35403,855,749.360666
META,1H,2025-10-27T17:00:00Z,747.86,749.37,746.31,749.33,27952,750,748.028814
META,1H,2025-10-27T18:00:00Z,749.13,749.41,747.99,749.2,29969,820,748.676909
META,1H,2025-10-27T19:00:00Z,749.15,752.34,748.57,748.79,63428,1974,749.780223
META,1H,2025-10-28T13:00:00Z,750.81,756.28,750.81,754.78,44678,758,753.450711
META,1H,2025-10-28T14:00:00Z,754.79,754.93,744.01,748.45,79301,1731,747.631377
META,1H,2025-10-28T15:00:00Z,748.76,752.74,748.74,749.13,36195,1002,750.685342
META,1H,2025-10-28T16:00:00Z,749.27,753.34,749.09,751.59,54660,1081,750.677337
META,1H,2025-10-28T17:00:00Z,752.31,754.61,752.06,753.01,23727,594,753.430292
META,1H,2025-10-28T18:00:00Z,753.13,754.49,752.2,752.4,19344,532,753.203363
META,1H,2025-10-28T19:00:00Z,752.22,752.22,748.95,749.39,96882,2500,750.442844
META,1H,2025-10-29T13:00:00Z,752.82,756.85,744.72,746.7,77468,1523,748.871525
META,1H,2025-10-29T14:00:00Z,746.85,748.77,743.68,745.13,83361,2005,746.346571
META,1H,2025-10-29T15:00:00Z,744.85,749.2,744.57,749.2,66458,1459,746.408849
META,1H,2025-10-29T16:00:00Z,749.35,749.88,746.07,746.39,38306,1012,748.586143
META,1H,2025-10-29T17:00:00Z,746.39,748.86,745.85,746.4,54646,1210,746.981019
META,1H,2025-10-29T18:00:00Z,746.23,747.97,740.8,743.58,58152,1470,744.184657
META,1H,2025-10-29T19:00:00Z,743.45,753.54,741.58,749.57,125074,3559,748.418276
META,1H,2025-10-29T20:00:00Z,753.02,753.02,693.24,703.22,3640,53,700.593829
META,1H,2025-10-30T12:00:00Z,679.67,679.67,673.28,673.28,1100,45,677.193958
META,1H,2025-10-30T13:00:00Z,672.09,672.09,649.09,664.27,534571,8767,661.304226
META,1H,2025-10-30T14:00:00Z,663.94,667.41,650.83,652.53,466731,9243,660.164868
META,1H,2025-10-30T15:00:00Z,652.59,666.49,652.34,666.1,403300,8480,659.198401
META,1H,2025-10-30T16:00:00Z,666.61,678.98,666.12,673.22,255134,5929,674.719704
META,1H,2025-10-30T17:00:00Z,673.34,676.74,671.47,672.63,148493,3889,673.569401
META,1H,2025-10-30T18:00:00Z,672.56,673.02,662.66,663.74,184988,4324,666.145712
META,1H,2025-10-30T19:00:00Z,663.87,669.63,662.49,664.16,438357,9296,665.56757
META,1H,2025-10-31T12:00:00Z,675.02,675.02,673.59,673.59,200,2,674.305
META,1H,2025-10-31T13:00:00Z,670.4,672.58,652.64,659.34,301801,5753,658.690899
META,1H,2025-10-31T14:00:00Z,659.58,660.37,651.46,658.21,320181,6531,656.506632
META,1H,2025-10-31T15:00:00Z,657.88,658.29,651.53,651.53,193304,4151,655.518486
META,1H,2025-10-31T16:00:00Z,651.53,653.27,648.31,651.09,191410,4163,650.969635
META,1H,2025-10-31T17:00:00Z,651.08,653.14,649.11,651.26,151652,3366,650.702202
META,1H,2025-10-31T18:00:00Z,651.32,651.72,644.09,647.12,230879,4226,647.043884
META,1H,2025-10-31T19:00:00Z,646.95,650.68,646.04,646.37,355021,6837,647.674116
META,1H,2025-11-03T13:00:00Z,653.3,655.22,653.18,655.22,468,15,653.862105
META,1H,2025-11-03T14:00:00Z,654.87,655.82,650.42,654.55,100796,2718,652.982934
META,1H,2025-11-03T15:00:00Z,654.45,657.49,644.38,649.97,131323,3654,650.527223
META,1H,2025-11-03T16:00:00Z,650.19,651.31,646.76,650.14,88216,2545,649.200434
META,1H,2025-11-03T17:00:00Z,649.9,651.29,645.7,646.84,109848,2536,647.841025
META,1H,2025-11-03T18:00:00Z,646.84,646.84,640.61,640.87,130673,3528,643.527158
META,1H,2025-11-03T19:00:00Z,640.96,644.38,640,643.7,104625,3039,641.476651
META,1H,2025-11-03T20:00:00Z,643.65,644.55,634.85,635.72,241783,6542,638.759576
META,1H,2025-11-04T14:00:00Z,626.29,639.95,624.82,637.01,82587,2379,631.85893
META,1H,2025-11-04T15:00:00Z,636.74,639.36,632.46,632.71,69276,2297,635.627633
META,1H,2025-11-04T16:00:00Z,632.58,633.17,626.83,630.16,65561,2380,630.11638
META,1H,2025-11-04T17:00:00Z,630.12,631.01,627.17,628.25,72150,2089,628.959287
META,1H,2025-11-04T18:00:00Z,628.23,631.12,626.13,630.02,78769,2174,628.221779
META,1H,2025-11-04T19:00:00Z,629.93,630.36,625.82,626.25,80386,2501,627.99917
META,1H,2025-11-04T20:00:00Z,626.34,628.95,624.72,625.86,141829,4411,626.693529
META,1H,2025-11-04T21:00:00Z,625.93,625.93,625.93,625.93,80,2,625.93
META,1H,2025-11-05T14:00:00Z,629.92,631.71,624.91,631.39,81851,2127,628.416113
META,1H,2025-11-05T15:00:00Z,631.41,637.11,629.62,633.79,113023,3234,633.778768
META,1H,2025-11-05T16:00:00Z,633.59,637.78,632.58,637.25,52930,1463,635.203416
META,1H,2025-11-05T17:00:00Z,637.94,639.39,635.43,637.73,34530,1268,637.546268
META,1H,2025-11-05T18:00:00Z,637.75,640.39,637.04,638.47,28440,1162,639.061315
META,1H,2025-11-05T19:00:00Z,638.46,638.95,636.24,638.04,32946,1073,637.590131
META,1H,2025-11-05T20:00:00Z,638.03,638.37,634.4,634.48,70935,2353,636.385803
META,1H,2025-11-05T21:00:00Z,633.77,633.77,633.77,633.77,130,11,633.77
META,1H,2025-11-06T14:00:00Z,633.12,633.49,622.6,625.45,57347,1802,626.45204
META,1H,2025-11-06T15:00:00Z,625.11,625.61,617.79,620.59,100974,3064,621.51971
META,1H,2025-11-06T16:00:00Z,620.72,622.24,617.29,617.64,100547,3234,619.784918
META,1H,2025-11-06T17:00:00Z,617.67,624.37,617.67,622.47,53873,1990,621.277918
META,1H,2025-11-06T18:00:00Z,622.74,622.91,620.2,621.08,40938,1640,621.488157
META,1H,2025-11-06T19:00:00Z,621.06,624.11,621,623.61,46008,1618,622.574116
META,1H,2025-11-06T20:00:00Z,623.66,623.66,616.45,617.41,83111,3205,618.526525
META,1H,2025-11-07T14:00:00Z,614.77,615.58,605.02,606.66,95946,2835,608.535631
META,1H,2025-11-07T15:00:00Z,606.42,608.59,601.56,602.01,93727,3024,604.800592
META,1H,2025-11-07T16:00:00Z,601.62,604.69,599.72,604.69,75658,2646,602.11105
META,1H,2025-11-07T17:00:00Z,604.21,607.52,603.5,606.63,79787,2442,606.161447
META,1H,2025-11-07T18:00:00Z,606.69,613.32,606.64,611.48,70841,2303,610.358394
META,1H,2025-11-07T19:00:00Z,611.4,617.56,611.18,617.56,95517,2637,614.074965
META,1H,2025-11-07T20:00:00Z,617.85,620.5,615.19,620.14,83311,3573,618.146272
META,1H,2025-11-07T21:00:00Z,621.82,621.82,621.82,621.82,40,1,621.82
META,1H,2025-11-10T13:00:00Z,628.5,628.5,628.5,628.5,80,1,628.5
META,1H,2025-11-10T14:00:00Z,629.75,630.12,621.84,629.47,66941,1954,626.594468
META,1H,2025-11-10T15:00:00Z,629.14,633.24,626.27,626.27,45010,1686,630.960923
META,1H,2025-11-10T16:00:00Z,626.55,630.86,624.98,630.86,34119,1188,628.218333
META,1H,2025-11-10T17:00:00Z,630.76,633.25,630.71,632.49,31139,1128,632.34714
META,1H,2025-11-10T18:00:00Z,632.45,632.94,630.76,630.94,19558,758,631.827974
META,1H,2025-11-10T19:00:00Z,631.39,632.49,630.38,632.09,26925,767,630.932431
META,1H,2025-11-10T20:00:00Z,632.13,633.05,629.68,630.1,130828,3355,631.562093
META,1H,2025-11-10T21:00:00Z,631.4,631.4,630.65,630.65,185,6,630.973864
META,1H,2025-11-11T14:00:00Z,624.56,627.52,621.92,624.13,54324,1571,624.246544
META,1H,2025-11-11T15:00:00Z,624.24,624.52,617.78,620.72,45854,1663,620.368711
META,1H,2025-11-11T16:00:00Z,620.69,622.75,620.47,621.82,39991,1533,621.841263
META,1H,2025-11-11T17:00:00Z,621.86,623.92,621.34,622.33,80741,2112,622.532319
META,1H,2025-11-11T18:00:00Z,622.48,624.13,621.74,623.88,79615,2634,622.523859
META,1H,2025-11-11T19:00:00Z,623.83,625.21,622.48,624.2,68321,1934,623.748833
META,1H,2025-11-11T20:00:00Z,624.2,626.38,623.63,625.59,119772,3580,625.191794
META,1H,2025-11-11T21:00:00Z,625.47,625.47,625.47,625.47,80,5,625.47
META,1H,2025-11-12T14:00:00Z,626.77,627.09,616.85,617.11,51315,1433,621.430513
META,1H,2025-11-12T15:00:00Z,616.9,618.56,606.98,607.68,149789,4329,612.164217
META,1H,2025-11-12T16:00:00Z,607.56,610.41,606.21,609.11,90727,3270,608.191176
META,1H,2025-11-12T17:00:00Z,609.47,614.38,609.21,613.48,48312,1675,611.822786
META,1H,2025-11-12T18:00:00Z,613.47,613.65,609.01,611.31,51739,1646,611.06951
META,1H,2025-11-12T19:00:00Z,611.37,612.41,609.6,610.34,47790,1387,611.494616
META,1H,2025-11-12T20:00:00Z,610.43,610.75,606.22,607.52,184240,5626,608.019677
META,1H,2025-11-13T14:00:00Z,608.27,613.93,607.4,612.52,84428,2376,610.811976
META,1H,2025-11-13T15:00:00Z,612.44,615.71,607.66,609.35,71866,2196,611.753873
META,1H,2025-11-13T16:00:00Z,608.65,609.59,604.82,608.45,77865,2282,606.860621
META,1H,2025-11-13T17:00:00Z,608.22,608.66,604.34,605.12,51986,1427,606.260991
META,1H,2025-11-13T18:00:00Z,605.12,605.53,601.44,602.79,60968,1905,603.341599
META,1H,2025-11-13T19:00:00Z,603.12,606.14,602.67,605.19,56408,1974,604.587838
META,1H,2025-11-13T20:00:00Z,605.04,608.42,603.03,608.37,97166,3025,605.892336
META,1H,2025-11-13T21:00:00Z,608.28,608.99,608.28,608.99,341,22,608.698966
META,1H,2025-11-14T13:00:00Z,595.95,595.95,595.95,595.95,68,5,595.95
META,1H,2025-11-14T14:00:00Z,599.64,602.98,593.67,602.83,90150,2291,599.042199
META,1H,2025-11-14T15:00:00Z,602.69,610.32,599.82,608.65,92330,2395,605.97264
META,1H,2025-11-14T16:00:00Z,608.83,610.41,605.46,607.46,58971,1697,608.026352
META,1H,2025-11-14T17:00:00Z,607.55,611.18,606.9,608.55,40934,1314,609.08693
META,1H,2025-11-14T18:00:00Z,608.57,610.41,606.35,610.41,34872,1099,608.27152
META,1H,2025-11-14T19:00:00Z,610.42,611.99,609.17,610.99,36216,1081,610.91292
META,1H,2025-11-14T20:00:00Z,611.09,611.09,606.36,608.03,81052,2678,608.311412
META,1H,2025-11-17T13:00:00Z,607.38,607.38,606.91,606.91,376,15,607.083333
META,1H,2025-11-17T14:00:00Z,605.14,609.92,601.68,608.23,39041,1275,606.113546
META,1H,2025-11-17T15:00:00Z,608.25,608.66,602.87,605.94,37650,1394,605.297099
META,1H,2025-11-17T16:00:00Z,605.82,607.23,602.13,606.76,56296,1211,604.101576
META,1H,2025-11-17T17:00:00Z,606.53,606.62,602.24,602.34,34503,1098,604.661129
META,1H,2025-11-17T18:00:00Z,602.17,604.75,599.03,599.62,28571,925,602.170529
META,1H,2025-11-17T19:00:00Z,599.6,600.43,594.96,594.98,36284,1429,597.771245
META,1H,2025-11-17T20:00:00Z,594.86,600.36,593.99,600.36,80974,2810,597.114583
META,1H,2025-11-17T21:00:00Z,600.67,600.67,599.41,599.41,159,8,600.062028
META,1H,2025-11-18T13:00:00Z,592.98,592.98,590.88,590.88,440,10,592.034516
META,1H,2025-11-18T14:00:00Z,589.93,595.91,585.29,585.48,76041,2444,589.544032
META,1H,2025-11-18T15:00:00Z,585.33,587.49,582.3,584.92,93214,2914,584.909978
META,1H,2025-11-18T16:00:00Z,585.1,592.8,583.52,591.75,75865,2581,589.921554
META,1H,2025-11-18T17:00:00Z,591.78,597.8,585.76,596.12,80291,2442,592.227535
META,1H,2025-11-18T18:00:00Z,596.33,598.67,593.29,595.91,55685,1871,595.952531
META,1H,2025-11-18T19:00:00Z,596.27,601.94,596.24,600.37,48043,1512,599.10839
META,1H,2025-11-18T20:00:00Z,600.09,600.39,595.98,595.98,150803,3955,598.369715
META,1H,2025-11-18T21:00:00Z,594.65,594.65,593.91,593.91,236,21,594.343333
META,1H,2025-11-19T14:00:00Z,591.84,591.84,586.02,590.69,70499,1828,588.635232
META,1H,2025-11-19T15:00:00Z,590.71,593.66,586.19,586.56,64498,1883,590.137755
META,1H,2025-11-19T16:00:00Z,586.26,587.91,584.5,585.76,99594,2368,585.683928
META,1H,2025-11-19T17:00:00Z,585.76,586.31,579.81,582.42,89611,2391,583.132063
META,1H,2025-11-19T18:00:00Z,582.11,585.08,580.79,584.67,54770,1456,582.996941
META,1H,2025-11-19T19:00:00Z,584.64,585.17,581.55,583.56,45630,1302,583.183357
META,1H,2025-11-19T20:00:00Z,583.53,589.14,582.83,588.73,134949,3827,586.016654
META,1H,2025-11-19T21:00:00Z,589.51,592.24,589.51,591.27,261,23,590.690841
META,1H,2025-11-20T14:00:00Z,600.94,605.07,597.75,600.71,103997,2518,602.077541
META,1H,2025-11-20T15:00:00Z,600.97,601.72,595.36,597.79,96212,2365,598.908454
META,1H,2025-11-20T16:00:00Z,597.01,597.11,585.56,586.01,73018,2247,591.634233
META,1H,2025-11-20T17:00:00Z,585.53,588.48,581.99,585.2,89377,2389,584.576511
META,1H,2025-11-20T18:00:00Z,584.44,588.81,582.91,583.75,60059,1618,586.130719
META,1H,2025-11-20T19:00:00Z,583.76,587.74,581.91,587.71,33063,1054,584.346504
META,1H,2025-11-20T20:00:00Z,587.48,589.02,582.89,587.62,118049,3478,586.605661
META,1H,2025-11-21T14:00:00Z,587.23,594.32,585.94,587,53238,1536,590.254423
META,1H,2025-11-21T15:00:00Z,587.61,588.37,580.69,581.91,99395,2619,584.254702
META,1H,2025-11-21T16:00:00Z,582.25,590.38,580.54,590.13,69165,1940,584.103068
META,1H,2025-11-21T17:00:00Z,590.51,593.46,588.68,590.85,44022,1589,591.315453
META,1H,2025-11-21T18:00:00Z,591.06,595.26,587.64,593.03,47836,1437,591.985165
META,1H,2025-11-21T19:00:00Z,593.25,596.48,592.55,593.24,96630,3156,594.863132
META,1H,2025-11-21T20:00:00Z,593.26,595.2,591.78,592.69,100557,3440,593.444057
META,1H,2025-11-21T21:00:00Z,593.39,593.39,593.39,593.39,43,2,593.39
META,1H,2025-11-24T13:00:00Z,598.26,599.42,598.26,599.42,170,7,598.84
META,1H,2025-11-24T14:00:00Z,599.8,607.88,596.21,607.84,75837,2167,601.416285
META,1H,2025-11-24T15:00:00Z,607.72,613.15,605.91,609.7,89637,2367,610.324209
META,1H,2025-11-24T16:00:00Z,609.66,612.51,608.68,609.95,56269,1643,610.470779
META,1H,2025-11-24T17:00:00Z,610.26,614.31,609.71,613.84,114848,1706,612.407316
META,1H,2025-11-24T18:00:00Z,613.83,613.84,611.5,612.02,92229,1253,612.483401
META,1H,2025-11-24T19:00:00Z,612.39,614.58,612.2,613.59,55373,1328,613.154365
META,1H,2025-11-24T20:00:00Z,613.66,614.98,611.58,611.58,212870,3596,612.962124
META,1H,2025-11-25T13:00:00Z,618.11,619.88,618.11,619.39,775,35,618.981071
META,1H,2025-11-25T14:00:00Z,622.45,627.51,617,627.08,218694,2984,620.679264
META,1H,2025-11-25T15:00:00Z,626.82,628.08,621.88,626.53,215581,3401,624.361666
META,1H,2025-11-25T16:00:00Z,626.43,627.61,622.86,625.41,156145,2765,625.216341
META,1H,2025-11-25T17:00:00Z,625.54,629.65,625.54,628.07,78785,2407,627.635454
META,1H,2025-11-25T18:00:00Z,628.47,629.91,626.84,629.66,114651,1909,628.321389
META,1H,2025-11-25T19:00:00Z,629.69,631.88,629.28,631.4,98107,2370,630.314717
META,1H,2025-11-25T20:00:00Z,631.28,635.37,631.09,634.57,207221,4798,633.593614
META,1H,2025-11-25T21:00:00Z,634.42,634.42,633.67,633.76,356,21,633.910975
META,1H,2025-11-26T14:00:00Z,635.56,636.45,631.36,631.9,142315,2312,633.375204
META,1H,2025-11-26T15:00:00Z,631.62,635.35,630.12,634.88,74437,1579,632.284561
META,1H,2025-11-26T16:00:00Z,635,636.52,634.49,636.03,33400,1130,635.589168
META,1H,2025-11-26T17:00:00Z,636.02,636.02,633.47,634.04,27867,989,634.753769
META,1H,2025-11-26T18:00:00Z,634.25,634.67,631.77,632.16,35057,996,632.830174
META,1H,2025-11-26T19:00:00Z,632.36,633.12,631.88,632.39,34670,997,632.382871
META,1H,2025-11-26T20:00:00Z,632.23,633.18,631.46,632.05,78898,2321,632.342662
META,1H,2025-11-28T14:00:00Z,634.24,641.44,633.96,640.63,33544,1198,637.849447
META,1H,2025-11-28T15:00:00Z,640.55,642.25,638.54,642.17,40424,1603,640.596065
META,1H,2025-11-28T16:00:00Z,642.13,643.87,641.43,643.73,40901,1368,642.659714
META,1H,2025-11-28T17:00:00Z,643.45,646.34,642.47,646.25,78904,2719,644.132645
META,1H,2025-11-28T18:00:00Z,646.28,646.28,645.94,646.09,314,9,646.07899
META,1H,2025-12-01T13:00:00Z,637.5,637.5,637.5,637.5,140,1,637.5
META,1H,2025-12-01T14:00:00Z,636.82,643.35,636.23,642.67,59211,2035,639.181957
META,1H,2025-12-01T15:00:00Z,643.18,643.55,636.81,640.95,79904,2255,640.085124
META,1H,2025-12-01T16:00:00Z,640.88,643.13,638.49,641.51,45223,1533,640.878148
META,1H,2025-12-01T17:00:00Z,641.51,642.1,640.94,641.89,25403,784,641.594496
META,1H,2025-12-01T18:00:00Z,642,642.37,639.59,641.02,33573,1250,640.631307
META,1H,2025-12-01T19:00:00Z,641.03,641.31,638.52,638.55,39212,1260,640.087802
META,1H,2025-12-01T20:00:00Z,638.53,640.69,637.64,639.23,79902,2565,639.123529
META,1H,2025-12-01T21:00:00Z,640.02,640.02,640.02,640.02,70,1,640.02
META,1H,2025-12-02T13:00:00Z,642.19,642.92,642.19,642.92,188,14,642.555
META,1H,2025-12-02T14:00:00Z,643.89,643.89,636.46,640.49,40371,1118,639.620776
META,1H,2025-12-02T15:00:00Z,640.5,644.01,639.53,643.27,49578,1280,641.330527
META,1H,2025-12-02T16:00:00Z,643.4,644.12,636.55,640.2,40533,1228,640.117072
META,1H,2025-12-02T17:00:00Z,640.42,643.92,640.27,641.5,33107,944,642.661029
META,1H,2025-12-02T18:00:00Z,641.81,645.13,641.81,644.43,19802,608,643.735652
META,1H,2025-12-02T19:00:00Z,644.7,645.88,643.83,645,27363,828,644.692072
META,1H,2025-12-02T20:00:00Z,644.91,646.07,644.45,645.55,57412,2034,645.288234
META,1H,2025-12-03T13:00:00Z,646.75,646.75,646.75,646.75,104,4,646.75
META,1H,2025-12-03T14:00:00Z,641.27,646.21,640.04,645.63,34990,1050,644.065648
META,1H,2025-12-03T15:00:00Z,645.72,647.14,640.97,642.17,53038,1713,643.009165
META,1H,2025-12-03T16:00:00Z,642.38,642.64,640.28,641.39,26712,1000,641.517719
META,1H,2025-12-03T17:00:00Z,641.82,644.13,641.53,643.56,17593,687,642.819102
META,1H,2025-12-03T18:00:00Z,643.78,644.21,641.68,641.68,22542,939,642.873277
META,1H,2025-12-03T19:00:00Z,641.65,643.54,641.59,643.14,31973,1135,642.61943
META,1H,2025-12-03T20:00:00Z,643.22,643.34,637.19,637.82,76876,2796,639.580143
META,1H,2025-12-03T21:00:00Z,638.46,638.46,638.4,638.4,153,5,638.418333
META,1H,2025-12-04T14:00:00Z,653.35,676.56,653.35,662.99,231352,5638,663.000252
META,1H,2025-12-04T15:00:00Z,662.92,667.42,660.35,661.72,122843,3793,664.162504
META,1H,2025-12-04T16:00:00Z,661.8,665.05,660.47,664.78,81829,2622,663.251803
META,1H,2025-12-04T17:00:00Z,664.53,667.8,661.89,663.12,70051,2531,665.24246
META,1H,2025-12-04T18:00:00Z,663.16,663.71,660.16,663.09,44307,1789,662.154371
META,1H,2025-12-04T19:00:00Z,663.12,663.12,659.9,660.54,46187,1797,661.62578
META,1H,2025-12-04T20:00:00Z,660.5,661.15,658.4,659.85,114983,3833,659.756442
META,1H,2025-12-04T21:00:00Z,660.12,660.66,660.12,660.66,534,12,660.41
META,1H,2025-12-05T14:00:00Z,662.26,667.89,660.8,662.35,44906,1245,663.427257
META,1H,2025-12-05T15:00:00Z,663.05,671.62,662.6,667.15,85940,2195,668.189818
META,1H,2025-12-05T16:00:00Z,667.62,671.42,666.11,670.72,57621,1575,668.257509
META,1H,2025-12-05T17:00:00Z,670.37,672.92,669.41,671.76,51043,1547,671.215987
META,1H,2025-12-05T18:00:00Z,671.97,671.97,669,670.23,31983,1214,670.439904
META,1H,2025-12-05T19:00:00Z,670.28,671.86,668.32,671.4,48772,1626,670.446863
META,1H,2025-12-05T20:00:00Z,671.34,672.04,669.08,671.57,112451,3919,671.069641
META,1H,2025-12-08T13:00:00Z,668.52,668.52,668.52,668.52,80,3,668.52
META,1H,2025-12-08T14:00:00Z,667.85,674.87,663.98,666.11,70057,1704,668.932262
META,1H,2025-12-08T15:00:00Z,666.06,668.05,664.41,667.36,58416,1625,666.655632
META,1H,2025-12-08T16:00:00Z,667.32,669.08,666.34,667.8,46683,1409,667.836846
META,1H,2025-12-08T17:00:00Z,667.49,668.82,666.73,667.21,29823,1047,667.794384
META,1H,2025-12-08T18:00:00Z,667.23,667.78,664.66,665.29,31468,1108,666.471169
META,1H,2025-12-08T19:00:00Z,665.1,665.65,664.38,665.65,18182,661,664.921414
META,1H,2025-12-08T20:00:00Z,665.68,666.6,664.65,665.04,53420,2243,665.553105
META,1H,2025-12-08T21:00:00Z,665.53,665.53,665.49,665.49,95,3,665.507778
META,1H,2025-12-09T14:00:00Z,662.45,662.45,651.85,655.31,66011,1630,654.970192
META,1H,2025-12-09T15:00:00Z,655.51,657,653.93,655.04,47081,1405,655.441558
META,1H,2025-12-09T16:00:00Z,655.12,655.69,652.96,655.56,33564,995,654.406277
META,1H,2025-12-09T17:00:00Z,655.51,655.51,652.09,654.03,28354,973,653.392773
META,1H,2025-12-09T18:00:00Z,654,658.29,653.82,657.59,31092,1005,655.769193
META,1H,2025-12-09T19:00:00Z,657.61,657.68,655.74,656.18,15572,649,656.583217
META,1H,2025-12-09T20:00:00Z,656.07,656.38,653.85,655.22,63349,2428,655.122537
META,1H,2025-12-09T21:00:00Z,655.09,655.09,655.09,655.09,40,1,655.09
META,1H,2025-12-10T13:00:00Z,650.18,650.18,650.18,650.18,80,3,650.18
META,1H,2025-12-10T14:00:00Z,647.94,652.8,646.1,649.32,48840,1062,648.705728
META,1H,2025-12-10T15:00:00Z,649.04,650.63,646.44,647.74,61067,1388,648.641976
META,1H,2025-12-10T16:00:00Z,647.53,651.53,646.89,651.23,38920,1029,650.089374
META,1H,2025-12-10T17:00:00Z,650.93,651.07,647.17,647.34,46444,1103,648.841985
META,1H,2025-12-10T18:00:00Z,647.31,647.39,642.39,643,112202,2215,644.233486
META,1H,2025-12-10T19:00:00Z,643.19,648.29,641.79,647.57,126362,2985,644.828334
META,1H,2025-12-10T20:00:00Z,648.1,649.17,646.19,648.32,135986,3831,647.818507
META,1H,2025-12-10T21:00:00Z,646.52,647.44,646.52,647.38,280,4,647.167273
META,1H,2025-12-11T14:00:00Z,642.13,649.05,639.48,646.76,57488,1595,644.447399
META,1H,2025-12-11T15:00:00Z,647.09,653.51,646.13,647.42,80754,2195,651.24638
META,1H,2025-12-11T16:00:00Z,647.18,647.72,643.62,644.32,34675,1272,645.836862
META,1H,2025-12-11T17:00:00Z,644.79,648.72,644.79,646.63,21613,744,647.062061
META,1H,2025-12-11T18:00:00Z,647.1,651.72,646.89,649.34,47674,1446,648.976382
META,1H,2025-12-11T19:00:00Z,649.37,651.59,649.23,649.76,31583,1191,650.299037
META,1H,2025-12-11T20:00:00Z,649.48,651.11,648.54,651.09,56213,2142,649.982084
META,1H,2025-12-11T21:00:00Z,651.51,651.51,651.51,651.51,80,2,651.51
META,1H,2025-12-12T14:00:00Z,648.53,650.31,644.88,648.43,53750,1400,646.829511
META,1H,2025-12-12T15:00:00Z,648.51,648.67,641.5,642.36,66213,1482,645.055648
META,1H,2025-12-12T16:00:00Z,642.07,642.97,637.01,639.25,100031,2346,639.393086
META,1H,2025-12-12T17:00:00Z,639.03,644.38,639.03,644.14,49892,1222,641.716297
META,1H,2025-12-12T18:00:00Z,644.23,646.72,644.2,644.96,56076,1319,645.521557
META,1H,2025-12-12T19:00:00Z,645.33,645.39,642.91,643.82,45485,1055,643.981934
META,1H,2025-12-12T20:00:00Z,644.07,644.47,641.13,642.5,101521,2902,642.696789
META,1H,2025-12-15T14:00:00Z,644.62,648.43,640.32,642.06,89062,1744,643.771763
META,1H,2025-12-15T15:00:00Z,642,644.4,637.66,644.22,101640,2076,641.516376
META,1H,2025-12-15T16:00:00Z,644.42,649.68,643.51,648.8,62172,1488,647.647752
META,1H,2025-12-15T17:00:00Z,648.73,650.84,647.83,649.16,46268,1119,649.185799
META,1H,2025-12-15T18:00:00Z,649.34,651.11,648.1,650.13,37843,1155,649.606091
META,1H,2025-12-15T19:00:00Z,649.91,651,649.46,649.99,42465,1264,650.177595
META,1H,2025-12-15T20:00:00Z,649.86,651.81,646.01,646.44,138787,3546,648.933907
META,1H,2025-12-16T14:00:00Z,642.77,652.67,642.66,652.56,50480,1233,648.068184
META,1H,2025-12-16T15:00:00Z,652.6,653.25,647.38,651.95,56277,1652,650.134181
META,1H,2025-12-16T16:00:00Z,652.1,652.55,647.42,651.3,33893,1172,649.640877
META,1H,2025-12-16T17:00:00Z,650.98,651.59,648.46,648.58,26115,1003,650.520545
META,1H,2025-12-16T18:00:00Z,648.44,652.93,648.44,652.62,29991,993,650.7817
META,1H,2025-12-16T19:00:00Z,652.33,657.36,651.96,657.06,61310,1725,654.259469
META,1H,2025-12-16T20:00:00Z,656.87,661.32,656.13,656.13,185859,5131,658.79435
META,1H,2025-12-16T21:00:00Z,655.24,655.97,655.24,655.97,260,4,655.572344
META,1H,2025-12-17T13:00:00Z,655.79,655.79,655.79,655.79,40,1,655.79
META,1H,2025-12-17T14:00:00Z,654.26,657.87,652.94,656.45,51456,1213,654.956783
META,1H,2025-12-17T15:00:00Z,656.73,659.01,654.9,655.24,61924,1658,656.919969
META,1H,2025-12-17T16:00:00Z,655.6,658.33,654.04,655.62,51680,1381,656.498527
META,1H,2025-12-17T17:00:00Z,656.2,659.97,654.81,657.27,34021,935,657.688968
META,1H,2025-12-17T18:00:00Z,657.45,658.58,652.3,652.36,35749,1114,655.238728
META,1H,2025-12-17T19:00:00Z,652.36,653.76,651.01,652.76,36185,1272,652.219439
META,1H,2025-12-17T20:00:00Z,651.66,653.48,648.05,648.28,97036,3026,650.563615
META,1H,2025-12-17T21:00:00Z,649.14,649.14,649.14,649.14,99,1,649.14
META,1H,2025-12-18T14:00:00Z,655.82,662.63,655.5,661.66,49236,1336,659.436545
META,1H,2025-12-18T15:00:00Z,661.64,669.26,659.56,666.05,63878,1981,664.631923
META,1H,2025-12-18T16:00:00Z,665.81,667.54,665.23,666.86,37485,1469,666.575471
META,1H,2025-12-18T17:00:00Z,666.3,666.47,661.3,665.1,20902,1017,663.294365
META,1H,2025-12-18T18:00:00Z,665.06,666.26,664.18,664.45,30412,1367,665.197668
META,1H,2025-12-18T19:00:00Z,664.49,664.56,660.89,661.14,25837,1019,662.650693
META,1H,2025-12-18T20:00:00Z,661.2,665.34,660.68,663.01,78419,2824,663.327906
META,1H,2025-12-19T13:00:00Z,661.14,661.14,661.14,661.14,40,1,661.14
META,1H,2025-12-19T14:00:00Z,667.26,667.26,660.07,662.14,99823,1705,662.518504
META,1H,2025-12-19T15:00:00Z,662.24,663.04,658.56,662.77,74101,1857,660.657271
META,1H,2025-12-19T16:00:00Z,662.45,666.14,662.39,665.62,48452,1356,664.959695
META,1H,2025-12-19T17:00:00Z,665.62,667.89,665.62,667.07,34911,1011,666.552689
META,1H,2025-12-19T18:00:00Z,666.96,667.76,665.84,666.89,42525,1159,666.865528
META,1H,2025-12-19T19:00:00Z,666.89,668.88,664.98,665.62,49895,1340,666.768991
META,1H,2025-12-19T20:00:00Z,665.51,668.13,657.55,657.55,161086,4433,662.265101
META,1H,2025-12-22T13:00:00Z,661.23,661.23,661.22,661.22,348,7,661.224494
META,1H,2025-12-22T14:00:00Z,661.11,671.9,659.55,670.13,58643,1296,667.881918
META,1H,2025-12-22T15:00:00Z,669.91,670.38,657.83,657.88,73522,1517,662.886971
META,1H,2025-12-22T16:00:00Z,657.71,659.85,656.29,659.09,62542,1383,658.236289
META,1H,2025-12-22T17:00:00Z,659.12,659.43,655.53,659.09,72174,1634,657.771962
META,1H,2025-12-22T18:00:00Z,659.09,660.33,657.03,659.54,35822,933,658.454545
META,1H,2025-12-22T19:00:00Z,659.8,659.95,657.49,657.49,27220,770,658.628383
META,1H,2025-12-22T20:00:00Z,657.48,660.91,656.36,660.12,77126,2439,659.181108
META,1H,2025-12-23T14:00:00Z,658.03,663.95,658.03,662.2,17892,563,661.737877
META,1H,2025-12-23T15:00:00Z,662.12,662.65,659.2,661.93,18558,716,661.399639
META,1H,2025-12-23T16:00:00Z,662.05,663.94,661.82,663.19,20275,751,662.840604
META,1H,2025-12-23T17:00:00Z,663.15,664.46,662.48,662.63,16295,614,663.426786
META,1H,2025-12-23T18:00:00Z,662.62,663.52,662.27,663.03,12371,484,662.810556
META,1H,2025-12-23T19:00:00Z,663.1,664.38,662.92,663.78,12943,403,663.470413
META,1H,2025-12-23T20:00:00Z,663.83,664.8,662.61,663.88,28010,1164,664.057049
META,1H,2025-12-24T14:00:00Z,661.41,665.58,661.41,665.44,13897,471,664.352457
META,1H,2025-12-24T15:00:00Z,665.35,665.87,663.83,664.47,18505,746,664.75825
META,1H,2025-12-24T16:00:00Z,664.61,666.25,664.01,666.18,15748,642,665.227576
META,1H,2025-12-24T17:00:00Z,666.3,666.99,665.63,666.59,29449,1216,666.319726
META,1H,2025-12-26T13:00:00Z,665.89,665.89,665.89,665.89,124,3,665.89
META,1H,2025-12-26T14:00:00Z,666.67,667.54,664.86,665.71,10561,352,666.169426
META,1H,2025-12-26T15:00:00Z,666.11,666.16,662.73,664.28,17721,569,664.160895
META,1H,2025-12-26T16:00:00Z,664.07,664.66,662.67,663.08,13457,473,663.359784
META,1H,2025-12-26T17:00:00Z,662.98,662.98,660.75,661.13,12623,393,661.774366
META,1H,2025-12-26T18:00:00Z,661.08,661.6,660.17,661.46,8612,298,660.766385
META,1H,2025-12-26T19:00:00Z,661.45,662.66,661.37,662.53,11415,361,661.794008
META,1H,2025-12-26T20:00:00Z,662.27,662.8,660.96,662.08,46928,1605,662.142725
META,1H,2025-12-29T14:00:00Z,656.99,658.88,654.47,656.61,16034,618,656.882809
META,1H,2025-12-29T15:00:00Z,657.22,658.11,655.26,657.02,18544,656,656.745883
META,1H,2025-12-29T16:00:00Z,656.95,656.95,654.42,654.75,35514,1098,655.382048
META,1H,2025-12-29T17:00:00Z,654.74,655.51,653.28,655.2,21138,863,654.560185
META,1H,2025-12-29T18:00:00Z,655.01,656.37,654.57,655.78,29071,1151,655.47016
META,1H,2025-12-29T19:00:00Z,655.84,658.25,655.51,658.14,25924,1090,656.587939
META,1H,2025-12-29T20:00:00Z,657.99,658.74,657.17,657.29,74706,2575,657.979175
META,1H,2025-12-30T13:00:00Z,659.14,659.14,659.14,659.14,40,1,659.14
META,1H,2025-12-30T14:00:00Z,657.5,670.24,656.75,670.02,44950,1630,665.202822
META,1H,2025-12-30T15:00:00Z,670.75,670.75,663.71,665.79,28648,971,666.45731
META,1H,2025-12-30T16:00:00Z,665.64,666.36,664.39,664.81,13550,512,665.405881
META,1H,2025-12-30T17:00:00Z,664.83,665.83,664.06,665.62,15754,476,664.65497
META,1H,2025-12-30T18:00:00Z,665.07,666.11,665.07,665.78,9986,389,665.706881
META,1H,2025-12-30T19:00:00Z,665.77,666.61,665.18,665.7,19819,871,665.930035
META,1H,2025-12-30T20:00:00Z,665.65,666.51,664.41,665,66181,2046,665.312388
META,1H,2025-12-31T13:00:00Z,665.25,665.25,665.25,665.25,40,1,665.25
META,1H,2025-12-31T14:00:00Z,665.72,665.72,659.57,660.69,21673,736,661.342368
META,1H,2025-12-31T15:00:00Z,660.77,662.42,660.23,660.87,18655,604,661.604144
META,1H,2025-12-31T16:00:00Z,660.75,662.69,660.7,662.68,19102,501,661.558972
META,1H,2025-12-31T17:00:00Z,662.53,662.65,661.38,661.58,9525,394,661.797957
META,1H,2025-12-31T18:00:00Z,661.52,662.75,660.92,662.51,16979,552,661.939748
META,1H,2025-12-31T19:00:00Z,662.5,662.57,660.48,660.48,9537,384,661.381642
META,1H,2025-12-31T20:00:00Z,660.43,660.43,658.32,658.93,45936,1767,659.118896
META,1H,2026-01-02T14:00:00Z,662.05,662.99,654.71,660.33,37801,1109,659.123432
META,1H,2026-01-02T15:00:00Z,660.37,661.79,647.11,647.5,61685,2122,654.341856
META,1H,2026-01-02T16:00:00Z,647.48,647.48,642.43,646.46,55300,1969,645.166107
META,1H,2026-01-02T17:00:00Z,646.23,650.55,646.23,649.85,27072,904,648.964368
META,1H,2026-01-02T18:00:00Z,649.79,651.01,647.39,648.02,17107,610,649.185935
META,1H,2026-01-02T19:00:00Z,648.09,652.33,648.09,650.04,11858,454,650.98581
META,1H,2026-01-02T20:00:00Z,650.05,650.74,648.63,649.45,62236,1965,649.744389
META,1H,2026-01-05T14:00:00Z,650.04,659.05,646.97,657.7,56172,1556,655.452026
META,1H,2026-01-05T15:00:00Z,657.81,663.33,657.81,659.6,77642,2015,660.457915
META,1H,2026-01-05T16:00:00Z,659.46,662.08,659.39,660.94,44536,1448,660.909566
META,1H,2026-01-05T17:00:00Z,660.82,662.69,659.92,660.41,28510,942,661.199497
META,1H,2026-01-05T18:00:00Z,660.44,660.88,658.32,660.25,21746,762,659.611732
META,1H,2026-01-05T19:00:00Z,660.3,661.7,658.3,659.09,20348,829,660.327696
META,1H,2026-01-05T20:00:00Z,659.18,660.05,656.98,657.57,60080,2086,658.203823
META,1H,2026-01-06T14:00:00Z,658.8,660.38,652.1,654.93,38573,973,655.64164
META,1H,2026-01-06T15:00:00Z,655.27,658.18,653.52,655.44,32596,894,656.175326
META,1H,2026-01-06T16:00:00Z,655.3,655.97,650.83,652.76,58892,1193,652.681758
META,1H,2026-01-06T17:00:00Z,653.02,656.05,652.82,655.94,40305,1085,654.583658
META,1H,2026-01-06T18:00:00Z,656.08,661.24,656.08,661.24,25785,766,657.933692
META,1H,2026-01-06T19:00:00Z,661.32,664.24,658.9,659.16,34739,947,660.485123
META,1H,2026-01-06T20:00:00Z,659.55,660.25,657.71,659.54,52176,1922,659.160309
META,1H,2026-01-06T21:00:00Z,659.18,659.18,659.18,659.18,44,3,659.18
META,1H,2026-01-07T13:00:00Z,656.59,656.59,656.59,656.59,60,2,656.59
META,1H,2026-01-07T14:00:00Z,654.62,657.84,650.43,650.61,31612,1018,654.37144
META,1H,2026-01-07T15:00:00Z,650.6,650.86,643.82,648.29,79896,2299,646.590433
META,1H,2026-01-07T16:00:00Z,648.53,651.76,646.81,651.62,33624,1220,648.924027
META,1H,2026-01-07T17:00:00Z,651.66,653.42,649.5,652.07,56652,1403,651.69249
META,1H,2026-01-07T18:00:00Z,652.21,653.33,650.38,651.3,60183,1486,651.342376
META,1H,2026-01-07T19:00:00Z,651.24,651.24,648.35,649.37,62973,1365,649.370047
META,1H,2026-01-07T20:00:00Z,649.5,650.19,647.08,647.63,92799,2765,648.025616
META,1H,2026-01-08T14:00:00Z,644.61,644.61,634.65,635.52,76421,1952,637.394829
META,1H,2026-01-08T15:00:00Z,635.48,643.4,635.02,643.23,35596,1212,639.94814
META,1H,2026-01-08T16:00:00Z,642.87,643.82,640.03,642.88,18571,601,641.97439
META,1H,2026-01-08T17:00:00Z,643.03,643.31,641.45,641.46,25125,586,642.327202
META,1H,2026-01-08T18:00:00Z,641.29,641.71,639.7,640.68,18766,769,640.497278
META,1H,2026-01-08T19:00:00Z,640.62,643.38,640.35,643.13,19833,594,642.133902
META,1H,2026-01-08T20:00:00Z,643.09,645.83,642.76,644.84,42522,1668,644.539267
META,1H,2026-01-09T14:00:00Z,644.67,649.83,642.99,646.4,48770,1461,646.050013
META,1H,2026-01-09T15:00:00Z,646.34,650.73,641.74,649.21,73939,1993,646.969524
META,1H,2026-01-09T16:00:00Z,650.27,653.67,649.9,651.03,70884,2242,651.857153
META,1H,2026-01-09T17:00:00Z,650.99,651.6,649.48,651.26,44678,1751,650.567879
META,1H,2026-01-09T18:00:00Z,651.07,651.38,649.66,650.98,40026,1565,650.472384
META,1H,2026-01-09T19:00:00Z,651.13,652.22,650.16,650.16,63669,1999,651.318871
META,1H,2026-01-09T20:00:00Z,650.07,653.05,649.53,651.8,77714,2488,651.22449
META,1H,2026-01-12T14:00:00Z,648.55,652.76,646.55,646.73,39858,1051,649.141682
META,1H,2026-01-12T15:00:00Z,646.87,648.08,644.35,646.16,42830,1445,646.135546
META,1H,2026-01-12T16:00:00Z,645.93,648.84,645.77,648.37,35610,1069,647.690748
META,1H,2026-01-12T17:00:00Z,648.48,649.67,646.74,647.17,37969,1042,648.500463
META,1H,2026-01-12T18:00:00Z,647.18,647.42,645.05,645.6,31954,949,645.893562
META,1H,2026-01-12T19:00:00Z,645.53,646.68,645.32,646.4,26672,941,646.108841
META,1H,2026-01-12T20:00:00Z,646.35,647.33,640.16,640.77,154111,3598,643.469574
META,1H,2026-01-12T21:00:00Z,642.09,642.09,641.74,641.94,163,5,641.927261
META,1H,2026-01-13T13:00:00Z,641.11,641.11,641.11,641.11,116,3,641.11
META,1H,2026-01-13T14:00:00Z,639.86,639.96,628.15,628.39,51463,1534,635.443889
META,1H,2026-01-13T15:00:00Z,628.41,629.39,624.04,625.77,79105,2039,626.189125
META,1H,2026-01-13T16:00:00Z,625.64,629.3,623.07,629.07,51517,1566,625.748362
META,1H,2026-01-13T17:00:00Z,629.1,629.17,625.26,626.72,33570,998,627.41099
META,1H,2026-01-13T18:00:00Z,626.56,628.82,625.46,626.75,68466,1317,627.049799
META,1H,2026-01-13T19:00:00Z,626.73,628.21,626.19,627.66,24626,823,626.986421
META,1H,2026-01-13T20:00:00Z,627.45,629.99,626.56,629.78,73929,2574,628.358999
META,1H,2026-01-14T13:00:00Z,625.64,625.64,625.64,625.64,100,3,625.64
META,1H,2026-01-14T14:00:00Z,624.92,627.33,619.87,619.94,59475,1723,622.553202
META,1H,2026-01-14T15:00:00Z,619.89,622.21,616.66,617.81,119638,2940,619.54589
META,1H,2026-01-14T16:00:00Z,617.92,620.92,616.81,617.5,66106,1888,618.913252
META,1H,2026-01-14T17:00:00Z,617.45,617.45,613.97,614.83,79030,2181,615.54887
META,1H,2026-01-14T18:00:00Z,614.75,616.33,614.05,616.09,79318,1840,614.784862
META,1H,2026-01-14T19:00:00Z,615.68,616.96,614.94,616.43,29189,1129,615.823665
META,1H,2026-01-14T20:00:00Z,616.45,618.46,613.76,614.25,137899,4128,615.685579
META,1H,2026-01-14T21:00:00Z,614.93,615.41,614.93,615.41,203,10,615.243743
META,1H,2026-01-15T14:00:00Z,616.95,619.39,613.25,616.47,45988,1423,616.778896
META,1H,2026-01-15T15:00:00Z,616.27,620.91,615.06,618.65,51127,1451,617.525475
META,1H,2026-01-15T16:00:00Z,618.48,622.14,618.48,622.14,28823,1105,620.417911
META,1H,2026-01-15T17:00:00Z,621.96,622.28,620.13,621.54,19143,938,621.367641
META,1H,2026-01-15T18:00:00Z,621.48,622.92,620.78,622.66,21576,942,621.922057
META,1H,2026-01-15T19:00:00Z,622.55,622.75,617.83,618.05,22178,882,619.471442
META,1H,2026-01-15T20:00:00Z,617.54,621.34,615.9,619.66,66238,2226,618.727646
META,1H,2026-01-16T14:00:00Z,621.75,626.53,620.37,625.24,32338,1015,624.036038
META,1H,2026-01-16T15:00:00Z,625.41,627.86,620.92,621.38,31679,1234,624.665199
META,1H,2026-01-16T16:00:00Z,621.64,624.62,620.95,622.11,17628,733,622.977424
META,1H,2026-01-16T17:00:00Z,622.1,625.36,621.62,622.71,27783,950,623.716786
META,1H,2026-01-16T18:00:00Z,623.45,626.38,623.45,625.98,18919,722,624.999587
META,1H,2026-01-16T19:00:00Z,625.93,626.18,621.56,622.61,30808,1034,623.185708
META,1H,2026-01-16T20:00:00Z,622.65,622.75,619.06,619.16,49965,1808,620.518871
META,1H,2026-01-16T21:00:00Z,618.83,619.06,618.83,619.06,234,11,618.945
META,1H,2026-01-20T14:00:00Z,606.7,609.18,598.94,605.94,120312,2945,605.363738
META,1H,2026-01-20T15:00:00Z,605.92,609.98,605.43,608.07,58350,1846,607.631598
META,1H,2026-01-20T16:00:00Z,607.93,609.93,605.64,607.39,66061,1486,607.608771
META,1H,2026-01-20T17:00:00Z,607.26,607.77,604.51,605.55,29353,863,606.010082
META,1H,2026-01-20T18:00:00Z,605.36,606.07,603.79,604.48,32693,948,604.804265
META,1H,2026-01-20T19:00:00Z,604.46,605.1,602.88,603.73,54136,1389,603.735835
META,1H,2026-01-20T20:00:00Z,603.68,603.79,601.75,603.24,76180,2532,602.668868
META,1H,2026-01-21T14:00:00Z,605.74,606.5,599.15,604.32,69479,1897,601.937623
META,1H,2026-01-21T15:00:00Z,604.17,612.74,601.75,612.02,62138,1868,606.163672
META,1H,2026-01-21T16:00:00Z,611.97,614.46,607.13,607.54,39594,1277,611.122274
META,1H,2026-01-21T17:00:00Z,607.36,610.19,606.88,609.14,35839,1179,608.917827
META,1H,2026-01-21T18:00:00Z,608.99,608.99,605.42,608.04,37733,1063,606.658451
META,1H,2026-01-21T19:00:00Z,608.13,617.04,606.68,616.69,37950,1169,612.407649
META,1H,2026-01-21T20:00:00Z,616.79,616.79,611.02,612,62772,2670,613.265761
META,1H,2026-01-21T21:00:00Z,613.12,613.12,613.12,613.12,52,1,613.12
META,1H,2026-01-22T13:00:00Z,628.64,628.64,628.64,628.64,80,3,628.64
META,1H,2026-01-22T14:00:00Z,628.23,636.33,625.57,629.05,153359,3675,631.796604
META,1H,2026-01-22T15:00:00Z,629.14,637.36,628.39,634.46,115031,3558,633.658092
META,1H,2026-01-22T16:00:00Z,634.49,639.49,634.23,638.41,63362,2415,637.485701
META,1H,2026-01-22T17:00:00Z,638.5,646.14,638.5,644.94,143337,3868,643.078276
META,1H,2026-01-22T18:00:00Z,644.64,645.91,642.8,642.8,99001,2762,645.164877
META,1H,2026-01-22T19:00:00Z,642.72,646.28,642.72,644.97,98522,3214,644.963226
META,1H,2026-01-22T20:00:00Z,644.91,647.03,643.44,646.51,227931,6419,645.493072
META,1H,2026-01-23T13:00:00Z,641.05,641.05,641.05,641.05,100,4,641.05
META,1H,2026-01-23T14:00:00Z,641.06,655.23,640.99,654.6,74205,2072,650.435648
META,1H,2026-01-23T15:00:00Z,654.97,660.53,654.79,660.22,115455,3178,657.956012
META,1H,2026-01-23T16:00:00Z,660.09,662.41,659.13,660.8,112990,3171,660.879427
META,1H,2026-01-23T17:00:00Z,660.72,661.5,658.78,661.2,76293,2381,660.130837
META,1H,2026-01-23T18:00:00Z,661.08,665.03,661.08,662.38,88661,2890,663.569175
META,1H,2026-01-23T19:00:00Z,662.52,665.14,661.95,661.95,58483,1835,663.508471
META,1H,2026-01-23T20:00:00Z,661.93,661.94,656.55,657.31,102404,3199,658.797493
META,1H,2026-01-26T14:00:00Z,664.15,668.44,660.5,665.76,39641,1121,664.641048
META,1H,2026-01-26T15:00:00Z,665.99,670.69,665.01,670.5,57496,1752,667.951263
META,1H,2026-01-26T16:00:00Z,670.51,673.74,669.27,671.36,43970,1446,671.425961
META,1H,2026-01-26T17:00:00Z,671.18,673.57,670.89,672.63,50742,1618,672.772422
META,1H,2026-01-26T18:00:00Z,672.41,673.47,670.8,672.47,38559,1310,672.286355
META,1H,2026-01-26T19:00:00Z,672.49,674.03,672.08,672.61,25252,1109,673.030148
META,1H,2026-01-26T20:00:00Z,672.57,673,670.75,671.01,82837,2874,671.554782
META,1H,2026-01-26T21:00:00Z,670.64,670.64,670.31,670.31,256,10,670.57
META,1H,2026-01-27T13:00:00Z,672.04,672.61,671.68,672.41,522,33,672.263788
META,1H,2026-01-27T14:00:00Z,673.46,675.19,666.46,670.2,71106,1726,669.975686
META,1H,2026-01-27T15:00:00Z,670.23,671.49,663.72,669.25,88515,2199,668.86442
META,1H,2026-01-27T16:00:00Z,669.34,671.34,667.86,668.02,58014,1777,669.416488
META,1H,2026-01-27T17:00:00Z,667.88,669.03,665.74,666.31,44296,1388,666.886653
META,1H,2026-01-27T18:00:00Z,666.28,669.9,664.8,669.22,61226,1616,666.756611
META,1H,2026-01-27T19:00:00Z,669.07,671.5,668.43,671.38,34394,1151,669.957817
META,1H,2026-01-27T20:00:00Z,671.44,675.32,670.69,671.82,110074,3324,672.851575
META,1H,2026-01-27T21:00:00Z,671.96,671.96,671.83,671.83,128,4,671.887778
META,1H,2026-01-28T13:00:00Z,672.61,672.61,672.61,672.61,40,1,672.61
META,1H,2026-01-28T14:00:00Z,673.64,674.91,670.02,674.04,54893,1350,673.199806
META,1H,2026-01-28T15:00:00Z,673.81,676.35,669.42,670.84,66507,2193,672.688819
META,1H,2026-01-28T16:00:00Z,670.71,671.56,666.86,667.78,33793,1081,668.39651
META,1H,2026-01-28T17:00:00Z,667.73,670.41,667.5,668.74,46155,1301,668.91193
META,1H,2026-01-28T18:00:00Z,668.6,670.44,667.96,669.15,32575,956,669.614297
META,1H,2026-01-28T19:00:00Z,669.01,671.83,668.38,669.96,59320,1664,669.976267
META,1H,2026-01-28T20:00:00Z,669.66,671.62,666.16,666.16,133528,3611,669.933299
META,1H,2026-01-28T21:00:00Z,646.96,740.87,639.05,725.02,26661,1405,704.123053
META,1H,2026-01-29T14:00:00Z,733.62,742.61,715.39,722.97,640663,10820,726.084069
META,1H,2026-01-29T15:00:00Z,723.15,724.49,711.31,716.01,286855,7273,718.648574
META,1H,2026-01-29T16:00:00Z,716.01,727.4,713.73,723.88,177789,5256,721.380274
META,1H,2026-01-29T17:00:00Z,724.21,733.21,723.86,729.96,145068,4323,729.307587
META,1H,2026-01-29T18:00:00Z,730.38,737.54,729.88,735.12,164211,4622,734.74097
META,1H,2026-01-29T19:00:00Z,735.07,737.66,732.47,735.03,99104,3055,735.358064
META,1H,2026-01-29T20:00:00Z,735.08,739.62,733.78,736.83,266814,7139,737.568251
META,1H,2026-01-30T13:00:00Z,729.16,729.16,729.16,729.16,40,1,729.16
META,1H,2026-01-30T14:00:00Z,726.7,730.63,719.43,721.09,104409,2455,723.604893
META,1H,2026-01-30T15:00:00Z,720.99,727.11,715.29,715.83,104280,2326,721.063031
META,1H,2026-01-30T16:00:00Z,715.69,719.04,714.85,715.16,69629,1929,717.179393
META,1H,2026-01-30T17:00:00Z,714.96,719.66,713.54,716.49,48967,1761,716.615738
META,1H,2026-01-30T18:00:00Z,716.19,717.24,713.34,716.42,45370,1521,715.612176
META,1H,2026-01-30T19:00:00Z,716.42,717.91,715.17,715.33,43651,1446,716.473372
META,1H,2026-01-30T20:00:00Z,715.36,717.4,712.36,715.58,140801,4031,715.007897
META,1H,2026-01-30T21:00:00Z,715.14,715.48,715.14,715.48,207,8,715.307944
META,1H,2026-02-02T13:00:00Z,709.88,709.88,708.11,708.14,905,38,708.478182
META,1H,2026-02-02T14:00:00Z,710.2,719.76,703.61,704.29,91362,2397,709.26847
META,1H,2026-02-02T15:00:00Z,704.5,709.71,702.35,708.1,73031,2116,707.295686
META,1H,2026-02-02T16:00:00Z,708.18,710.68,704.56,705.05,40811,1288,707.156716
META,1H,2026-02-02T17:00:00Z,705.4,706.54,703.93,705.85,31742,968,705.17754
META,1H,2026-02-02T18:00:00Z,706.03,712.06,706.03,711.58,47712,1785,709.455767
META,1H,2026-02-02T19:00:00Z,711.71,714.25,707.92,709.05,29021,1060,711.093819
META,1H,2026-02-02T20:00:00Z,709.16,711.23,704.98,705.13,73905,2604,707.275635
META,1H,2026-02-03T13:00:00Z,704.88,704.88,704.33,704.33,90,2,704.574444
META,1H,2026-02-03T14:00:00Z,706.38,713.46,701.64,703.08,49260,1164,706.995203
META,1H,2026-02-03T15:00:00Z,702.93,703.74,692.96,698.75,42940,1367,698.335775
META,1H,2026-02-03T16:00:00Z,698.84,700.03,695.39,697.33,30666,928,697.383135
META,1H,2026-02-03T17:00:00Z,697.35,698.31,692.9,692.95,51689,1436,696.003855
META,1H,2026-02-03T18:00:00Z,692.65,693.4,685.55,687.09,50238,1648,689.66373
META,1H,2026-02-03T19:00:00Z,686.81,690.14,685.25,688.15,36103,1224,687.340822
META,1H,2026-02-03T20:00:00Z,688.12,690.88,685.44,690.51,55454,2309,688.707958
META,1H,2026-02-03T21:00:00Z,689.57,689.57,689.57,689.57,60,1,689.57
META,1H,2026-02-04T13:00:00Z,687.11,687.24,686.14,686.14,221,8,686.884324
META,1H,2026-02-04T14:00:00Z,684.12,687.27,670.93,671.44,79485,2134,678.066922
META,1H,2026-02-04T15:00:00Z,671.18,679.49,667.42,675.39,147415,3132,673.051863
META,1H,2026-02-04T16:00:00Z,675.36,675.49,668.36,673.1,55826,1398,672.283202
META,1H,2026-02-04T17:00:00Z,673.22,673.79,666.33,668.39,42896,1170,669.845482
META,1H,2026-02-04T18:00:00Z,668.6,671.87,666.48,670.78,31852,851,668.927778
META,1H,2026-02-04T19:00:00Z,671.13,673.65,668.62,673.32,62735,1336,670.824973
META,1H,2026-02-04T20:00:00Z,673.49,673.57,666.82,667.52,95674,2906,670.164681
META,1H,2026-02-04T21:00:00Z,670.3,670.3,670.3,670.3,40,1,670.3
META,1H,2026-02-05T13:00:00Z,659.1,659.1,659.1,659.1,40,1,659.1
META,1H,2026-02-05T14:00:00Z,662.4,670.87,652.36,667.72,73482,1787,663.835535
META,1H,2026-02-05T15:00:00Z,667.21,668.17,656.55,666.64,104211,2445,661.672533
META,1H,2026-02-05T16:00:00Z,666.36,678.91,663.71,677.2,101646,2918,673.097697
META,1H,2026-02-05T17:00:00Z,677.41,679.37,673.24,677.05,57313,1692,676.473993
META,1H,2026-02-05T18:00:00Z,677.3,679.98,673.1,674.23,48164,1493,677.228138
META,1H,2026-02-05T19:00:00Z,674,679.43,672.59,674.58,36819,1291,675.891684
META,1H,2026-02-05T20:00:00Z,674.32,678.17,667.2,669.18,85977,3108,670.987138
META,1H,2026-02-05T21:00:00Z,665.53,665.93,656.63,656.63,294,22,661.724444
META,1H,2026-02-06T13:00:00Z,666.84,666.84,666.84,666.84,40,1,666.84
META,1H,2026-02-06T14:00:00Z,664.13,670.65,654.16,654.16,62685,1763,661.571494
META,1H,2026-02-06T15:00:00Z,654.05,657.38,645.39,653.56,116795,3638,651.371312
META,1H,2026-02-06T16:00:00Z,653.6,658.93,653.3,654.3,59187,1718,656.617796
META,1H,2026-02-06T17:00:00Z,653.94,662.79,653.94,662.01,47645,1590,659.472711
META,1H,2026-02-06T18:00:00Z,661.93,662.62,657.15,657.15,43646,1335,659.551745
META,1H,2026-02-06T19:00:00Z,656.92,660.62,654.22,654.22,36193,1331,657.866034
META,1H,2026-02-06T20:00:00Z,654.07,662.3,653.66,660.24,114459,3671,659.370098
META,1H,2026-02-06T21:00:00Z,661.3,661.3,659.86,659.86,250,16,660.795065
META,1H,2026-02-09T14:00:00Z,661.52,669.6,658.38,659.26,36843,1085,663.393813
META,1H,2026-02-09T15:00:00Z,658.91,665.69,657.73,665.08,43443,1408,661.155018
META,1H,2026-02-09T16:00:00Z,664.94,681.93,664.42,677.5,63263,1848,673.268566
META,1H,2026-02-09T17:00:00Z,677,681.95,677,678.88,37744,1228,679.448925
META,1H,2026-02-09T18:00:00Z,678.76,680.34,676.79,679.25,27720,983,678.940479
META,1H,2026-02-09T19:00:00Z,679.29,681.55,677.6,681.35,36360,1061,680.088058
META,1H,2026-02-09T20:00:00Z,681.31,681.72,675.19,676.16,71862,2543,678.209348
META,1H,2026-02-10T13:00:00Z,675.55,675.55,675.55,675.55,122,5,675.55
META,1H,2026-02-10T14:00:00Z,676.6,678.96,670.28,674.03,33469,928,673.868009
META,1H,2026-02-10T15:00:00Z,673.88,675.1,669.57,671.51,39505,1209,672.596794
META,1H,2026-02-10T16:00:00Z,670.74,671.02,668.79,669.73,29847,825,669.774834
META,1H,2026-02-10T17:00:00Z,669.62,676.17,669.46,674.09,44464,1028,673.206425
META,1H,2026-02-10T18:00:00Z,674.1,674.93,671.28,671.91,23524,783,672.646113
META,1H,2026-02-10T19:00:00Z,671.5,672.42,670.24,672.42,14890,583,671.345768
META,1H,2026-02-10T20:00:00Z,672.27,673.66,668.61,669.31,73509,2179,671.756752
META,1H,2026-02-11T13:00:00Z,674.16,675.39,674.16,675.39,156,5,674.962174
META,1H,2026-02-11T14:00:00Z,673.19,677.87,664.9,667.66,130474,2492,670.171133
META,1H,2026-02-11T15:00:00Z,667.46,673.86,659.84,671.51,107238,2611,665.991694
META,1H,2026-02-11T16:00:00Z,671.09,671.58,662.64,662.64,44951,1147,667.30863
META,1H,2026-02-11T17:00:00Z,662.39,664.93,658.01,659.31,59763,1626,661.828742
META,1H,2026-02-11T18:00:00Z,659.13,667.39,655.98,666.81,62703,1729,662.580446
META,1H,2026-02-11T19:00:00Z,666.9,668.43,664.73,668.16,25844,964,666.729279
META,1H,2026-02-11T20:00:00Z,668.15,671.21,667.17,667.59,81027,2757,668.521301
META,1H,2026-02-12T13:00:00Z,670.1,670.1,670.1,670.1,120,4,670.1
META,1H,2026-02-12T14:00:00Z,666.99,674.62,661.47,661.98,47825,1251,665.926988
META,1H,2026-02-12T15:00:00Z,662.13,662.31,651.64,651.65,65932,2015,658.1111
META,1H,2026-02-12T16:00:00Z,651.57,651.89,644.19,651.53,91407,2834,648.422425
META,1H,2026-02-12T17:00:00Z,651.32,656.39,649.99,653.03,71279,2333,653.054557
META,1H,2026-02-12T18:00:00Z,652.83,655.99,650.29,652.4,46950,1793,653.162401
META,1H,2026-02-12T19:00:00Z,652.46,653.47,650.3,650.81,36346,1551,651.867894
META,1H,2026-02-12T20:00:00Z,651.16,652.16,646.38,649.14,110127,3580,649.178079
META,1H,2026-02-12T21:00:00Z,648.61,648.61,648.61,648.61,104,3,648.61
META,1H,2026-02-13T14:00:00Z,642.51,644.93,633.46,641.88,52875,1219,639.992419
META,1H,2026-02-13T15:00:00Z,642.21,649.24,640.62,646.07,54327,1612,644.12072
META,1H,2026-02-13T16:00:00Z,646.41,649.92,644.98,648.49,31050,950,647.169657
META,1H,2026-02-13T17:00:00Z,648.19,650.11,647.05,647.88,35036,863,648.159614
META,1H,2026-02-13T18:00:00Z,647.88,649.46,646.63,648.25,17241,716,647.983626
META,1H,2026-02-13T19:00:00Z,648.27,648.27,642.72,642.72,17704,700,646.004166
META,1H,2026-02-13T20:00:00Z,643.18,643.44,637.75,638.66,88651,2761,639.931474
META,1H,2026-02-13T21:00:00Z,639.1,639.1,639.1,639.1,140,6,639.1
META,1H,2026-02-17T14:00:00Z,638.36,640.74,629.02,630.08,43598,1287,635.641352
META,1H,2026-02-17T15:00:00Z,629.66,634.7,627.8,633.33,47206,1628,631.514723
META,1H,2026-02-17T16:00:00Z,633.67,638.03,633.29,636.88,38769,1283,636.320492
META,1H,2026-02-17T17:00:00Z,637.01,637.46,632.19,635.24,41540,1150,635.012754
META,1H,2026-02-17T18:00:00Z,634.32,641.3,634.32,640.46,35845,1087,638.819468
META,1H,2026-02-17T19:00:00Z,640.57,641.41,638.48,638.82,30952,1057,639.59886
META,1H,2026-02-17T20:00:00Z,638.95,640.34,636.61,638.75,69766,2241,638.478575
META,1H,2026-02-17T21:00:00Z,649.44,649.44,643.73,643.73,477,21,645.725814
META,1H,2026-02-18T14:00:00Z,634.83,635.64,627.08,634.64,101349,2712,631.016633
META,1H,2026-02-18T15:00:00Z,634.75,640.46,633.83,639.49,101544,2602,637.969869
META,1H,2026-02-18T16:00:00Z,639.49,639.58,636.58,636.66,61606,1723,638.349635
META,1H,2026-02-18T17:00:00Z,636.76,640.78,636.64,640.55,41039,1249,639.298912
META,1H,2026-02-18T18:00:00Z,640.41,641.71,637.38,638.9,31550,1050,639.964157
META,1H,2026-02-18T19:00:00Z,638.48,639.51,635.17,635.5,43031,1370,637.935875
META,1H,2026-02-18T20:00:00Z,635.69,643.31,635.64,641.86,166967,3937,640.30657
META,1H,2026-02-19T14:00:00Z,637.18,642.88,636.33,640.39,26366,825,639.95583
META,1H,2026-02-19T15:00:00Z,640.38,644.1,639.49,642.48,37913,1149,641.782101
META,1H,2026-02-19T16:00:00Z,642.59,645.46,641.47,642.97,38285,1161,643.746375
META,1H,2026-02-19T17:00:00Z,642.95,645.9,642.1,642.41,29610,840,643.889908
META,1H,2026-02-19T18:00:00Z,642.51,644.36,642.1,643.92,23067,815,643.007666
META,1H,2026-02-19T19:00:00Z,643.94,644.18,641.01,642.52,34236,972,642.77512
META,1H,2026-02-19T20:00:00Z,642.61,644.35,640.08,643.63,67605,2757,642.526232
META,1H,2026-02-20T14:00:00Z,638.55,650.34,637.7,648.11,47877,1182,647.043611
META,1H,2026-02-20T15:00:00Z,648.33,660.07,648.28,660.07,105905,2317,653.673238
META,1H,2026-02-20T16:00:00Z,660.17,662.1,654.37,659.08,92934,2193,658.737026
META,1H,2026-02-20T17:00:00Z,659.27,659.52,652.31,657.18,61637,1584,655.811266
META,1H,2026-02-20T18:00:00Z,657.14,657.36,653.59,656.83,36571,1150,655.688354
META,1H,2026-02-20T19:00:00Z,656.92,656.97,653.66,653.66,22224,690,655.31002
META,1H,2026-02-20T20:00:00Z,653.65,655.53,653.12,654.45,52805,2251,654.276655
META,1H,2026-02-23T13:00:00Z,649.33,649.33,649.19,649.19,80,2,649.26
META,1H,2026-02-23T14:00:00Z,649.25,656.33,646.96,648.07,32661,856,649.793975
META,1H,2026-02-23T15:00:00Z,647.94,649.1,642.75,642.95,34668,1330,646.378103
META,1H,2026-02-23T16:00:00Z,643.09,643.79,640.61,640.78,33761,1064,642.267769
META,1H,2026-02-23T17:00:00Z,640.77,642.52,640.3,641.41,21520,640,641.55521
META,1H,2026-02-23T18:00:00Z,641.65,643.18,638.92,638.99,24555,788,641.77786
META,1H,2026-02-23T19:00:00Z,639.03,639.54,636.66,636.66,34797,1302,638.398098
META,1H,2026-02-23T20:00:00Z,636.62,637.37,634.93,636.22,60640,2088,635.843767
META,1H,2026-02-23T21:00:00Z,636.87,636.87,636.87,636.87,120,8,636.87
META,1H,2026-02-24T13:00:00Z,635.09,635.09,635.09,635.09,40,1,635.09
META,1H,2026-02-24T14:00:00Z,632.15,637.28,628.33,629.79,88714,2259,632.350236
META,1H,2026-02-24T15:00:00Z,629.85,636.23,628.04,635.62,58898,2133,633.002631
META,1H,2026-02-24T16:00:00Z,635.61,638.13,635.3,637.92,31857,1185,636.740438
META,1H,2026-02-24T17:00:00Z,637.64,639.85,637.18,639.2,33670,1148,638.860284
META,1H,2026-02-24T18:00:00Z,639.04,639.9,637.49,639.24,25899,943,638.657489
META,1H,2026-02-24T19:00:00Z,639.22,639.42,636.83,637.67,27396,1006,637.976886
META,1H,2026-02-24T20:00:00Z,637.77,639.38,636.44,638.13,55444,2439,637.780484
META,1H,2026-02-24T21:00:00Z,637.52,637.52,637.52,637.52,60,1,637.52
META,1H,2026-02-25T14:00:00Z,640.42,650.16,640.42,649.67,22292,747,645.459847
META,1H,2026-02-25T15:00:00Z,649.76,650.35,646.37,647.5,31556,1208,648.577435
META,1H,2026-02-25T16:00:00Z,647.65,650.79,645.41,649.58,24714,1086,648.13961
META,1H,2026-02-25T17:00:00Z,649.16,651.39,648.19,648.58,24684,1037,649.707026
META,1H,2026-02-25T18:00:00Z,648.55,649.22,647.49,648.99,11949,646,648.52696
META,1H,2026-02-25T19:00:00Z,648.94,651.27,648.71,651.18,22625,1032,650.121306
META,1H,2026-02-25T20:00:00Z,651.09,652.63,649.05,652.63,69446,2984,651.138797
META,1H,2026-02-25T21:00:00Z,652.59,653.75,652.59,653.75,313,11,653.446
META,1H,2026-02-26T13:00:00Z,650.29,650.29,650.29,650.29,120,7,650.29
META,1H,2026-02-26T14:00:00Z,649.79,659.6,646.51,657.46,36441,1046,655.455541
META,1H,2026-02-26T15:00:00Z,657.27,657.68,646.44,650.75,61394,1571,651.870061
META,1H,2026-02-26T16:00:00Z,651.11,655.98,650.55,652.74,26100,998,653.606609
META,1H,2026-02-26T17:00:00Z,652.87,654.14,651.85,653.64,21211,790,652.972503
META,1H,2026-02-26T18:00:00Z,653.63,656.13,651.68,654.74,18022,780,653.53318
META,1H,2026-02-26T19:00:00Z,654.61,657.96,654.4,655.93,20410,879,656.507974
META,1H,2026-02-26T20:00:00Z,656.01,656.9,654.62,655.73,51832,2552,655.661639
META,1H,2026-02-26T21:00:00Z,655.76,655.76,655.76,655.76,128,4,655.76
META,1H,2026-02-27T14:00:00Z,642.7,647.87,638.48,646.25,56392,1229,643.308566
META,1H,2026-02-27T15:00:00Z,646.36,647.12,642.86,644.87,28819,1003,645.435168
META,1H,2026-02-27T16:00:00Z,644.75,645.43,642.42,643.67,20458,836,643.60762
META,1H,2026-02-27T17:00:00Z,644.21,644.88,639.57,640.11,24205,911,641.918152
META,1H,2026-02-27T18:00:00Z,640.23,640.38,637.29,639.56,36195,1042,639.081448
META,1H,2026-02-27T19:00:00Z,639.55,640.89,637.17,637.38,25412,1054,639.101749
META,1H,2026-02-27T20:00:00Z,637.51,647.88,637.03,647.05,89523,3065,643.879145
META,1H,2026-03-02T14:00:00Z,632.84,649.65,631.89,647.39,35641,897,643.737275
META,1H,2026-03-02T15:00:00Z,647.12,653.91,644.76,653.55,47211,1343,649.227693
META,1H,2026-03-02T16:00:00Z,653.66,658.6,648.91,658.35,28411,1011,654.082539
META,1H,2026-03-02T17:00:00Z,658.35,658.36,654.27,654.51,18042,679,655.973812
META,1H,2026-03-02T18:00:00Z,654.88,655.53,652.95,653.14,10824,456,654.210285
META,1H,2026-03-02T19:00:00Z,653.26,656.07,653.1,654.27,20642,719,654.480873
META,1H,2026-03-02T20:00:00Z,654.3,654.34,649.52,652.39,47054,2314,652.178399
META,1H,2026-03-03T14:00:00Z,644.52,654.73,644.31,644.48,51219,1140,649.083072
META,1H,2026-03-03T15:00:00Z,644.18,646.13,637.82,643.72,50341,1427,641.556037
META,1H,2026-03-03T16:00:00Z,643.85,653.61,643.42,651.96,33273,994,649.269695
META,1H,2026-03-03T17:00:00Z,651.14,652.69,647.2,647.9,21361,695,649.864756
META,1H,2026-03-03T18:00:00Z,648.08,657.76,648.06,656.35,25108,983,654.27933
META,1H,2026-03-03T19:00:00Z,656.66,657.82,652.38,655.83,19893,782,655.107464
META,1H,2026-03-03T20:00:00Z,655.62,656.18,652.17,653.87,51837,2086,653.51413
META,1H,2026-03-04T14:00:00Z,658.22,665.81,656.77,665.53,39275,1229,661.410824
META,1H,2026-03-04T15:00:00Z,665.7,670.71,664.43,669.79,65687,2194,667.254941
META,1H,2026-03-04T16:00:00Z,669.75,671.53,668.22,668.72,42888,1448,669.710007
META,1H,2026-03-04T17:00:00Z,668.62,669.58,664.73,665.85,20866,954,667.339234
META,1H,2026-03-04T18:00:00Z,666.17,667.93,665.31,666.39,18505,851,666.551978
META,1H,2026-03-04T19:00:00Z,666.45,669.86,665.97,667.75,22269,909,667.688311
META,1H,2026-03-04T20:00:00Z,667.54,668.18,664.38,666.34,69375,2453,666.201196
META,1H,2026-03-05T14:00:00Z,661.35,667.45,661.13,667.45,50830,1404,663.827925
META,1H,2026-03-05T15:00:00Z,667.53,669.36,658.16,659.51,91655,2480,661.865819
META,1H,2026-03-05T16:00:00Z,660.14,660.52,655.26,657.96,38335,1089,657.633106
META,1H,2026-03-05T17:00:00Z,657.73,660.38,651.06,651.4,44302,1153,654.287656
META,1H,2026-03-05T18:00:00Z,651.17,654.69,649.23,650.56,38628,1147,652.269383
META,1H,2026-03-05T19:00:00Z,650.55,655.33,650.3,654.56,25986,842,652.418323
META,1H,2026-03-05T20:00:00Z,654.39,660.06,653.94,659.46,78345,2899,657.981772
META,1H,2026-03-06T13:00:00Z,648.52,648.52,648.52,648.52,255,9,648.52
META,1H,2026-03-06T14:00:00Z,646.65,646.65,635.19,639.17,65165,1560,638.779979
META,1H,2026-03-06T15:00:00Z,639.31,648.27,639,647.84,46208,1348,643.144588
META,1H,2026-03-06T16:00:00Z,647.33,647.94,644.53,646.64,20836,776,646.318687
META,1H,2026-03-06T17:00:00Z,646.52,647.54,642.74,643.31,13383,465,644.981877
META,1H,2026-03-06T18:00:00Z,643.4,646.37,643.4,643.88,27274,1237,644.819934
META,1H,2026-03-06T19:00:00Z,643.58,645.28,642.83,643.04,15476,669,644.166269
META,1H,2026-03-06T20:00:00Z,643.14,645.74,640.49,643.65,82503,2666,643.012737
META,1H,2026-03-09T13:00:00Z,633.83,635.79,625.99,627.98,47589,1143,630.275988
META,1H,2026-03-09T14:00:00Z,627.76,634.64,626.35,633.67,44545,1437,629.665749
META,1H,2026-03-09T15:00:00Z,633.95,636.32,633.03,635.45,38204,1141,634.770036
META,1H,2026-03-09T16:00:00Z,635.57,637.09,634.61,634.7,39236,1152,635.906505
META,1H,2026-03-09T17:00:00Z,634.24,635.19,632.31,634.16,26643,1094,633.432792
META,1H,2026-03-09T18:00:00Z,634.21,636.75,631.98,633.99,36774,1233,634.152183
META,1H,2026-03-09T19:00:00Z,633.87,646.58,633.68,646.22,109695,3200,643.958678
META,1H,2026-03-09T20:00:00Z,644.61,644.61,644.61,644.61,40,1,644.61
META,1H,2026-03-10T13:00:00Z,652.57,658.34,651.73,652.42,49640,1282,654.563903
META,1H,2026-03-10T14:00:00Z,652.08,659.06,648,657.59,58919,1637,652.439908
META,1H,2026-03-10T15:00:00Z,657.88,657.95,654.74,655.87,39496,1131,656.495394
META,1H,2026-03-10T16:00:00Z,655.7,657.88,653.82,656.93,21428,694,656.243864
META,1H,2026-03-10T17:00:00Z,656.76,658.62,655.14,657.9,26114,900,657.205151
META,1H,2026-03-10T18:00:00Z,657.84,657.92,654.17,654.5,27280,1063,655.844063
META,1H,2026-03-10T19:00:00Z,654.77,655.32,650.83,652.74,80620,2571,652.940287
META,1H,2026-03-11T12:00:00Z,651.25,651.25,651.25,651.25,40,1,651.25
META,1H,2026-03-11T13:00:00Z,653.32,657.68,653.32,655.79,31652,735,655.568471
META,1H,2026-03-11T14:00:00Z,656.04,657.87,650.29,651.24,36696,946,653.146088
META,1H,2026-03-11T15:00:00Z,651.23,651.71,647.27,648.68,32216,781,649.018216
META,1H,2026-03-11T16:00:00Z,648.11,652.86,647.39,652.46,18781,673,650.061508
META,1H,2026-03-11T17:00:00Z,652.65,653.24,650.33,651.42,11834,417,652.178653
META,1H,2026-03-11T18:00:00Z,650.82,652.23,649.52,652.07,12962,490,651.103601
META,1H,2026-03-11T19:00:00Z,652.26,654.29,651.17,653.56,30558,1205,652.865091
META,1H,2026-03-12T13:00:00Z,647.4,652.09,642.18,643.04,37061,999,646.802156
META,1H,2026-03-12T14:00:00Z,643.04,646.06,642.05,642.66,27254,1257,644.01081
META,1H,2026-03-12T15:00:00Z,642.68,642.68,638.3,640.46,32363,1239,640.170532
META,1H,2026-03-12T16:00:00Z,640.58,641.4,637.44,639.22,27312,1085,639.165751
META,1H,2026-03-12T17:00:00Z,639.4,640.7,635.83,637.01,26288,940,638.618776
META,1H,2026-03-12T18:00:00Z,636.94,638.78,636.94,637.43,21194,868,637.760065
META,1H,2026-03-12T19:00:00Z,637.34,638.56,636.48,636.95,56495,2345,637.400644
META,1H,2026-03-12T20:00:00Z,638.57,638.57,638.57,638.57,50,1,638.57
META,1H,2026-03-13T12:00:00Z,629.43,629.82,626.78,627.78,744,18,629.198433
META,1H,2026-03-13T13:00:00Z,627.88,628.88,616.68,624.32,143124,3430,619.861465
META,1H,2026-03-13T14:00:00Z,624.42,627.69,618.37,618.39,68971,2718,623.359841
META,1H,2026-03-13T15:00:00Z,618.46,620.08,614.19,616.47,78604,2615,616.934092
META,1H,2026-03-13T16:00:00Z,616.3,618.52,612.56,612.64,55037,2096,615.638041
META,1H,2026-03-13T17:00:00Z,612.74,615.35,608.69,610.25,56570,1758,612.72967
META,1H,2026-03-13T18:00:00Z,610.24,613.12,609.42,612.62,51176,1743,611.682015
META,1H,2026-03-13T19:00:00Z,612.42,613.71,610.69,612.6,105217,4840,612.208805
META,1H,2026-03-16T12:00:00Z,630.04,632.71,630.04,632.71,573,15,631.112868
META,1H,2026-03-16T13:00:00Z,631.69,633.74,625.42,630.59,127312,2501,629.202616
META,1H,2026-03-16T14:00:00Z,630.86,634.04,627.09,628.96,60900,1674,630.305912
META,1H,2026-03-16T15:00:00Z,628.91,629.18,626.55,626.56,32786,991,627.901115
META,1H,2026-03-16T16:00:00Z,626.35,626.87,622.6,625.21,28528,908,624.548608
META,1H,2026-03-16T17:00:00Z,625.11,626.18,622.93,623.03,25988,883,624.518767
META,1H,2026-03-16T18:00:00Z,623.1,627.57,623,627.2,44889,1230,625.748928
META,1H,2026-03-16T19:00:00Z,627.13,627.87,625.23,626.93,115717,3330,626.673531
META,1H,2026-03-16T20:00:00Z,625.12,625.12,624.62,624.62,100,7,624.87
META,1H,2026-03-17T13:00:00Z,627.99,635.92,627.6,632.09,78672,1843,633.76359
META,1H,2026-03-17T14:00:00Z,631.87,631.9,628.17,629.02,42605,1798,629.716606
META,1H,2026-03-17T15:00:00Z,628.91,629.13,624.03,626.36,32179,1531,625.729469
META,1H,2026-03-17T16:00:00Z,626.11,626.28,623.11,623.23,41875,1036,624.451381
META,1H,2026-03-17T17:00:00Z,623.4,625.81,623.4,625.56,18782,805,624.579978
META,1H,2026-03-17T18:00:00Z,625.46,625.46,621.81,622.42,16898,757,623.53903
META,1H,2026-03-17T19:00:00Z,622.35,623.05,621.21,622.19,46341,2104,622.024503
META,1H,2026-03-17T20:00:00Z,622.17,622.17,622.17,622.17,100,2,622.17
META,1H,2026-03-18T13:00:00Z,618.36,621.02,615.26,619.88,47620,1321,618.79819
META,1H,2026-03-18T14:00:00Z,619.9,620.78,615.01,620.53,71306,2174,618.076056
META,1H,2026-03-18T15:00:00Z,620.48,621.92,618.86,620.07,29622,1107,620.456548
META,1H,2026-03-18T16:00:00Z,619.73,620.52,616.6,617.4,24209,895,618.770214
META,1H,2026-03-18T17:00:00Z,617.45,619.6,616.2,619.18,31461,964,617.78413
META,1H,2026-03-18T18:00:00Z,619.39,620.49,614.78,614.82,32300,1104,617.628951
META,1H,2026-03-18T19:00:00Z,614.66,617.53,614.14,614.92,76450,2708,615.572629
META,1H,2026-03-18T20:00:00Z,614.99,614.99,614.99,614.99,66,3,614.99
META,1H,2026-03-19T13:00:00Z,611.58,612.15,607.83,612.01,51515,1301,610.363777
META,1H,2026-03-19T14:00:00Z,611.89,612.04,606.02,607.64,66642,2271,608.02802
META,1H,2026-03-19T15:00:00Z,607.61,609.67,604.58,605.99,43986,1547,606.562926
META,1H,2026-03-19T16:00:00Z,606.08,607.86,604.56,606.1,41820,1305,605.942571
META,1H,2026-03-19T17:00:00Z,606.09,606.09,603.05,603.72,39668,1241,604.416739
META,1H,2026-03-19T18:00:00Z,603.68,604.86,601.76,604.23,40519,1252,602.841399
META,1H,2026-03-19T19:00:00Z,604.16,608.33,603.94,606.24,91439,2693,605.950003
META,1H,2026-03-20T13:00:00Z,602.63,602.86,593.31,593.49,57669,1554,598.139153
META,1H,2026-03-20T14:00:00Z,593.33,596.12,592.72,594.05,56046,1897,594.200131
META,1H,2026-03-20T15:00:00Z,594.07,595.22,591.37,594.12,51227,1395,592.610314
META,1H,2026-03-20T16:00:00Z,594.24,595.95,593.27,593.61,24255,804,594.621408
META,1H,2026-03-20T17:00:00Z,593.73,594.21,591.55,593.67,29827,947,592.919622
META,1H,2026-03-20T18:00:00Z,593.75,593.75,590.16,590.35,23628,932,591.6521
META,1H,2026-03-20T19:00:00Z,590.55,593.41,586.84,593.39,83296,2668,590.554087
META,1H,2026-03-20T20:00:00Z,593.19,593.46,593.19,593.46,254,14,593.322944
META,1H,2026-03-23T12:00:00Z,604.3,604.3,604.3,604.3,40,1,604.3
META,1H,2026-03-23T13:00:00Z,603.04,603.99,598.8,603.45,56432,1658,601.19758
META,1H,2026-03-23T14:00:00Z,603.49,605.72,600.64,605.16,47271,1709,603.760896
META,1H,2026-03-23T15:00:00Z,605.05,607.85,603.81,604.15,67389,2187,606.543599
META,1H,2026-03-23T16:00:00Z,604.06,607.13,600.41,601.97,34789,1456,603.637632
META,1H,2026-03-23T17:00:00Z,602.17,603.64,600.01,602.52,28023,1258,601.71037
META,1H,2026-03-23T18:00:00Z,602.52,607.07,601.34,606.88,34708,1244,604.001735
META,1H,2026-03-23T19:00:00Z,606.88,607.16,602.46,603.75,84155,3678,605.174519
META,1H,2026-03-24T13:00:00Z,598.64,599.82,594.42,594.73,33208,971,596.891255
META,1H,2026-03-24T14:00:00Z,594.73,597.41,591.57,594.55,49918,1514,594.259763
META,1H,2026-03-24T15:00:00Z,594.63,596.7,593.53,593.78,23053,1006,595.507731
META,1H,2026-03-24T16:00:00Z,593.67,597.05,593.03,594.74,29045,1053,594.945426
META,1H,2026-03-24T17:00:00Z,595.1,595.13,590.51,593.09,37112,1259,592.444891
META,1H,2026-03-24T18:00:00Z,593.23,595.7,593.23,594.53,35064,1185,594.262765
META,1H,2026-03-24T19:00:00Z,594.55,595.76,591.73,592.49,100453,4124,593.076345
META,1H,2026-03-24T20:00:00Z,592.51,599.2,592.51,596.92,421,11,596.357834
META,1H,2026-03-25T13:00:00Z,597.7,602.94,595.45,597.02,62810,1786,598.531735
META,1H,2026-03-25T14:00:00Z,597.02,600.07,594.76,597.62,99317,2797,598.279329
META,1H,2026-03-25T15:00:00Z,597.83,599.32,593.24,598.77,90273,2276,597.278339
META,1H,2026-03-25T16:00:00Z,598.99,599.39,596.49,597.99,31483,1136,598.075977
META,1H,2026-03-25T17:00:00Z,598.14,601.9,596.44,598.8,61503,1476,598.770504
META,1H,2026-03-25T18:00:00Z,598.75,598.96,594.88,595.34,77403,1675,597.249258
META,1H,2026-03-25T19:00:00Z,594.95,595.89,593.21,594.28,84585,2941,594.30766
META,1H,2026-03-26T12:00:00Z,585.03,585.03,585.03,585.03,100,4,585.03
META,1H,2026-03-26T13:00:00Z,583.82,583.82,574,575.38,155697,2795,577.648625
META,1H,2026-03-26T14:00:00Z,575.46,578.93,560.39,560.95,186156,4944,567.342297
META,1H,2026-03-26T15:00:00Z,560.87,563.72,555.91,556.4,141124,3965,560.326765
META,1H,2026-03-26T16:00:00Z,555.95,556.77,550.81,551.16,112330,3354,554.249734
META,1H,2026-03-26T17:00:00Z,551.24,552.96,544.81,545.38,123987,3825,549.856015
META,1H,2026-03-26T18:00:00Z,545.91,547.56,542.93,546.82,101073,3094,545.66104
META,1H,2026-03-26T19:00:00Z,546.51,549.49,545.16,547.24,163257,4611,547.201684
META,1H,2026-03-26T20:00:00Z,549.49,549.49,549.49,549.49,98,3,549.49
META,1H,2026-03-27T13:00:00Z,539.38,542.62,533.41,533.5,86305,2199,538.34666
META,1H,2026-03-27T14:00:00Z,533.39,534.06,528.83,529.78,173863,4071,531.445807
META,1H,2026-03-27T15:00:00Z,529.92,530.67,526.05,529.12,161069,3410,529.060696
META,1H,2026-03-27T16:00:00Z,529.2,529.86,525.68,527.48,112594,2614,527.734607
META,1H,2026-03-27T17:00:00Z,527.53,528.93,520.66,520.74,103334,2601,524.501293
META,1H,2026-03-27T18:00:00Z,520.65,524.87,519.8,524.09,111311,2977,522.860771
META,1H,2026-03-27T19:00:00Z,524.1,526.63,523.02,525.16,141213,4033,524.950999
META,1H,2026-03-30T12:00:00Z,531.62,533.46,531.62,532.06,629,17,532.545099
META,1H,2026-03-30T13:00:00Z,532.9,536.59,529.35,531,113589,2501,532.846593
META,1H,2026-03-30T14:00:00Z,531.07,534.5,528.17,534.41,136839,2837,531.792973
META,1H,2026-03-30T15:00:00Z,534.49,539.05,531.31,537.42,122343,2769,534.802233
META,1H,2026-03-30T16:00:00Z,537.52,538.42,535.01,536.84,39411,983,536.770391
META,1H,2026-03-30T17:00:00Z,536.87,537.59,534.77,537.31,49143,1365,536.517841
META,1H,2026-03-30T18:00:00Z,537.35,538.73,535.33,535.61,93859,2102,536.818162
META,1H,2026-03-30T19:00:00Z,535.6,536.78,532.76,536.16,167895,4614,535.279372
META,1H,2026-03-30T20:00:00Z,535.42,535.42,535.42,535.42,111,3,535.42
META,1H,2026-03-31T12:00:00Z,544.46,544.46,544.46,544.46,150,3,544.46
META,1H,2026-03-31T13:00:00Z,549.47,558.51,546.29,556.83,134891,3028,554.417641
META,1H,2026-03-31T14:00:00Z,556.94,558.17,551.07,551.64,181134,4493,555.185327
META,1H,2026-03-31T15:00:00Z,551.64,558.22,551.18,556.07,125496,3870,555.456597
META,1H,2026-03-31T16:00:00Z,556.13,566.75,556,566.04,126061,3649,562.414401
META,1H,2026-03-31T17:00:00Z,565.99,573.08,565.99,568.31,134732,3936,569.164531
META,1H,2026-03-31T18:00:00Z,568.6,571.43,568.03,569.88,74489,2525,569.936107
META,1H,2026-03-31T19:00:00Z,569.81,571.74,568.14,571.61,227090,6135,570.025668
META,1H,2026-03-31T20:00:00Z,572,573.32,572,573.19,320,12,572.772308
META,1H,2026-04-01T12:00:00Z,577.66,577.66,577.66,577.66,120,2,577.66
META,1H,2026-04-01T13:00:00Z,575.47,584.35,573.57,576.79,114224,2285,577.820432
META,1H,2026-04-01T14:00:00Z,577.28,581.68,575.65,581.36,120794,2868,577.847885
META,1H,2026-04-01T15:00:00Z,581.49,583.85,580.35,582.86,99228,2536,582.08427
META,1H,2026-04-01T16:00:00Z,582.97,589.27,582.97,589.06,95068,2821,586.582196
META,1H,2026-04-01T17:00:00Z,589.02,591.95,585.57,585.66,125116,3399,589.338774
META,1H,2026-04-01T18:00:00Z,585.75,585.75,575.91,576.52,129651,3021,580.262841
META,1H,2026-04-01T19:00:00Z,576.68,582.2,576.54,578.43,180708,4089,579.219834
META,1H,2026-04-02T12:00:00Z,561.22,561.22,561.22,561.22,41,2,561.22
META,1H,2026-04-02T13:00:00Z,560.76,568.81,559.46,566.64,90398,1703,563.567627
META,1H,2026-04-02T14:00:00Z,566.78,577.96,566.25,571.82,94158,2217,571.13207
META,1H,2026-04-02T15:00:00Z,571.76,573.51,569.11,570.27,76501,1591,571.217383
META,1H,2026-04-02T16:00:00Z,570.37,572.6,569.36,571.22,38201,961,570.560533
META,1H,2026-04-02T17:00:00Z,570.63,572.79,569.02,569.77,47537,1021,570.35318
META,1H,2026-04-02T18:00:00Z,569.94,573.3,569.94,572.4,32758,898,572.018364
META,1H,2026-04-02T19:00:00Z,572.54,574.5,572.19,573.96,73520,2317,573.580996
META,1H,2026-04-06T13:00:00Z,577.46,582.19,576.4,580.81,30582,807,579.873399
META,1H,2026-04-06T14:00:00Z,580.07,581.71,573.11,575.2,41060,1048,576.147679
META,1H,2026-04-06T15:00:00Z,575.67,578.4,575.53,577.69,28935,802,577.064919
META,1H,2026-04-06T16:00:00Z,577.87,579.58,577.22,577.22,27939,845,578.236935
META,1H,2026-04-06T17:00:00Z,577.13,577.13,574.8,575.21,21722,748,576.086294
META,1H,2026-04-06T18:00:00Z,575.07,578.05,574.61,576.91,18637,733,576.786134
META,1H,2026-04-06T19:00:00Z,576.88,577.3,571.83,572.54,71314,2345,573.787421
META,1H,2026-04-06T20:00:00Z,572.78,573.08,572.78,573.08,414,25,572.923558
META,1H,2026-04-07T13:00:00Z,571.91,572.25,567.99,568.65,45327,1122,569.600401
META,1H,2026-04-07T14:00:00Z,568.57,569.84,565.22,566.25,76775,1728,567.27342
META,1H,2026-04-07T15:00:00Z,565.04,567.76,564.25,566.63,36673,1167,565.715637
META,1H,2026-04-07T16:00:00Z,567.04,569.97,566.55,568.55,26373,843,568.466187
META,1H,2026-04-07T17:00:00Z,568.38,571.14,567.03,569.03,21468,672,568.986106
META,1H,2026-04-07T18:00:00Z,568.79,569.26,565.43,565.76,11905,487,567.500572
META,1H,2026-04-07T19:00:00Z,565.34,574.62,565.07,574.61,74969,2416,570.463021
META,1H,2026-04-07T20:00:00Z,575.13,575.13,573.95,573.95,344,22,574.54
META,1H,2026-04-08T12:00:00Z,604.46,604.46,604.44,604.44,200,9,604.447143
META,1H,2026-04-08T13:00:00Z,603.68,608.27,598.77,599.8,130136,3016,601.820427
META,1H,2026-04-08T14:00:00Z,599.6,599.79,592.29,593.22,106614,3171,596.5713
META,1H,2026-04-08T15:00:00Z,593.39,596.76,591.37,596.21,100929,2788,593.895203
META,1H,2026-04-08T16:00:00Z,596.5,629.23,596.5,626.78,358720,8674,615.273302
META,1H,2026-04-08T17:00:00Z,627.13,628.81,617.25,618.43,137975,3816,623.651691
META,1H,2026-04-08T18:00:00Z,617.99,619.44,610.7,610.8,67050,2501,615.905954
META,1H,2026-04-08T19:00:00Z,610.63,612.88,609.11,611.98,119777,4058,611.324699
META,1H,2026-04-09T12:00:00Z,623.62,623.63,623.14,623.14,143,3,623.49014
META,1H,2026-04-09T13:00:00Z,621.22,632.07,620.34,624.78,233260,3764,626.915209
META,1H,2026-04-09T14:00:00Z,624.65,630.57,622.6,630.17,193896,4154,625.344402
META,1H,2026-04-09T15:00:00Z,630.26,634.52,627.96,633.87,59920,2230,630.61134
META,1H,2026-04-09T16:00:00Z,634,636.82,630.95,632.45,58877,2069,633.983108
META,1H,2026-04-09T17:00:00Z,632.46,633.33,629.8,630.39,70312,1919,631.585421
META,1H,2026-04-09T18:00:00Z,630.25,630.56,626.68,627.22,40540,1580,627.748885
META,1H,2026-04-09T19:00:00Z,627.23,629.48,626.85,627.74,88073,3326,628.267846
META,1H,2026-04-10T13:00:00Z,634.71,637.87,629.18,631.42,73349,1749,633.570605
META,1H,2026-04-10T14:00:00Z,631.22,636.23,628.51,631.42,88041,2193,631.815582
META,1H,2026-04-10T15:00:00Z,631.47,632.04,624.9,625.12,68439,1677,630.528722
META,1H,2026-04-10T16:00:00Z,625.73,627.99,624.38,627.33,46274,1180,626.754225
META,1H,2026-04-10T17:00:00Z,627.37,627.37,625.87,626.8,26986,851,626.727502
META,1H,2026-04-10T18:00:00Z,626.65,626.65,623.79,625.1,28878,1112,624.693195
META,1H,2026-04-10T19:00:00Z,625,629.31,625,629.26,57365,1976,628.083271
META,1H,2026-04-10T20:00:00Z,629.34,629.58,629.34,629.58,137,3,629.477143
META,1H,2026-04-13T12:00:00Z,623.77,623.77,623.77,623.77,103,5,623.77
META,1H,2026-04-13T13:00:00Z,624.83,629.71,623.97,629.46,41389,1137,627.44802
META,1H,2026-04-13T14:00:00Z,629.44,633,625.01,627.06,32529,1140,627.357963
META,1H,2026-04-13T15:00:00Z,627.06,628.42,624.65,626.78,28976,934,626.551612
META,1H,2026-04-13T16:00:00Z,627.08,630.01,625.52,629.28,20053,788,627.8656
META,1H,2026-04-13T17:00:00Z,629.42,629.92,628.7,629.37,20414,803,629.299247
META,1H,2026-04-13T18:00:00Z,629.82,632.47,629.82,632.03,24988,831,630.926578
META,1H,2026-04-13T19:00:00Z,632.12,634.4,631.29,634.2,52349,1910,633.158237
META,1H,2026-04-14T13:00:00Z,644.46,651.81,638.85,648.47,99185,2303,646.795007
META,1H,2026-04-14T14:00:00Z,648.47,657.81,647.91,657.42,89107,2675,651.91569
META,1H,2026-04-14T15:00:00Z,657.35,664.17,655.3,662.83,90675,2783,659.943709
META,1H,2026-04-14T16:00:00Z,662.49,664.92,661.37,661.44,52806,2044,663.176167
META,1H,2026-04-14T17:00:00Z,661.73,665.55,660.75,665.04,26674,1070,662.817429
META,1H,2026-04-14T18:00:00Z,665.09,665.26,659.38,660.04,57938,1847,660.965295
META,1H,2026-04-14T19:00:00Z,660.26,662.13,659.14,661.77,79732,2595,661.160487
META,1H,2026-04-15T12:00:00Z,664.53,664.53,664.53,664.53,40,1,664.53
META,1H,2026-04-15T13:00:00Z,664.2,670.69,663.6,670.45,56429,1569,667.286118
META,1H,2026-04-15T14:00:00Z,670.99,675.53,669.41,673.37,87511,2517,673.090754
META,1H,2026-04-15T15:00:00Z,673.75,675.43,671.74,674.24,52645,1701,673.454808
META,1H,2026-04-15T16:00:00Z,674.3,677.86,671.9,672.95,72829,2000,674.828898
META,1H,2026-04-15T17:00:00Z,673.15,674.32,670.29,670.52,25339,945,672.751036
META,1H,2026-04-15T18:00:00Z,670.59,674.48,670.57,674.06,23147,960,672.677016
META,1H,2026-04-15T19:00:00Z,673.91,674.07,669.49,671.03,70621,2574,671.951466
META,1H,2026-04-15T20:00:00Z,670.38,670.38,670.38,670.38,40,1,670.38
META,1H,2026-04-16T13:00:00Z,675.35,675.94,668.19,669.86,43794,1328,671.991391
META,1H,2026-04-16T14:00:00Z,669.6,673.42,667.18,671.19,61505,1862,670.672234
META,1H,2026-04-16T15:00:00Z,671.45,675.45,670.47,675.45,38004,1330,673.317408
META,1H,2026-04-16T16:00:00Z,675.52,676.77,672.62,673.88,25731,814,675.667702
META,1H,2026-04-16T17:00:00Z,673.82,676.42,672.53,674.21,26470,846,674.26462
META,1H,2026-04-16T18:00:00Z,674.12,674.35,671.47,673.7,34689,1184,673.164546
META,1H,2026-04-16T19:00:00Z,673.79,676.75,672.48,676.24,76976,2846,674.819583
META,1H,2026-04-17T12:00:00Z,678.97,679.06,678.97,679.06,231,17,679.02
META,1H,2026-04-17T13:00:00Z,678.49,687.04,674.88,683.92,52168,1545,681.385475
META,1H,2026-04-17T14:00:00Z,684.03,687.1,681.69,685.64,57447,1753,684.884985
META,1H,2026-04-17T15:00:00Z,685.37,685.37,681.5,682.59,31221,1103,683.369865
META,1H,2026-04-17T16:00:00Z,682.32,685.82,682.32,685.52,22607,790,684.427101
META,1H,2026-04-17T17:00:00Z,685.72,685.72,681.7,683.64,20338,754,684.184772
META,1H,2026-04-17T18:00:00Z,684,684.36,681.45,683.82,15660,650,683.131822
META,1H,2026-04-17T19:00:00Z,683.45,690.81,682.81,687.82,112656,3505,687.736447
META,1H,2026-04-20T13:00:00Z,683.3,683.3,671.58,677,57408,1799,676.082207
META,1H,2026-04-20T14:00:00Z,676.96,677.89,668.96,669.61,78160,2241,674.569213
META,1H,2026-04-20T15:00:00Z,669.73,673.88,667.58,672.24,67130,2223,671.357894
META,1H,2026-04-20T16:00:00Z,672.05,673.12,670.63,671.22,26726,1269,672.173954
META,1H,2026-04-20T17:00:00Z,671.16,672.89,670.5,670.54,23969,1005,671.716215
META,1H,2026-04-20T18:00:00Z,670.64,672.43,670.04,670.14,37236,1309,671.534174
META,1H,2026-04-20T19:00:00Z,670.31,671.39,668.9,670.3,89524,2964,670.139904
META,1H,2026-04-20T20:00:00Z,670.32,670.32,670.32,670.32,80,6,670.32
META,1H,2026-04-21T13:00:00Z,670.29,674.13,667.16,673.65,23345,751,671.916184
META,1H,2026-04-21T14:00:00Z,674.13,675.09,671.37,671.37,24572,1026,673.413026
META,1H,2026-04-21T15:00:00Z,671.4,672.73,669.44,670.42,38928,1339,671.427592
META,1H,2026-04-21T16:00:00Z,670.74,671.67,669.42,669.57,26690,1013,670.531418
META,1H,2026-04-21T17:00:00Z,669.66,673.4,667.93,672.21,31776,1062,670.299609
META,1H,2026-04-21T18:00:00Z,672.29,672.97,669.92,671.96,29438,795,670.806597
META,1H,2026-04-21T19:00:00Z,672,673.95,666.85,668.07,58440,2396,669.633956
META,1H,2026-04-22T13:00:00Z,673.77,674.68,669.25,672.17,28566,851,672.288634
META,1H,2026-04-22T14:00:00Z,671.93,675.47,671.17,673.71,48923,1678,673.707027
META,1H,2026-04-22T15:00:00Z,673.68,675.59,672.9,674.28,40836,1418,674.333327
META,1H,2026-04-22T16:00:00Z,674.4,674.9,672.91,674.07,39892,1320,674.078319
META,1H,2026-04-22T17:00:00Z,674.05,677.16,674.05,675.85,59075,2269,675.402205
META,1H,2026-04-22T18:00:00Z,675.85,677.04,674.97,675.27,54548,2324,676.055394
META,1H,2026-04-22T19:00:00Z,674.99,677.7,673.8,674.24,156097,4481,675.471344
META,1H,2026-04-22T20:00:00Z,672.7,672.7,671.69,672.34,263,15,672.22163
META,1H,2026-04-23T12:00:00Z,665.22,665.22,665.22,665.22,80,1,665.22
META,1H,2026-04-23T13:00:00Z,663.09,665.1,659.21,660.37,101062,2225,662.324876
META,1H,2026-04-23T14:00:00Z,660.23,665.21,657.75,664.89,52655,1896,661.961251
META,1H,2026-04-23T15:00:00Z,664.97,668.82,664.94,665.57,45540,1846,666.971064
META,1H,2026-04-23T16:00:00Z,665.73,665.95,664.19,664.88,20785,1079,664.886893
META,1H,2026-04-23T17:00:00Z,664.78,668.13,652.64,657.44,79652,2909,658.892717
META,1H,2026-04-23T18:00:00Z,657.41,659.39,656.57,656.71,51958,2197,658.197166
META,1H,2026-04-23T19:00:00Z,656.79,660.02,656.67,658.54,73781,2669,658.495409
META,1H,2026-04-24T12:00:00Z,659.45,659.45,659.45,659.45,75,1,659.45
META,1H,2026-04-24T13:00:00Z,659.04,664.77,653.33,663.6,39489,1213,660.044791
META,1H,2026-04-24T14:00:00Z,662.89,668.58,662.46,666.65,60759,1854,665.582232
META,1H,2026-04-24T15:00:00Z,666.79,675.79,665.85,674.73,56895,2183,671.152612
META,1H,2026-04-24T16:00:00Z,674.81,678.88,673.53,678.51,41727,1475,675.557166
META,1H,2026-04-24T17:00:00Z,679.09,679.94,675.82,676.77,79169,2222,677.416713
META,1H,2026-04-24T18:00:00Z,676.5,676.69,673.58,675.5,29476,934,674.871527
META,1H,2026-04-24T19:00:00Z,675.7,677.81,674.28,674.31,111489,3192,675.894346
META,1H,2026-04-27T12:00:00Z,673.64,673.64,673.64,673.64,40,1,673.64
META,1H,2026-04-27T13:00:00Z,670.47,678.03,670.47,671.79,69967,1758,675.489657
META,1H,2026-04-27T14:00:00Z,671.77,680.96,670.74,680.89,79340,2301,675.348398
META,1H,2026-04-27T15:00:00Z,681.01,681.8,672.43,674.08,62963,1807,675.934556
META,1H,2026-04-27T16:00:00Z,674.14,677.44,673.64,677.12,50634,1125,674.83651
META,1H,2026-04-27T17:00:00Z,676.92,679.9,676.58,678.72,39760,1393,678.572957
META,1H,2026-04-27T18:00:00Z,678.56,679.17,677.01,677.78,48396,1631,678.473387
META,1H,2026-04-27T19:00:00Z,677.78,678.98,676.05,677.88,79426,2831,677.592262
META,1H,2026-04-28T12:00:00Z,670.7,672.79,670.7,672.79,228,6,671.940152
META,1H,2026-04-28T13:00:00Z,673.79,677.36,669.35,671.98,46938,1296,673.857127
META,1H,2026-04-28T14:00:00Z,671.35,674.51,666.04,667.49,63812,2121,669.798571
META,1H,2026-04-28T15:00:00Z,667.91,669.22,665.03,668.2,104133,2175,667.612673
META,1H,2026-04-28T16:00:00Z,668.22,669.97,665.74,669.61,49805,1672,667.864702
META,1H,2026-04-28T17:00:00Z,669.65,670.47,668.47,669.73,27729,1354,669.519419
META,1H,2026-04-28T18:00:00Z,669.81,672.11,669.55,670.69,32035,1338,670.861479
META,1H,2026-04-28T19:00:00Z,670.5,670.93,668.75,670.68,71954,2835,670.100683
META,1H,2026-04-28T20:00:00Z,670.74,670.74,670.74,670.74,40,1,670.74
META,1H,2026-04-29T13:00:00Z,668.31,669.31,663.3,668.35,60353,1621,666.041815
META,1H,2026-04-29T14:00:00Z,668.9,673.24,668.12,671.59,81872,2046,671.246889
META,1H,2026-04-29T15:00:00Z,671.49,671.59,667.29,668.5,82928,2261,670.175708
META,1H,2026-04-29T16:00:00Z,668.38,671.42,666.01,667.03,42238,1438,668.918149
META,1H,2026-04-29T17:00:00Z,667.22,671.14,666.87,671.08,59506,1720,669.679187
META,1H,2026-04-29T18:00:00Z,671.12,673.03,668.38,672.58,61176,1676,670.912695
META,1H,2026-04-29T19:00:00Z,672.88,673.63,667.23,668.85,152883,4162,670.77042
META,1H,2026-04-29T20:00:00Z,625.4,634.41,625.4,634.41,406,35,630.841683
META,1H,2026-04-30T12:00:00Z,612.14,616.52,612.14,615.42,805,32,614.231395
META,1H,2026-04-30T13:00:00Z,614.39,621.57,600.65,602.87,379182,8515,605.985848
META,1H,2026-04-30T14:00:00Z,603.51,607.76,599.44,607.74,255965,7037,602.524839
META,1H,2026-04-30T15:00:00Z,607.5,608.99,604.11,607.47,121298,4029,606.626386
META,1H,2026-04-30T16:00:00Z,607.46,611.43,605.06,607.51,195821,5389,607.727882
META,1H,2026-04-30T17:00:00Z,607.52,612.85,605.67,612.71,112989,3818,608.344822
META,1H,2026-04-30T18:00:00Z,612.5,617.75,612.24,615.58,215702,4492,615.708123
META,1H,2026-04-30T19:00:00Z,615.59,619.31,611.06,611.59,447625,9694,614.836974
META,1H,2026-04-30T20:00:00Z,610.12,612.59,610.12,611.8,530,39,611.377333
META,1H,2026-05-01T12:00:00Z,614.8,614.86,613.71,613.71,120,3,614.456667
META,1H,2026-05-01T13:00:00Z,612.79,617.96,609.66,612.73,80102,1930,612.562944
META,1H,2026-05-01T14:00:00Z,612.63,613.74,605.68,611.04,97708,2583,610.26141
META,1H,2026-05-01T15:00:00Z,610.89,614.4,609.44,611.14,80392,1960,611.904636
META,1H,2026-05-01T16:00:00Z,611.55,613.17,609.46,612,65861,1703,611.224427
META,1H,2026-05-01T17:00:00Z,612.29,615.32,611.1,611.47,72928,1806,612.272931
META,1H,2026-05-01T18:00:00Z,611.52,612.93,609.86,610.7,63562,1916,611.38252
META,1H,2026-05-01T19:00:00Z,610.52,612.09,607.84,608.05,129627,3757,609.579657
META,1H,2026-05-01T20:00:00Z,608.78,608.78,608.75,608.75,203,6,608.766216
META,1H,2026-05-04T13:00:00Z,607.37,607.66,603.58,603.64,90949,1964,605.556279
META,1H,2026-05-04T14:00:00Z,603.64,612.82,602.29,612.26,91285,2355,606.302628
META,1H,2026-05-04T15:00:00Z,612.25,613.16,606.06,607.96,55151,1652,608.93534
META,1H,2026-05-04T16:00:00Z,607.99,611.72,606.7,610.05,41487,1255,609.434615
META,1H,2026-05-04T17:00:00Z,610.03,613.43,610.01,612.64,36484,1046,611.656215
META,1H,2026-05-04T18:00:00Z,612.65,613.31,610.06,611.16,25589,921,611.910675
META,1H,2026-05-04T19:00:00Z,611.28,612.6,609.56,609.73,85937,2607,610.762884
META,1H,2026-05-04T20:00:00Z,608.96,608.96,608.96,608.96,45,1,608.96
META,1H,2026-05-05T12:00:00Z,612.76,612.76,612.76,612.76,40,1,612.76
META,1H,2026-05-05T13:00:00Z,613.38,613.77,605.39,606.38,94693,1658,607.182158
META,1H,2026-05-05T14:00:00Z,606.42,607.22,601.44,602.2,96553,2482,603.902998
META,1H,2026-05-05T15:00:00Z,602.35,604.53,600.92,601.59,90757,2040,602.480396
META,1H,2026-05-05T16:00:00Z,601.65,602,599.86,601.1,105111,1758,600.851295
META,1H,2026-05-05T17:00:00Z,601.16,603.91,600.63,602.97,57741,1561,602.059149
META,1H,2026-05-05T18:00:00Z,602.87,604.44,600.19,600.68,47537,1510,602.087275
META,1H,2026-05-05T19:00:00Z,600.54,606.22,600.07,604.36,158597,4563,604.304178
META,1H,2026-05-05T20:00:00Z,603.49,603.49,603.02,603.02,339,12,603.264699
META,1H,2026-05-06T13:00:00Z,600.71,604.68,597.65,603.11,102096,2381,601.154873
META,1H,2026-05-06T14:00:00Z,603.35,619.29,603.24,616.59,158864,3735,613.087099
META,1H,2026-05-06T15:00:00Z,616.52,617.81,611.65,612.76,63578,1548,613.577477
META,1H,2026-05-06T16:00:00Z,612.41,612.75,610.05,611.58,51192,1452,611.695774
META,1H,2026-05-06T17:00:00Z,611.37,613.4,610.96,612.45,27894,953,612.298546
META,1H,2026-05-06T18:00:00Z,612.4,614.79,611.49,614.21,33129,1080,613.004673
META,1H,2026-05-06T19:00:00Z,614.11,614.71,611.45,612.05,82077,3312,612.309154
META,1H,2026-05-06T20:00:00Z,611.5,611.5,611.5,611.5,75,1,611.5
META,1H,2026-05-07T12:00:00Z,616.72,617.41,616.72,617.41,195,6,616.917143
META,1H,2026-05-07T13:00:00Z,613.93,622.26,613.69,622.13,39262,1126,619.439769
META,1H,2026-05-07T14:00:00Z,622.18,624.29,619.16,622,50781,1954,621.641023
META,1H,2026-05-07T15:00:00Z,622.47,623.58,619.93,621.67,45493,1664,621.66912
META,1H,2026-05-07T16:00:00Z,621.75,621.75,615.54,616.41,44290,1360,617.866101
META,1H,2026-05-07T17:00:00Z,616.4,617.43,613.1,615.3,83386,2132,615.044109
META,1H,2026-05-07T18:00:00Z,615.44,616.64,614.86,616.62,28180,842,615.879554
META,1H,2026-05-07T19:00:00Z,616.56,617.3,614.71,616.01,51579,2081,616.061492
META,1H,2026-05-07T20:00:00Z,617.21,617.21,615.92,615.92,202,10,616.841429
META,1H,2026-05-08T12:00:00Z,618.12,618.12,618.05,618.05,210,5,618.07
META,1H,2026-05-08T13:00:00Z,614.12,616.16,612.48,613.64,29456,894,614.328773
META,1H,2026-05-08T14:00:00Z,613.52,615.9,610.54,611.43,79893,2114,612.723511
META,1H,2026-05-08T15:00:00Z,610.72,610.72,605.84,606.79,97727,2630,608.640784
META,1H,2026-05-08T16:00:00Z,606.79,609.63,606.79,608.24,61686,1714,608.227515
META,1H,2026-05-08T17:00:00Z,608.5,610.22,608.04,609.76,32127,1309,608.87511
META,1H,2026-05-08T18:00:00Z,609.93,610.92,608.23,608.8,24551,1011,609.774177
META,1H,2026-05-08T19:00:00Z,608.93,610.35,608.68,608.98,79591,2451,609.465384
META,1H,2026-05-11T13:00:00Z,603.93,603.97,599.3,600.54,82136,1943,600.958983
META,1H,2026-05-11T14:00:00Z,600.67,603.05,599.71,600.98,82792,2455,601.425276
META,1H,2026-05-11T15:00:00Z,601.06,604.02,599.64,602.72,67709,1969,601.366375
META,1H,2026-05-11T16:00:00Z,602.55,603.75,601.39,601.82,25688,1018,602.539592
META,1H,2026-05-11T17:00:00Z,601.88,602.44,599.34,602.15,34147,1089,600.647049
META,1H,2026-05-11T18:00:00Z,602.8,602.84,598.19,598.8,34657,1180,599.96929
META,1H,2026-05-11T19:00:00Z,598.74,599.34,597.59,598.16,84098,2637,598.519344
META,1H,2026-05-11T20:00:00Z,598.74,598.74,598.56,598.71,347,12,598.631803
META,1H,2026-05-12T12:00:00Z,594.8,594.8,594.71,594.71,177,7,594.748919
META,1H,2026-05-12T13:00:00Z,596.2,600.34,592.16,599.37,59670,1496,595.27461
META,1H,2026-05-12T14:00:00Z,599.56,603.12,597.29,600.42,77662,2347,600.898266
META,1H,2026-05-12T15:00:00Z,600.49,601.31,599.04,599.92,48710,1724,600.261725
META,1H,2026-05-12T16:00:00Z,599.85,600.95,598.82,599.39,55036,1922,599.675315
META,1H,2026-05-12T17:00:00Z,599.42,599.92,596.11,599.89,53870,1932,598.013505
META,1H,2026-05-12T18:00:00Z,599.78,600.28,598.49,599.19,36569,1636,599.147168
META,1H,2026-05-12T19:00:00Z,599.13,602.77,598.44,602.51,114683,3361,601.408805
META,1H,2026-05-12T20:00:00Z,602.04,602.04,601.68,601.88,305,13,601.80887
META,1H,2026-05-13T13:00:00Z,597.77,605.58,596.48,605.01,69904,1659,600.144986
META,1H,2026-05-13T14:00:00Z,605.29,608.53,602.39,604,90265,2506,605.24021
META,1H,2026-05-13T15:00:00Z,604.15,608.56,603.19,607.87,83190,2134,605.982727
META,1H,2026-05-13T16:00:00Z,607.89,614.98,607.53,614.98,86695,2461,611.222735
META,1H,2026-05-13T17:00:00Z,615.44,616.15,613.87,614.53,78895,2298,614.841373
META,1H,2026-05-13T18:00:00Z,614.53,619.26,614.33,616.62,81610,2613,617.319587
META,1H,2026-05-13T19:00:00Z,616.57,617.73,614.75,616.04,92407,3424,616.330834
META,1H,2026-05-13T20:00:00Z,615.43,615.43,615.43,615.43,101,5,615.43
META,1H,2026-05-14T13:00:00Z,615.16,618.74,614.77,616.97,32541,1072,616.651973
META,1H,2026-05-14T14:00:00Z,617.36,622.56,617.36,619.79,70713,1974,620.621444
META,1H,2026-05-14T15:00:00Z,619.86,622.24,619.69,621.1,29234,1096,621.03544
META,1H,2026-05-14T16:00:00Z,621.29,623.13,618.33,618.82,16843,694,620.801075
META,1H,2026-05-14T17:00:00Z,618.79,619.2,617.54,618.25,30562,1002,618.30014
META,1H,2026-05-14T18:00:00Z,618.25,618.25,614.88,616.02,40840,1241,616.004941
META,1H,2026-05-14T19:00:00Z,616.15,618.09,616.09,617.94,73219,2261,617.25779
META,1H,2026-05-15T13:00:00Z,612.97,613.52,608.93,609.71,38387,977,610.635313
META,1H,2026-05-15T14:00:00Z,609.61,614.47,609.21,614.24,39511,1229,612.555747
META,1H,2026-05-15T15:00:00Z,614.35,615.37,611.17,612.88,32360,1149,613.557517
META,1H,2026-05-15T16:00:00Z,613.02,616.4,612.51,615.22,23203,725,614.393919
META,1H,2026-05-15T17:00:00Z,615.14,619.82,614.91,619.59,24616,869,617.503516
META,1H,2026-05-15T18:00:00Z,619.86,620.59,615.94,616.32,33163,1068,618.470764
META,1H,2026-05-15T19:00:00Z,616.29,616.49,613.02,613.81,139929,3998,614.571105
META,1H,2026-05-18T12:00:00Z,607.29,609.45,607.29,609.45,242,9,608.154
META,1H,2026-05-18T13:00:00Z,608.56,611.23,603.25,611.14,79608,2190,607.642014
META,1H,2026-05-18T14:00:00Z,611.29,611.5,605.34,608.83,92169,2649,609.393652
META,1H,2026-05-18T15:00:00Z,608.82,609.44,605.45,607.01,56148,1559,607.551674
META,1H,2026-05-18T16:00:00Z,607.06,610.23,606.15,609.15,48375,1467,608.759688
META,1H,2026-05-18T17:00:00Z,609.12,614.93,608.46,613.68,45861,1263,611.987124
META,1H,2026-05-18T18:00:00Z,614.11,614.11,607.04,607.04,42498,1180,610.741362
META,1H,2026-05-18T19:00:00Z,606.94,611.96,606.9,610.68,77757,2496,610.692597
META,1H,2026-05-19T13:00:00Z,608.13,613.14,604.82,612,38899,1075,608.463636
META,1H,2026-05-19T14:00:00Z,611.65,612.33,604.28,606.43,57423,1589,608.894573
META,1H,2026-05-19T15:00:00Z,606.39,607.05,601.73,602.28,36894,1137,604.599188
META,1H,2026-05-19T16:00:00Z,602.39,603.88,600.08,603.53,37016,1056,601.885716
META,1H,2026-05-19T17:00:00Z,603.36,603.85,601.44,601.96,21092,861,602.774781
META,1H,2026-05-19T18:00:00Z,602.18,602.61,600.31,600.56,21598,830,601.658922
META,1H,2026-05-19T19:00:00Z,600.37,602.78,600.13,602.14,68883,2562,601.832716
META,1H,2026-05-20T13:00:00Z,602.62,602.62,598.51,599.6,35844,1071,600.303527
META,1H,2026-05-20T14:00:00Z,599.68,604.69,597.44,604.22,64344,1811,601.076836
META,1H,2026-05-20T15:00:00Z,604.23,607.36,603.27,605.53,83195,1698,605.480451
META,1H,2026-05-20T16:00:00Z,605.77,605.8,602.9,604.19,30289,1125,603.976081
META,1H,2026-05-20T17:00:00Z,604.08,605.07,603.39,604.39,29865,907,604.335164
META,1H,2026-05-20T18:00:00Z,604.36,606.45,603.76,605.02,30706,933,604.949186
META,1H,2026-05-20T19:00:00Z,605.02,605.27,602.18,604.42,107162,2959,603.421158
META,1H,2026-05-21T13:00:00Z,598.95,601.34,594.8,594.99,52923,1333,598.907213
META,1H,2026-05-21T14:00:00Z,594.35,599.5,594.35,599.12,69774,1979,596.549712
META,1H,2026-05-21T15:00:00Z,599.08,603.45,598.97,603.13,48685,1315,601.28334
META,1H,2026-05-21T16:00:00Z,603.18,603.52,599.86,601.33,24205,835,600.988237
META,1H,2026-05-21T17:00:00Z,601.33,608.91,601.33,608.52,48204,1526,606.162223
META,1H,2026-05-21T18:00:00Z,608.31,608.84,604.44,605.12,28736,992,607.428154
META,1H,2026-05-21T19:00:00Z,605.33,607.02,604.97,606.77,68162,2161,606.402228
META,1H,2026-05-22T13:00:00Z,607.34,614.23,606.95,609.54,45842,1252,611.055146
META,1H,2026-05-22T14:00:00Z,608.53,609.86,606.46,609.73,64812,1700,608.580362
META,1H,2026-05-22T15:00:00Z,609.8,611,608.59,608.92,33976,1005,609.890226
META,1H,2026-05-22T16:00:00Z,608.66,608.66,606.78,607.48,38831,931,607.574809
META,1H,2026-05-22T17:00:00Z,607.77,610.57,607.43,608.23,51771,1348,608.885557
META,1H,2026-05-22T18:00:00Z,608.41,611.39,608.41,609.58,26386,749,609.837839
META,1H,2026-05-22T19:00:00Z,609.55,610.34,608,609.85,57110,1876,609.403255
META,1H,2026-05-22T20:00:00Z,609.08,609.08,609.05,609.05,80,2,609.06
META,1H,2026-05-26T13:00:00Z,609.26,613.75,605.16,609.07,31624,939,609.157765
META,1H,2026-05-26T14:00:00Z,609.26,610.61,606.01,606.06,46580,1480,608.430566
META,1H,2026-05-26T15:00:00Z,605.83,608.91,604.84,606.69,43716,1330,606.594588
META,1H,2026-05-26T16:00:00Z,606.79,610.37,606.79,609.5,21740,802,609.17077
META,1H,2026-05-26T17:00:00Z,609.45,609.64,607.85,608.36,22049,753,608.767445
META,1H,2026-05-26T18:00:00Z,608.44,610.28,608.25,608.87,17063,610,609.411348
META,1H,2026-05-26T19:00:00Z,608.51,611.84,608.27,611.79,38793,1505,610.254538
META,1H,2026-05-26T20:00:00Z,610.16,610.16,610.16,610.16,78,3,610.16
META,1H,2026-05-27T12:00:00Z,606.59,608.77,606.55,608.58,1156,33,608.03815
META,1H,2026-05-27T13:00:00Z,608.85,612.87,608.66,610.43,26771,996,610.348037
META,1H,2026-05-27T14:00:00Z,610.52,616.04,610.09,612.17,56951,1789,613.487396
META,1H,2026-05-27T15:00:00Z,611.98,614.38,611.09,611.13,32724,1222,612.860398
META,1H,2026-05-27T16:00:00Z,611,613.53,610.42,611.24,24027,1000,612.010637
META,1H,2026-05-27T17:00:00Z,611.31,611.31,608.76,610.26,22863,912,609.751565
META,1H,2026-05-27T18:00:00Z,610.1,632.28,610.1,631.28,200783,5154,624.646705
META,1H,2026-05-27T19:00:00Z,631.26,637.85,630.33,634.72,201716,5420,634.073413
META,1H,2026-05-27T20:00:00Z,635.04,636.6,635.04,636.02,604,23,635.732825
META,1H,2026-05-28T13:00:00Z,639.11,642.26,628.73,638.92,93167,2167,634.682596
META,1H,2026-05-28T14:00:00Z,638.87,641.28,632.51,634.21,106823,2865,636.905371
META,1H,2026-05-28T15:00:00Z,633.89,634.59,630.69,631.88,42419,1474,632.450338
META,1H,2026-05-28T16:00:00Z,631.54,634.31,629.18,629.38,59975,1785,631.026115
META,1H,2026-05-28T17:00:00Z,629.41,631.97,629.35,630.56,43269,1693,630.857881
META,1H,2026-05-28T18:00:00Z,630.52,633.54,630.32,631.42,51253,1619,632.243761
META,1H,2026-05-28T19:00:00Z,631.44,635.11,630.94,634.68,81818,2611,633.627913
META,1H,2026-05-28T20:00:00Z,634.1,634.32,634.1,634.32,211,4,634.21
META,1H,2026-05-29T13:00:00Z,632.91,633.55,626.17,627.62,40454,1134,628.192843
META,1H,2026-05-29T14:00:00Z,627.47,628.39,622.83,624.8,49826,1517,625.195916
META,1H,2026-05-29T15:00:00Z,625.07,628.85,624.43,627.2,23801,874,627.078182
META,1H,2026-05-29T16:00:00Z,627.08,628.25,623.55,624.09,43974,1446,625.732458
META,1H,2026-05-29T17:00:00Z,624.17,626.6,623.28,625.28,62011,1507,625.211468
META,1H,2026-05-29T18:00:00Z,625.02,627.58,624.68,625.49,75109,1705,626.29631
META,1H,2026-05-29T19:00:00Z,625.65,633.75,625.12,631.93,194860,4595,630.336112
META,1H,2026-05-29T20:00:00Z,631.37,631.37,631.37,631.37,111,3,631.37
META,1H,2026-06-01T13:00:00Z,628.84,634.94,614.13,615.71,151329,3088,620.263816
META,1H,2026-06-01T14:00:00Z,615.95,617.67,608.58,614.64,211062,3776,612.312784
META,1H,2026-06-01T15:00:00Z,614.43,615.92,610.77,615.49,99471,1971,613.442986
META,1H,2026-06-01T16:00:00Z,615.5,616.14,609.85,611.12,74539,1579,611.633447
META,1H,2026-06-01T17:00:00Z,610.83,611.47,605.74,607.35,124061,2766,607.874827
META,1H,2026-06-01T18:00:00Z,607.05,608.8,604.63,604.89,120672,2644,606.690704
META,1H,2026-06-01T19:00:00Z,604.83,607.82,599.17,599.95,358287,8345,602.074245
META,1H,2026-06-01T20:00:00Z,599.86,600.47,599.39,599.82,1941,69,600.092235
META,1H,2026-06-02T12:00:00Z,604.05,604.05,601.82,601.82,240,6,603.286
META,1H,2026-06-02T13:00:00Z,603.44,605.06,596.28,604.31,105287,2248,600.441059
META,1H,2026-06-02T14:00:00Z,604.89,606.64,599.82,605.81,94739,2491,603.045181
META,1H,2026-06-02T15:00:00Z,606.23,608.27,605.44,606.71,43052,1367,607.039294
META,1H,2026-06-02T16:00:00Z,606.51,607.7,604.89,606.41,26162,975,606.450788
META,1H,2026-06-02T17:00:00Z,606.29,607.35,604.07,605.06,34917,1143,605.597283
META,1H,2026-06-02T18:00:00Z,604.82,605.17,600.8,601.28,44159,1201,602.834029
META,1H,2026-06-02T19:00:00Z,601.28,601.44,596.71,597.18,200833,5006,598.867221
META,1H,2026-06-03T13:00:00Z,600.4,613.51,599.83,611.45,106282,2121,609.353556
META,1H,2026-06-03T14:00:00Z,611.58,619.23,609.19,616.71,168857,3393,616.048318
META,1H,2026-06-03T15:00:00Z,616.55,618.32,612.69,612.76,87122,1869,615.225586
META,1H,2026-06-03T16:00:00Z,612.7,619.21,611.14,619.09,46706,1290,613.79625
META,1H,2026-06-03T17:00:00Z,619.34,622.18,614.91,622.04,68166,1757,618.650317
META,1H,2026-06-03T18:00:00Z,621.95,623.38,619.84,622.29,93064,2310,621.737708
META,1H,2026-06-03T19:00:00Z,621.83,623.51,619.75,622.47,91024,2694,621.553942
META,1H,2026-06-03T20:00:00Z,620.92,620.92,619.83,619.83,220,8,620.470462
META,1H,2026-06-04T12:00:00Z,618.11,618.43,617.86,618.43,250,6,618.129444
META,1H,2026-06-04T13:00:00Z,619.94,638.47,619.94,638.41,143072,2858,633.023101
META,1H,2026-06-04T14:00:00Z,638.01,639.8,634.17,639.28,144570,3475,637.397177
META,1H,2026-06-04T15:00:00Z,639.62,639.82,635.07,636.91,95463,2308,637.513946
META,1H,2026-06-04T16:00:00Z,636.74,641.73,627.56,627.86,111016,2606,634.473278
META,1H,2026-06-04T17:00:00Z,627.77,629.88,627.08,628.54,58148,1495,628.884284
META,1H,2026-06-04T18:00:00Z,628.24,628.28,625,625.33,41473,1374,625.922591
META,1H,2026-06-04T19:00:00Z,625.3,627.02,622.42,626.96,136210,3776,625.293394
META,1H,2026-06-05T13:00:00Z,621.64,628.34,618.78,619.12,50720,1250,623.604503
META,1H,2026-06-05T14:00:00Z,619.12,619.4,613.58,614.84,81285,2198,616.348494
META,1H,2026-06-05T15:00:00Z,614.73,615.76,610.81,612.47,64811,1823,612.829913
META,1H,2026-06-05T16:00:00Z,612.28,612.28,607.75,609.27,55540,1754,609.769946
META,1H,2026-06-05T17:00:00Z,609.27,609.8,606.82,608.23,48541,1553,608.167719
META,1H,2026-06-05T18:00:00Z,608.38,610.78,582.42,594.26,354414,7639,590.475401
META,1H,2026-06-05T19:00:00Z,594.15,595.85,588.01,592.3,273856,6100,591.43052
META,1H,2026-06-08T12:00:00Z,596.39,597.85,596.39,597.74,440,15,597.168571
META,1H,2026-06-08T13:00:00Z,596.85,598.37,578.69,588.49,155411,3507,585.000276
META,1H,2026-06-08T14:00:00Z,588.3,590.86,586.23,589.83,80483,1728,588.443719
META,1H,2026-06-08T15:00:00Z,589.59,591.09,586.17,587.01,47487,1172,588.534636
META,1H,2026-06-08T16:00:00Z,587.06,588.49,586.15,586.42,30252,821,587.343905
META,1H,2026-06-08T17:00:00Z,586.13,588.11,584.39,586.13,34898,988,586.12829
META,1H,2026-06-08T18:00:00Z,586.26,588.36,586.12,587.01,42391,1170,587.369273
META,1H,2026-06-08T19:00:00Z,586.86,589.24,584.33,584.71,108505,2843,586.055365
META,1H,2026-06-09T13:00:00Z,590.48,596.96,587.63,595.58,65090,1570,592.628458
META,1H,2026-06-09T14:00:00Z,595.39,596.68,589.84,592.64,83154,2196,593.941113
META,1H,2026-06-09T15:00:00Z,592.81,594.26,586.74,586.74,77883,1843,589.492695
META,1H,2026-06-09T16:00:00Z,586.83,587.65,580.66,583.29,79876,2244,584.474346
META,1H,2026-06-09T17:00:00Z,583.86,589.24,583.2,588.12,40615,1236,586.448161
META,1H,2026-06-09T18:00:00Z,588.12,590.78,587.13,590.44,50097,1282,588.999791
META,1H,2026-06-09T19:00:00Z,590.54,590.82,584.01,584.31,120247,3093,586.226111
META,1H,2026-06-10T13:00:00Z,580.45,590.75,579.02,587.18,78621,1485,585.940716
META,1H,2026-06-10T14:00:00Z,587.23,589.31,577.83,578.44,55366,1486,583.393339
META,1H,2026-06-10T15:00:00Z,578.55,580.21,574.57,579,97448,2524,577.082662
META,1H,2026-06-10T16:00:00Z,578.88,578.88,575.72,576.87,26692,881,577.384285
META,1H,2026-06-10T17:00:00Z,577.27,577.44,573.41,574.8,30000,1020,574.662116
META,1H,2026-06-10T18:00:00Z,575.05,576.44,571.86,572.05,55746,1464,573.839189
META,1H,2026-06-10T19:00:00Z,571.72,573.09,570.08,570.51,102520,3289,571.609469
META,1H,2026-06-11T12:00:00Z,570.17,570.17,570.17,570.17,77,2,570.17
META,1H,2026-06-11T13:00:00Z,564.73,566.91,560.62,562.78,72732,1649,563.59407
META,1H,2026-06-11T14:00:00Z,562.83,564.46,557.37,557.69,90607,2106,560.069729
META,1H,2026-06-11T15:00:00Z,557.75,562.06,556.53,560.52,63719,1647,560.143516
META,1H,2026-06-11T16:00:00Z,560.33,564.56,559.72,559.83,49851,1552,562.396151
META,1H,2026-06-11T17:00:00Z,559.81,568.39,557.4,568.04,77002,2146,563.448046
META,1H,2026-06-11T18:00:00Z,567.94,568.21,565.04,566.77,70957,1896,566.606519
META,1H,2026-06-11T19:00:00Z,566.99,571.58,566.47,567.86,129514,3905,568.698888
META,1H,2026-06-11T20:00:00Z,568.71,568.71,568.71,568.71,40,1,568.71
META,1H,2026-06-12T13:00:00Z,572.67,575.4,560.48,563.5,64330,1346,567.813682
META,1H,2026-06-12T14:00:00Z,563.49,570.37,562.59,569.98,71988,1800,564.945061
META,1H,2026-06-12T15:00:00Z,570.1,574.05,568.31,568.7,94660,1991,571.268699
META,1H,2026-06-12T16:00:00Z,568.37,571.73,567.57,569.92,36365,908,569.894738
META,1H,2026-06-12T17:00:00Z,570.01,572.17,565.17,565.85,73401,1493,567.082452
META,1H,2026-06-12T18:00:00Z,565.69,566.83,564.4,565.45,36208,950,565.526602
META,1H,2026-06-12T19:00:00Z,565.46,567.31,562.49,566.4,108933,2849,565.509319
META,1H,2026-06-15T12:00:00Z,574.98,574.98,574.98,574.98,55,2,574.98
META,1H,2026-06-15T13:00:00Z,576.11,592.24,576.03,591.92,155233,2295,587.256913
META,1H,2026-06-15T14:00:00Z,591.86,594.56,588.67,594.275,80748,2068,592.025955
META,1H,2026-06-15T15:00:00Z,594.185,600.58,593.435,599.815,85293,2297,597.6493
META,1H,2026-06-15T16:00:00Z,599.7,601.185,596.08,596.995,51822,1325,598.935515
META,1H,2026-06-15T17:00:00Z,596.65,597.2,594.33,595.21,38806,1055,596.003239
META,1H,2026-06-15T18:00:00Z,595.275,596.06,594.09,594.69,61559,1389,594.989038
META,1H,2026-06-15T19:00:00Z,594.66,594.69,590.745,593.48,125159,3156,592.528633
META,1H,2026-06-16T13:00:00Z,591.97,605.81,591.97,602.535,79349,1521,600.412307
META,1H,2026-06-16T14:00:00Z,602.67,605.4,592.01,595.875,114804,2257,596.163701
META,1H,2026-06-16T15:00:00Z,596.17,598.645,594.47,595.29,65836,1411,596.672756
META,1H,2026-06-16T16:00:00Z,595.08,597.59,594.7,597.31,35839,865,596.116053
META,1H,2026-06-16T17:00:00Z,597.235,597.49,595.12,595.855,22114,697,596.220817
META,1H,2026-06-16T18:00:00Z,596,600.35,595.99,599.64,34003,1002,598.607688
META,1H,2026-06-16T19:00:00Z,599.71,601.18,597.005,600.18,95079,2800,599.246462
META,1H,2026-06-17T13:00:00Z,592.68,593.62,584.82,585,71870,1768,587.285797
META,1H,2026-06-17T14:00:00Z,584.99,587.23,581.03,582.2,113345,2787,584.157356
META,1H,2026-06-17T15:00:00Z,582.03,582.36,579.67,580.665,64280,1814,580.823165
META,1H,2026-06-17T16:00:00Z,580.595,581.38,577.48,578.39,59594,1560,579.80792
META,1H,2026-06-17T17:00:00Z,578.29,580.77,576.97,580.48,52153,1564,579.142866
META,1H,2026-06-17T18:00:00Z,580.48,580.48,572.395,572.75,113339,2508,575.365115
META,1H,2026-06-17T19:00:00Z,572.75,573.83,566.66,567.22,271347,5908,569.26502
META,1H,2026-06-18T13:00:00Z,573.25,576.43,563.17,565.385,87677,1933,568.04051
META,1H,2026-06-18T14:00:00Z,566.01,573.17,565.795,571.81,70841,2050,571.171618
META,1H,2026-06-18T15:00:00Z,571.695,578.585,570.76,577,54163,1515,573.986752
META,1H,2026-06-18T16:00:00Z,576.87,577.895,574.485,577.23,47047,1306,576.175158
META,1H,2026-06-18T17:00:00Z,577.35,578.88,576.13,576.29,31136,1065,577.652292
META,1H,2026-06-18T18:00:00Z,576.35,576.49,573.28,576.26,38568,1082,574.795745
META,1H,2026-06-18T19:00:00Z,576.225,580.16,573.08,577.29,196440,4078,576.968423
META,1H,2026-06-22T13:00:00Z,571.15,575.67,567.405,574.985,74174,1500,571.815699
META,1H,2026-06-22T14:00:00Z,574.93,575.435,561.52,562.695,116705,2923,566.908731
META,1H,2026-06-22T15:00:00Z,562.74,564.57,559.83,562.68,117283,3258,561.57499
META,1H,2026-06-22T16:00:00Z,562.68,562.9,560.46,562.11,58381,1568,561.761949
META,1H,2026-06-22T17:00:00Z,562,564.52,561.435,563.99,71178,1726,562.89658
META,1H,2026-06-22T18:00:00Z,563.92,566.1,563.48,565.17,51584,1462,565.300624
META,1H,2026-06-22T19:00:00Z,565.15,565.97,563.5,563.69,118586,3142,564.889407
META,1H,2026-06-23T13:00:00Z,562.83,572.18,561.325,571.72,82667,1603,567.268924
META,1H,2026-06-23T14:00:00Z,571.8,571.8,565.41,565.52,43520,1317,568.751381
META,1H,2026-06-23T15:00:00Z,564.99,565.725,562.05,564.17,34289,952,563.590924
META,1H,2026-06-23T16:00:00Z,564.23,568.76,563.02,566.38,35079,1081,565.089854
META,1H,2026-06-23T17:00:00Z,566.13,567.69,564.03,564.78,36660,956,565.771636
META,1H,2026-06-23T18:00:00Z,564.75,564.875,561.69,562.81,70173,1450,563.050742
META,1H,2026-06-23T19:00:00Z,562.71,564.385,562.155,562.42,106873,3087,563.15381
META,1H,2026-06-24T13:00:00Z,561.66,568.89,557.475,562.46,52868,1327,563.688097
META,1H,2026-06-24T14:00:00Z,562.41,566.23,559.88,566.23,84954,2503,562.340879
META,1H,2026-06-24T15:00:00Z,566.18,567.92,562.51,562.91,74025,2194,565.460665
META,1H,2026-06-24T16:00:00Z,562.91,564.42,558.985,559.035,46503,1404,561.893376
META,1H,2026-06-24T17:00:00Z,559.2,560.03,555.6,556.23,62935,1835,557.522604
META,1H,2026-06-24T18:00:00Z,556.28,560.97,556.28,557.96,49949,1691,558.942516
META,1H,2026-06-24T19:00:00Z,558.265,559.395,556.68,557.77,142980,3837,557.995311
META,1H,2026-06-25T13:00:00Z,554.72,555.18,540.205,547.73,152344,2752,546.615115
META,1H,2026-06-25T14:00:00Z,547.61,556.31,546.94,552.78,89820,2187,551.378169
META,1H,2026-06-25T15:00:00Z,552.96,554.655,549.2,549.67,97347,2314,551.787038
META,1H,2026-06-25T16:00:00Z,549.95,550,545.66,546.77,75217,1605,547.375922
META,1H,2026-06-25T17:00:00Z,546.82,546.93,543.08,545.335,76182,2600,544.815038
META,1H,2026-06-25T18:00:00Z,545.155,548.45,543.375,546.51,96534,3072,546.290874
META,1H,2026-06-25T19:00:00Z,546.72,546.74,542.4,542.81,191443,5483,544.266055
META,1H,2026-06-26T12:00:00Z,545.01,545.01,545.01,545.01,80,1,545.01
META,1H,2026-06-26T13:00:00Z,544.62,545.64,540.61,542.35,63635,1412,543.133381
META,1H,2026-06-26T14:00:00Z,542.545,553.515,542.545,552.33,94604,2165,551.010374
META,1H,2026-06-26T15:00:00Z,552.47,556.595,552.2,555.83,63371,2013,554.765252
META,1H,2026-06-26T16:00:00Z,555.96,556.82,553.095,553.39,62575,1858,554.802928
META,1H,2026-06-26T17:00:00Z,553.385,555.29,553.075,554.885,60357,1679,554.157186
META,1H,2026-06-26T18:00:00Z,554.975,555.8,549.855,550.195,62807,1709,552.442428
META,1H,2026-06-26T19:00:00Z,550.25,551.99,549.01,549.92,161736,4189,550.377668
META,1H,2026-06-29T12:00:00Z,561.08,561.08,559.45,559.45,191,8,560.413333
META,1H,2026-06-29T13:00:00Z,560.99,570.88,558.48,566.65,90921,1876,565.847451
META,1H,2026-06-29T14:00:00Z,567.19,569.42,564.6,565.4,91620,2127,567.18134
META,1H,2026-06-29T15:00:00Z,565.475,567.07,562.595,564.725,49247,1503,564.87815
META,1H,2026-06-29T16:00:00Z,564.84,565.83,563.16,564.87,52614,1382,564.376244
META,1H,2026-06-29T17:00:00Z,565.13,566.14,564.2,565.365,44929,1161,565.180861
META,1H,2026-06-29T18:00:00Z,565.26,566.56,564.49,565.535,48694,1336,565.483877
META,1H,2026-06-29T19:00:00Z,565.545,567.26,562.11,562.37,125671,3559,564.106321
META,1H,2026-06-30T13:00:00Z,560.52,560.545,554.925,556.23,52979,1030,557.180659
META,1H,2026-06-30T14:00:00Z,556.3,557.155,551.57,552.37,71455,1698,555.029611
META,1H,2026-06-30T15:00:00Z,552.39,557.31,552.27,557.21,60613,1303,555.431678
META,1H,2026-06-30T16:00:00Z,557.18,559.015,555.42,559.01,37776,953,557.504035
META,1H,2026-06-30T17:00:00Z,559.07,560.49,558.2,559.975,55303,1502,559.531028
META,1H,2026-06-30T18:00:00Z,560.06,561.69,558.975,560.675,49227,1116,560.429518
META,1H,2026-06-30T19:00:00Z,560.635,565.535,560.49,563.1,153098,3768,562.821702
META,1H,2026-07-01T12:00:00Z,602.84,602.84,598.65,598.65,1244,51,600.568373
META,1H,2026-07-01T13:00:00Z,595.44,610.35,595.1,606.44,311346,6360,603.310878
META,1H,2026-07-01T14:00:00Z,606.48,625.04,606.48,622.97,400608,8684,617.095482
META,1H,2026-07-01T15:00:00Z,622.82,628.28,615.8,618.41,252098,5271,623.179027
META,1H,2026-07-01T16:00:00Z,617.5,620.62,615.65,616.82,79018,2087,618.551803
META,1H,2026-07-01T17:00:00Z,617.095,622.8,616.94,621.445,94182,2502,619.62603
META,1H,2026-07-01T18:00:00Z,621.45,621.9,617.87,618.65,108265,3137,620.028572
META,1H,2026-07-01T19:00:00Z,618.575,619.055,611.5,612.965,267609,7003,614.681676
META,1H,2026-07-02T12:00:00Z,606.75,606.75,604.51,604.51,806,28,606.600667
META,1H,2026-07-02T13:00:00Z,607.28,610,591.4,592.21,109411,2690,597.142709
META,1H,2026-07-02T14:00:00Z,592.16,594.16,588.27,590.04,127006,3416,590.942089
META,1H,2026-07-02T15:00:00Z,589.94,590.57,585.93,587.475,76256,1815,588.062226
META,1H,2026-07-02T16:00:00Z,586.97,587.435,584.4,584.75,79857,1946,586.023811
META,1H,2026-07-02T17:00:00Z,584.88,586.04,583.76,584.52,45276,1302,585.0043
META,1H,2026-07-02T18:00:00Z,584.4,586.73,580.45,584.85,64350,1559,584.848566
META,1H,2026-07-02T19:00:00Z,585.06,587.6,582.635,582.76,171074,4838,584.661053
META,1H,2026-07-06T12:00:00Z,592.01,592.01,592.01,592.01,100,4,592.01
META,1H,2026-07-06T13:00:00Z,591.16,597.11,582.315,582.52,108069,2668,588.888535
META,1H,2026-07-06T14:00:00Z,582.595,589.91,581.92,588.63,101742,2478,586.942968
META,1H,2026-07-06T15:00:00Z,588.49,592.8,588.285,592.73,52549,1361,591.032807
META,1H,2026-07-06T16:00:00Z,592.83,598.16,591.74,592.16,70954,1605,594.027934
META,1H,2026-07-06T17:00:00Z,592.3,595.03,592.28,593.9,46068,1242,593.780229
META,1H,2026-07-06T18:00:00Z,594.03,602.4,593.74,599.96,119121,2386,599.402467
META,1H,2026-07-06T19:00:00Z,599.96,603.505,599.24,600.42,162638,4571,601.023735
META,1H,2026-07-07T12:00:00Z,602.5,602.5,602.5,602.5,148,5,602.5
META,1H,2026-07-07T13:00:00Z,607.7,614.1,604.38,612.42,59961,1385,610.590658
META,1H,2026-07-07T14:00:00Z,613,615.92,604.865,605.06,114057,2721,610.80024
META,1H,2026-07-07T15:00:00Z,605.37,606.89,604.11,605.24,41647,1343,605.645333
META,1H,2026-07-07T16:00:00Z,605.075,609.315,603.8,607.47,42957,1338,606.962204
META,1H,2026-07-07T17:00:00Z,607.24,609.865,604.83,609.51,36817,1427,607.014372
META,1H,2026-07-07T18:00:00Z,610.2,625.16,610.2,619.73,242156,4800,619.566842
META,1H,2026-07-07T19:00:00Z,619.9,621.17,614.21,615.41,152614,4119,617.138959
META,1H,2026-07-08T13:00:00Z,608.56,615.67,600.83,602.21,63955,1281,604.406889
META,1H,2026-07-08T14:00:00Z,602.63,606.74,600.36,601.36,48002,1320,603.266518
META,1H,2026-07-08T15:00:00Z,601.555,604.33,600.91,603.855,44208,997,602.845903
META,1H,2026-07-08T16:00:00Z,603.93,605.37,602.55,604.195,70167,1225,603.960281
META,1H,2026-07-08T17:00:00Z,604,606.65,603.525,605.055,28772,789,604.707927
META,1H,2026-07-08T18:00:00Z,605.08,607.24,604.76,606.855,16985,541,605.856832
META,1H,2026-07-08T19:00:00Z,607.07,607.71,598.06,603.115,135993,2900,601.848171
META,1H,2026-07-09T12:00:00Z,585.94,585.94,580.48,582.99,716,26,582.950658
META,1H,2026-07-09T13:00:00Z,582.31,590.9,577.21,590.415,122626,2505,583.041715
META,1H,2026-07-09T14:00:00Z,590.445,600.525,590.44,599.72,127744,2994,595.294017
META,1H,2026-07-09T15:00:00Z,599.43,608.485,599.43,607.875,116947,2389,604.094812
META,1H,2026-07-09T16:00:00Z,608.49,616.23,607.99,612.97,128911,3145,613.03437
META,1H,2026-07-09T17:00:00Z,612.93,613.65,610.61,611.3,101465,2369,612.160409
META,1H,2026-07-09T18:00:00Z,611.27,616.8,611.21,615.76,108275,2554,614.986605
META,1H,2026-07-09T19:00:00Z,615.74,633.26,615.575,631.48,322585,8009,627.479355
META,1H,2026-07-10T12:00:00Z,652.24,656.66,650.26,656.66,1104,23,653.481191
META,1H,2026-07-10T13:00:00Z,656.51,677.055,655.06,672.73,375353,6713,669.058504
META,1H,2026-07-10T14:00:00Z,672.99,677.86,662.13,669.655,407609,8074,669.382815
META,1H,2026-07-10T15:00:00Z,669.61,675.35,667.27,669.88,231939,5077,671.825326
META,1H,2026-07-10T16:00:00Z,670.28,671.83,666.41,668.325,173890,3664,668.68458
META,1H,2026-07-10T17:00:00Z,668.325,668.325,662,665.43,163575,3302,663.967853
META,1H,2026-07-10T18:00:00Z,665.755,670.7,665.37,668.85,156945,3631,669.0769
META,1H,2026-07-10T19:00:00Z,668.81,671.16,664,669.25,257601,5910,668.116917
META,1H,2026-07-13T12:00:00Z,662.53,662.53,662.53,662.53,40,1,662.53
META,1H,2026-07-13T13:00:00Z,664.25,676.44,659.41,664.2,147062,3475,666.802631
META,1H,2026-07-13T14:00:00Z,664.02,664.6,654.29,661.365,126355,3283,659.910859
META,1H,2026-07-13T15:00:00Z,661.37,664.39,658.25,660.29,122464,2603,660.88396
META,1H,2026-07-13T16:00:00Z,660.38,664.37,658.69,658.69,79744,1930,660.543684
META,1H,2026-07-13T17:00:00Z,658.49,662.9,657.895,660.53,127680,2325,660.359326
META,1H,2026-07-13T18:00:00Z,660.55,663.51,659.7,662.07,163443,2693,661.297255
META,1H,2026-07-13T19:00:00Z,661.92,662.56,654.89,656.865,244236,4686,658.503898
META,1H,2026-07-14T13:00:00Z,652.015,662.38,649.23,661.04,81655,1892,658.674772
META,1H,2026-07-14T14:00:00Z,660.84,664.05,655.715,662.465,154999,2833,659.828692
META,1H,2026-07-14T15:00:00Z,662.31,663.4,655.7,656.685,77227,1782,659.74583
META,1H,2026-07-14T16:00:00Z,656.42,666.31,655.19,663.94,85690,1650,662.495675
META,1H,2026-07-14T17:00:00Z,664.36,664.56,661,661.41,49076,1160,662.953661
META,1H,2026-07-14T18:00:00Z,661.46,663.24,658.3,658.65,84884,1597,660.354634
META,1H,2026-07-14T19:00:00Z,658.8,662.7,657.665,661.04,253587,4230,659.36858
META,1H,2026-07-15T13:00:00Z,664.875,664.875,656.835,659.53,55372,1370,659.862232
META,1H,2026-07-15T14:00:00Z,659.6,676.34,659.6,671.295,218573,4115,670.855687
META,1H,2026-07-15T15:00:00Z,671.305,684.99,670.91,683.69,216366,3998,679.22356
META,1H,2026-07-15T16:00:00Z,683.67,685.98,674.43,675.865,162428,3161,682.360053
META,1H,2026-07-15T17:00:00Z,675.995,677.025,673.54,676.59,76166,1611,674.929326
META,1H,2026-07-15T18:00:00Z,676.7,678.07,673.54,676.25,77690,1701,676.310159
META,1H,2026-07-15T19:00:00Z,676.165,682,675.66,681.24,198853,4421,678.660988
META,1H,2026-07-15T20:00:00Z,681.25,681.25,681.25,681.25,239,7,681.25
META,1H,2026-07-16T12:00:00Z,680.81,680.81,680.81,680.81,110,5,680.81
META,1H,2026-07-16T13:00:00Z,677.275,680.09,666.62,671.045,72664,1807,672.643879
META,1H,2026-07-16T14:00:00Z,671.07,681.74,670.05,680.62,80889,2168,675.968831
META,1H,2026-07-16T15:00:00Z,680.45,680.68,674.42,674.6,66610,1558,676.754494
META,1H,2026-07-16T16:00:00Z,674.52,674.55,668.125,670.17,117808,2165,670.358019
META,1H,2026-07-16T17:00:00Z,670.01,670.405,667.67,668.73,121638,2180,669.065382
META,1H,2026-07-16T18:00:00Z,668.255,674.07,666.8,668.21,168073,2825,668.711318
META,1H,2026-07-16T19:00:00Z,668.085,668.4,660.28,664.16,251760,5026,663.670163
META,1H,2026-07-17T13:00:00Z,648.5,649.07,636.81,642.27,83162,1822,642.498804
META,1H,2026-07-17T14:00:00Z,641.77,642.05,626.27,626.67,113238,2916,634.013979
META,1H,2026-07-17T15:00:00Z,626.89,632.8,626.4,632.72,79224,1954,629.604937
META,1H,2026-07-17T16:00:00Z,632.795,650.265,630.36,649.585,287459,6827,643.516435
META,1H,2026-07-17T17:00:00Z,649.83,652.08,645.94,649.52,160693,3520,649.485574
META,1H,2026-07-17T18:00:00Z,649.465,649.955,645.5,646.08,116981,2843,647.3408
META,1H,2026-07-17T19:00:00Z,645.765,647.98,641.185,646.03,196226,4785,644.77389
