symbol,timeframe,timestamp,open,high,low,close,volume,trade_count,vwap
AVGO,1H,2025-07-18T13:00:00Z,285.24,285.36,282.53,282.88,89060,1064,283.74106
AVGO,1H,2025-07-18T14:00:00Z,283.1,283.1,280.22,280.8,71522,1365,281.239685
AVGO,1H,2025-07-18T15:00:00Z,280.46,281.41,279.09,281.3,50901,1055,280.392406
AVGO,1H,2025-07-18T16:00:00Z,281.36,281.81,280.4,280.99,28382,617,281.014235
AVGO,1H,2025-07-18T17:00:00Z,280.98,281.65,280.63,281.59,25043,700,281.160853
AVGO,1H,2025-07-18T18:00:00Z,281.77,281.98,280.86,280.94,35722,750,281.582581
AVGO,1H,2025-07-18T19:00:00Z,280.87,282.13,280.55,281.21,87624,1872,281.433989
AVGO,1H,2025-07-21T13:00:00Z,281.82,285.37,281.74,284.98,55623,945,283.519077
AVGO,1H,2025-07-21T14:00:00Z,285.31,288.18,284.29,287.38,65727,1300,286.633084
AVGO,1H,2025-07-21T15:00:00Z,287.41,288.32,286.35,287.18,50348,776,287.445227
AVGO,1H,2025-07-21T16:00:00Z,287.07,287.36,285.71,287.16,33488,620,286.658833
AVGO,1H,2025-07-21T17:00:00Z,287.32,287.32,286,286.5,45661,774,286.542137
AVGO,1H,2025-07-21T18:00:00Z,286.45,286.97,286.05,286.13,24456,551,286.501453
AVGO,1H,2025-07-21T19:00:00Z,286.1,287.18,285.91,286.03,189901,2176,286.612201
AVGO,1H,2025-07-22T13:00:00Z,285.56,285.71,274.59,274.93,100677,1547,278.278427
AVGO,1H,2025-07-22T14:00:00Z,275.22,279.25,274.77,278.53,105172,1748,277.133241
AVGO,1H,2025-07-22T15:00:00Z,278.52,279.96,278.06,278.7,74265,973,278.91545
AVGO,1H,2025-07-22T16:00:00Z,278.79,278.79,276.73,277.98,44032,679,277.769892
AVGO,1H,2025-07-22T17:00:00Z,277.95,278.57,277.25,278.08,39161,812,277.841141
AVGO,1H,2025-07-22T18:00:00Z,278.13,278.13,275.63,277.28,47013,816,276.793629
AVGO,1H,2025-07-22T19:00:00Z,277.2,277.4,276.37,276.44,89078,1755,276.802326
AVGO,1H,2025-07-23T12:00:00Z,274.59,274.59,273.02,273.02,591,17,273.805
AVGO,1H,2025-07-23T13:00:00Z,274.81,277.25,271.1,275.03,64535,1044,275.118438
AVGO,1H,2025-07-23T14:00:00Z,275.14,276.41,273.01,276.41,62498,1284,274.416098
AVGO,1H,2025-07-23T15:00:00Z,276.59,278.84,275.59,278.29,60803,1129,277.181466
AVGO,1H,2025-07-23T16:00:00Z,278.17,278.81,277.21,278.35,56397,815,277.940111
AVGO,1H,2025-07-23T17:00:00Z,278.26,278.48,276.5,277.88,34170,609,277.15108
AVGO,1H,2025-07-23T18:00:00Z,277.95,279.24,277.71,279.22,36471,788,278.38765
AVGO,1H,2025-07-23T19:00:00Z,279.28,281.65,278.68,281.63,106709,1890,280.037917
AVGO,1H,2025-07-24T13:00:00Z,287.13,289.02,283.17,283.27,77204,1214,286.446832
AVGO,1H,2025-07-24T14:00:00Z,282.69,285.21,281.49,284.53,74456,1157,283.023837
AVGO,1H,2025-07-24T15:00:00Z,284.49,286.26,284.3,286.26,30693,611,285.077096
AVGO,1H,2025-07-24T16:00:00Z,286.23,287.75,285.62,286.6,52444,1005,286.484559
AVGO,1H,2025-07-24T17:00:00Z,286.57,287.87,286.49,287.01,27018,521,287.205327
AVGO,1H,2025-07-24T18:00:00Z,287.26,287.6,286.32,286.96,45523,737,287.007605
AVGO,1H,2025-07-24T19:00:00Z,287.01,287.25,286.43,286.67,126414,1814,286.847407
AVGO,1H,2025-07-25T13:00:00Z,286.09,288.29,285.37,287.85,28780,484,287.003967
AVGO,1H,2025-07-25T14:00:00Z,288.21,289.12,286.8,286.88,30174,494,288.206068
AVGO,1H,2025-07-25T15:00:00Z,287.3,287.98,286.8,287.7,33583,482,287.375506
AVGO,1H,2025-07-25T16:00:00Z,287.81,290.4,287.71,289.68,48145,605,289.442352
AVGO,1H,2025-07-25T17:00:00Z,289.25,290.08,289.01,289.6,14353,298,289.570613
AVGO,1H,2025-07-25T18:00:00Z,289.59,289.73,288.65,289.06,19549,433,289.148283
AVGO,1H,2025-07-25T19:00:00Z,288.91,289.54,287.75,288.12,58771,1214,288.593498
AVGO,1H,2025-07-25T20:00:00Z,288.3,288.3,288.3,288.3,104,2,288.3
AVGO,1H,2025-07-28T13:00:00Z,290.23,290.92,288.87,290.39,32976,506,289.896709
AVGO,1H,2025-07-28T14:00:00Z,290.41,290.89,288.88,289.61,31052,619,289.813933
AVGO,1H,2025-07-28T15:00:00Z,289.7,290.29,288.75,289.38,29971,621,289.851495
AVGO,1H,2025-07-28T16:00:00Z,289.32,290.52,289.31,290.04,20693,449,290.046783
AVGO,1H,2025-07-28T17:00:00Z,289.97,291.96,289.73,290.83,42778,797,291.00581
AVGO,1H,2025-07-28T18:00:00Z,290.77,291.97,290.53,291.81,12793,356,291.062404
AVGO,1H,2025-07-28T19:00:00Z,291.76,293.3,291.48,292.15,132831,2080,292.26237
AVGO,1H,2025-07-28T20:00:00Z,292.16,292.16,292.16,292.16,205,2,292.16
AVGO,1H,2025-07-29T13:00:00Z,295.34,299.85,295.34,298.96,97781,1524,298.014922
AVGO,1H,2025-07-29T14:00:00Z,299.14,299.22,295.78,295.87,79345,1442,297.183548
AVGO,1H,2025-07-29T15:00:00Z,296.05,296.05,292.78,294.76,42196,1018,294.323281
AVGO,1H,2025-07-29T16:00:00Z,294.84,295.37,293.87,295.35,38245,714,294.643159
AVGO,1H,2025-07-29T17:00:00Z,295.28,296.58,295.22,296.29,50276,972,295.899296
AVGO,1H,2025-07-29T18:00:00Z,296.44,296.75,294.49,294.61,171592,985,295.711257
AVGO,1H,2025-07-29T19:00:00Z,294.66,295.73,294.08,295.12,203432,2176,294.596806
AVGO,1H,2025-07-30T12:00:00Z,294.84,294.84,294.84,294.84,195,4,294.84
AVGO,1H,2025-07-30T13:00:00Z,294.75,298.97,294.23,296.99,43488,823,296.944652
AVGO,1H,2025-07-30T14:00:00Z,296.94,299.82,296.94,298.72,70637,1230,298.569071
AVGO,1H,2025-07-30T15:00:00Z,298.92,299.04,296.31,298.31,43384,842,297.416139
AVGO,1H,2025-07-30T16:00:00Z,298.1,298.43,297.47,298.43,24377,651,297.864543
AVGO,1H,2025-07-30T17:00:00Z,298.42,298.9,297.78,298.54,29176,575,298.37143
AVGO,1H,2025-07-30T18:00:00Z,298.48,300.93,297.81,297.94,78524,1555,299.938253
AVGO,1H,2025-07-30T19:00:00Z,298,301.02,297.08,300.56,95593,2047,299.822997
AVGO,1H,2025-07-30T20:00:00Z,300,300,299.92,299.92,349,8,299.95
AVGO,1H,2025-07-31T13:00:00Z,300.88,304.71,299.57,301.24,128751,1626,301.668663
AVGO,1H,2025-07-31T14:00:00Z,300.94,301.07,296.24,297.32,97731,2124,298.506167
AVGO,1H,2025-07-31T15:00:00Z,297.45,298.74,295.43,296.8,118857,2147,296.64223
AVGO,1H,2025-07-31T16:00:00Z,296.79,297.44,294.63,294.77,89276,1340,296.04118
AVGO,1H,2025-07-31T17:00:00Z,294.76,294.85,290.17,290.96,76969,1639,292.823745
AVGO,1H,2025-07-31T18:00:00Z,290.91,292.97,288.18,291.96,75798,1792,291.026184
AVGO,1H,2025-07-31T19:00:00Z,291.97,293.09,290.47,291.63,178404,3111,291.808389
AVGO,1H,2025-08-01T13:00:00Z,284.13,285.82,279.69,282.69,171462,1795,282.784497
AVGO,1H,2025-08-01T14:00:00Z,282.66,288.73,282.05,286.14,144860,2353,285.902334
AVGO,1H,2025-08-01T15:00:00Z,286.13,289.49,285.94,289.38,55251,1309,287.245182
AVGO,1H,2025-08-01T16:00:00Z,289.41,290.46,286.67,286.71,39806,1035,288.816028
AVGO,1H,2025-08-01T17:00:00Z,286.85,286.98,285.65,286.32,52658,1161,286.225768
AVGO,1H,2025-08-01T18:00:00Z,286.34,287.91,285.04,286.14,60966,1290,286.494231
AVGO,1H,2025-08-01T19:00:00Z,286.09,288.22,285.62,286.65,104820,2511,286.816132
AVGO,1H,2025-08-04T13:00:00Z,290.5,294.42,289.28,293.91,75474,1319,292.580995
AVGO,1H,2025-08-04T14:00:00Z,294.03,295.08,293.17,294.68,55284,1287,294.116132
AVGO,1H,2025-08-04T15:00:00Z,294.52,295.82,293.56,295.55,37689,978,294.706761
AVGO,1H,2025-08-04T16:00:00Z,295.42,296.27,295.29,295.58,35397,723,295.912765
AVGO,1H,2025-08-04T17:00:00Z,295.52,295.83,294.96,295.65,27856,611,295.391987
AVGO,1H,2025-08-04T18:00:00Z,295.63,295.63,293.83,294.25,65859,1135,294.501801
AVGO,1H,2025-08-04T19:00:00Z,294.19,295.56,293.56,295.5,108693,1987,294.494522
AVGO,1H,2025-08-05T13:00:00Z,295.62,298.87,293.82,297.3,31646,647,296.68266
AVGO,1H,2025-08-05T14:00:00Z,297.3,297.3,289.36,291.83,83931,1737,292.948422
AVGO,1H,2025-08-05T15:00:00Z,291.75,293.37,289.56,290.77,37720,852,291.321759
AVGO,1H,2025-08-05T16:00:00Z,291,292.87,290.92,291.13,65631,1182,292.136022
AVGO,1H,2025-08-05T17:00:00Z,291.25,294.38,291.23,294,31975,751,292.56246
AVGO,1H,2025-08-05T18:00:00Z,294.05,294.77,291.71,292.23,49795,896,292.998466
AVGO,1H,2025-08-05T19:00:00Z,292.27,293.2,290.56,290.81,82335,1505,291.798232
AVGO,1H,2025-08-06T13:00:00Z,290.8,293.59,289.88,292.29,32102,675,291.654767
AVGO,1H,2025-08-06T14:00:00Z,292.22,294.84,292.13,294.77,67836,1228,293.897678
AVGO,1H,2025-08-06T15:00:00Z,294.79,297.22,293.77,296.19,66086,1213,295.98121
AVGO,1H,2025-08-06T16:00:00Z,296.36,298.65,295.91,297.84,45164,746,297.150764
AVGO,1H,2025-08-06T17:00:00Z,297.97,298.54,297.37,297.37,30160,567,297.973265
AVGO,1H,2025-08-06T18:00:00Z,297.44,300.3,297.44,299.43,44603,914,299.061827
AVGO,1H,2025-08-06T19:00:00Z,299.45,300.57,298.88,299.42,88010,1772,299.747233
AVGO,1H,2025-08-06T20:00:00Z,299.01,299.01,299.01,299.01,177,8,299.01
AVGO,1H,2025-08-07T13:00:00Z,303.78,307.57,302.94,307.3,93366,1374,305.170532
AVGO,1H,2025-08-07T14:00:00Z,307.75,308.04,301.96,302.07,108189,1256,305.725552
AVGO,1H,2025-08-07T15:00:00Z,302.31,303.67,300.7,303.01,76490,1404,302.226369
AVGO,1H,2025-08-07T16:00:00Z,303.03,303.03,298.83,301.18,24926,665,300.864448
AVGO,1H,2025-08-07T17:00:00Z,301.13,301.89,299.84,299.86,20697,501,300.765786
AVGO,1H,2025-08-07T18:00:00Z,300.08,300.08,297.73,299.7,22389,614,298.775655
AVGO,1H,2025-08-07T19:00:00Z,299.69,301.65,298.66,301.65,53243,1330,300.416727
AVGO,1H,2025-08-08T13:00:00Z,301.76,305.46,301.03,304.38,58374,949,303.226809
AVGO,1H,2025-08-08T14:00:00Z,304.46,305.58,303.63,303.74,77979,1597,304.454016
AVGO,1H,2025-08-08T15:00:00Z,303.66,304.57,300.8,303.39,69626,1658,302.981081
AVGO,1H,2025-08-08T16:00:00Z,303.37,303.65,301.24,301.24,35186,756,302.312619
AVGO,1H,2025-08-08T17:00:00Z,301.06,301.54,300.46,301.37,44984,912,301.002951
AVGO,1H,2025-08-08T18:00:00Z,301.94,303.29,301.55,302.83,30815,592,302.316759
AVGO,1H,2025-08-08T19:00:00Z,302.86,303.04,301.59,302.77,94226,1828,302.381219
AVGO,1H,2025-08-11T13:00:00Z,302.83,305.33,299.18,305.09,49219,791,301.872012
AVGO,1H,2025-08-11T14:00:00Z,305.3,306.04,303.36,303.36,40357,852,304.816542
AVGO,1H,2025-08-11T15:00:00Z,303.38,304.49,302.3,304.18,21993,563,303.506078
AVGO,1H,2025-08-11T16:00:00Z,303.95,305.4,303.9,304.79,20781,405,304.72425
AVGO,1H,2025-08-11T17:00:00Z,304.58,305.85,304.07,304.57,25626,542,304.916696
AVGO,1H,2025-08-11T18:00:00Z,304.48,304.6,303.52,303.87,22127,458,304.002625
AVGO,1H,2025-08-11T19:00:00Z,303.92,303.96,301.12,301.75,104761,1972,301.912637
AVGO,1H,2025-08-11T20:00:00Z,302.35,302.35,302.35,302.35,100,1,302.35
AVGO,1H,2025-08-12T13:00:00Z,304.19,306.2,303.25,303.36,41198,683,304.913144
AVGO,1H,2025-08-12T14:00:00Z,303.2,304.94,302.48,303.51,59622,921,303.555463
AVGO,1H,2025-08-12T15:00:00Z,303.92,306.71,303.54,306,70199,1195,305.419631
AVGO,1H,2025-08-12T16:00:00Z,305.98,307.14,305.45,307,35251,923,306.341309
AVGO,1H,2025-08-12T17:00:00Z,307,308.82,306.9,308.53,20805,661,307.547747
AVGO,1H,2025-08-12T18:00:00Z,308.73,310.04,308.4,309.46,56119,1104,309.364826
AVGO,1H,2025-08-12T19:00:00Z,309.53,311.06,309.33,310.63,110827,2146,310.38686
AVGO,1H,2025-08-13T13:00:00Z,313.46,314.92,310.49,311.04,77704,1465,312.969549
AVGO,1H,2025-08-13T14:00:00Z,310.92,311.1,307.63,309.44,75402,1817,309.296794
AVGO,1H,2025-08-13T15:00:00Z,309.47,309.73,304.97,307.83,67693,1466,307.034895
AVGO,1H,2025-08-13T16:00:00Z,307.83,308.03,302.59,303.18,43684,894,305.238283
AVGO,1H,2025-08-13T17:00:00Z,303.21,304.49,302.81,304.39,71902,1057,303.821713
AVGO,1H,2025-08-13T18:00:00Z,304.27,305.83,304.05,305.48,37224,689,304.987662
AVGO,1H,2025-08-13T19:00:00Z,305.47,307.36,303.89,306.83,82317,1761,306.103886
AVGO,1H,2025-08-14T13:00:00Z,305.33,311.79,305.11,309.88,55364,1063,308.72416
AVGO,1H,2025-08-14T14:00:00Z,309.39,310.82,308.52,308.65,76659,1315,309.573229
AVGO,1H,2025-08-14T15:00:00Z,308.67,309.97,307.17,308.88,81132,1359,308.527387
AVGO,1H,2025-08-14T16:00:00Z,308.57,308.66,305.81,308.2,37495,802,307.18887
AVGO,1H,2025-08-14T17:00:00Z,308.2,309.65,307.5,308.3,37302,807,308.56051
AVGO,1H,2025-08-14T18:00:00Z,308.16,308.5,307,308.5,46369,728,307.609124
AVGO,1H,2025-08-14T19:00:00Z,308.53,310.23,308.34,309.01,83805,1552,309.079814
AVGO,1H,2025-08-15T13:00:00Z,308.69,308.69,300.35,302.51,73246,1152,304.000969
AVGO,1H,2025-08-15T14:00:00Z,302.74,306.49,302.36,303.92,75892,1376,304.996002
AVGO,1H,2025-08-15T15:00:00Z,304.1,304.1,301.44,302.43,52175,1161,302.754248
AVGO,1H,2025-08-15T16:00:00Z,302.41,302.84,299.4,300.59,53978,1007,300.619125
AVGO,1H,2025-08-15T17:00:00Z,300.53,300.62,297.72,300.55,70011,1233,298.996672
AVGO,1H,2025-08-15T18:00:00Z,300.54,303.12,300.45,302.8,52480,1014,302.130357
AVGO,1H,2025-08-15T19:00:00Z,302.83,304.29,302.29,303.93,111136,2090,303.680129
AVGO,1H,2025-08-18T13:00:00Z,300.18,303.78,297.28,297.98,76459,989,300.313385
AVGO,1H,2025-08-18T14:00:00Z,298.03,301.38,296.89,301.38,79514,1438,299.159006
AVGO,1H,2025-08-18T15:00:00Z,301.38,301.44,298.29,299.62,47937,1036,299.332483
AVGO,1H,2025-08-18T16:00:00Z,299.62,301.93,299.62,300.57,50177,1126,300.723812
AVGO,1H,2025-08-18T17:00:00Z,300.52,302.06,300.47,301.84,20254,485,301.302046
AVGO,1H,2025-08-18T18:00:00Z,301.93,302.66,301.36,302.23,31974,663,302.026262
AVGO,1H,2025-08-18T19:00:00Z,302.24,303.79,302.24,303.58,85151,2087,302.968275
AVGO,1H,2025-08-19T13:00:00Z,300.1,300.4,295.16,297.98,125906,1599,297.559535
AVGO,1H,2025-08-19T14:00:00Z,297.97,299.48,293.64,294.99,141172,2242,297.170482
AVGO,1H,2025-08-19T15:00:00Z,294.8,297.38,293.77,295.92,61769,1126,295.861043
AVGO,1H,2025-08-19T16:00:00Z,295.96,296.33,292.12,292.35,125237,2021,293.951304
AVGO,1H,2025-08-19T17:00:00Z,292.4,292.76,290.74,292.68,92311,1662,291.800072
AVGO,1H,2025-08-19T18:00:00Z,292.88,293.24,291.67,291.98,85255,1420,292.350502
AVGO,1H,2025-08-19T19:00:00Z,291.99,293.26,290.32,292.85,239273,3200,291.715805
AVGO,1H,2025-08-20T13:00:00Z,292.71,292.72,280.86,282.09,166983,2224,285.331619
AVGO,1H,2025-08-20T14:00:00Z,281.99,284.91,279.84,282.55,175817,2815,282.488447
AVGO,1H,2025-08-20T15:00:00Z,282.52,288.18,282.43,285.83,83911,1586,285.544265
AVGO,1H,2025-08-20T16:00:00Z,285.91,288.25,285.79,286.2,55185,1148,287.02569
AVGO,1H,2025-08-20T17:00:00Z,285.92,287.04,285.08,285.18,88576,1640,286.222971
AVGO,1H,2025-08-20T18:00:00Z,285.21,286.88,283.86,286.38,142833,2588,284.837422
AVGO,1H,2025-08-20T19:00:00Z,286.22,289.63,286.22,289.03,118744,2721,288.395749
AVGO,1H,2025-08-21T13:00:00Z,287.95,289.18,286.22,286.22,65998,967,287.809541
AVGO,1H,2025-08-21T14:00:00Z,286.28,290.15,285.78,288.1,57179,1017,288.291774
AVGO,1H,2025-08-21T15:00:00Z,288.1,288.49,286.02,286.16,49994,930,287.332434
AVGO,1H,2025-08-21T16:00:00Z,286.24,286.43,284.86,284.86,42525,774,285.646716
AVGO,1H,2025-08-21T17:00:00Z,284.93,286.72,284.1,286.45,45495,832,285.251687
AVGO,1H,2025-08-21T18:00:00Z,286.55,287.1,285.02,286.1,48322,804,285.815536
AVGO,1H,2025-08-21T19:00:00Z,286,287.59,285.99,287.49,87198,1537,286.865529
AVGO,1H,2025-08-22T13:00:00Z,289.26,291.4,287.18,288.91,66397,1357,289.060551
AVGO,1H,2025-08-22T14:00:00Z,289.17,297.52,289.17,297.1,124525,2265,295.116171
AVGO,1H,2025-08-22T15:00:00Z,296.66,297.85,294.72,294.89,56444,1085,296.15916
AVGO,1H,2025-08-22T16:00:00Z,295.31,295.6,294.28,294.44,52193,1168,294.738475
AVGO,1H,2025-08-22T17:00:00Z,295.02,295.66,294.7,294.97,42228,892,295.348288
AVGO,1H,2025-08-22T18:00:00Z,295.15,295.35,292.22,292.52,44853,915,293.808136
AVGO,1H,2025-08-22T19:00:00Z,292.55,293.14,291.57,291.85,103122,2476,292.259782
AVGO,1H,2025-08-25T13:00:00Z,291.04,293.65,289.87,293.01,122590,1186,291.697116
AVGO,1H,2025-08-25T14:00:00Z,293.13,294.4,292.28,293.94,113980,1871,293.434799
AVGO,1H,2025-08-25T15:00:00Z,293.8,296.01,293.8,294.82,72760,1334,294.869081
AVGO,1H,2025-08-25T16:00:00Z,294.82,296.21,294.74,294.9,51598,916,295.537161
AVGO,1H,2025-08-25T17:00:00Z,294.74,295.05,294.27,294.5,37156,769,294.662523
AVGO,1H,2025-08-25T18:00:00Z,294.56,295.27,293.85,294.67,66104,1183,294.579413
AVGO,1H,2025-08-25T19:00:00Z,294.69,295.25,291.9,292.1,254406,3397,293.412961
AVGO,1H,2025-08-26T13:00:00Z,292.56,296.01,291.86,295.68,102535,1670,294.255486
AVGO,1H,2025-08-26T14:00:00Z,295.73,296.51,294.67,295.31,106725,1908,295.584236
AVGO,1H,2025-08-26T15:00:00Z,295.39,296.27,294.93,295.15,59345,1220,295.654668
AVGO,1H,2025-08-26T16:00:00Z,295.21,296.04,294.88,295.7,50246,1012,295.509041
AVGO,1H,2025-08-26T17:00:00Z,295.75,296.92,294.2,294.76,63238,1143,295.950307
AVGO,1H,2025-08-26T18:00:00Z,294.8,296.17,294.73,295.58,73053,1355,295.641699
AVGO,1H,2025-08-26T19:00:00Z,295.5,298.02,294.98,295.78,223240,3655,296.018227
AVGO,1H,2025-08-27T13:00:00Z,295.34,295.99,291.67,293.31,62147,1061,293.6159
AVGO,1H,2025-08-27T14:00:00Z,293.3,295.98,292.97,295.55,64793,1261,294.976456
AVGO,1H,2025-08-27T15:00:00Z,295.66,297.12,295.37,296.9,44224,914,296.199681
AVGO,1H,2025-08-27T16:00:00Z,296.88,298.16,295.08,297.86,42464,707,296.632395
AVGO,1H,2025-08-27T17:00:00Z,297.73,298.37,296.56,297.17,37983,595,297.10205
AVGO,1H,2025-08-27T18:00:00Z,297.2,298.79,297.13,298.21,34358,677,298.009273
AVGO,1H,2025-08-27T19:00:00Z,298.1,298.4,296.83,298,121047,2182,297.936034
AVGO,1H,2025-08-28T13:00:00Z,300.47,306.64,300.36,303.07,109259,1707,304.379366
AVGO,1H,2025-08-28T14:00:00Z,302.65,307.63,302.07,306.65,79876,1690,305.631123
AVGO,1H,2025-08-28T15:00:00Z,306.73,306.87,305.03,305.11,59844,1195,306.082926
AVGO,1H,2025-08-28T16:00:00Z,305.11,306.74,305.11,306.2,57031,1180,306.044794
AVGO,1H,2025-08-28T17:00:00Z,306.2,307.38,306.02,306.49,48931,878,306.592262
AVGO,1H,2025-08-28T18:00:00Z,306.5,308.59,306.46,308.49,43856,1086,307.516851
AVGO,1H,2025-08-28T19:00:00Z,308.43,308.72,306.33,306.45,107127,2344,307.347562
AVGO,1H,2025-08-29T13:00:00Z,304.78,304.78,296.52,296.95,63656,1206,299.319727
AVGO,1H,2025-08-29T14:00:00Z,297.21,297.81,292.36,292.56,106937,1848,294.697429
AVGO,1H,2025-08-29T15:00:00Z,292.72,294.58,292.64,292.76,111046,1901,293.464128
AVGO,1H,2025-08-29T16:00:00Z,292.67,293.69,292.1,293.47,128576,2215,292.882795
AVGO,1H,2025-08-29T17:00:00Z,293.36,293.48,291.54,293.11,74629,1851,292.421037
AVGO,1H,2025-08-29T18:00:00Z,293.14,293.93,292.64,293.93,72313,1476,293.223295
AVGO,1H,2025-08-29T19:00:00Z,293.9,295.64,293.52,295.21,153831,2979,294.59508
AVGO,1H,2025-09-02T13:00:00Z,286.63,292.95,285.21,291.35,126339,2040,288.59701
AVGO,1H,2025-09-02T14:00:00Z,291.42,293.44,290.75,293.13,114857,1761,292.322438
AVGO,1H,2025-09-02T15:00:00Z,293.64,294.29,291.59,292.76,91221,1882,293.00264
AVGO,1H,2025-09-02T16:00:00Z,292.8,294.2,292.05,294.16,43721,1098,293.326617
AVGO,1H,2025-09-02T17:00:00Z,294.06,295.5,293.15,294.39,49227,1304,294.435608
AVGO,1H,2025-09-02T18:00:00Z,294.31,295.57,294.09,294.81,47761,1040,294.649052
AVGO,1H,2025-09-02T19:00:00Z,294.81,296.37,294.74,296.11,109230,2839,295.753545
AVGO,1H,2025-09-02T20:00:00Z,293.36,293.36,293.36,293.36,100,1,293.36
AVGO,1H,2025-09-03T12:00:00Z,298.6,298.6,298.6,298.6,300,9,298.6
AVGO,1H,2025-09-03T13:00:00Z,300.03,300.06,294.24,295.16,91582,1466,297.076941
AVGO,1H,2025-09-03T14:00:00Z,296.09,302.06,296.09,301.45,118274,2295,299.45364
AVGO,1H,2025-09-03T15:00:00Z,301.69,302.2,299.32,300.22,117161,2256,300.968616
AVGO,1H,2025-09-03T16:00:00Z,300.56,301.4,298.41,299.74,51019,1148,299.553853
AVGO,1H,2025-09-03T17:00:00Z,299.9,300.79,298.83,299.3,39552,1122,300.034956
AVGO,1H,2025-09-03T18:00:00Z,299.06,299.17,297.05,297.85,33924,937,298.280577
AVGO,1H,2025-09-03T19:00:00Z,297.81,300.52,297.65,300.22,122257,2622,299.160269
AVGO,1H,2025-09-04T13:00:00Z,301.66,306.4,301.09,301.49,109899,1604,303.693671
AVGO,1H,2025-09-04T14:00:00Z,301.22,303.07,300.13,301.99,84959,1851,301.836756
AVGO,1H,2025-09-04T15:00:00Z,302.47,303.5,301.66,302.83,93343,1834,302.739578
AVGO,1H,2025-09-04T16:00:00Z,302.58,305.44,301.71,303.76,113548,1765,303.491032
AVGO,1H,2025-09-04T17:00:00Z,303.69,304.7,303.28,303.38,76951,1453,303.966708
AVGO,1H,2025-09-04T18:00:00Z,303.45,304.66,303.1,303.11,100363,1663,304.001226
AVGO,1H,2025-09-04T19:00:00Z,303.14,304.72,302.82,303.87,223845,3942,303.931598
AVGO,1H,2025-09-04T20:00:00Z,308.35,309.24,300.22,304.44,4135,73,304.452941
AVGO,1H,2025-09-05T13:00:00Z,353.54,353.54,338.49,339.95,493541,6229,344.344253
AVGO,1H,2025-09-05T14:00:00Z,339.86,339.86,331.07,331.58,420045,5933,334.757961
AVGO,1H,2025-09-05T15:00:00Z,331.71,334.79,329.14,331.73,274030,3768,331.77459
AVGO,1H,2025-09-05T16:00:00Z,331.84,337.99,329.88,337.99,214602,2856,333.582042
AVGO,1H,2025-09-05T17:00:00Z,337.95,338.44,334.76,335.86,120417,2236,336.942553
AVGO,1H,2025-09-05T18:00:00Z,335.77,336.07,331.44,332.94,108124,1939,333.041742
AVGO,1H,2025-09-05T19:00:00Z,332.86,334.22,330.3,332.54,244069,4038,332.272105
AVGO,1H,2025-09-08T13:00:00Z,340.75,348.91,338.94,347.04,300359,4265,346.144419
AVGO,1H,2025-09-08T14:00:00Z,346.85,351.53,345.2,345.2,288061,3771,348.379213
AVGO,1H,2025-09-08T15:00:00Z,344.97,347.1,342.65,346.39,155694,2128,344.961167
AVGO,1H,2025-09-08T16:00:00Z,346.38,346.56,343.06,343.73,103460,1576,344.24019
AVGO,1H,2025-09-08T17:00:00Z,343.68,344.44,340.91,341.65,114038,1706,342.38293
AVGO,1H,2025-09-08T18:00:00Z,341.75,343.28,341.46,342.99,101978,1626,342.625965
AVGO,1H,2025-09-08T19:00:00Z,343.03,343.92,340.81,343.12,232009,3554,342.52075
AVGO,1H,2025-09-09T13:00:00Z,347.34,348.04,340.96,340.96,57517,880,344.014549
AVGO,1H,2025-09-09T14:00:00Z,341.1,342.91,337.25,338.49,72033,1414,340.225148
AVGO,1H,2025-09-09T15:00:00Z,338.68,338.84,334.94,337.55,76453,1275,337.113488
AVGO,1H,2025-09-09T16:00:00Z,337.55,337.55,334.88,337.18,59780,1010,336.140882
AVGO,1H,2025-09-09T17:00:00Z,337.16,337.56,335.01,335.68,101049,1373,336.613514
AVGO,1H,2025-09-09T18:00:00Z,335.68,336.37,334.66,334.99,75397,1050,335.271431
AVGO,1H,2025-09-09T19:00:00Z,334.83,335.85,333.43,334.09,168653,2611,334.587559
AVGO,1H,2025-09-10T12:00:00Z,344.72,344.72,344.72,344.72,105,2,344.72
AVGO,1H,2025-09-10T13:00:00Z,345.77,359.18,345.77,357.93,329740,3627,354.78842
AVGO,1H,2025-09-10T14:00:00Z,357.92,369.79,357.3,369.64,276813,3573,364.509502
AVGO,1H,2025-09-10T15:00:00Z,370.05,370.25,365.37,365.63,157881,2119,367.20143
AVGO,1H,2025-09-10T16:00:00Z,365.46,367.62,364.79,365.14,88713,1440,366.158824
AVGO,1H,2025-09-10T17:00:00Z,365.24,366.23,359.57,362.38,75369,1205,361.887487
AVGO,1H,2025-09-10T18:00:00Z,362.43,362.83,358.43,361.54,60772,1046,360.553019
AVGO,1H,2025-09-10T19:00:00Z,361.49,368.28,361.35,366.82,309563,3688,365.290284
AVGO,1H,2025-09-11T13:00:00Z,367.27,371.34,358.38,359.4,109936,1778,363.067695
AVGO,1H,2025-09-11T14:00:00Z,359.42,364.76,359.25,363.62,76959,1524,361.715135
AVGO,1H,2025-09-11T15:00:00Z,363.57,363.58,361.51,361.51,97351,1885,362.550793
AVGO,1H,2025-09-11T16:00:00Z,361.59,362.02,359.37,359.62,44355,921,360.499092
AVGO,1H,2025-09-11T17:00:00Z,359.7,361.06,357.69,357.99,48103,926,359.16253
AVGO,1H,2025-09-11T18:00:00Z,357.96,357.96,356.22,356.89,40871,953,357.028913
AVGO,1H,2025-09-11T19:00:00Z,356.81,358.29,356.32,356.78,106880,2081,357.317101
AVGO,1H,2025-09-12T13:00:00Z,360.13,360.97,355.96,356.6,78161,1059,357.831674
AVGO,1H,2025-09-12T14:00:00Z,356.45,358.96,354.9,357.31,81519,1201,357.169241
AVGO,1H,2025-09-12T15:00:00Z,357.49,358.47,356.54,356.64,52459,907,357.521334
AVGO,1H,2025-09-12T16:00:00Z,356.6,360.32,356.17,360.21,50841,1018,359.168593
AVGO,1H,2025-09-12T17:00:00Z,360.5,361.03,358.87,360.76,32808,895,359.877921
AVGO,1H,2025-09-12T18:00:00Z,360.73,361.71,359.44,360.17,46328,999,360.278368
AVGO,1H,2025-09-12T19:00:00Z,360.23,360.31,357.24,357.24,95373,1920,358.370765
AVGO,1H,2025-09-15T13:00:00Z,357.41,358.89,354.05,358.55,36777,481,356.604938
AVGO,1H,2025-09-15T14:00:00Z,358.73,360.81,357.63,358.27,59368,1008,358.950663
AVGO,1H,2025-09-15T15:00:00Z,358.49,359.12,357.13,357.4,33024,605,357.86533
AVGO,1H,2025-09-15T16:00:00Z,357.47,358.95,356.39,357.77,38011,630,357.570824
AVGO,1H,2025-09-15T17:00:00Z,357.82,360.56,357.66,360.5,37164,631,358.899929
AVGO,1H,2025-09-15T18:00:00Z,360.4,362.52,360.31,361.57,82151,1151,361.788588
AVGO,1H,2025-09-15T19:00:00Z,361.7,362.84,359.79,361.46,103045,1761,361.820171
AVGO,1H,2025-09-16T13:00:00Z,362.77,362.85,358.76,360.07,81074,1282,360.160262
AVGO,1H,2025-09-16T14:00:00Z,360.03,360.36,356.61,357.47,124161,1941,358.226127
AVGO,1H,2025-09-16T15:00:00Z,357.47,357.47,354.4,354.92,88175,1521,356.377641
AVGO,1H,2025-09-16T16:00:00Z,354.87,356.71,354.65,356.27,53191,990,355.867664
AVGO,1H,2025-09-16T17:00:00Z,356.36,358.78,355.87,358,42619,813,357.749139
AVGO,1H,2025-09-16T18:00:00Z,357.97,358.26,356.95,357.28,61482,1139,357.424041
AVGO,1H,2025-09-16T19:00:00Z,357.41,358.22,356.75,357.36,118205,2195,357.629281
AVGO,1H,2025-09-17T13:00:00Z,357.03,357.03,347.92,349.02,81748,1430,351.191892
AVGO,1H,2025-09-17T14:00:00Z,349.11,349.26,345.75,345.81,111569,1893,347.155599
AVGO,1H,2025-09-17T15:00:00Z,345.72,346.85,343.51,343.66,106841,1803,344.797574
AVGO,1H,2025-09-17T16:00:00Z,343.7,343.7,341.37,342.17,90902,1831,342.496607
AVGO,1H,2025-09-17T17:00:00Z,342.12,343.78,342.08,343.57,82467,1582,343.010491
AVGO,1H,2025-09-17T18:00:00Z,343.59,344.55,339.19,344.03,89048,1726,342.406325
AVGO,1H,2025-09-17T19:00:00Z,344.04,346.97,342.83,343.49,202288,3065,344.331877
AVGO,1H,2025-09-18T13:00:00Z,347.5,348.13,341.29,344.54,82084,1165,345.538455
AVGO,1H,2025-09-18T14:00:00Z,344.69,346.39,341.51,341.6,92361,1672,344.031435
AVGO,1H,2025-09-18T15:00:00Z,341.63,346.55,341.54,344.41,56994,1084,344.352089
AVGO,1H,2025-09-18T16:00:00Z,344.91,345.94,343.75,344.26,45093,917,344.553246
AVGO,1H,2025-09-18T17:00:00Z,344.54,345.56,343.14,343.56,54405,976,344.110111
AVGO,1H,2025-09-18T18:00:00Z,343.55,343.91,341.79,343.47,42201,802,342.9498
AVGO,1H,2025-09-18T19:00:00Z,343.6,343.85,342.49,342.68,124141,2398,343.239547
AVGO,1H,2025-09-19T13:00:00Z,341.18,341.6,334.36,340.11,114849,1363,337.458257
AVGO,1H,2025-09-19T14:00:00Z,340.16,341.16,338.81,339.95,54581,911,339.816262
AVGO,1H,2025-09-19T15:00:00Z,340.04,342.02,338.91,341.76,53353,913,340.209418
AVGO,1H,2025-09-19T16:00:00Z,341.74,343.71,341.47,343.55,45978,948,342.855852
AVGO,1H,2025-09-19T17:00:00Z,343.55,343.58,341.39,342.51,56054,1022,342.496435
AVGO,1H,2025-09-19T18:00:00Z,342.65,343.08,342.09,342.36,47681,1090,342.541147
AVGO,1H,2025-09-19T19:00:00Z,342.42,343.09,340.45,342.59,108932,2075,342.245731
AVGO,1H,2025-09-22T13:00:00Z,340.96,344.72,338.7,339.86,125605,2044,341.494561
AVGO,1H,2025-09-22T14:00:00Z,340.08,343.79,340.08,342.1,101024,1639,341.846544
AVGO,1H,2025-09-22T15:00:00Z,342.17,342.75,340.79,342.61,72935,1330,341.797555
AVGO,1H,2025-09-22T16:00:00Z,342.53,343.9,336.11,336.78,235595,4050,340.023204
AVGO,1H,2025-09-22T17:00:00Z,336.82,340,336.53,339.35,73953,1732,338.343118
AVGO,1H,2025-09-22T18:00:00Z,339.54,341.46,338.99,339.29,101211,1674,340.43262
AVGO,1H,2025-09-22T19:00:00Z,339.2,339.93,336.88,336.92,243637,3342,337.691428
AVGO,1H,2025-09-23T13:00:00Z,339.15,342.59,337.77,338.94,170922,1207,339.125109
AVGO,1H,2025-09-23T14:00:00Z,339.2,343.24,339.1,341.16,72647,1231,341.097406
AVGO,1H,2025-09-23T15:00:00Z,340.97,342.82,340.28,341.86,45420,780,341.35244
AVGO,1H,2025-09-23T16:00:00Z,341.94,342.13,339.72,339.97,27601,523,340.958281
AVGO,1H,2025-09-23T17:00:00Z,339.98,340.06,335.29,337.96,77278,1212,337.327902
AVGO,1H,2025-09-23T18:00:00Z,337.95,338.07,336.11,336.24,40488,777,336.848119
AVGO,1H,2025-09-23T19:00:00Z,336.24,337.8,336.03,336.93,89822,1737,336.813403
AVGO,1H,2025-09-24T13:00:00Z,336.65,337.85,332.1,334.88,107597,1592,333.800117
AVGO,1H,2025-09-24T14:00:00Z,334.42,336.8,333.98,335.68,82141,1252,335.224271
AVGO,1H,2025-09-24T15:00:00Z,335.66,338.05,335.47,335.54,50928,943,336.726181
AVGO,1H,2025-09-24T16:00:00Z,335.59,336.01,333.8,335.44,49499,1042,334.800389
AVGO,1H,2025-09-24T17:00:00Z,335.46,337.75,335.46,337.68,60485,1113,336.883487
AVGO,1H,2025-09-24T18:00:00Z,337.66,338.13,336.84,337.85,49150,1044,337.614536
AVGO,1H,2025-09-24T19:00:00Z,337.86,338.01,335.57,337.48,103840,2037,337.073302
AVGO,1H,2025-09-25T12:00:00Z,332.42,332.42,332.42,332.42,140,5,332.42
AVGO,1H,2025-09-25T13:00:00Z,331.88,332.99,325.49,327.6,84290,1429,328.425796
AVGO,1H,2025-09-25T14:00:00Z,327.66,332.17,326.9,330.93,107329,1402,329.743699
AVGO,1H,2025-09-25T15:00:00Z,331.04,335.16,331.04,334.93,51174,899,332.65629
AVGO,1H,2025-09-25T16:00:00Z,335.12,336.01,332.82,333.88,41417,824,334.567682
AVGO,1H,2025-09-25T17:00:00Z,333.75,333.92,331.6,332.71,48043,746,332.567611
AVGO,1H,2025-09-25T18:00:00Z,332.74,334.24,331.08,333.33,55046,855,332.988786
AVGO,1H,2025-09-25T19:00:00Z,333.36,334.63,331.12,334.25,108109,1998,333.218171
AVGO,1H,2025-09-26T13:00:00Z,335.24,337.18,331.86,333.94,110227,1237,334.347891
AVGO,1H,2025-09-26T14:00:00Z,334.5,334.7,328.86,329.01,84693,1511,331.863903
AVGO,1H,2025-09-26T15:00:00Z,329.06,331.93,329.05,331.14,70791,1116,330.656863
AVGO,1H,2025-09-26T16:00:00Z,331.12,332.53,330.9,331.91,33061,694,331.767897
AVGO,1H,2025-09-26T17:00:00Z,331.7,333.48,331.64,332.44,45420,891,332.856301
AVGO,1H,2025-09-26T18:00:00Z,332.52,333.25,331.3,332.1,64217,1127,332.245147
AVGO,1H,2025-09-26T19:00:00Z,332.38,333.12,332.03,332.55,98864,1737,332.588521
AVGO,1H,2025-09-29T13:00:00Z,334.02,339.08,334,335.57,69701,1200,336.524143
AVGO,1H,2025-09-29T14:00:00Z,335.61,336.49,332.95,333.89,89310,1690,334.735274
AVGO,1H,2025-09-29T15:00:00Z,333.99,334.22,330.57,331.14,56521,1181,332.247256
AVGO,1H,2025-09-29T16:00:00Z,331.14,331.14,329.92,330.48,48222,963,330.433918
AVGO,1H,2025-09-29T17:00:00Z,330.29,330.29,328.99,329.76,59409,1220,329.563451
AVGO,1H,2025-09-29T18:00:00Z,329.58,329.58,326.94,327.05,61148,1162,327.986236
AVGO,1H,2025-09-29T19:00:00Z,327.07,327.83,325.76,326.04,172864,3131,326.660401
AVGO,1H,2025-09-30T12:00:00Z,327.67,327.67,327.67,327.67,180,4,327.67
AVGO,1H,2025-09-30T13:00:00Z,328.55,328.98,323.07,324.82,53259,983,326.087776
AVGO,1H,2025-09-30T14:00:00Z,324.76,325.91,322.94,324.99,99291,1580,324.216043
AVGO,1H,2025-09-30T15:00:00Z,324.84,325.87,323.39,324.65,53669,1103,324.76567
AVGO,1H,2025-09-30T16:00:00Z,324.65,324.91,323.26,324.51,45511,983,324.045499
AVGO,1H,2025-09-30T17:00:00Z,324.35,324.83,323.61,324.47,28282,688,324.310541
AVGO,1H,2025-09-30T18:00:00Z,324.55,326,324.04,325.8,36571,927,325.133153
AVGO,1H,2025-09-30T19:00:00Z,325.83,328.23,325.79,327.96,121936,2427,327.624482
AVGO,1H,2025-10-01T13:00:00Z,327.92,328.42,322.84,325.41,92351,1428,325.432269
AVGO,1H,2025-10-01T14:00:00Z,325.35,329.25,325.04,328.62,51203,921,326.900899
AVGO,1H,2025-10-01T15:00:00Z,328.72,334.31,328.68,334.1,88286,1509,331.454793
AVGO,1H,2025-10-01T16:00:00Z,334.19,335.72,333.69,335.72,57102,946,334.784981
AVGO,1H,2025-10-01T17:00:00Z,335.6,335.97,333.35,333.76,35153,688,335.050934
AVGO,1H,2025-10-01T18:00:00Z,334.1,334.5,331.19,331.5,32440,904,332.547342
AVGO,1H,2025-10-01T19:00:00Z,331.39,331.99,330.12,331.53,63791,1549,331.332254
AVGO,1H,2025-10-02T13:00:00Z,345.49,345.49,333.61,335.7,90454,1610,338.158103
AVGO,1H,2025-10-02T14:00:00Z,335.72,340.52,335.3,337.2,100430,2128,338.377282
AVGO,1H,2025-10-02T15:00:00Z,337.04,338.99,336.19,338.56,54226,1081,337.387359
AVGO,1H,2025-10-02T16:00:00Z,338.36,340.08,337.42,339.7,39952,782,339.103755
AVGO,1H,2025-10-02T17:00:00Z,339.5,340.27,338.43,338.43,52844,1071,339.556636
AVGO,1H,2025-10-02T18:00:00Z,338.3,339.32,338.01,338.01,38007,1046,338.657672
AVGO,1H,2025-10-02T19:00:00Z,337.8,338.39,336.13,336.31,95404,2254,337.077198
AVGO,1H,2025-10-03T13:00:00Z,339.85,342.4,338.39,338.86,48856,863,341.017064
AVGO,1H,2025-10-03T14:00:00Z,338.62,339.77,337.79,339.23,71377,1423,338.630299
AVGO,1H,2025-10-03T15:00:00Z,339.02,340.9,338.27,338.83,33253,693,339.460809
AVGO,1H,2025-10-03T16:00:00Z,338.57,339.66,337.05,337.63,40105,671,338.471925
AVGO,1H,2025-10-03T17:00:00Z,337.29,337.29,333.99,334.91,63945,1198,336.152969
AVGO,1H,2025-10-03T18:00:00Z,334.66,336.57,334.21,335.61,54992,1011,335.269825
AVGO,1H,2025-10-03T19:00:00Z,335.74,336.5,334.94,336.47,77637,1736,335.787327
AVGO,1H,2025-10-06T13:00:00Z,333.77,342.17,332.79,336.24,110560,1912,336.840789
AVGO,1H,2025-10-06T14:00:00Z,336.2,341.25,335.61,335.96,88158,1597,338.267919
AVGO,1H,2025-10-06T15:00:00Z,336.01,337.75,335.61,336.45,82343,1213,336.746104
AVGO,1H,2025-10-06T16:00:00Z,336.45,337.09,336.08,336.61,65245,937,336.509216
AVGO,1H,2025-10-06T17:00:00Z,336.76,337.26,335.12,335.92,60891,965,336.352372
AVGO,1H,2025-10-06T18:00:00Z,335.81,335.99,334.61,335.12,43501,918,335.580094
AVGO,1H,2025-10-06T19:00:00Z,335.09,335.15,333.1,333.72,110711,2118,334.318486
AVGO,1H,2025-10-07T13:00:00Z,335.15,335.19,330.8,332.48,57032,986,332.693969
AVGO,1H,2025-10-07T14:00:00Z,332.48,336.23,332.37,333.92,65797,1479,334.206452
AVGO,1H,2025-10-07T15:00:00Z,333.72,333.94,324.78,326.99,141330,2720,328.042356
AVGO,1H,2025-10-07T16:00:00Z,327.25,329.89,327.22,328.3,45249,1005,328.15588
AVGO,1H,2025-10-07T17:00:00Z,328.4,329.08,327.59,328.45,36758,795,328.120626
AVGO,1H,2025-10-07T18:00:00Z,328.45,332.84,327.81,332.73,68206,1386,330.984919
AVGO,1H,2025-10-07T19:00:00Z,332.67,334.98,332.35,334.61,150688,2917,333.89689
AVGO,1H,2025-10-08T13:00:00Z,331.94,342.7,330.99,341.43,133192,2647,339.412319
AVGO,1H,2025-10-08T14:00:00Z,341.73,342.09,336.89,337.63,107148,1855,340.335109
AVGO,1H,2025-10-08T15:00:00Z,337.7,340.6,337.04,340.14,105491,1506,338.437145
AVGO,1H,2025-10-08T16:00:00Z,340.23,341.09,338.42,339.04,40091,958,340.001157
AVGO,1H,2025-10-08T17:00:00Z,339.15,339.3,337.84,339.09,35603,848,338.683626
AVGO,1H,2025-10-08T18:00:00Z,339.16,340.74,338.92,340.34,52229,1267,339.832984
AVGO,1H,2025-10-08T19:00:00Z,340.26,344.46,339.85,343.94,161196,3124,342.22026
AVGO,1H,2025-10-09T12:00:00Z,342.34,342.34,342.34,342.34,140,5,342.34
AVGO,1H,2025-10-09T13:00:00Z,343.82,345.02,338.62,343.04,66654,1261,341.728935
AVGO,1H,2025-10-09T14:00:00Z,343,344.77,342.08,344.13,79370,1582,343.505166
AVGO,1H,2025-10-09T15:00:00Z,344.12,345.28,341,343.85,100112,2618,342.622607
AVGO,1H,2025-10-09T16:00:00Z,343.68,343.73,340.61,340.7,55446,1754,341.971476
AVGO,1H,2025-10-09T17:00:00Z,341.09,341.43,339.17,340.96,29625,939,340.352616
AVGO,1H,2025-10-09T18:00:00Z,340.96,342.09,340.58,341.15,50232,989,341.299559
AVGO,1H,2025-10-09T19:00:00Z,341.25,343.94,341.18,343.06,121409,2818,342.80233
AVGO,1H,2025-10-10T13:00:00Z,343.15,347.65,341.09,347.42,84662,1063,344.213596
AVGO,1H,2025-10-10T14:00:00Z,347.29,348.54,341.59,342.93,89562,2207,345.32011
AVGO,1H,2025-10-10T15:00:00Z,341.46,341.46,330.14,333.76,114489,1969,335.658736
AVGO,1H,2025-10-10T16:00:00Z,333.52,334.02,328.94,329.57,43104,861,331.962116
AVGO,1H,2025-10-10T17:00:00Z,329.44,331.42,327.73,328.21,34687,781,329.405484
AVGO,1H,2025-10-10T18:00:00Z,328.31,329.68,326.55,326.58,69488,1190,328.292864
AVGO,1H,2025-10-10T19:00:00Z,326.75,327.75,322.3,322.85,209217,3853,324.21675
AVGO,1H,2025-10-10T20:00:00Z,324.31,324.36,324.31,324.36,300,2,324.343333
AVGO,1H,2025-10-13T13:00:00Z,357.94,364.3,341.62,353.72,334922,5153,349.095273
AVGO,1H,2025-10-13T14:00:00Z,353.7,356.86,350.94,353.75,274486,4940,354.130404
AVGO,1H,2025-10-13T15:00:00Z,353.54,355.96,350.17,355.24,154405,3293,353.603194
AVGO,1H,2025-10-13T16:00:00Z,355.12,357.27,354.17,355.84,130797,3186,355.790825
AVGO,1H,2025-10-13T17:00:00Z,355.86,356.64,353.39,355.03,78750,1554,355.072412
AVGO,1H,2025-10-13T18:00:00Z,355.09,355.25,353.07,353.61,83522,1699,353.994024
AVGO,1H,2025-10-13T19:00:00Z,353.96,355.57,352.51,354.56,209213,3983,354.366453
AVGO,1H,2025-10-14T13:00:00Z,348,348.55,337.92,340.18,161470,2148,342.708534
AVGO,1H,2025-10-14T14:00:00Z,339.3,344.69,338.46,341.53,102220,1779,341.715499
AVGO,1H,2025-10-14T15:00:00Z,341.59,345.42,341.28,343.64,57320,1236,343.158642
AVGO,1H,2025-10-14T16:00:00Z,343.81,347.78,343.78,346.4,45427,1101,345.991531
AVGO,1H,2025-10-14T17:00:00Z,346.29,347.96,344.51,344.51,29404,771,346.646236
AVGO,1H,2025-10-14T18:00:00Z,344.57,347,344.13,345.33,59090,1055,345.742046
AVGO,1H,2025-10-14T19:00:00Z,345.41,347.27,340.64,342.34,157504,2674,343.642026
AVGO,1H,2025-10-14T20:00:00Z,341.73,341.73,341.73,341.73,108,3,341.73
AVGO,1H,2025-10-15T13:00:00Z,352.38,352.53,347.07,352.3,48231,1044,349.537847
AVGO,1H,2025-10-15T14:00:00Z,352.29,357.3,350.88,356.11,129470,2785,355.033071
AVGO,1H,2025-10-15T15:00:00Z,356.34,357.31,350.18,352.53,69592,1264,354.309099
AVGO,1H,2025-10-15T16:00:00Z,352.45,353.27,350.3,350.97,37320,1085,351.386659
AVGO,1H,2025-10-15T17:00:00Z,350.99,351.67,345.68,351.28,56067,1239,348.859744
AVGO,1H,2025-10-15T18:00:00Z,351.15,352.33,350.39,351.96,24273,532,351.314182
AVGO,1H,2025-10-15T19:00:00Z,351.67,351.67,347.35,349.4,69623,1591,349.684303
AVGO,1H,2025-10-16T13:00:00Z,354.96,357.72,351.69,353.51,48347,1027,353.97294
AVGO,1H,2025-10-16T14:00:00Z,353.69,361.07,353.69,358.15,96161,1926,358.399464
AVGO,1H,2025-10-16T15:00:00Z,358.22,359.31,352.78,353.06,70898,1579,355.709955
AVGO,1H,2025-10-16T16:00:00Z,353.06,353.87,348.33,353.08,42673,1206,350.943394
AVGO,1H,2025-10-16T17:00:00Z,353.05,353.66,350.88,352.71,43102,1177,352.319627
AVGO,1H,2025-10-16T18:00:00Z,351.71,351.72,347.76,350.04,37803,923,349.192396
AVGO,1H,2025-10-16T19:00:00Z,349.94,352.42,347.63,352.18,113074,2156,349.879917
AVGO,1H,2025-10-17T13:00:00Z,347.65,348.79,342.69,347.71,126504,2075,345.551779
AVGO,1H,2025-10-17T14:00:00Z,347.59,348.05,341.11,341.69,138393,2511,344.895415
AVGO,1H,2025-10-17T15:00:00Z,341.65,344.82,339.16,344.12,70958,1390,341.46629
AVGO,1H,2025-10-17T16:00:00Z,344.37,346.97,344.37,345.68,33068,886,345.566666
AVGO,1H,2025-10-17T17:00:00Z,345.66,346.57,344.12,346.57,26915,842,345.183476
AVGO,1H,2025-10-17T18:00:00Z,346.7,348.7,346.07,347.38,48761,1234,347.832843
AVGO,1H,2025-10-17T19:00:00Z,347.38,348.52,345.8,347.4,89552,2030,347.158655
AVGO,1H,2025-10-20T13:00:00Z,351.83,354.14,350.38,351.39,47527,806,352.418444
AVGO,1H,2025-10-20T14:00:00Z,351.21,353.47,350.31,350.63,53451,866,351.805093
AVGO,1H,2025-10-20T15:00:00Z,350.55,352.59,349.19,349.19,38804,930,350.515594
AVGO,1H,2025-10-20T16:00:00Z,349.41,349.41,346.07,346.98,40997,809,347.38607
AVGO,1H,2025-10-20T17:00:00Z,346.87,349.53,346.86,348.08,22596,518,348.336873
AVGO,1H,2025-10-20T18:00:00Z,348,348.6,346.93,347.47,24183,510,347.849755
AVGO,1H,2025-10-20T19:00:00Z,347.15,347.79,345.95,347.19,82321,2115,346.769522
AVGO,1H,2025-10-21T13:00:00Z,348.34,348.99,341.7,341.88,52536,989,343.592089
AVGO,1H,2025-10-21T14:00:00Z,341.98,343.15,339.56,342.66,86142,1664,341.469665
AVGO,1H,2025-10-21T15:00:00Z,342.66,343.13,340.87,342.37,35173,811,342.155079
AVGO,1H,2025-10-21T16:00:00Z,342.17,343.3,340.79,340.83,35091,792,342.24928
AVGO,1H,2025-10-21T17:00:00Z,340.64,341.66,339.51,340.2,40336,763,340.501137
AVGO,1H,2025-10-21T18:00:00Z,340.27,340.59,339.69,340.35,29452,613,340.164088
AVGO,1H,2025-10-21T19:00:00Z,340.34,341.48,339.59,340.71,67769,1687,340.561603
AVGO,1H,2025-10-22T13:00:00Z,345.03,345.91,341.34,343.46,51284,922,343.377616
AVGO,1H,2025-10-22T14:00:00Z,343.49,343.99,336.31,339.05,69314,1443,339.131513
AVGO,1H,2025-10-22T15:00:00Z,338.94,338.97,335.39,337.62,45901,895,337.06298
AVGO,1H,2025-10-22T16:00:00Z,337.55,339.12,334.94,337.09,66999,1197,337.042299
AVGO,1H,2025-10-22T17:00:00Z,336.54,337,334,335.03,48689,1027,335.387909
AVGO,1H,2025-10-22T18:00:00Z,335.36,336.47,333.91,336.47,34126,759,335.4879
AVGO,1H,2025-10-22T19:00:00Z,336.58,339.39,336.45,338.53,112308,2259,338.295706
AVGO,1H,2025-10-23T13:00:00Z,338.57,343.55,338.57,343.24,37558,816,341.152568
AVGO,1H,2025-10-23T14:00:00Z,343.37,344.46,342.35,344.46,51356,1475,343.369451
AVGO,1H,2025-10-23T15:00:00Z,344.25,344.49,341.76,343.44,31001,920,343.147229
AVGO,1H,2025-10-23T16:00:00Z,343.35,344.25,342.54,342.59,19966,705,343.355603
AVGO,1H,2025-10-23T17:00:00Z,342.67,343.14,341.42,342.85,24072,793,342.331497
AVGO,1H,2025-10-23T18:00:00Z,342.78,343.62,341.98,343.53,35109,1051,342.604839
AVGO,1H,2025-10-23T19:00:00Z,343.57,344.15,342.24,342.42,78382,2067,343.057406
AVGO,1H,2025-10-23T20:00:00Z,347.18,348.69,347.18,347.55,1851,23,347.755475
AVGO,1H,2025-10-24T13:00:00Z,351.89,352.86,348.92,351.74,84202,1271,351.035218
AVGO,1H,2025-10-24T14:00:00Z,351.62,352.19,349.65,350.67,68784,1536,351.293318
AVGO,1H,2025-10-24T15:00:00Z,350.81,356.25,350.8,354.35,78867,1785,354.458924
AVGO,1H,2025-10-24T16:00:00Z,354.35,355.67,353.58,354.27,56837,1273,354.592448
AVGO,1H,2025-10-24T17:00:00Z,354.29,354.54,352.99,353.2,24935,681,353.642315
AVGO,1H,2025-10-24T18:00:00Z,353.13,353.6,352.64,353.19,63701,1159,353.073094
AVGO,1H,2025-10-24T19:00:00Z,353.11,354.5,351.9,352.05,123026,2817,353.141062
AVGO,1H,2025-10-27T13:00:00Z,359.82,360.68,353.79,356.69,61979,1215,358.004636
AVGO,1H,2025-10-27T14:00:00Z,356.52,356.99,353.2,355.16,86580,1686,354.94182
AVGO,1H,2025-10-27T15:00:00Z,355.29,357.94,355.27,357.13,58235,1045,356.907244
AVGO,1H,2025-10-27T16:00:00Z,356.96,358.18,356.42,356.94,81547,1214,357.190162
AVGO,1H,2025-10-27T17:00:00Z,357.13,359.1,356.75,358.87,79924,1086,357.847811
AVGO,1H,2025-10-27T18:00:00Z,358.8,359.87,358.21,359.73,78858,1115,358.992008
AVGO,1H,2025-10-27T19:00:00Z,359.67,360.39,359.31,360.05,163323,2481,359.817537
AVGO,1H,2025-10-28T13:00:00Z,360.57,365.03,360.57,363.42,67597,1185,362.872633
AVGO,1H,2025-10-28T14:00:00Z,363.94,365.23,361.17,362.26,56911,1336,363.487749
AVGO,1H,2025-10-28T15:00:00Z,362.52,364.75,360.83,364.75,42290,1022,362.894418
AVGO,1H,2025-10-28T16:00:00Z,364.78,367.2,364.54,366.05,79001,2046,365.614067
AVGO,1H,2025-10-28T17:00:00Z,366.03,369.02,365.87,369.02,69442,1756,367.426918
AVGO,1H,2025-10-28T18:00:00Z,368.87,370.02,368.01,369.36,58468,1175,369.288148
AVGO,1H,2025-10-28T19:00:00Z,369.41,371.9,369.36,370.93,212500,4619,370.978634
AVGO,1H,2025-10-28T20:00:00Z,370.84,370.84,370.84,370.84,100,1,370.84
AVGO,1H,2025-10-29T13:00:00Z,369.77,377.03,369.77,375.84,86851,1680,374.991348
AVGO,1H,2025-10-29T14:00:00Z,376.11,380.92,375.55,379.16,74046,1664,378.54402
AVGO,1H,2025-10-29T15:00:00Z,379.16,381.44,377.19,378.65,64641,1457,379.413719
AVGO,1H,2025-10-29T16:00:00Z,378.56,378.69,375.42,377.48,28607,715,377.288508
AVGO,1H,2025-10-29T17:00:00Z,377.5,378.83,373.78,375.44,54520,1338,375.943946
AVGO,1H,2025-10-29T18:00:00Z,375.49,377.93,372.59,376.72,38501,987,375.58
AVGO,1H,2025-10-29T19:00:00Z,377.46,384.27,376.57,383.76,123032,2533,382.038561
AVGO,1H,2025-10-30T13:00:00Z,382.36,382.36,369.68,377.81,158948,2627,374.812317
AVGO,1H,2025-10-30T14:00:00Z,377.79,379.44,370.03,370.83,243531,2612,375.005409
AVGO,1H,2025-10-30T15:00:00Z,370.8,373.06,368.36,368.44,119754,2055,370.362203
AVGO,1H,2025-10-30T16:00:00Z,368.33,375.32,368.04,374.78,96451,2262,372.412455
AVGO,1H,2025-10-30T17:00:00Z,374.77,377.36,373.14,376.26,103041,2135,374.832345
AVGO,1H,2025-10-30T18:00:00Z,376.51,376.74,374.24,375.31,73102,1516,375.458988
AVGO,1H,2025-10-30T19:00:00Z,375.28,375.72,372.42,374.41,158889,3324,374.231019
AVGO,1H,2025-10-31T13:00:00Z,376.53,376.53,370.63,372.09,71749,1350,373.601786
AVGO,1H,2025-10-31T14:00:00Z,372.34,373.31,370.51,372.01,145959,2294,371.886258
AVGO,1H,2025-10-31T15:00:00Z,372.04,374.21,369,369.52,114692,1892,372.193019
AVGO,1H,2025-10-31T16:00:00Z,369.46,370.06,363.51,364.85,119373,2728,366.539558
AVGO,1H,2025-10-31T17:00:00Z,365.28,365.53,363.12,365.22,108831,1883,364.223449
AVGO,1H,2025-10-31T18:00:00Z,365.3,368.56,365.3,368.19,78258,1555,367.397176
AVGO,1H,2025-10-31T19:00:00Z,368.24,370.65,367.52,367.55,208192,3551,368.780401
AVGO,1H,2025-11-03T13:00:00Z,372.09,372.09,372.09,372.09,45,1,372.09
AVGO,1H,2025-11-03T14:00:00Z,370.11,372.71,363.63,363.79,59162,1642,366.349031
AVGO,1H,2025-11-03T15:00:00Z,363.7,365.87,361.92,365.06,68878,2052,363.358228
AVGO,1H,2025-11-03T16:00:00Z,364.95,365.46,362.99,364.81,63402,1637,363.972204
AVGO,1H,2025-11-03T17:00:00Z,364.65,364.76,362.27,363.25,43917,1092,363.46498
AVGO,1H,2025-11-03T18:00:00Z,363.14,363.86,362.08,362.7,48498,1440,363.030679
AVGO,1H,2025-11-03T19:00:00Z,362.69,362.9,360.56,361.16,90654,2163,361.595513
AVGO,1H,2025-11-03T20:00:00Z,361.26,361.55,359.98,360.47,130079,3872,360.747399
AVGO,1H,2025-11-03T21:00:00Z,360.9,361.95,360.9,361.95,240,6,361.550889
AVGO,1H,2025-11-04T14:00:00Z,355.65,364.03,354.67,364,342303,5022,360.358286
AVGO,1H,2025-11-04T15:00:00Z,364.12,366.83,361.34,361.7,115253,3559,364.488043
AVGO,1H,2025-11-04T16:00:00Z,361.71,362.4,356.59,357.24,65131,1967,358.896958
AVGO,1H,2025-11-04T17:00:00Z,357.19,357.45,354.98,356.68,54396,1601,356.282949
AVGO,1H,2025-11-04T18:00:00Z,356.53,357.55,355.41,356.63,45029,1520,356.642891
AVGO,1H,2025-11-04T19:00:00Z,356.66,356.66,351.08,352.11,57819,1710,354.002371
AVGO,1H,2025-11-04T20:00:00Z,352.05,353.15,349.26,350.13,167091,4897,351.097232
AVGO,1H,2025-11-04T21:00:00Z,349.85,350.27,348.83,350.27,776,23,349.809289
AVGO,1H,2025-11-05T14:00:00Z,349.15,361.79,348.39,361.66,103645,2458,354.627964
AVGO,1H,2025-11-05T15:00:00Z,361.59,362.76,357.63,361.2,96866,2549,360.763825
AVGO,1H,2025-11-05T16:00:00Z,361.1,362.38,359.67,360.68,59768,1612,361.129158
AVGO,1H,2025-11-05T17:00:00Z,360.77,361.04,359.28,359.72,36657,1108,360.092296
AVGO,1H,2025-11-05T18:00:00Z,359.78,360.85,359.34,360.11,32425,1011,360.16221
AVGO,1H,2025-11-05T19:00:00Z,360.05,360.87,358.79,359.95,71728,1776,360.004267
AVGO,1H,2025-11-05T20:00:00Z,359.97,361.15,356.46,356.92,191597,5105,358.758233
AVGO,1H,2025-11-05T21:00:00Z,356.62,356.94,356.62,356.94,86,4,356.78
AVGO,1H,2025-11-06T13:00:00Z,362.51,362.51,362.51,362.51,40,1,362.51
AVGO,1H,2025-11-06T14:00:00Z,358.83,361.45,354.88,355.1,82061,1739,357.870115
AVGO,1H,2025-11-06T15:00:00Z,354.98,359.38,350.93,351.12,101195,2577,354.767873
AVGO,1H,2025-11-06T16:00:00Z,350.99,355.85,350.96,353.3,91989,2176,354.2183
AVGO,1H,2025-11-06T17:00:00Z,353.44,356.9,353.28,355.73,58461,1521,354.727596
AVGO,1H,2025-11-06T18:00:00Z,355.91,356.74,351.99,354.88,49447,1410,354.752435
AVGO,1H,2025-11-06T19:00:00Z,354.71,358.81,354.71,357.5,81986,2340,357.306216
AVGO,1H,2025-11-06T20:00:00Z,357.56,357.65,352.68,353.66,129647,3609,354.471335
AVGO,1H,2025-11-06T21:00:00Z,354.49,354.49,354.49,354.49,78,2,354.49
AVGO,1H,2025-11-07T14:00:00Z,352.34,352.41,342.38,347.64,76152,2041,346.485239
AVGO,1H,2025-11-07T15:00:00Z,347.66,347.68,340.05,340.16,83183,2398,343.624591
AVGO,1H,2025-11-07T16:00:00Z,340.33,341.23,335.7,336.61,99823,2600,337.899622
AVGO,1H,2025-11-07T17:00:00Z,336.52,340.61,335.41,339.46,69024,1872,337.90025
AVGO,1H,2025-11-07T18:00:00Z,339.56,341.57,338.49,340.48,48841,1307,340.489621
AVGO,1H,2025-11-07T19:00:00Z,340.12,344.7,339.53,344.61,40130,1422,341.978558
AVGO,1H,2025-11-07T20:00:00Z,344.72,347.62,342.22,347.5,101511,3133,345.386305
AVGO,1H,2025-11-07T21:00:00Z,348.2,348.59,348.19,348.32,761,35,348.353176
AVGO,1H,2025-11-10T14:00:00Z,356.22,357.71,352.75,354.46,63211,1757,355.385037
AVGO,1H,2025-11-10T15:00:00Z,354.42,357.68,354,354.25,46018,1503,355.681237
AVGO,1H,2025-11-10T16:00:00Z,354.17,354.75,352.65,353.61,54743,1534,353.704842
AVGO,1H,2025-11-10T17:00:00Z,353.8,356.36,353.68,356.21,31995,967,355.135819
AVGO,1H,2025-11-10T18:00:00Z,356.21,357,355.1,355.13,44858,1231,356.237907
AVGO,1H,2025-11-10T19:00:00Z,355.25,357.49,354.5,356.63,73265,1797,356.358911
AVGO,1H,2025-11-10T20:00:00Z,356.75,357.84,355.73,356.28,202064,4724,356.94456
AVGO,1H,2025-11-10T21:00:00Z,356.96,356.96,356.96,356.96,42,2,356.96
AVGO,1H,2025-11-11T13:00:00Z,354.03,354.03,354.03,354.03,100,3,354.03
AVGO,1H,2025-11-11T14:00:00Z,356.2,359.53,351.05,352.71,54720,1464,355.372404
AVGO,1H,2025-11-11T15:00:00Z,352.65,354.27,347.77,349.47,36116,1227,350.66194
AVGO,1H,2025-11-11T16:00:00Z,349.49,353.3,349.47,352.24,32459,1195,351.606363
AVGO,1H,2025-11-11T17:00:00Z,352.43,355.59,352.43,355.05,29975,1072,353.96576
AVGO,1H,2025-11-11T18:00:00Z,355.17,356.1,353.07,354.34,63452,1851,354.387869
AVGO,1H,2025-11-11T19:00:00Z,353.73,353.73,351.91,352.15,94259,1985,352.776569
AVGO,1H,2025-11-11T20:00:00Z,352.1,352.77,349.35,349.87,175713,4305,351.310209
AVGO,1H,2025-11-12T14:00:00Z,355.69,356.72,350.3,351.34,41477,1213,353.547094
AVGO,1H,2025-11-12T15:00:00Z,351.06,355.95,351.03,352.3,59191,1704,353.602263
AVGO,1H,2025-11-12T16:00:00Z,352.05,354.47,351.31,352.72,27362,1191,352.627768
AVGO,1H,2025-11-12T17:00:00Z,352.68,353.59,350.83,351.74,50304,1568,352.153608
AVGO,1H,2025-11-12T18:00:00Z,352.17,353.53,351.23,353.22,24954,1109,352.537195
AVGO,1H,2025-11-12T19:00:00Z,353.19,353.55,350.55,350.83,47193,1409,351.667607
AVGO,1H,2025-11-12T20:00:00Z,350.66,353.74,349.82,353.29,99437,3253,352.241801
AVGO,1H,2025-11-12T21:00:00Z,353.73,353.78,353.73,353.78,287,13,353.755
AVGO,1H,2025-11-13T14:00:00Z,349.48,351.17,339.29,341.93,54296,1725,343.121527
AVGO,1H,2025-11-13T15:00:00Z,341.9,347.2,335.83,337.57,101322,2760,341.244798
AVGO,1H,2025-11-13T16:00:00Z,337.64,338.22,332.58,333.81,108360,3311,334.256315
AVGO,1H,2025-11-13T17:00:00Z,333.65,337.96,333.65,336.14,55299,1856,336.422387
AVGO,1H,2025-11-13T18:00:00Z,336.21,336.49,332.32,334.32,109901,2188,333.926971
AVGO,1H,2025-11-13T19:00:00Z,334.39,336.59,333.01,335.63,101247,2113,334.265671
AVGO,1H,2025-11-13T20:00:00Z,335.5,338.14,335.11,338.13,72493,2493,336.794679
AVGO,1H,2025-11-13T21:00:00Z,338.7,338.82,337.63,337.63,351,10,338.347778
AVGO,1H,2025-11-14T13:00:00Z,330.63,330.63,329.21,329.83,429,21,329.610698
AVGO,1H,2025-11-14T14:00:00Z,330.18,337.55,327.31,336.24,111745,2896,333.063905
AVGO,1H,2025-11-14T15:00:00Z,336.28,339.02,331.77,338.45,98410,2757,335.184096
AVGO,1H,2025-11-14T16:00:00Z,338.48,342.49,336.63,341.66,50757,1843,340.300123
AVGO,1H,2025-11-14T17:00:00Z,341.64,342.73,340.24,340.81,37411,1437,341.917756
AVGO,1H,2025-11-14T18:00:00Z,340.67,341.64,339.3,340.87,36350,1379,340.336302
AVGO,1H,2025-11-14T19:00:00Z,340.86,342.69,339.46,341.76,39522,1381,341.02222
AVGO,1H,2025-11-14T20:00:00Z,341.87,342.19,339.27,340.68,102078,3214,340.271282
AVGO,1H,2025-11-14T21:00:00Z,340.61,340.61,340.61,340.61,151,7,340.61
AVGO,1H,2025-11-17T14:00:00Z,338.7,350.19,335.8,348.31,121137,2823,345.175308
AVGO,1H,2025-11-17T15:00:00Z,348.37,348.43,343.21,344.01,54835,1343,344.899772
AVGO,1H,2025-11-17T16:00:00Z,344.02,346.38,341.58,346.03,30412,924,343.984557
AVGO,1H,2025-11-17T17:00:00Z,345.97,346.06,341.99,342.11,30997,931,344.420193
AVGO,1H,2025-11-17T18:00:00Z,342.07,344.56,340.99,341.5,29178,861,342.398726
AVGO,1H,2025-11-17T19:00:00Z,341.34,341.83,338.3,338.3,36738,1071,340.027807
AVGO,1H,2025-11-17T20:00:00Z,338.4,341.06,337.51,340.82,101370,3031,338.955255
AVGO,1H,2025-11-17T21:00:00Z,341.72,341.85,341.72,341.8,309,12,341.8
AVGO,1H,2025-11-18T13:00:00Z,340.47,340.47,340.47,340.47,160,3,340.47
AVGO,1H,2025-11-18T14:00:00Z,341.44,344.22,337.22,337.55,94421,1976,341.212783
AVGO,1H,2025-11-18T15:00:00Z,337.26,338.99,333.79,337.47,71482,1841,336.42698
AVGO,1H,2025-11-18T16:00:00Z,337.19,343.58,335.06,343.14,72239,2089,340.65744
AVGO,1H,2025-11-18T17:00:00Z,343.18,345.92,340.86,344.97,74074,1849,343.506323
AVGO,1H,2025-11-18T18:00:00Z,345.1,345.39,342.51,342.91,153990,1844,344.678332
AVGO,1H,2025-11-18T19:00:00Z,343.12,344.8,341.41,342.83,54670,1387,342.759949
AVGO,1H,2025-11-18T20:00:00Z,342.52,343.19,337.64,338.55,160365,4028,339.164993
AVGO,1H,2025-11-18T21:00:00Z,338.05,338.1,336.83,336.83,250,11,337.597826
AVGO,1H,2025-11-19T14:00:00Z,340.05,354.7,336.18,353.99,79365,2308,345.438148
AVGO,1H,2025-11-19T15:00:00Z,354.03,357.65,350.25,350.88,145108,3277,354.604926
AVGO,1H,2025-11-19T16:00:00Z,350.59,351.15,347.14,349.43,59790,1850,348.939321
AVGO,1H,2025-11-19T17:00:00Z,348.99,348.99,343.73,347.6,74212,1902,346.081197
AVGO,1H,2025-11-19T18:00:00Z,347.37,348.26,345.52,347.29,39358,1307,347.01523
AVGO,1H,2025-11-19T19:00:00Z,347.55,350.97,346.28,349.97,63719,1558,348.731044
AVGO,1H,2025-11-19T20:00:00Z,349.87,354.1,349.87,352.37,174404,4891,352.531102
AVGO,1H,2025-11-19T21:00:00Z,353.28,359.65,353.28,359.21,433,25,358.475455
AVGO,1H,2025-11-20T13:00:00Z,366.1,367.51,365.41,365.41,1738,56,366.678617
AVGO,1H,2025-11-20T14:00:00Z,364.3,372.76,363.65,372.64,133808,3387,368.170924
AVGO,1H,2025-11-20T15:00:00Z,372.51,373.96,367.93,371.95,161177,4644,371.577214
AVGO,1H,2025-11-20T16:00:00Z,372.03,372.29,355.54,356.35,119726,3595,364.580198
AVGO,1H,2025-11-20T17:00:00Z,356.15,358.67,350.15,353.35,104329,3197,353.21173
AVGO,1H,2025-11-20T18:00:00Z,353.29,358.23,348.25,349,84934,2521,353.641087
AVGO,1H,2025-11-20T19:00:00Z,349.29,351.2,347.06,351,101343,2683,349.078472
AVGO,1H,2025-11-20T20:00:00Z,350.94,350.94,343.27,344.99,170850,5194,345.409573
AVGO,1H,2025-11-20T21:00:00Z,345.49,345.49,345.49,345.49,78,5,345.49
AVGO,1H,2025-11-21T14:00:00Z,347.92,347.92,340.2,343.06,97374,2261,343.328974
AVGO,1H,2025-11-21T15:00:00Z,343.43,344,329.96,334.66,159756,3838,335.98631
AVGO,1H,2025-11-21T16:00:00Z,334.88,341.77,332.2,341.63,122522,3052,336.098015
AVGO,1H,2025-11-21T17:00:00Z,341.55,342.37,339.82,340.17,52937,1686,341.116253
AVGO,1H,2025-11-21T18:00:00Z,340.53,344.96,336.61,344.1,62534,1906,340.983451
AVGO,1H,2025-11-21T19:00:00Z,344,345.07,339.97,340.41,68218,1910,343.709098
AVGO,1H,2025-11-21T20:00:00Z,340.27,342.11,337.48,338.04,221542,5669,339.332489
AVGO,1H,2025-11-21T21:00:00Z,338.37,338.37,337.35,337.35,375,11,337.767485
AVGO,1H,2025-11-24T13:00:00Z,345.76,345.76,344.18,344.18,190,4,345.016842
AVGO,1H,2025-11-24T14:00:00Z,344.35,365.05,344.35,361.78,199604,3860,358.997696
AVGO,1H,2025-11-24T15:00:00Z,361.81,369.49,360.73,369.49,209725,4294,364.204655
AVGO,1H,2025-11-24T16:00:00Z,369.65,372.64,368.8,369,133294,3062,371.04941
AVGO,1H,2025-11-24T17:00:00Z,369.34,372.35,368.28,371.56,91336,2325,370.407705
AVGO,1H,2025-11-24T18:00:00Z,371.7,373.74,371.48,372.48,62595,1923,372.703978
AVGO,1H,2025-11-24T19:00:00Z,372.39,375.14,371.72,373.54,148882,3255,373.629443
AVGO,1H,2025-11-24T20:00:00Z,373.7,379,372.41,375.94,247948,6233,376.145734
AVGO,1H,2025-11-24T21:00:00Z,376.65,376.73,376,376.63,666,11,376.550766
AVGO,1H,2025-11-25T13:00:00Z,391.26,392.59,389.75,389.75,726,25,390.904981
AVGO,1H,2025-11-25T14:00:00Z,389.4,389.78,370.39,377.91,179662,3703,377.429109
AVGO,1H,2025-11-25T15:00:00Z,377.86,378.92,371.14,372.87,155135,3489,375.144934
AVGO,1H,2025-11-25T16:00:00Z,372.76,375.44,369.72,374.36,96343,2285,372.374882
AVGO,1H,2025-11-25T17:00:00Z,374.4,381.74,374.15,379.37,108490,2473,377.812898
AVGO,1H,2025-11-25T18:00:00Z,379.46,382.73,378.77,382.03,97371,2109,380.260177
AVGO,1H,2025-11-25T19:00:00Z,381.87,384.34,380.54,383.93,84406,2076,382.194368
AVGO,1H,2025-11-25T20:00:00Z,383.9,385.97,381.36,383.01,245480,5033,383.568289
AVGO,1H,2025-11-25T21:00:00Z,384.01,384.22,383.69,384.04,528,14,383.911394
AVGO,1H,2025-11-26T13:00:00Z,385.18,385.22,384.89,384.89,270,9,385.113077
AVGO,1H,2025-11-26T14:00:00Z,383.4,390.81,381.42,387.81,177157,3904,384.682002
AVGO,1H,2025-11-26T15:00:00Z,387.58,391.44,385.14,390.15,76525,2248,387.91458
AVGO,1H,2025-11-26T16:00:00Z,390.32,393.53,390.15,393.16,73247,2294,391.953341
AVGO,1H,2025-11-26T17:00:00Z,393.39,396.59,391.62,393.38,61990,1943,394.011217
AVGO,1H,2025-11-26T18:00:00Z,393.4,395.44,392.94,394.39,63927,1815,393.992359
AVGO,1H,2025-11-26T19:00:00Z,394.46,396.44,392.91,396.21,59483,2027,395.41012
AVGO,1H,2025-11-26T20:00:00Z,396.24,397.62,394.72,395.25,144191,4082,396.056016
AVGO,1H,2025-11-28T13:00:00Z,395.54,395.54,395.54,395.54,85,5,395.54
AVGO,1H,2025-11-28T14:00:00Z,397.18,400.08,395.01,398.2,64478,1642,397.885608
AVGO,1H,2025-11-28T15:00:00Z,398.17,399.58,396.16,397.9,72716,2045,397.952972
AVGO,1H,2025-11-28T16:00:00Z,397.96,398.67,396.66,398.06,53319,1628,397.896209
AVGO,1H,2025-11-28T17:00:00Z,397.75,400.75,396.77,400.75,123312,3561,398.649907
AVGO,1H,2025-12-01T13:00:00Z,393.26,393.29,393.26,393.29,149,7,393.275
AVGO,1H,2025-12-01T14:00:00Z,393.96,394.42,383.6,385.33,105333,2786,387.762425
AVGO,1H,2025-12-01T15:00:00Z,385.84,390.66,384.81,390.45,98100,2124,387.624365
AVGO,1H,2025-12-01T16:00:00Z,390.55,390.72,388.38,389.46,50032,1377,389.360378
AVGO,1H,2025-12-01T17:00:00Z,389.46,391.18,388.5,388.52,79729,1691,389.899692
AVGO,1H,2025-12-01T18:00:00Z,388.6,390.34,387.68,388.16,66260,1558,388.75393
AVGO,1H,2025-12-01T19:00:00Z,388.04,388.04,384.17,384.4,68396,1881,385.672389
AVGO,1H,2025-12-01T20:00:00Z,384.34,385.3,382.95,383.75,157503,3891,383.970746
AVGO,1H,2025-12-01T21:00:00Z,384.48,385.26,384.48,385.26,346,13,384.712919
AVGO,1H,2025-12-02T13:00:00Z,387.09,387.09,387.06,387.06,290,3,387.07
AVGO,1H,2025-12-02T14:00:00Z,386.49,391.28,382.36,388.55,54266,1635,387.886008
AVGO,1H,2025-12-02T15:00:00Z,388.41,389.74,383.21,383.77,79407,2131,386.456039
AVGO,1H,2025-12-02T16:00:00Z,383.44,383.6,378.39,382.17,112649,2894,381.1385
AVGO,1H,2025-12-02T17:00:00Z,382.24,382.85,379.22,379.24,60374,1427,381.444621
AVGO,1H,2025-12-02T18:00:00Z,379.14,381.09,378.89,379.8,86923,1969,379.764204
AVGO,1H,2025-12-02T19:00:00Z,379.8,380.55,379.44,380.18,58765,1468,380.044528
AVGO,1H,2025-12-02T20:00:00Z,380.13,380.26,377.8,379.42,154477,4112,379.18865
AVGO,1H,2025-12-03T13:00:00Z,380.84,380.84,380.84,380.84,80,3,380.84
AVGO,1H,2025-12-03T14:00:00Z,376.1,378.37,368.59,371.48,63926,1734,372.324159
AVGO,1H,2025-12-03T15:00:00Z,371.69,376.75,371.41,374.06,81757,2450,374.020296
AVGO,1H,2025-12-03T16:00:00Z,374.1,374.78,371.5,372.67,36923,1234,373.404954
AVGO,1H,2025-12-03T17:00:00Z,372.9,376.18,372.66,375.46,37898,1196,374.637716
AVGO,1H,2025-12-03T18:00:00Z,375.5,376.09,374.33,375.55,69707,1824,375.181718
AVGO,1H,2025-12-03T19:00:00Z,375.5,378.08,375.03,377.5,48049,1541,377.009638
AVGO,1H,2025-12-03T20:00:00Z,377.58,380.15,376.74,378.52,148674,3513,378.419447
AVGO,1H,2025-12-03T21:00:00Z,377.89,377.89,377.82,377.82,160,7,377.84
AVGO,1H,2025-12-04T13:00:00Z,378.94,378.94,378.23,378.27,300,8,378.506809
AVGO,1H,2025-12-04T14:00:00Z,378.21,380.77,374.47,378.13,80963,1692,377.721145
AVGO,1H,2025-12-04T15:00:00Z,378.12,380.47,377.54,379.21,75614,1983,379.145864
AVGO,1H,2025-12-04T16:00:00Z,379.5,381.46,377.05,380.86,93637,1940,379.026394
AVGO,1H,2025-12-04T17:00:00Z,380.68,381.74,378.88,379.9,31077,1025,380.022516
AVGO,1H,2025-12-04T18:00:00Z,379.87,380.04,378.3,378.77,26057,858,379.116609
AVGO,1H,2025-12-04T19:00:00Z,378.7,380.08,377.28,378.48,35758,1290,378.799198
AVGO,1H,2025-12-04T20:00:00Z,378.55,379.46,377.35,378.92,136239,3441,378.390593
AVGO,1H,2025-12-05T14:00:00Z,383.84,391.25,383.84,389.59,67743,1638,388.364735
AVGO,1H,2025-12-05T15:00:00Z,389.6,389.77,383.25,384.35,91106,1930,387.953329
AVGO,1H,2025-12-05T16:00:00Z,384,387.18,383.04,386.5,46858,1462,384.547923
AVGO,1H,2025-12-05T17:00:00Z,386.26,388.55,385.17,386.5,61886,1695,386.341541
AVGO,1H,2025-12-05T18:00:00Z,386.45,387.63,386.09,386.54,50208,1541,386.678788
AVGO,1H,2025-12-05T19:00:00Z,386.61,387.66,385.88,387.51,40291,1428,386.716702
AVGO,1H,2025-12-05T20:00:00Z,387.48,389.24,385.77,388.05,343956,4039,387.682468
AVGO,1H,2025-12-05T21:00:00Z,388.39,388.39,388.38,388.38,87,4,388.384706
AVGO,1H,2025-12-08T13:00:00Z,399.46,402.73,399.37,402.73,1795,50,400.038326
AVGO,1H,2025-12-08T14:00:00Z,401.05,404.92,395.82,396.33,303559,4681,400.299669
AVGO,1H,2025-12-08T15:00:00Z,396.29,399.78,395.46,395.91,145600,4001,398.068307
AVGO,1H,2025-12-08T16:00:00Z,395.82,399.44,395.29,397.67,163830,3148,397.794905
AVGO,1H,2025-12-08T17:00:00Z,397.61,400.37,396.93,399.31,127576,3780,398.895787
AVGO,1H,2025-12-08T18:00:00Z,399.27,401.26,396.96,397.51,124719,3237,399.394993
AVGO,1H,2025-12-08T19:00:00Z,397.49,397.81,395.85,395.85,60023,2155,397.089537
AVGO,1H,2025-12-08T20:00:00Z,395.88,399.25,395.61,398.82,179348,4986,397.48196
AVGO,1H,2025-12-08T21:00:00Z,399.76,399.79,399.46,399.46,397,10,399.600588
AVGO,1H,2025-12-09T14:00:00Z,395.78,399.33,393.6,396.94,61308,1620,396.548995
AVGO,1H,2025-12-09T15:00:00Z,396.91,400.72,396.52,399.05,72327,1998,398.825682
AVGO,1H,2025-12-09T16:00:00Z,399.02,401.51,399.02,401.42,52624,1766,400.557204
AVGO,1H,2025-12-09T17:00:00Z,401.4,404.62,401.09,403.45,45492,1489,403.330414
AVGO,1H,2025-12-09T18:00:00Z,403.41,403.41,400.42,400.43,59491,1792,402.047128
AVGO,1H,2025-12-09T19:00:00Z,400.41,402.18,399.19,402.07,40314,1279,400.546467
AVGO,1H,2025-12-09T20:00:00Z,402.12,404.35,401.38,404.16,118244,3658,402.761955
AVGO,1H,2025-12-09T21:00:00Z,404.25,404.25,404.05,404.05,90,4,404.15
AVGO,1H,2025-12-10T14:00:00Z,399.97,403.38,397.67,399.68,63704,1511,400.631221
AVGO,1H,2025-12-10T15:00:00Z,399.32,401.65,398.33,398.62,90049,1908,400.135576
AVGO,1H,2025-12-10T16:00:00Z,398.66,400.61,398.05,400.08,55691,1863,399.725842
AVGO,1H,2025-12-10T17:00:00Z,400.2,403.52,400.02,403.51,35901,1108,401.322128
AVGO,1H,2025-12-10T18:00:00Z,403.44,405.13,403.23,404.35,68184,1599,404.13511
AVGO,1H,2025-12-10T19:00:00Z,404.23,408.91,404.2,408.65,147887,2985,405.983118
AVGO,1H,2025-12-10T20:00:00Z,408.78,412.25,408,410.49,178829,4856,410.261262
AVGO,1H,2025-12-10T21:00:00Z,409.47,409.47,407.79,408.98,889,35,408.309338
AVGO,1H,2025-12-11T13:00:00Z,406.33,406.33,406.33,406.33,140,3,406.33
AVGO,1H,2025-12-11T14:00:00Z,405.93,405.93,393.7,393.94,159449,3457,398.143833
AVGO,1H,2025-12-11T15:00:00Z,393.86,399.86,392.03,395.47,212846,4909,396.392074
AVGO,1H,2025-12-11T16:00:00Z,395.41,397.77,393.58,397.03,127908,2264,395.32431
AVGO,1H,2025-12-11T17:00:00Z,397.02,402.52,396.86,401.22,117371,2535,400.133154
AVGO,1H,2025-12-11T18:00:00Z,401.4,404.14,400.85,402.5,107400,2121,402.521514
AVGO,1H,2025-12-11T19:00:00Z,402.44,406.15,402.37,405.05,107346,2369,405.023047
AVGO,1H,2025-12-11T20:00:00Z,405.05,406.78,403.11,404.72,262016,5388,404.806446
AVGO,1H,2025-12-11T21:00:00Z,404.11,420.08,404.11,416.77,11729,352,415.624113
AVGO,1H,2025-12-12T13:00:00Z,381.42,381.42,381.42,381.42,40,1,381.42
AVGO,1H,2025-12-12T14:00:00Z,382.35,383.68,366.45,368.43,584381,10426,370.858444
AVGO,1H,2025-12-12T15:00:00Z,368.18,368.91,359.15,360.38,415931,8939,364.161941
AVGO,1H,2025-12-12T16:00:00Z,360.2,362.45,357.02,359.01,329370,8301,359.429362
AVGO,1H,2025-12-12T17:00:00Z,359.01,363.36,359.01,360.64,210819,5369,361.292613
AVGO,1H,2025-12-12T18:00:00Z,360.68,363.87,358.86,359.12,181586,5204,361.442214
AVGO,1H,2025-12-12T19:00:00Z,359.15,359.62,356.62,356.78,175595,4970,357.852829
AVGO,1H,2025-12-12T20:00:00Z,356.79,358.54,353.19,358.03,465663,11681,355.962369
AVGO,1H,2025-12-15T13:00:00Z,360.08,360.51,358.69,358.69,584,15,359.824346
AVGO,1H,2025-12-15T14:00:00Z,359.68,359.73,347.94,348.71,249317,5051,352.967388
AVGO,1H,2025-12-15T15:00:00Z,348.75,348.75,341.1,341.95,276670,6396,344.230483
AVGO,1H,2025-12-15T16:00:00Z,341.72,344.9,340.71,341.79,170876,5072,342.839836
AVGO,1H,2025-12-15T17:00:00Z,341.81,342.2,338.97,339.39,157430,4374,340.682392
AVGO,1H,2025-12-15T18:00:00Z,339.18,341.06,337.2,340.48,161374,4643,338.680739
AVGO,1H,2025-12-15T19:00:00Z,340.47,341.15,337.9,338.04,142855,4043,338.957051
AVGO,1H,2025-12-15T20:00:00Z,338.01,339.76,335.66,338,322015,8432,337.915642
AVGO,1H,2025-12-16T13:00:00Z,336.12,338.41,336.12,338.33,697,19,337.742623
AVGO,1H,2025-12-16T14:00:00Z,333.76,345.51,333.24,340.73,200802,4242,341.471501
AVGO,1H,2025-12-16T15:00:00Z,340.85,341.67,334.42,339.68,200748,5116,337.356654
AVGO,1H,2025-12-16T16:00:00Z,339.67,340.48,334.85,339.25,152554,3877,337.462479
AVGO,1H,2025-12-16T17:00:00Z,339.3,340.15,336.8,336.93,113279,3226,338.143131
AVGO,1H,2025-12-16T18:00:00Z,336.91,339.31,336.33,338.39,118284,3092,337.816747
AVGO,1H,2025-12-16T19:00:00Z,338.39,341.38,337.03,340.72,247122,4744,339.277154
AVGO,1H,2025-12-16T20:00:00Z,340.74,343.1,339.06,339.14,425969,8012,341.007326
AVGO,1H,2025-12-16T21:00:00Z,338.46,339.15,338.46,339.15,425,9,338.71
AVGO,1H,2025-12-17T13:00:00Z,342.41,342.65,342.41,342.64,195,5,342.584242
AVGO,1H,2025-12-17T14:00:00Z,344.31,344.31,330.32,333.92,234688,5358,334.776508
AVGO,1H,2025-12-17T15:00:00Z,333.95,334.44,320.56,321.13,370373,8470,327.646234
AVGO,1H,2025-12-17T16:00:00Z,321.02,324.37,321.02,322.65,299985,7306,322.405551
AVGO,1H,2025-12-17T17:00:00Z,322.55,323.26,319.97,321.08,233703,5973,321.531401
AVGO,1H,2025-12-17T18:00:00Z,321.09,322.22,319.64,321.72,182641,4905,320.799557
AVGO,1H,2025-12-17T19:00:00Z,321.71,325.29,321.44,324.54,278540,7078,322.923228
AVGO,1H,2025-12-17T20:00:00Z,324.64,327.12,323.47,324.29,466062,11863,325.091968
AVGO,1H,2025-12-17T21:00:00Z,324.11,324.11,324.11,324.11,40,1,324.11
AVGO,1H,2025-12-18T13:00:00Z,330.51,332.77,330.51,332.7,805,42,331.989508
AVGO,1H,2025-12-18T14:00:00Z,333.47,334.15,325.31,326.81,188933,3645,328.308368
AVGO,1H,2025-12-18T15:00:00Z,326.8,326.88,321.94,324.54,303752,5658,324.734301
AVGO,1H,2025-12-18T16:00:00Z,324.47,327.13,323.51,326.85,200846,3557,325.309472
AVGO,1H,2025-12-18T17:00:00Z,326.81,327.67,323.35,327.46,164493,3424,325.610639
AVGO,1H,2025-12-18T18:00:00Z,327.54,329.86,327.24,327.9,103800,2514,328.369803
AVGO,1H,2025-12-18T19:00:00Z,327.89,328.72,325.21,325.22,123907,2741,326.950713
AVGO,1H,2025-12-18T20:00:00Z,325.27,329.82,324.94,327.94,206362,5040,328.37614
AVGO,1H,2025-12-18T21:00:00Z,327.5,327.5,327.22,327.22,270,13,327.283636
AVGO,1H,2025-12-19T14:00:00Z,331.41,338.66,331.12,337.43,122110,2797,335.41013
AVGO,1H,2025-12-19T15:00:00Z,337.35,338.45,332.4,332.88,179786,4501,335.23548
AVGO,1H,2025-12-19T16:00:00Z,332.78,333.94,330.77,331.91,159033,4179,332.653291
AVGO,1H,2025-12-19T17:00:00Z,331.85,335.96,331.76,335.71,174912,4756,333.701786
AVGO,1H,2025-12-19T18:00:00Z,335.76,336.57,333.98,334.62,173119,3578,335.203332
AVGO,1H,2025-12-19T19:00:00Z,334.59,335.25,333.52,334.23,170573,4007,334.348497
AVGO,1H,2025-12-19T20:00:00Z,334.14,339.49,332.89,338.46,542163,9670,336.602158
AVGO,1H,2025-12-22T13:00:00Z,343.89,343.89,343.89,343.89,115,2,343.89
AVGO,1H,2025-12-22T14:00:00Z,344.79,344.79,336.05,341.24,122961,2688,339.996739
AVGO,1H,2025-12-22T15:00:00Z,341.24,341.24,337.67,337.85,55335,1786,339.191991
AVGO,1H,2025-12-22T16:00:00Z,337.88,340,337.09,339.49,41513,1519,338.794101
AVGO,1H,2025-12-22T17:00:00Z,339.44,339.82,338.02,339.74,33446,1094,338.782396
AVGO,1H,2025-12-22T18:00:00Z,339.81,340.47,339.73,340.09,31481,1124,340.061493
AVGO,1H,2025-12-22T19:00:00Z,340.09,343.45,340.09,342.25,65303,1927,342.260559
AVGO,1H,2025-12-22T20:00:00Z,342.25,342.7,340.19,340.19,112928,3566,341.314869
AVGO,1H,2025-12-23T13:00:00Z,337.97,337.97,337.86,337.86,140,2,337.891429
AVGO,1H,2025-12-23T14:00:00Z,338.24,341.6,338.24,339.19,45098,1182,340.088868
AVGO,1H,2025-12-23T15:00:00Z,339.18,343.1,337.35,342.31,42327,1225,339.712446
AVGO,1H,2025-12-23T16:00:00Z,342.01,345.89,341.82,345.51,67937,1604,343.603068
AVGO,1H,2025-12-23T17:00:00Z,345.53,348.22,344.91,347.68,49094,1362,346.748553
AVGO,1H,2025-12-23T18:00:00Z,347.6,348.82,346.19,347.95,63038,1526,347.823991
AVGO,1H,2025-12-23T19:00:00Z,347.64,348.67,346.99,347.1,49727,1136,348.058428
AVGO,1H,2025-12-23T20:00:00Z,347.05,348.13,346.34,347.96,119371,3138,347.482227
AVGO,1H,2025-12-23T21:00:00Z,347.84,348.01,347.53,348.01,445,10,347.686512
AVGO,1H,2025-12-24T13:00:00Z,349.78,349.78,349.78,349.78,130,3,349.78
AVGO,1H,2025-12-24T14:00:00Z,349.52,351.04,345.98,350.72,54497,1310,348.540467
AVGO,1H,2025-12-24T15:00:00Z,350.79,351.53,348.18,348.89,54362,1636,349.657663
AVGO,1H,2025-12-24T16:00:00Z,348.69,350.28,348.67,349.44,44572,1307,349.450897
AVGO,1H,2025-12-24T17:00:00Z,349.47,350.4,347.86,348.78,69003,1853,349.076432
AVGO,1H,2025-12-26T14:00:00Z,350.56,350.56,346.51,347.95,37665,1090,348.128707
AVGO,1H,2025-12-26T15:00:00Z,347.89,351.65,347.17,351.35,39572,1124,349.975401
AVGO,1H,2025-12-26T16:00:00Z,351.61,351.61,350.39,350.83,23620,921,350.939473
AVGO,1H,2025-12-26T17:00:00Z,350.85,350.86,349.08,349.7,22594,850,349.908462
AVGO,1H,2025-12-26T18:00:00Z,349.61,350.98,349.55,350.72,34125,1093,350.249493
AVGO,1H,2025-12-26T19:00:00Z,350.74,351.8,350.63,351.58,37286,1329,351.310626
AVGO,1H,2025-12-26T20:00:00Z,351.59,351.9,350.38,350.92,71418,2461,350.999297
AVGO,1H,2025-12-29T13:00:00Z,346.12,346.6,346.12,346.6,390,8,346.493333
AVGO,1H,2025-12-29T14:00:00Z,346.67,348.8,343.54,345.78,65600,1456,347.056928
AVGO,1H,2025-12-29T15:00:00Z,345.78,348.56,344.77,347.08,75455,1651,346.853158
AVGO,1H,2025-12-29T16:00:00Z,347.17,348.84,346.45,348.23,40117,1135,347.819159
AVGO,1H,2025-12-29T17:00:00Z,348.19,348.29,346.79,347.56,28210,821,347.460812
AVGO,1H,2025-12-29T18:00:00Z,347.37,348.87,347.25,347.96,21148,708,347.965434
AVGO,1H,2025-12-29T19:00:00Z,348.06,349.03,347.66,348.85,36031,1140,348.394467
AVGO,1H,2025-12-29T20:00:00Z,348.81,348.99,346.53,348.13,76820,2140,348.067512
AVGO,1H,2025-12-30T14:00:00Z,348.69,350.16,348.04,349.63,47228,1264,348.97375
AVGO,1H,2025-12-30T15:00:00Z,349.68,350.08,348.58,349.77,38040,1099,349.244667
AVGO,1H,2025-12-30T16:00:00Z,349.67,351.38,349.14,349.44,44011,1390,350.018927
AVGO,1H,2025-12-30T17:00:00Z,349.42,349.89,349.01,349.7,27576,1015,349.457884
AVGO,1H,2025-12-30T18:00:00Z,349.62,350.2,348.79,349.47,26417,1118,349.477701
AVGO,1H,2025-12-30T19:00:00Z,349.44,350.6,348.9,349.14,68756,1770,349.608457
AVGO,1H,2025-12-30T20:00:00Z,349.11,349.57,348.41,348.63,87478,2501,348.9302
AVGO,1H,2025-12-30T21:00:00Z,348.57,348.57,348.57,348.57,48,3,348.57
AVGO,1H,2025-12-31T13:00:00Z,349.22,349.22,349.22,349.22,88,6,349.22
AVGO,1H,2025-12-31T14:00:00Z,349,349.1,344.48,344.9,44649,1335,346.46881
AVGO,1H,2025-12-31T15:00:00Z,344.84,346.15,344.17,345.71,70764,1876,345.269324
AVGO,1H,2025-12-31T16:00:00Z,345.86,346.63,345.74,346.22,43538,1281,346.112851
AVGO,1H,2025-12-31T17:00:00Z,346.23,346.71,345.6,346.66,23508,872,346.237824
AVGO,1H,2025-12-31T18:00:00Z,346.69,347.59,346.44,347.4,25095,821,347.087813
AVGO,1H,2025-12-31T19:00:00Z,347.42,348.17,345.81,346.69,27389,927,347.102944
AVGO,1H,2025-12-31T20:00:00Z,346.71,346.71,344.73,344.95,87956,2579,345.629052
AVGO,1H,2026-01-02T14:00:00Z,351.53,359.26,350.6,356.57,124272,2484,355.737419
AVGO,1H,2026-01-02T15:00:00Z,356.78,358.59,349.54,349.9,133205,2761,355.358725
AVGO,1H,2026-01-02T16:00:00Z,349.89,350.23,346.22,346.96,75589,2001,348.594161
AVGO,1H,2026-01-02T17:00:00Z,346.94,347.41,345.56,345.72,78348,1984,346.708823
AVGO,1H,2026-01-02T18:00:00Z,345.68,346.57,344.3,345.08,46842,1163,345.643351
AVGO,1H,2026-01-02T19:00:00Z,345.18,347.38,345.01,345.33,66707,1587,346.180372
AVGO,1H,2026-01-02T20:00:00Z,345.3,347.28,344.94,346.25,115808,2926,345.868076
AVGO,1H,2026-01-05T14:00:00Z,353.8,353.8,335.28,340.05,201661,4432,339.707993
AVGO,1H,2026-01-05T15:00:00Z,340.38,344.35,338.78,341.58,129918,2802,341.450043
AVGO,1H,2026-01-05T16:00:00Z,341.67,342.57,338.45,338.95,102948,2882,340.658942
AVGO,1H,2026-01-05T17:00:00Z,338.98,340.1,337.26,339.5,62263,2030,338.647622
AVGO,1H,2026-01-05T18:00:00Z,339.53,341.06,338.62,339.78,64644,2400,340.022248
AVGO,1H,2026-01-05T19:00:00Z,339.81,341.43,339.11,341.13,46377,1547,339.919544
AVGO,1H,2026-01-05T20:00:00Z,341.17,342.81,340.37,342.12,118842,3324,341.959101
AVGO,1H,2026-01-05T21:00:00Z,341.86,341.86,341.86,341.86,46,3,341.86
AVGO,1H,2026-01-06T13:00:00Z,341.6,341.6,341.6,341.6,56,1,341.6
AVGO,1H,2026-01-06T14:00:00Z,341.66,343.47,336.77,343.24,126863,2761,340.517086
AVGO,1H,2026-01-06T15:00:00Z,343.25,344.03,341.23,341.82,84152,2366,342.906804
AVGO,1H,2026-01-06T16:00:00Z,341.41,347.13,341.27,346.24,113887,2663,344.920838
AVGO,1H,2026-01-06T17:00:00Z,346.29,346.41,344.74,345.89,64339,2319,345.60941
AVGO,1H,2026-01-06T18:00:00Z,345.67,347.32,345.21,346.81,57435,1901,346.27728
AVGO,1H,2026-01-06T19:00:00Z,346.83,347.74,345.83,346.04,46303,1769,346.892929
AVGO,1H,2026-01-06T20:00:00Z,346.08,346.27,342.07,342.38,95908,3075,343.17257
AVGO,1H,2026-01-06T21:00:00Z,342.57,342.57,342.57,342.57,61,3,342.57
AVGO,1H,2026-01-07T14:00:00Z,341.06,341.49,334.69,339.76,84612,1555,338.423166
AVGO,1H,2026-01-07T15:00:00Z,339.99,347.13,339.54,345.52,68548,1796,344.108968
AVGO,1H,2026-01-07T16:00:00Z,345.36,348.4,345.04,347.53,47351,1212,346.548133
AVGO,1H,2026-01-07T17:00:00Z,347.45,347.45,345.11,345.53,79806,1370,346.022351
AVGO,1H,2026-01-07T18:00:00Z,345.56,345.86,344.58,345.42,185066,2591,345.198658
AVGO,1H,2026-01-07T19:00:00Z,345.62,346.37,343.65,343.65,124618,2020,345.127661
AVGO,1H,2026-01-07T20:00:00Z,343.66,344.09,342.27,342.31,132787,3188,343.362545
AVGO,1H,2026-01-07T21:00:00Z,341.76,341.76,341.23,341.23,198,5,341.407368
AVGO,1H,2026-01-08T14:00:00Z,340.69,342.16,331.74,331.74,80379,1496,335.539589
AVGO,1H,2026-01-08T15:00:00Z,331.73,333.47,330.2,332.46,138763,2030,332.069896
AVGO,1H,2026-01-08T16:00:00Z,332.52,332.62,329.56,330.8,56274,1499,331.304643
AVGO,1H,2026-01-08T17:00:00Z,330.77,332,330.26,330.55,51370,1655,330.942265
AVGO,1H,2026-01-08T18:00:00Z,330.31,331.79,329.74,329.76,42604,1352,330.885705
AVGO,1H,2026-01-08T19:00:00Z,329.76,330.3,329.29,329.91,72741,1584,329.799929
AVGO,1H,2026-01-08T20:00:00Z,329.84,332.11,329.4,331.32,118762,3279,330.963591
AVGO,1H,2026-01-08T21:00:00Z,331.07,331.12,331.07,331.12,214,5,331.09
AVGO,1H,2026-01-09T13:00:00Z,335.86,336.14,334.44,336.14,616,21,335.603436
AVGO,1H,2026-01-09T14:00:00Z,336.31,337.72,332.47,336.9,115417,1861,335.964564
AVGO,1H,2026-01-09T15:00:00Z,336.88,342.16,335.02,342.16,162011,2891,339.526845
AVGO,1H,2026-01-09T16:00:00Z,342.25,344.72,342.22,342.98,121266,2456,343.65544
AVGO,1H,2026-01-09T17:00:00Z,343.05,343.82,342.19,343.63,65933,1977,343.023286
AVGO,1H,2026-01-09T18:00:00Z,343.64,344.33,342.9,343.65,79123,2076,343.75547
AVGO,1H,2026-01-09T19:00:00Z,343.59,345.52,343.45,345.35,76662,2011,344.657786
AVGO,1H,2026-01-09T20:00:00Z,345.34,346.05,343.47,343.64,130330,4212,344.397607
AVGO,1H,2026-01-12T13:00:00Z,339.09,339.09,339.09,339.09,80,3,339.09
AVGO,1H,2026-01-12T14:00:00Z,339.81,350.83,339.81,349.32,76606,1863,348.749853
AVGO,1H,2026-01-12T15:00:00Z,349.4,350.21,345.89,348.67,88849,2262,347.910036
AVGO,1H,2026-01-12T16:00:00Z,348.62,349.53,347.74,349.4,53377,1465,348.765091
AVGO,1H,2026-01-12T17:00:00Z,349.2,349.6,348.32,349.05,33951,1037,348.923268
AVGO,1H,2026-01-12T18:00:00Z,349.11,350.79,349.11,350.56,29677,932,350.030117
AVGO,1H,2026-01-12T19:00:00Z,350.51,352.57,350.08,352.23,39543,1378,351.66483
AVGO,1H,2026-01-12T20:00:00Z,352.1,352.42,350.82,350.89,109214,3100,351.656728
AVGO,1H,2026-01-12T21:00:00Z,350.81,351.06,350.81,351.06,202,7,350.934737
AVGO,1H,2026-01-13T13:00:00Z,350.01,352.91,350.01,352.91,190,6,350.909231
AVGO,1H,2026-01-13T14:00:00Z,351.59,353.7,349.87,352.79,78078,1115,352.239752
AVGO,1H,2026-01-13T15:00:00Z,352.7,356.63,351.56,356.11,82834,1665,353.149488
AVGO,1H,2026-01-13T16:00:00Z,355.95,357.82,354.31,357.33,69773,1365,355.832849
AVGO,1H,2026-01-13T17:00:00Z,357.28,358.13,354.53,354.8,43505,1262,356.629642
AVGO,1H,2026-01-13T18:00:00Z,354.83,357.06,354.33,354.63,31144,910,355.584207
AVGO,1H,2026-01-13T19:00:00Z,354.65,356.1,354.57,355.55,31899,880,355.343794
AVGO,1H,2026-01-13T20:00:00Z,355.41,355.56,352.65,353.33,99075,3528,353.602713
AVGO,1H,2026-01-13T21:00:00Z,352.79,352.79,352.71,352.71,302,7,352.735862
AVGO,1H,2026-01-14T14:00:00Z,346.77,349.33,340.04,340.31,92657,2421,344.375574
AVGO,1H,2026-01-14T15:00:00Z,339.94,340.49,335.44,337.15,139341,3174,338.006656
AVGO,1H,2026-01-14T16:00:00Z,337.1,338.2,333.26,334.59,127966,3506,334.96262
AVGO,1H,2026-01-14T17:00:00Z,334.52,336.28,334.26,335.06,72225,1816,335.181775
AVGO,1H,2026-01-14T18:00:00Z,334.87,337.16,333.6,336.9,62013,2022,335.338621
AVGO,1H,2026-01-14T19:00:00Z,336.83,338.14,335.26,335.54,71983,2018,337.07761
AVGO,1H,2026-01-14T20:00:00Z,335.54,339.35,334.92,338.56,194497,4942,338.307255
AVGO,1H,2026-01-14T21:00:00Z,337.31,337.31,337.31,337.31,53,2,337.31
AVGO,1H,2026-01-15T13:00:00Z,346.7,348.19,346.7,347.95,1121,34,347.316107
AVGO,1H,2026-01-15T14:00:00Z,348.16,348.16,342.74,345.29,93824,1834,344.762622
AVGO,1H,2026-01-15T15:00:00Z,345.29,348.35,344.92,346.41,91673,2091,346.419913
AVGO,1H,2026-01-15T16:00:00Z,346.38,346.99,345.31,346.1,49357,1281,346.135364
AVGO,1H,2026-01-15T17:00:00Z,346.27,347.3,345.63,345.87,30945,912,346.185489
AVGO,1H,2026-01-15T18:00:00Z,345.96,346.19,342.78,343.78,57514,1344,344.648831
AVGO,1H,2026-01-15T19:00:00Z,343.39,343.83,341.56,341.78,105745,1716,342.58042
AVGO,1H,2026-01-15T20:00:00Z,341.76,343.38,340.42,341.82,210492,3441,341.864974
AVGO,1H,2026-01-16T14:00:00Z,344.78,351.76,342.83,347.48,68275,1439,348.568127
AVGO,1H,2026-01-16T15:00:00Z,347.55,348.31,343.48,346.4,52434,1292,345.565246
AVGO,1H,2026-01-16T16:00:00Z,346.32,346.79,345.31,345.94,43837,1332,346.40701
AVGO,1H,2026-01-16T17:00:00Z,345.73,346.28,343.23,343.23,38343,985,345.015721
AVGO,1H,2026-01-16T18:00:00Z,343.3,345.86,343.13,345.68,25672,832,344.224655
AVGO,1H,2026-01-16T19:00:00Z,345.75,348.65,345.17,347.65,54208,1348,346.350654
AVGO,1H,2026-01-16T20:00:00Z,347.53,353.12,347.45,350.43,269943,5550,350.687249
AVGO,1H,2026-01-20T13:00:00Z,342.65,342.65,342.05,342.05,476,17,342.47381
AVGO,1H,2026-01-20T14:00:00Z,341.42,344.09,336.8,340.1,153525,3183,339.964145
AVGO,1H,2026-01-20T15:00:00Z,339.67,341.79,338.54,339.72,135691,2495,339.828998
AVGO,1H,2026-01-20T16:00:00Z,339.78,340.25,334.82,335.79,160660,3353,336.882648
AVGO,1H,2026-01-20T17:00:00Z,335.52,335.81,332.69,333.66,139125,2334,334.057152
AVGO,1H,2026-01-20T18:00:00Z,333.79,333.8,331.51,333.19,117514,2592,332.702186
AVGO,1H,2026-01-20T19:00:00Z,333.26,334.73,332.49,333.61,81177,2010,333.471495
AVGO,1H,2026-01-20T20:00:00Z,333.61,333.7,330.59,331.54,271433,6160,331.591197
AVGO,1H,2026-01-20T21:00:00Z,332.83,332.89,332.13,332.21,480,7,332.496667
AVGO,1H,2026-01-21T13:00:00Z,332.4,332.4,332.4,332.4,150,6,332.4
AVGO,1H,2026-01-21T14:00:00Z,335.57,336.04,328.29,332.66,96979,2135,330.541521
AVGO,1H,2026-01-21T15:00:00Z,332.6,333.31,329.39,329.76,217554,4289,330.432363
AVGO,1H,2026-01-21T16:00:00Z,329.63,330.24,324.12,324.12,137252,3640,327.640973
AVGO,1H,2026-01-21T17:00:00Z,324.05,324.58,323.06,324.45,89400,2862,323.972061
AVGO,1H,2026-01-21T18:00:00Z,324.4,326.54,323.15,326.32,68490,2240,325.323843
AVGO,1H,2026-01-21T19:00:00Z,326.3,331.66,325.55,330.99,388024,6130,329.597809
AVGO,1H,2026-01-21T20:00:00Z,330.99,331.13,326.13,327.59,195561,5191,328.111397
AVGO,1H,2026-01-21T21:00:00Z,327.7,328.49,327.7,328.49,393,15,328.165806
AVGO,1H,2026-01-22T13:00:00Z,333.28,333.28,333.28,333.28,195,4,333.28
AVGO,1H,2026-01-22T14:00:00Z,333.63,335.66,328.79,330.05,126768,2417,331.779487
AVGO,1H,2026-01-22T15:00:00Z,330.08,330.08,327.49,328.71,124112,2502,328.646352
AVGO,1H,2026-01-22T16:00:00Z,328.67,329.9,328.66,329.49,117620,2815,329.23673
AVGO,1H,2026-01-22T17:00:00Z,329.49,329.52,327.86,328.04,69679,1736,328.679229
AVGO,1H,2026-01-22T18:00:00Z,328.04,328.66,326.42,327.12,82648,2078,327.743604
AVGO,1H,2026-01-22T19:00:00Z,327.12,327.35,324.91,325.08,108697,2663,325.98653
AVGO,1H,2026-01-22T20:00:00Z,325.06,325.47,323.71,324.32,204567,4641,324.327414
AVGO,1H,2026-01-23T14:00:00Z,317.38,320.62,312.99,314.2,269280,4556,315.257141
AVGO,1H,2026-01-23T15:00:00Z,314.27,320.21,314.15,319.11,247386,5788,316.281533
AVGO,1H,2026-01-23T16:00:00Z,319.13,320.73,318.53,318.79,174701,4325,319.543895
AVGO,1H,2026-01-23T17:00:00Z,318.39,320.27,316.85,317.14,88428,2872,318.400322
AVGO,1H,2026-01-23T18:00:00Z,317.05,319.62,316.93,317.91,68214,2158,318.176465
AVGO,1H,2026-01-23T19:00:00Z,317.93,319.44,317.88,317.99,71417,2245,318.565183
AVGO,1H,2026-01-23T20:00:00Z,317.95,319.11,316.98,318.85,177647,4534,318.311691
AVGO,1H,2026-01-26T13:00:00Z,317.52,317.52,316.68,316.68,349,10,317.28913
AVGO,1H,2026-01-26T14:00:00Z,318.78,326.77,316.44,324.03,134426,3059,322.655699
AVGO,1H,2026-01-26T15:00:00Z,323.93,324.66,320.46,324.53,107569,2478,321.927598
AVGO,1H,2026-01-26T16:00:00Z,324.49,326.14,322.32,325.67,81043,2148,324.052153
AVGO,1H,2026-01-26T17:00:00Z,325.63,327.39,325.48,325.85,66851,2048,326.19845
AVGO,1H,2026-01-26T18:00:00Z,325.76,327.41,324.74,327.15,46617,1420,326.366534
AVGO,1H,2026-01-26T19:00:00Z,327.14,327.26,325.34,325.54,46986,1283,326.345866
AVGO,1H,2026-01-26T20:00:00Z,325.61,325.78,323.35,323.71,78504,2637,324.634612
AVGO,1H,2026-01-26T21:00:00Z,323.31,323.54,323.31,323.54,100,3,323.425
AVGO,1H,2026-01-27T13:00:00Z,327.59,328.48,327.59,328.48,644,30,328.093404
AVGO,1H,2026-01-27T14:00:00Z,329.01,329.88,325.88,329.72,122863,2257,327.785187
AVGO,1H,2026-01-27T15:00:00Z,329.72,330.89,326.64,329.59,88435,2247,328.681307
AVGO,1H,2026-01-27T16:00:00Z,329.57,332.37,329.54,330.27,86598,1502,330.8696
AVGO,1H,2026-01-27T17:00:00Z,330.33,333.53,330.33,331.62,71353,1498,332.482119
AVGO,1H,2026-01-27T18:00:00Z,331.71,332.32,330.16,332.19,78675,1648,331.286913
AVGO,1H,2026-01-27T19:00:00Z,332.09,332.12,330.54,330.83,33050,1011,331.006252
AVGO,1H,2026-01-27T20:00:00Z,330.81,331.68,330.12,331.54,180125,2915,330.821809
AVGO,1H,2026-01-27T21:00:00Z,331.49,332.36,331.49,332.36,241,10,331.925
AVGO,1H,2026-01-28T13:00:00Z,336.11,336.11,336.11,336.11,120,5,336.11
AVGO,1H,2026-01-28T14:00:00Z,335.78,338.68,330.75,331.22,86413,1615,334.189842
AVGO,1H,2026-01-28T15:00:00Z,331.29,331.29,327.66,328.69,99292,2252,329.042895
AVGO,1H,2026-01-28T16:00:00Z,328.82,329.35,325.55,325.67,78547,1924,327.163397
AVGO,1H,2026-01-28T17:00:00Z,325.62,329.91,325.54,329.79,76215,1649,327.83494
AVGO,1H,2026-01-28T18:00:00Z,329.84,330.31,329.02,329.62,74667,1381,329.663521
AVGO,1H,2026-01-28T19:00:00Z,329.51,331.34,326.92,330.28,67075,1563,329.428947
AVGO,1H,2026-01-28T20:00:00Z,330.2,332.72,330.2,332.07,144721,3495,331.622337
AVGO,1H,2026-01-28T21:00:00Z,332.05,333.61,331.35,333.31,532,25,332.669314
AVGO,1H,2026-01-29T14:00:00Z,331.59,334.72,329.79,331.11,75822,1501,332.635764
AVGO,1H,2026-01-29T15:00:00Z,331.08,331.17,319.46,319.46,94039,2058,324.276878
AVGO,1H,2026-01-29T16:00:00Z,319.47,324.57,319.14,324,89017,2109,322.681164
AVGO,1H,2026-01-29T17:00:00Z,323.98,329.08,323.98,326.7,49096,1183,327.180027
AVGO,1H,2026-01-29T18:00:00Z,327.02,329.62,327.02,328.83,69336,1543,328.680964
AVGO,1H,2026-01-29T19:00:00Z,328.95,329.11,326.26,327.75,83689,1783,327.954713
AVGO,1H,2026-01-29T20:00:00Z,327.81,330.31,325.96,329.54,130939,3766,328.383532
AVGO,1H,2026-01-29T21:00:00Z,328.51,328.59,328.51,328.59,145,3,328.5612
AVGO,1H,2026-01-30T13:00:00Z,327.49,327.49,327.49,327.49,85,4,327.49
AVGO,1H,2026-01-30T14:00:00Z,329.46,336.95,329.46,331.82,80384,1835,334.159554
AVGO,1H,2026-01-30T15:00:00Z,331.77,334.6,329.29,333.36,90916,1922,331.89046
AVGO,1H,2026-01-30T16:00:00Z,333.34,335.37,331.41,331.48,109769,2629,333.513135
AVGO,1H,2026-01-30T17:00:00Z,331.48,331.91,328.81,329.75,77491,1574,330.545855
AVGO,1H,2026-01-30T18:00:00Z,329.61,331.72,327.44,331.66,52874,1316,329.184439
AVGO,1H,2026-01-30T19:00:00Z,331.44,331.44,329,329.76,61427,1533,330.218577
AVGO,1H,2026-01-30T20:00:00Z,329.96,330.99,327.2,330.16,152997,3736,328.991838
AVGO,1H,2026-01-30T21:00:00Z,330.2,330.2,330.2,330.2,127,5,330.2
AVGO,1H,2026-02-02T13:00:00Z,326.41,326.41,326.41,326.41,108,2,326.41
AVGO,1H,2026-02-02T14:00:00Z,325.36,334.81,324.84,328.78,56076,1365,328.876216
AVGO,1H,2026-02-02T15:00:00Z,328.94,332.88,328.87,330.16,59368,1509,331.360935
AVGO,1H,2026-02-02T16:00:00Z,330.37,330.91,328.8,329.91,34438,1019,330.034985
AVGO,1H,2026-02-02T17:00:00Z,329.94,334.3,329.81,332.89,42703,1048,332.474031
AVGO,1H,2026-02-02T18:00:00Z,332.82,333.43,331.45,332.26,52601,1151,332.315344
AVGO,1H,2026-02-02T19:00:00Z,332.27,333.01,329.62,329.64,45856,1174,331.662429
AVGO,1H,2026-02-02T20:00:00Z,329.5,330.41,328.41,329.91,110803,2973,329.479779
AVGO,1H,2026-02-02T21:00:00Z,330.7,333.08,330.7,333.08,630,14,331.582131
AVGO,1H,2026-02-03T13:00:00Z,333.46,333.46,333.46,333.46,140,6,333.46
AVGO,1H,2026-02-03T14:00:00Z,332.73,337.63,322.25,322.28,129548,2198,328.22132
AVGO,1H,2026-02-03T15:00:00Z,322.21,322.6,313.88,318.65,327913,5080,317.181876
AVGO,1H,2026-02-03T16:00:00Z,318.51,319.12,313.56,314.48,134163,2997,315.835161
AVGO,1H,2026-02-03T17:00:00Z,314.3,314.38,307.59,309.31,239652,4680,310.353977
AVGO,1H,2026-02-03T18:00:00Z,309.71,311.45,308.17,308.22,115669,2914,309.604623
AVGO,1H,2026-02-03T19:00:00Z,308.09,312.66,307.61,311.95,157714,3217,309.451077
AVGO,1H,2026-02-03T20:00:00Z,312.05,319.55,310.25,319.13,286129,5590,315.578148
AVGO,1H,2026-02-03T21:00:00Z,318.17,318.17,315.57,316.04,1187,39,316.260939
AVGO,1H,2026-02-04T14:00:00Z,318.28,318.28,311.99,313.1,124345,1918,315.019694
AVGO,1H,2026-02-04T15:00:00Z,313,313.31,307.03,307.34,168209,3726,311.01809
AVGO,1H,2026-02-04T16:00:00Z,307.43,308.5,301.28,303.27,233316,4165,305.041321
AVGO,1H,2026-02-04T17:00:00Z,303.37,303.37,294.24,296.5,235554,4137,298.05732
AVGO,1H,2026-02-04T18:00:00Z,296.61,301.01,295.22,300.79,195105,3680,297.655668
AVGO,1H,2026-02-04T19:00:00Z,300.85,307.43,299.97,306.78,318716,4543,303.023852
AVGO,1H,2026-02-04T20:00:00Z,306.82,308.24,305.47,306.72,189339,4972,307.117506
AVGO,1H,2026-02-04T21:00:00Z,306.84,331.78,306.84,326,2060,136,323.246054
AVGO,1H,2026-02-05T13:00:00Z,313.52,315.68,313.52,314.96,2195,31,314.794884
AVGO,1H,2026-02-05T14:00:00Z,311.83,325.19,308.06,316.91,334788,5175,318.778041
AVGO,1H,2026-02-05T15:00:00Z,316.82,318.41,310.95,313.11,307316,4927,314.082191
AVGO,1H,2026-02-05T16:00:00Z,313.08,319.56,310.83,318.5,209188,3760,316.330609
AVGO,1H,2026-02-05T17:00:00Z,318.5,320.69,316.06,319.49,162143,3242,318.623392
AVGO,1H,2026-02-05T18:00:00Z,319.7,320.15,314.5,314.95,131075,2882,316.613607
AVGO,1H,2026-02-05T19:00:00Z,314.86,316.24,311.3,311.92,250377,4340,314.38428
AVGO,1H,2026-02-05T20:00:00Z,311.91,314.14,305.64,309.55,368655,7252,308.518483
AVGO,1H,2026-02-05T21:00:00Z,309.05,309.32,305.02,305.26,986,38,306.864156
AVGO,1H,2026-02-06T13:00:00Z,321.28,321.28,320.63,320.63,230,9,320.913571
AVGO,1H,2026-02-06T14:00:00Z,318.82,326.66,315.22,324.39,204747,3674,321.901019
AVGO,1H,2026-02-06T15:00:00Z,324.44,326.52,320.68,324.36,260061,4313,323.727539
AVGO,1H,2026-02-06T16:00:00Z,324.81,330.31,324.6,329.77,234755,3983,327.989619
AVGO,1H,2026-02-06T17:00:00Z,329.86,333.77,329.59,332.13,180755,3479,331.569479
AVGO,1H,2026-02-06T18:00:00Z,332.19,333.16,331.33,332.04,105537,2398,332.19783
AVGO,1H,2026-02-06T19:00:00Z,332.1,332.48,330.44,331.56,83471,2139,331.473302
AVGO,1H,2026-02-06T20:00:00Z,331.53,333.09,331.19,331.37,269439,6063,332.061874
AVGO,1H,2026-02-06T21:00:00Z,331.2,331.2,331.2,331.2,75,5,331.2
AVGO,1H,2026-02-09T13:00:00Z,329.5,329.5,328.96,328.98,420,16,329.117222
AVGO,1H,2026-02-09T14:00:00Z,330.01,342.24,329.55,335.52,109569,2179,336.75979
AVGO,1H,2026-02-09T15:00:00Z,335.57,341.76,334.22,341.05,153075,2767,339.113045
AVGO,1H,2026-02-09T16:00:00Z,341.05,347.47,340.89,346.16,190029,3723,344.804515
AVGO,1H,2026-02-09T17:00:00Z,346.23,351,346.06,347.63,293700,4653,348.744803
AVGO,1H,2026-02-09T18:00:00Z,347.59,347.97,344.85,345.96,142117,2629,346.359162
AVGO,1H,2026-02-09T19:00:00Z,346.13,347.37,344.99,345.04,67127,2024,346.49043
AVGO,1H,2026-02-09T20:00:00Z,344.99,345.38,342.59,342.6,168337,4538,344.01879
AVGO,1H,2026-02-09T21:00:00Z,343.45,344.52,343.45,344.52,490,9,344.016047
AVGO,1H,2026-02-10T13:00:00Z,345.7,345.7,345.7,345.7,80,3,345.7
AVGO,1H,2026-02-10T14:00:00Z,346.5,347.29,340.89,344.22,84300,1822,343.354072
AVGO,1H,2026-02-10T15:00:00Z,344.08,346.25,342,342.01,63979,1531,344.242395
AVGO,1H,2026-02-10T16:00:00Z,341.97,343.3,339.92,341.14,83591,1837,341.367785
AVGO,1H,2026-02-10T17:00:00Z,341.13,342.81,340.69,341.53,77029,1504,341.600168
AVGO,1H,2026-02-10T18:00:00Z,341.65,342.05,340.37,341.69,29688,995,341.148941
AVGO,1H,2026-02-10T19:00:00Z,341.55,341.79,340.02,341.12,50989,1107,340.825889
AVGO,1H,2026-02-10T20:00:00Z,341.01,341.28,338.61,339.12,109442,2999,339.441547
AVGO,1H,2026-02-10T21:00:00Z,338.51,338.51,338.51,338.51,80,1,338.51
AVGO,1H,2026-02-11T13:00:00Z,342.72,344.19,342.72,344.16,472,25,343.693333
AVGO,1H,2026-02-11T14:00:00Z,344.07,345.53,338.75,339.3,57802,1201,342.059369
AVGO,1H,2026-02-11T15:00:00Z,339.29,339.9,332.58,337.79,74352,1713,335.91309
AVGO,1H,2026-02-11T16:00:00Z,337.94,338.2,335.24,337.1,49784,1064,336.510804
AVGO,1H,2026-02-11T17:00:00Z,337.15,341.15,336.39,340.01,36865,1067,339.30464
AVGO,1H,2026-02-11T18:00:00Z,340.03,342.22,339.01,341.85,39257,1089,340.458065
AVGO,1H,2026-02-11T19:00:00Z,341.83,343.67,340.81,342.19,58591,1619,342.290549
AVGO,1H,2026-02-11T20:00:00Z,342.1,342.58,340.4,341.32,93421,2952,341.480458
AVGO,1H,2026-02-11T21:00:00Z,340.87,340.87,340.81,340.81,233,8,340.833855
AVGO,1H,2026-02-12T13:00:00Z,342.34,343.32,342.34,343.32,170,4,342.666667
AVGO,1H,2026-02-12T14:00:00Z,342.2,344.75,337.04,337.53,79279,1366,341.522481
AVGO,1H,2026-02-12T15:00:00Z,337.8,339.15,335.05,335.37,121441,2279,337.228479
AVGO,1H,2026-02-12T16:00:00Z,335.43,335.9,331.7,334.14,102697,2308,334.010888
AVGO,1H,2026-02-12T17:00:00Z,333.89,334.98,332.24,332.86,43091,1103,333.352269
AVGO,1H,2026-02-12T18:00:00Z,332.73,333.84,331.16,332.49,56512,1544,332.336916
AVGO,1H,2026-02-12T19:00:00Z,332.4,333.49,331.31,331.74,49529,1567,332.640512
AVGO,1H,2026-02-12T20:00:00Z,331.89,332.2,328.39,329.84,106009,3333,329.768348
AVGO,1H,2026-02-13T13:00:00Z,327.75,330.75,327.75,330.54,811,21,329.693721
AVGO,1H,2026-02-13T14:00:00Z,329.69,332.93,325.06,326.85,107258,1869,329.127475
AVGO,1H,2026-02-13T15:00:00Z,327.09,329.63,324.2,327.39,125417,2155,327.213315
AVGO,1H,2026-02-13T16:00:00Z,327.61,328.95,325.84,327.75,119861,2068,327.22213
AVGO,1H,2026-02-13T17:00:00Z,327.44,329.86,327.26,327.85,44037,1055,328.906168
AVGO,1H,2026-02-13T18:00:00Z,328.05,328.54,325.79,326.35,39079,1171,327.137351
AVGO,1H,2026-02-13T19:00:00Z,326.61,326.61,324.9,325.51,28961,1022,325.63724
AVGO,1H,2026-02-13T20:00:00Z,325.54,327.17,323.5,324,115030,3253,324.576696
AVGO,1H,2026-02-17T14:00:00Z,318.7,324.57,315.58,315.69,73508,1760,319.346941
AVGO,1H,2026-02-17T15:00:00Z,315.57,326.68,315.21,326.02,112720,2613,322.213708
AVGO,1H,2026-02-17T16:00:00Z,326.11,331.58,326.11,330.72,70928,1781,329.354795
AVGO,1H,2026-02-17T17:00:00Z,330.71,331.19,327.75,329.26,57487,1468,329.546363
AVGO,1H,2026-02-17T18:00:00Z,329.41,332.3,328.06,331.47,44512,1245,330.524825
AVGO,1H,2026-02-17T19:00:00Z,331.64,334.47,331.06,332.36,73148,1565,332.905342
AVGO,1H,2026-02-17T20:00:00Z,332.37,334,330.73,331.34,123425,3528,332.242661
AVGO,1H,2026-02-17T21:00:00Z,331.77,331.77,326.83,327.57,405,19,328.842483
AVGO,1H,2026-02-18T14:00:00Z,328.52,332.4,326.08,331.56,95838,1157,328.249994
AVGO,1H,2026-02-18T15:00:00Z,331.55,336.51,331.38,336.41,95869,2109,334.095865
AVGO,1H,2026-02-18T16:00:00Z,336.23,336.23,333.91,334.08,54737,1598,335.258425
AVGO,1H,2026-02-18T17:00:00Z,334.09,335.34,333.33,333.78,26312,980,334.181415
AVGO,1H,2026-02-18T18:00:00Z,333.75,334.77,332.98,334.3,28753,1080,334.066962
AVGO,1H,2026-02-18T19:00:00Z,334.08,334.19,329.95,330.26,26563,1009,332.527786
AVGO,1H,2026-02-18T20:00:00Z,330.36,333.45,330.02,332.22,93578,2856,332.021207
AVGO,1H,2026-02-19T13:00:00Z,329.5,329.5,329.5,329.5,60,2,329.5
AVGO,1H,2026-02-19T14:00:00Z,331.38,335.11,328.63,334.76,51573,1431,331.479819
AVGO,1H,2026-02-19T15:00:00Z,334.63,336.86,332.74,336.22,85548,1588,335.307832
AVGO,1H,2026-02-19T16:00:00Z,336.27,337.2,333.23,333.87,73471,1418,335.525129
AVGO,1H,2026-02-19T17:00:00Z,333.43,335.82,332.95,333.69,28636,644,334.485026
AVGO,1H,2026-02-19T18:00:00Z,333.67,335.13,332.2,332.73,40884,827,333.742636
AVGO,1H,2026-02-19T19:00:00Z,332.61,333.19,331.11,331.46,57835,1285,332.03322
AVGO,1H,2026-02-19T20:00:00Z,331.39,333.09,329.32,332.75,188143,3774,331.180995
AVGO,1H,2026-02-20T13:00:00Z,330.27,330.27,330.27,330.27,90,3,330.27
AVGO,1H,2026-02-20T14:00:00Z,330.99,338.08,328.84,335.6,44011,1104,333.990929
AVGO,1H,2026-02-20T15:00:00Z,335.61,338.79,331.06,336.81,81816,1891,334.186918
AVGO,1H,2026-02-20T16:00:00Z,336.78,337.14,332.77,334.37,147051,2251,335.188992
AVGO,1H,2026-02-20T17:00:00Z,334.43,334.45,330.34,333.55,40853,1124,332.663747
AVGO,1H,2026-02-20T18:00:00Z,333.73,334.06,330.97,332.69,34721,1004,332.807983
AVGO,1H,2026-02-20T19:00:00Z,332.61,333.5,331.15,331.26,40136,1097,332.083465
AVGO,1H,2026-02-20T20:00:00Z,331.21,332.31,329.98,331.39,90270,2880,331.207183
AVGO,1H,2026-02-23T13:00:00Z,328.98,328.98,328.98,328.98,44,2,328.98
AVGO,1H,2026-02-23T14:00:00Z,331,337.25,330.67,335.53,66198,1364,334.606572
AVGO,1H,2026-02-23T15:00:00Z,335.38,336.39,329.87,329.95,51919,1327,333.764457
AVGO,1H,2026-02-23T16:00:00Z,329.95,332.5,329.33,330.28,32399,1004,330.678421
AVGO,1H,2026-02-23T17:00:00Z,330.21,330.97,328.28,328.92,23154,656,329.814222
AVGO,1H,2026-02-23T18:00:00Z,328.89,330.83,327.18,327.27,29786,822,329.1028
AVGO,1H,2026-02-23T19:00:00Z,327.32,327.35,324.17,325.08,71022,1561,325.55317
AVGO,1H,2026-02-23T20:00:00Z,325.08,329.18,325.08,329.17,66700,2428,327.568452
AVGO,1H,2026-02-24T13:00:00Z,324,324.68,324,324.68,310,9,324.409231
AVGO,1H,2026-02-24T14:00:00Z,323.47,323.47,313.34,319.98,161681,2584,319.222322
AVGO,1H,2026-02-24T15:00:00Z,319.98,325.98,319.1,322.54,80469,1846,323.147344
AVGO,1H,2026-02-24T16:00:00Z,322.92,326.25,322.81,325.66,62479,1425,324.118574
AVGO,1H,2026-02-24T17:00:00Z,325.68,327.05,325.43,325.43,36780,920,326.420894
AVGO,1H,2026-02-24T18:00:00Z,325.14,325.71,322.06,323.61,50025,1135,323.360096
AVGO,1H,2026-02-24T19:00:00Z,323.61,324.19,322.61,322.9,35168,1019,323.273128
AVGO,1H,2026-02-24T20:00:00Z,322.72,324.41,320.86,324.25,82647,2690,323.272213
AVGO,1H,2026-02-24T21:00:00Z,324.25,324.25,323.65,323.65,220,10,324.011613
AVGO,1H,2026-02-25T14:00:00Z,329.53,334.59,329.41,333.99,111355,1003,332.568959
AVGO,1H,2026-02-25T15:00:00Z,334.04,334.28,328.99,330.07,147281,1968,331.16829
AVGO,1H,2026-02-25T16:00:00Z,330.08,330.63,328.1,329.79,100398,1927,329.549859
AVGO,1H,2026-02-25T17:00:00Z,329.82,331.36,329.64,331.07,48734,1270,330.558607
AVGO,1H,2026-02-25T18:00:00Z,331.06,333.36,330.45,333.16,51581,1272,331.955266
AVGO,1H,2026-02-25T19:00:00Z,333.22,334.59,332.22,332.5,79074,1832,333.450624
AVGO,1H,2026-02-25T20:00:00Z,332.4,333.39,329.82,331.15,172143,4264,331.264137
AVGO,1H,2026-02-25T21:00:00Z,334.07,334.07,332.83,332.83,1066,27,333.421763
AVGO,1H,2026-02-26T14:00:00Z,325.35,325.35,314.68,315.24,232053,3860,319.187294
AVGO,1H,2026-02-26T15:00:00Z,315.17,316.32,306.87,308.57,190818,3791,310.392025
AVGO,1H,2026-02-26T16:00:00Z,309,313.97,308.97,311.32,103953,2060,311.085273
AVGO,1H,2026-02-26T17:00:00Z,311.26,313.37,310.76,310.8,64255,1235,312.083497
AVGO,1H,2026-02-26T18:00:00Z,310.74,312.49,308.71,311.74,74379,1581,310.151935
AVGO,1H,2026-02-26T19:00:00Z,311.42,316.71,311.42,315.65,57817,1539,314.654969
AVGO,1H,2026-02-26T20:00:00Z,315.43,321.37,315.19,320.5,207842,4307,319.290567
AVGO,1H,2026-02-26T21:00:00Z,317.18,317.22,316.55,317.22,388,17,316.895571
AVGO,1H,2026-02-27T13:00:00Z,311.62,311.62,311.62,311.62,113,6,311.62
AVGO,1H,2026-02-27T14:00:00Z,310.18,315.95,308.94,315.07,106552,1455,312.46123
AVGO,1H,2026-02-27T15:00:00Z,315.23,318.37,314.86,317.39,131361,2427,316.787955
AVGO,1H,2026-02-27T16:00:00Z,317.37,317.99,315.65,316.72,49986,1540,316.910345
AVGO,1H,2026-02-27T17:00:00Z,316.73,318.14,316.15,317.43,65432,1828,317.141784
AVGO,1H,2026-02-27T18:00:00Z,317.5,317.58,314.99,315.82,58476,1308,315.952858
AVGO,1H,2026-02-27T19:00:00Z,315.93,316.81,315.57,316.09,38257,1164,316.096873
AVGO,1H,2026-02-27T20:00:00Z,316.03,318.8,315.94,318.54,107029,3094,317.918698
AVGO,1H,2026-02-27T21:00:00Z,317.41,317.41,317.41,317.41,78,8,317.41
AVGO,1H,2026-03-02T13:00:00Z,309.15,309.15,309.15,309.15,40,1,309.15
AVGO,1H,2026-03-02T14:00:00Z,308.56,315.93,306.19,311.65,61445,1376,311.059865
AVGO,1H,2026-03-02T15:00:00Z,311.58,314.85,310.55,313.52,51364,1483,313.006841
AVGO,1H,2026-03-02T16:00:00Z,313.66,316.09,312.65,314.68,38758,1266,314.533418
AVGO,1H,2026-03-02T17:00:00Z,314.7,316.17,313.74,315.42,46521,1109,314.888253
AVGO,1H,2026-03-02T18:00:00Z,315.4,315.7,313.35,313.47,41065,1201,314.25904
AVGO,1H,2026-03-02T19:00:00Z,313.57,316.43,313.5,316.07,35168,1236,315.706135
AVGO,1H,2026-03-02T20:00:00Z,316.06,318.84,314.31,317.68,97955,2914,316.969259
AVGO,1H,2026-03-02T21:00:00Z,317.22,317.25,316.12,316.29,338,11,316.946051
AVGO,1H,2026-03-03T14:00:00Z,309.6,313,306.35,311.56,86867,1729,310.220045
AVGO,1H,2026-03-03T15:00:00Z,311.56,313.24,307.02,307.97,96280,2575,309.384247
AVGO,1H,2026-03-03T16:00:00Z,307.87,314.5,307.78,313.29,90646,2114,310.318108
AVGO,1H,2026-03-03T17:00:00Z,313.21,314.47,311.12,311.86,47206,1291,312.73804
AVGO,1H,2026-03-03T18:00:00Z,311.8,314.32,311.8,313.18,38434,1032,313.019158
AVGO,1H,2026-03-03T19:00:00Z,313.23,313.83,311.06,313.01,42610,1016,312.771277
AVGO,1H,2026-03-03T20:00:00Z,313.02,313.73,311.89,312.7,89762,3140,312.804454
AVGO,1H,2026-03-04T13:00:00Z,316.61,316.61,316.61,316.61,50,2,316.61
AVGO,1H,2026-03-04T14:00:00Z,314.74,316.33,310.7,316.33,104122,2027,313.962246
AVGO,1H,2026-03-04T15:00:00Z,316.58,321.45,316.29,320.59,81766,2168,318.944515
AVGO,1H,2026-03-04T16:00:00Z,320.61,321.11,317.65,318.42,71228,1849,319.080461
AVGO,1H,2026-03-04T17:00:00Z,318.34,320.44,318.1,319.56,77381,1571,319.070231
AVGO,1H,2026-03-04T18:00:00Z,319.58,320.42,318.67,319.92,50808,1301,319.493505
AVGO,1H,2026-03-04T19:00:00Z,319.95,320.66,318.98,319.09,52608,1628,319.967084
AVGO,1H,2026-03-04T20:00:00Z,318.97,320.02,315.48,315.94,230230,5188,317.13377
AVGO,1H,2026-03-04T21:00:00Z,315.84,320.26,307.88,317.49,8966,344,316.298189
AVGO,1H,2026-03-05T14:00:00Z,330.4,332.64,321.86,331.12,353981,6390,326.858729
AVGO,1H,2026-03-05T15:00:00Z,331.05,334.83,325.14,332.26,248430,4982,330.965624
AVGO,1H,2026-03-05T16:00:00Z,332.33,334.53,330.31,333.94,157155,3447,332.69025
AVGO,1H,2026-03-05T17:00:00Z,333.87,334.54,327.24,328.62,168091,3640,331.163808
AVGO,1H,2026-03-05T18:00:00Z,328.62,330.86,325,326.7,125667,3183,327.666709
AVGO,1H,2026-03-05T19:00:00Z,326.79,328.48,324.23,324.44,102677,2938,325.897759
AVGO,1H,2026-03-05T20:00:00Z,324.47,332.01,323.17,331.46,204593,5213,328.477874
AVGO,1H,2026-03-05T21:00:00Z,330.14,330.34,329.63,329.67,590,19,329.902
AVGO,1H,2026-03-06T13:00:00Z,328.61,328.61,324.16,324.89,476,18,325.141908
AVGO,1H,2026-03-06T14:00:00Z,323.73,335.71,323.73,333.34,181540,3474,331.529395
AVGO,1H,2026-03-06T15:00:00Z,333.25,338.33,333.02,335.35,146461,3618,335.899583
AVGO,1H,2026-03-06T16:00:00Z,335.33,341.11,333.77,340.95,87575,2289,338.285798
AVGO,1H,2026-03-06T17:00:00Z,340.98,342.19,335.56,338.27,114417,2241,338.839157
AVGO,1H,2026-03-06T18:00:00Z,338.14,340.26,337.2,338.84,103710,2141,338.768776
AVGO,1H,2026-03-06T19:00:00Z,338.96,340.03,335.42,335.59,156900,3203,338.064699
AVGO,1H,2026-03-06T20:00:00Z,335.57,336.46,327.29,329.27,256938,7269,330.275198
AVGO,1H,2026-03-06T21:00:00Z,328.8,329.87,328.8,329.87,427,13,329.241256
AVGO,1H,2026-03-09T12:00:00Z,326.13,326.13,324.6,324.6,316,10,324.980913
AVGO,1H,2026-03-09T13:00:00Z,326.05,331.55,322.57,330.68,192365,3509,328.612951
AVGO,1H,2026-03-09T14:00:00Z,330.28,339.5,329.5,337.67,260142,5543,335.673871
AVGO,1H,2026-03-09T15:00:00Z,337.82,341.83,337.02,341.64,232592,4704,339.319823
AVGO,1H,2026-03-09T16:00:00Z,341.77,345.23,340.38,345.01,147303,3657,343.079024
AVGO,1H,2026-03-09T17:00:00Z,345.07,345.07,339.69,341.78,137028,2708,341.985624
AVGO,1H,2026-03-09T18:00:00Z,341.84,344.03,340.39,340.51,142636,2464,342.58021
AVGO,1H,2026-03-09T19:00:00Z,340.49,347.14,340.17,344.58,397446,8289,344.264294
AVGO,1H,2026-03-09T20:00:00Z,343.3,343.3,343.3,343.3,98,6,343.3
AVGO,1H,2026-03-10T12:00:00Z,344.28,345.62,344.28,345.62,310,7,344.6225
AVGO,1H,2026-03-10T13:00:00Z,345.42,351.82,345.41,349.24,70055,1636,349.448861
AVGO,1H,2026-03-10T14:00:00Z,349.03,349.9,346.45,347.65,191280,3203,347.803871
AVGO,1H,2026-03-10T15:00:00Z,347.66,349.33,345.11,345.95,110566,2334,347.306553
AVGO,1H,2026-03-10T16:00:00Z,345.83,346.46,344.01,345.88,60019,1765,345.295821
AVGO,1H,2026-03-10T17:00:00Z,345.73,347,344.13,344.46,68815,1739,345.652998
AVGO,1H,2026-03-10T18:00:00Z,344.49,344.8,340.67,341.04,73191,1930,342.087821
AVGO,1H,2026-03-10T19:00:00Z,340.84,342.12,339.61,341.25,140360,3613,340.692019
AVGO,1H,2026-03-10T20:00:00Z,341.66,342.59,341.66,342.59,322,16,341.993846
AVGO,1H,2026-03-11T13:00:00Z,342.27,343.4,339.54,342.71,61065,1624,341.743908
AVGO,1H,2026-03-11T14:00:00Z,342.66,344.52,339.56,341.4,86621,2392,342.594019
AVGO,1H,2026-03-11T15:00:00Z,341.57,342.54,338.85,339.67,52789,1570,340.681381
AVGO,1H,2026-03-11T16:00:00Z,339.75,341.41,338.03,341.1,48815,1619,339.226406
AVGO,1H,2026-03-11T17:00:00Z,341.24,341.52,337.05,338.98,47345,1614,339.397249
AVGO,1H,2026-03-11T18:00:00Z,339.05,339.27,337.26,339.12,39651,1535,338.141993
AVGO,1H,2026-03-11T19:00:00Z,339.39,340.52,338.62,340.28,74366,2585,339.699415
AVGO,1H,2026-03-12T13:00:00Z,337.2,337.76,331.13,331.69,82330,1726,334.039486
AVGO,1H,2026-03-12T14:00:00Z,331.75,334.77,331.01,332.21,100722,2852,333.053457
AVGO,1H,2026-03-12T15:00:00Z,331.99,336.2,331.54,334.83,101871,3182,334.072947
AVGO,1H,2026-03-12T16:00:00Z,334.87,337.59,333.57,336.61,63854,2130,335.948669
AVGO,1H,2026-03-12T17:00:00Z,336.74,338.49,335.37,336.02,46680,1525,336.754159
AVGO,1H,2026-03-12T18:00:00Z,336.06,336.89,334.58,334.83,56094,1779,335.951443
AVGO,1H,2026-03-12T19:00:00Z,334.67,336,333.51,334.72,130792,3610,334.752481
AVGO,1H,2026-03-13T12:00:00Z,337.84,337.84,337.84,337.84,40,1,337.84
AVGO,1H,2026-03-13T13:00:00Z,336.44,336.98,330.38,334.55,45307,990,334.299939
AVGO,1H,2026-03-13T14:00:00Z,334.75,335.13,325.83,325.83,118766,3045,330.944073
AVGO,1H,2026-03-13T15:00:00Z,325.85,327.87,321.74,321.98,131077,3453,324.385409
AVGO,1H,2026-03-13T16:00:00Z,322.01,324.72,321.95,322.39,65282,2055,323.339816
AVGO,1H,2026-03-13T17:00:00Z,322.58,324.02,320.81,321.18,80197,1608,322.990279
AVGO,1H,2026-03-13T18:00:00Z,321.3,323.89,321.16,323.46,59978,1375,322.480068
AVGO,1H,2026-03-13T19:00:00Z,323.47,323.72,320.27,320.97,238731,4378,321.415666
AVGO,1H,2026-03-13T20:00:00Z,320.45,320.74,320.45,320.65,389,11,320.639655
AVGO,1H,2026-03-16T12:00:00Z,324.64,325.24,324.64,325.22,360,8,325.140943
AVGO,1H,2026-03-16T13:00:00Z,324.84,324.84,318.99,322.59,157434,2804,322.694365
AVGO,1H,2026-03-16T14:00:00Z,322.84,324.36,321.3,324.36,110365,2464,322.86097
AVGO,1H,2026-03-16T15:00:00Z,324.37,327.98,323.9,326.23,84628,2154,326.489574
AVGO,1H,2026-03-16T16:00:00Z,326.19,326.9,324.46,326.07,63299,1616,325.8598
AVGO,1H,2026-03-16T17:00:00Z,326.13,327.69,326.1,326.96,67093,1523,327.042439
AVGO,1H,2026-03-16T18:00:00Z,326.94,327.38,325.38,325.43,85422,2034,326.293117
AVGO,1H,2026-03-16T19:00:00Z,325.47,327.89,322.54,323.81,229777,5808,324.402201
AVGO,1H,2026-03-16T20:00:00Z,323.45,323.6,323.28,323.28,275,6,323.493478
AVGO,1H,2026-03-17T12:00:00Z,323.25,323.26,323.25,323.26,175,3,323.25
AVGO,1H,2026-03-17T13:00:00Z,324.59,326.14,322.61,323.18,103226,2088,324.049481
AVGO,1H,2026-03-17T14:00:00Z,323.27,323.27,320.35,321.07,134844,3045,321.651954
AVGO,1H,2026-03-17T15:00:00Z,320.99,321.33,316.59,317.79,141801,2819,318.175938
AVGO,1H,2026-03-17T16:00:00Z,317.76,319.5,316.16,319.18,152865,2740,317.343667
AVGO,1H,2026-03-17T17:00:00Z,319.17,320.64,318.48,320.58,100768,2367,319.720936
AVGO,1H,2026-03-17T18:00:00Z,320.64,321.66,318.54,318.94,109330,2397,320.295878
AVGO,1H,2026-03-17T19:00:00Z,318.9,320.39,318.2,320.09,173866,4338,319.336886
AVGO,1H,2026-03-18T13:00:00Z,318.06,324.19,318.06,321.33,95263,2043,322.668807
AVGO,1H,2026-03-18T14:00:00Z,321.35,321.35,316.56,317.91,86789,2083,318.256299
AVGO,1H,2026-03-18T15:00:00Z,318,319.55,317.39,318.68,75730,1906,318.886452
AVGO,1H,2026-03-18T16:00:00Z,318.62,318.71,315.91,316.67,87465,1973,317.444968
AVGO,1H,2026-03-18T17:00:00Z,316.55,317.93,315.94,317.42,59982,1592,316.859897
AVGO,1H,2026-03-18T18:00:00Z,317.49,318.42,314.8,314.9,72887,2003,316.76717
AVGO,1H,2026-03-18T19:00:00Z,314.74,316.37,314.42,314.66,122518,3268,315.207856
AVGO,1H,2026-03-18T20:00:00Z,314.75,314.75,313.91,314.1,478,16,314.469355
AVGO,1H,2026-03-19T12:00:00Z,311.27,311.27,310.3,310.32,263,6,310.560206
AVGO,1H,2026-03-19T13:00:00Z,310.3,311.69,307.45,311.05,125176,2350,309.685734
AVGO,1H,2026-03-19T14:00:00Z,311.2,315.18,310.91,314.98,93838,2166,312.428783
AVGO,1H,2026-03-19T15:00:00Z,314.93,317.49,314.35,317.27,79236,1846,315.870884
AVGO,1H,2026-03-19T16:00:00Z,317.11,318.74,316.75,317.96,47553,1122,317.74352
AVGO,1H,2026-03-19T17:00:00Z,317.99,318,316.33,317.97,22581,741,317.175856
AVGO,1H,2026-03-19T18:00:00Z,317.95,319.75,316.95,319.62,68520,1682,317.971794
AVGO,1H,2026-03-19T19:00:00Z,319.63,321.99,317.71,318.64,213606,5360,319.047444
AVGO,1H,2026-03-20T13:00:00Z,318.74,320.2,315.34,315.82,52564,1372,318.483327
AVGO,1H,2026-03-20T14:00:00Z,316,316.27,313.33,314.62,92220,2621,314.558122
AVGO,1H,2026-03-20T15:00:00Z,314.71,315.98,313.7,315.84,48574,1634,314.657414
AVGO,1H,2026-03-20T16:00:00Z,315.67,317.59,315.36,316.27,61019,1598,316.499897
AVGO,1H,2026-03-20T17:00:00Z,316.31,316.58,313.3,313.73,47786,1322,314.524224
AVGO,1H,2026-03-20T18:00:00Z,313.79,313.87,311.22,311.73,46289,1569,312.174631
AVGO,1H,2026-03-20T19:00:00Z,311.75,312.07,308.81,309.56,178772,4661,310.053063
AVGO,1H,2026-03-20T20:00:00Z,309.88,311.2,309.87,311.2,342,16,310.2375
AVGO,1H,2026-03-23T13:00:00Z,318.09,323.57,314.88,323.57,142889,2833,320.671384
AVGO,1H,2026-03-23T14:00:00Z,323.58,325.93,321.87,323.55,161342,3345,324.024437
AVGO,1H,2026-03-23T15:00:00Z,323.57,325.29,319.06,319.3,103926,2273,322.414367
AVGO,1H,2026-03-23T16:00:00Z,319.24,321.6,319,320.15,58439,1494,320.266005
AVGO,1H,2026-03-23T17:00:00Z,320.24,321.32,318.79,321.32,48343,1400,320.017557
AVGO,1H,2026-03-23T18:00:00Z,321.27,323.78,320.78,323.78,62112,1815,322.39153
AVGO,1H,2026-03-23T19:00:00Z,323.67,325.05,321.88,322.09,263041,4927,323.292283
AVGO,1H,2026-03-23T20:00:00Z,321.29,321.85,321.29,321.85,220,3,321.57
AVGO,1H,2026-03-24T12:00:00Z,320.31,320.31,320.31,320.31,100,1,320.31
AVGO,1H,2026-03-24T13:00:00Z,319.56,323.59,315.29,316.44,52093,1275,318.283983
AVGO,1H,2026-03-24T14:00:00Z,316.58,319.84,314.37,316.72,127594,2939,316.473267
AVGO,1H,2026-03-24T15:00:00Z,316.89,320.06,316.89,318.27,81189,2107,318.493454
AVGO,1H,2026-03-24T16:00:00Z,318.01,318.69,316.02,317.03,61525,1620,317.610646
AVGO,1H,2026-03-24T17:00:00Z,317.33,318.79,315.08,318.6,71653,1806,316.823402
AVGO,1H,2026-03-24T18:00:00Z,318.65,320.36,317.52,317.92,72048,2065,318.865839
AVGO,1H,2026-03-24T19:00:00Z,317.96,319.07,316.91,317.81,163744,3591,317.923428
AVGO,1H,2026-03-24T20:00:00Z,319.86,321.2,319.86,321.2,307,4,320.175171
AVGO,1H,2026-03-25T12:00:00Z,322.74,322.74,320.69,320.69,513,12,321.049689
AVGO,1H,2026-03-25T13:00:00Z,320.89,322.87,317.82,320.16,77203,1955,320.791703
AVGO,1H,2026-03-25T14:00:00Z,320.09,323.72,318.59,319.95,69905,1910,321.2354
AVGO,1H,2026-03-25T15:00:00Z,319.98,320.8,318.17,320.01,88162,2114,319.515788
AVGO,1H,2026-03-25T16:00:00Z,320.01,321.36,317.85,320.17,71010,1822,319.636493
AVGO,1H,2026-03-25T17:00:00Z,320.21,320.59,318.3,319.12,60250,1673,319.018715
AVGO,1H,2026-03-25T18:00:00Z,319,319.39,316.88,317.2,56939,1674,318.344103
AVGO,1H,2026-03-25T19:00:00Z,317,318.46,316.29,318.28,97251,2843,317.540528
AVGO,1H,2026-03-25T20:00:00Z,318.27,318.5,318.27,318.5,152,8,318.408
AVGO,1H,2026-03-26T13:00:00Z,313.28,314.87,311.58,314.29,50147,1141,313.351662
AVGO,1H,2026-03-26T14:00:00Z,314.35,316.33,311.71,312.91,89571,1990,313.973643
AVGO,1H,2026-03-26T15:00:00Z,312.88,314.59,311.81,314.49,62292,1873,312.92004
AVGO,1H,2026-03-26T16:00:00Z,314.43,314.62,310.56,311.07,48934,1495,312.179038
AVGO,1H,2026-03-26T17:00:00Z,311.15,312.69,309.76,309.99,45823,1679,311.366005
AVGO,1H,2026-03-26T18:00:00Z,310.13,311.47,309.49,311.12,56137,2038,310.283165
AVGO,1H,2026-03-26T19:00:00Z,311.18,311.65,308.69,309.18,110346,3597,309.915027
AVGO,1H,2026-03-27T13:00:00Z,305.09,306.97,301.43,301.97,52837,1179,304.46332
AVGO,1H,2026-03-27T14:00:00Z,301.68,304.37,301.64,302.98,86957,2338,302.990692
AVGO,1H,2026-03-27T15:00:00Z,303.19,305.21,302.79,303.38,87943,2238,303.576972
AVGO,1H,2026-03-27T16:00:00Z,303.39,303.83,300.01,302.1,101356,2026,301.757926
AVGO,1H,2026-03-27T17:00:00Z,302.17,302.27,298.76,300.56,77543,1781,300.159605
AVGO,1H,2026-03-27T18:00:00Z,300.61,302.85,300.56,302.03,69084,2027,301.849212
AVGO,1H,2026-03-27T19:00:00Z,302,302.4,298.42,300.29,202323,4576,300.913594
AVGO,1H,2026-03-30T13:00:00Z,300.21,304.23,293.81,294.13,80378,1510,299.263804
AVGO,1H,2026-03-30T14:00:00Z,294.01,297.27,292.01,295.41,96895,2229,294.643578
AVGO,1H,2026-03-30T15:00:00Z,295.83,296.83,294.03,296.05,86421,2091,295.544157
AVGO,1H,2026-03-30T16:00:00Z,295.92,295.94,292.94,293.39,65799,1550,293.630782
AVGO,1H,2026-03-30T17:00:00Z,293.54,293.86,291.6,292.01,74317,1746,292.547242
AVGO,1H,2026-03-30T18:00:00Z,292,292.27,290.94,291.35,98394,2132,291.61294
AVGO,1H,2026-03-30T19:00:00Z,291.41,293.46,289.53,292.85,258304,5492,291.201622
AVGO,1H,2026-03-30T20:00:00Z,292.69,292.69,292.69,292.69,79,6,292.69
AVGO,1H,2026-03-31T12:00:00Z,297.24,297.24,297.03,297.03,226,9,297.130323
AVGO,1H,2026-03-31T13:00:00Z,297.83,301.73,296.03,301.35,91155,2238,298.871283
AVGO,1H,2026-03-31T14:00:00Z,301.42,303.17,299.68,300.22,103147,3355,301.859423
AVGO,1H,2026-03-31T15:00:00Z,300.34,302.25,299.84,299.97,61577,2196,300.993753
AVGO,1H,2026-03-31T16:00:00Z,299.78,308.18,299.78,306.24,86988,2772,304.13069
AVGO,1H,2026-03-31T17:00:00Z,306.22,308.1,305.68,306.48,66942,2431,306.812295
AVGO,1H,2026-03-31T18:00:00Z,306.42,308.99,306.42,308.35,61023,2022,307.702589
AVGO,1H,2026-03-31T19:00:00Z,308.32,309.78,308.21,308.98,212077,5693,308.993719
AVGO,1H,2026-03-31T20:00:00Z,309.01,309.01,309.01,309.01,141,6,309.01
AVGO,1H,2026-04-01T12:00:00Z,314.32,314.32,313.71,313.71,140,3,314.074286
AVGO,1H,2026-04-01T13:00:00Z,313.29,314.8,310.83,312.1,59528,1640,313.199182
AVGO,1H,2026-04-01T14:00:00Z,312.34,313.41,310.96,312.12,81606,2327,312.248063
AVGO,1H,2026-04-01T15:00:00Z,312.5,314.71,312.02,314.27,59656,1793,312.952012
AVGO,1H,2026-04-01T16:00:00Z,314.26,315.25,313.36,313.42,62255,1580,314.403822
AVGO,1H,2026-04-01T17:00:00Z,313.38,314.15,312.8,312.87,52434,1613,313.504726
AVGO,1H,2026-04-01T18:00:00Z,312.85,312.94,310.06,311.24,66125,1835,311.392199
AVGO,1H,2026-04-01T19:00:00Z,311.2,314.31,311.2,313.02,128251,3776,313.27712
AVGO,1H,2026-04-02T13:00:00Z,303.65,307.73,301.28,306.53,48664,1455,304.121898
AVGO,1H,2026-04-02T14:00:00Z,306.53,313.14,306.02,312.55,78359,2469,309.97352
AVGO,1H,2026-04-02T15:00:00Z,312.41,313.3,310.97,312.26,76414,1810,312.220484
AVGO,1H,2026-04-02T16:00:00Z,312.17,312.77,309.53,311.91,42999,1114,310.810306
AVGO,1H,2026-04-02T17:00:00Z,311.52,312.6,311.38,312.09,22293,662,312.144358
AVGO,1H,2026-04-02T18:00:00Z,312.14,313.24,312.06,312.43,28384,920,312.719676
AVGO,1H,2026-04-02T19:00:00Z,312.51,314.19,312.23,313.97,65916,2151,313.316689
AVGO,1H,2026-04-06T12:00:00Z,315.38,315.38,315.38,315.38,50,1,315.38
AVGO,1H,2026-04-06T13:00:00Z,315.07,315.79,309.92,312.95,44615,1332,312.739267
AVGO,1H,2026-04-06T14:00:00Z,312.69,313.69,310.09,311.51,47923,1190,311.266862
AVGO,1H,2026-04-06T15:00:00Z,311.55,313.68,310.61,313.68,117391,2093,312.139449
AVGO,1H,2026-04-06T16:00:00Z,313.66,313.69,311.48,311.8,43691,1086,312.429499
AVGO,1H,2026-04-06T17:00:00Z,311.96,312.46,310.06,311.51,34843,1000,311.646998
AVGO,1H,2026-04-06T18:00:00Z,311.46,313.46,311.24,312.85,20166,660,312.698107
AVGO,1H,2026-04-06T19:00:00Z,312.87,313.98,312.68,313.98,57723,1886,313.46805
AVGO,1H,2026-04-06T20:00:00Z,313.71,313.71,313.59,313.59,280,8,313.675714
AVGO,1H,2026-04-07T12:00:00Z,323.76,323.76,323.76,323.76,40,1,323.76
AVGO,1H,2026-04-07T13:00:00Z,324.89,329.3,322.58,323.67,108784,2594,325.375111
AVGO,1H,2026-04-07T14:00:00Z,323.77,324.98,322.23,322.55,137888,3703,323.500535
AVGO,1H,2026-04-07T15:00:00Z,322.24,326.59,321.37,326.03,89690,2911,324.739389
AVGO,1H,2026-04-07T16:00:00Z,326.09,333.3,326.01,332.32,125448,3583,329.940873
AVGO,1H,2026-04-07T17:00:00Z,332.26,332.66,330.06,330.97,80418,2363,331.441387
AVGO,1H,2026-04-07T18:00:00Z,330.96,331.7,327.78,328.01,117573,2865,330.225159
AVGO,1H,2026-04-07T19:00:00Z,328.24,333.61,327.94,333.5,214613,5266,331.618951
AVGO,1H,2026-04-07T20:00:00Z,333.57,334.04,333.57,334.04,432,15,333.926316
AVGO,1H,2026-04-08T12:00:00Z,347.05,347.05,347.03,347.03,138,3,347.04
AVGO,1H,2026-04-08T13:00:00Z,347.92,353.48,344.57,345.61,146104,3345,349.169098
AVGO,1H,2026-04-08T14:00:00Z,345.61,347.14,342.11,343.49,215710,4811,345.150346
AVGO,1H,2026-04-08T15:00:00Z,343.66,349.69,343.39,348.74,174304,3850,346.849652
AVGO,1H,2026-04-08T16:00:00Z,348.7,349.16,347.25,348.8,73482,2301,348.231584
AVGO,1H,2026-04-08T17:00:00Z,348.82,350.79,348.46,350.43,118124,3124,349.673496
AVGO,1H,2026-04-08T18:00:00Z,350.36,351.49,348.89,348.89,151508,3814,350.645575
AVGO,1H,2026-04-08T19:00:00Z,348.83,351.14,348.83,350.1,238044,5972,350.14142
AVGO,1H,2026-04-08T20:00:00Z,350.12,350.12,350.12,350.12,40,1,350.12
AVGO,1H,2026-04-09T13:00:00Z,349.44,356.86,348.79,354.41,119320,2135,353.670029
AVGO,1H,2026-04-09T14:00:00Z,354.33,355.8,351.62,352.81,77511,1963,353.410654
AVGO,1H,2026-04-09T15:00:00Z,352.93,357.12,352.9,357.12,58606,1750,354.754229
AVGO,1H,2026-04-09T16:00:00Z,357.18,358.06,356.56,357.18,48082,1228,357.325097
AVGO,1H,2026-04-09T17:00:00Z,357.24,357.64,355.31,356.87,49179,1236,356.910551
AVGO,1H,2026-04-09T18:00:00Z,356.89,356.94,354.65,354.7,37690,1188,355.366803
AVGO,1H,2026-04-09T19:00:00Z,354.7,355.15,353.1,354.42,90401,2365,354.397571
AVGO,1H,2026-04-09T20:00:00Z,353.92,353.92,353.92,353.92,198,7,353.92
AVGO,1H,2026-04-10T12:00:00Z,357.28,357.28,357.28,357.28,80,4,357.28
AVGO,1H,2026-04-10T13:00:00Z,358.07,373.56,358.07,369.47,172258,4759,369.500847
AVGO,1H,2026-04-10T14:00:00Z,369.31,374.8,367.01,374.8,201481,4949,371.51497
AVGO,1H,2026-04-10T15:00:00Z,374.81,375.94,370.9,371.23,195784,4865,374.694332
AVGO,1H,2026-04-10T16:00:00Z,371.29,372.36,370.4,372.04,73914,2328,371.31083
AVGO,1H,2026-04-10T17:00:00Z,372.1,373.6,370.18,373.27,82959,2504,371.941319
AVGO,1H,2026-04-10T18:00:00Z,373.31,373.82,372.67,373.02,76612,2439,373.260858
AVGO,1H,2026-04-10T19:00:00Z,373,373.9,370.6,370.85,192985,4898,372.355468
AVGO,1H,2026-04-13T12:00:00Z,368.13,368.14,367.92,367.92,160,4,368.0775
AVGO,1H,2026-04-13T13:00:00Z,369.77,373.61,368.95,371.02,73337,1966,371.241305
AVGO,1H,2026-04-13T14:00:00Z,371,375.24,370.44,374.78,124017,3079,373.220083
AVGO,1H,2026-04-13T15:00:00Z,374.73,374.73,372.14,372.56,70953,1966,373.663011
AVGO,1H,2026-04-13T16:00:00Z,372.59,377.81,371.55,377.5,132574,2998,374.765073
AVGO,1H,2026-04-13T17:00:00Z,377.59,377.9,375.13,375.62,72602,1855,376.357075
AVGO,1H,2026-04-13T18:00:00Z,375.63,378.05,375.6,377.79,69887,1810,376.721969
AVGO,1H,2026-04-13T19:00:00Z,377.73,379.92,377.39,379.08,174260,4535,378.853369
AVGO,1H,2026-04-13T20:00:00Z,378.58,378.87,378.54,378.82,676,37,378.69
AVGO,1H,2026-04-14T12:00:00Z,379.12,379.12,378.58,378.58,346,9,378.784889
AVGO,1H,2026-04-14T13:00:00Z,370.39,381.5,368.92,378.48,70639,1827,378.84012
AVGO,1H,2026-04-14T14:00:00Z,378.45,379.63,377.21,379.52,88580,2522,378.679546
AVGO,1H,2026-04-14T15:00:00Z,379.65,380.68,377.85,379.65,96104,2492,378.877632
AVGO,1H,2026-04-14T16:00:00Z,379.54,380.4,378.59,378.75,56369,1778,379.833453
AVGO,1H,2026-04-14T17:00:00Z,378.65,381.28,378.31,380.26,61556,1848,380.216983
AVGO,1H,2026-04-14T18:00:00Z,380.26,380.29,377.7,378.23,55084,1772,379.099214
AVGO,1H,2026-04-14T19:00:00Z,378.25,380.14,377.99,380.12,129315,3633,379.313319
AVGO,1H,2026-04-15T12:00:00Z,387.93,387.93,387.93,387.93,59,2,387.93
AVGO,1H,2026-04-15T13:00:00Z,387.83,395.58,385.13,395.04,129300,3050,392.427722
AVGO,1H,2026-04-15T14:00:00Z,395.1,395.9,392.88,393.97,106741,3194,394.580366
AVGO,1H,2026-04-15T15:00:00Z,393.97,394.17,390.61,391.89,82858,2567,392.435444
AVGO,1H,2026-04-15T16:00:00Z,391.82,393.92,387.9,389.43,83364,2789,390.412194
AVGO,1H,2026-04-15T17:00:00Z,389.43,391.89,389.26,391.07,59342,1863,390.837647
AVGO,1H,2026-04-15T18:00:00Z,391.06,393.28,390.7,393.16,47210,1857,392.19543
AVGO,1H,2026-04-15T19:00:00Z,393.07,396.44,392.95,395.99,132798,4105,394.720409
AVGO,1H,2026-04-16T13:00:00Z,394.38,398.47,391.85,395.25,73130,1830,395.467567
AVGO,1H,2026-04-16T14:00:00Z,395.22,397.52,395.01,396.99,66191,1919,396.551226
AVGO,1H,2026-04-16T15:00:00Z,396.89,398.95,395.99,397.75,50347,1651,397.265567
AVGO,1H,2026-04-16T16:00:00Z,397.86,398.46,395.4,397.03,51360,1451,397.335241
AVGO,1H,2026-04-16T17:00:00Z,397.02,398.12,396.03,396.63,32997,1146,397.178653
AVGO,1H,2026-04-16T18:00:00Z,396.72,397.64,395.53,397.04,54086,1320,396.646633
AVGO,1H,2026-04-16T19:00:00Z,397.1,398.6,397.04,397.63,88141,2595,397.816151
AVGO,1H,2026-04-17T13:00:00Z,401.35,403.02,399.47,402.48,73450,1551,401.31894
AVGO,1H,2026-04-17T14:00:00Z,402.61,404.67,400.44,401.66,65620,2199,402.620821
AVGO,1H,2026-04-17T15:00:00Z,401.76,403.75,401.36,401.51,65825,2210,402.616521
AVGO,1H,2026-04-17T16:00:00Z,401.47,403.02,401.19,402.7,31471,1342,402.317123
AVGO,1H,2026-04-17T17:00:00Z,402.62,403.79,400.95,402.81,29016,1214,402.725366
AVGO,1H,2026-04-17T18:00:00Z,402.71,403.35,402.14,402.97,35467,1468,402.854046
AVGO,1H,2026-04-17T19:00:00Z,402.99,406.07,402.26,405.86,89007,3349,404.645501
AVGO,1H,2026-04-20T13:00:00Z,402.06,405.66,400.78,401.46,79928,1919,402.093703
AVGO,1H,2026-04-20T14:00:00Z,401.66,402.15,396.96,397.23,96164,2655,398.934252
AVGO,1H,2026-04-20T15:00:00Z,397.32,398.03,395.32,396.41,77789,2168,396.95159
AVGO,1H,2026-04-20T16:00:00Z,396.43,397.68,396.1,396.73,31433,1089,397.050958
AVGO,1H,2026-04-20T17:00:00Z,396.87,397.13,395.87,396.25,26945,1036,396.349771
AVGO,1H,2026-04-20T18:00:00Z,396.34,397.97,395.53,397.57,36643,1399,396.620906
AVGO,1H,2026-04-20T19:00:00Z,397.56,399.25,397.49,399.14,89050,2478,398.390516
AVGO,1H,2026-04-21T13:00:00Z,398.14,399.11,393.97,396.93,92876,1628,396.335383
AVGO,1H,2026-04-21T14:00:00Z,397.23,400.15,396.51,398.18,87796,2059,397.977129
AVGO,1H,2026-04-21T15:00:00Z,398.43,402.65,397.37,400.71,94207,2258,401.072951
AVGO,1H,2026-04-21T16:00:00Z,400.94,402.94,399.98,400.98,90686,2096,401.49641
AVGO,1H,2026-04-21T17:00:00Z,401.1,401.83,399.37,400.97,55708,1520,400.620208
AVGO,1H,2026-04-21T18:00:00Z,401,401.72,400.21,401.4,49299,1402,400.858303
AVGO,1H,2026-04-21T19:00:00Z,401.59,402.01,398.43,401.62,110054,3202,400.716557
AVGO,1H,2026-04-22T13:00:00Z,406.39,408.35,404.36,407.01,66833,1909,406.034914
AVGO,1H,2026-04-22T14:00:00Z,407.03,413.3,407.03,412.64,138090,3677,410.378987
AVGO,1H,2026-04-22T15:00:00Z,412.66,417.02,411.9,415.56,92412,2878,414.710258
AVGO,1H,2026-04-22T16:00:00Z,415.77,419.11,414.59,416.2,113111,3241,417.597845
AVGO,1H,2026-04-22T17:00:00Z,416.23,419.4,416.23,418.56,94904,2533,418.452818
AVGO,1H,2026-04-22T18:00:00Z,418.5,420.09,418.22,418.22,102492,2800,419.290402
AVGO,1H,2026-04-22T19:00:00Z,418.23,422.33,417.32,421.9,186094,5311,420.649959
AVGO,1H,2026-04-22T20:00:00Z,421.61,421.61,420.9,420.9,184,7,421.174839
AVGO,1H,2026-04-23T13:00:00Z,420.88,427.38,418.78,425.34,105581,2436,424.292283
AVGO,1H,2026-04-23T14:00:00Z,425.47,426.89,423.66,425.9,90419,2428,425.304366
AVGO,1H,2026-04-23T15:00:00Z,426.05,428.62,426,427.36,120297,3216,427.634684
AVGO,1H,2026-04-23T16:00:00Z,427.48,428.06,425.21,425.51,111885,2748,426.839911
AVGO,1H,2026-04-23T17:00:00Z,425.55,426.03,417.24,421.48,83458,2677,421.227299
AVGO,1H,2026-04-23T18:00:00Z,421.48,422.63,418.78,419.02,54069,1751,421.299591
AVGO,1H,2026-04-23T19:00:00Z,419.18,420.12,417.58,419.36,156023,4059,418.615783
AVGO,1H,2026-04-23T20:00:00Z,420.77,420.77,420.19,420.19,340,12,420.491667
AVGO,1H,2026-04-24T12:00:00Z,425.65,425.65,425.65,425.65,110,4,425.65
AVGO,1H,2026-04-24T13:00:00Z,423.96,424.14,408.38,413.51,179396,3737,416.559333
AVGO,1H,2026-04-24T14:00:00Z,413.29,416.48,411.61,416.48,116588,3204,413.961635
AVGO,1H,2026-04-24T15:00:00Z,416.68,420.59,413.21,418.9,100453,2990,416.969314
AVGO,1H,2026-04-24T16:00:00Z,419.22,420.47,417.73,420.04,64003,2389,419.054865
AVGO,1H,2026-04-24T17:00:00Z,419.99,421.44,417.73,420.97,42296,1433,419.631045
AVGO,1H,2026-04-24T18:00:00Z,420.85,421.46,419.67,421.07,51722,1513,420.694306
AVGO,1H,2026-04-24T19:00:00Z,421.21,422.49,420.46,421.82,126167,3627,421.606675
AVGO,1H,2026-04-24T20:00:00Z,421.24,421.24,421.24,421.24,280,1,421.24
AVGO,1H,2026-04-27T12:00:00Z,419.01,419.01,418.34,418.34,105,5,418.675
AVGO,1H,2026-04-27T13:00:00Z,419.81,421.94,415.16,420.02,118604,2846,419.394528
AVGO,1H,2026-04-27T14:00:00Z,419.9,419.99,414.07,414.85,80298,2181,416.27534
AVGO,1H,2026-04-27T15:00:00Z,415,416.87,414.05,415.46,50375,1717,415.566491
AVGO,1H,2026-04-27T16:00:00Z,415.51,416.4,414.25,414.97,50155,1337,415.276124
AVGO,1H,2026-04-27T17:00:00Z,415.2,416.45,414.13,415.98,71490,1892,415.112082
AVGO,1H,2026-04-27T18:00:00Z,415.94,416.09,414.42,415.11,57233,1858,415.126049
AVGO,1H,2026-04-27T19:00:00Z,415.03,417.76,414.7,417.57,96188,3115,416.497019
AVGO,1H,2026-04-28T12:00:00Z,397.37,399.83,397.37,399.5,341,11,398.608182
AVGO,1H,2026-04-28T13:00:00Z,399.81,404.77,396.52,402.93,160035,3702,401.341985
AVGO,1H,2026-04-28T14:00:00Z,402.82,405.14,396.27,399.1,126446,3842,401.319735
AVGO,1H,2026-04-28T15:00:00Z,399.23,399.87,394.23,394.74,117265,4118,396.294433
AVGO,1H,2026-04-28T16:00:00Z,394.66,397.13,394.31,396.78,96756,4080,395.953728
AVGO,1H,2026-04-28T17:00:00Z,396.79,398.08,395.76,397.75,72509,2862,396.888376
AVGO,1H,2026-04-28T18:00:00Z,397.74,400.52,397.47,399.54,75142,2904,399.280093
AVGO,1H,2026-04-28T19:00:00Z,399.65,401.22,398.38,399.2,162564,5339,399.717287
AVGO,1H,2026-04-28T20:00:00Z,398.69,399.73,398.69,399.73,488,6,399.28
AVGO,1H,2026-04-29T12:00:00Z,401.15,401.18,401.15,401.18,160,5,401.16
AVGO,1H,2026-04-29T13:00:00Z,402.51,402.85,397.37,400.5,57953,1266,400.625199
AVGO,1H,2026-04-29T14:00:00Z,400.17,401.65,397.81,400.21,58955,1577,400.004894
AVGO,1H,2026-04-29T15:00:00Z,400.27,400.91,398.1,398.81,42789,1442,399.744781
AVGO,1H,2026-04-29T16:00:00Z,398.87,399,396.15,396.99,44636,1280,397.171992
AVGO,1H,2026-04-29T17:00:00Z,397.01,399.71,396.59,399.52,40446,1339,397.900264
AVGO,1H,2026-04-29T18:00:00Z,399.37,399.6,396.71,399.54,49901,1477,398.075016
AVGO,1H,2026-04-29T19:00:00Z,399.53,404.93,399,404.88,177260,3873,403.456981
AVGO,1H,2026-04-30T13:00:00Z,413.17,417.64,409.35,410.64,134705,2714,413.289324
AVGO,1H,2026-04-30T14:00:00Z,410.78,413.54,403.72,409.38,104273,2695,408.395714
AVGO,1H,2026-04-30T15:00:00Z,409.54,413.24,409.54,412.34,87921,2186,411.622331
AVGO,1H,2026-04-30T16:00:00Z,412.33,413.73,411.58,412.84,44992,1189,412.839144
AVGO,1H,2026-04-30T17:00:00Z,412.81,416.25,412.58,416.11,38387,1088,414.22585
AVGO,1H,2026-04-30T18:00:00Z,416.3,416.72,414.43,414.73,33656,1085,415.527083
AVGO,1H,2026-04-30T19:00:00Z,414.71,417.34,414.28,416.89,133358,3757,415.908966
AVGO,1H,2026-05-01T12:00:00Z,413.89,413.89,413.53,413.53,160,4,413.77
AVGO,1H,2026-05-01T13:00:00Z,414.66,421.35,412.89,420.19,49025,1241,418.812578
AVGO,1H,2026-05-01T14:00:00Z,420.5,420.53,415.82,419.19,77686,1502,419.097321
AVGO,1H,2026-05-01T15:00:00Z,418.96,421.31,418.39,421.22,55983,1405,420.02243
AVGO,1H,2026-05-01T16:00:00Z,421.17,421.33,419.05,419.44,33346,970,419.875918
AVGO,1H,2026-05-01T17:00:00Z,419.39,422.49,419.26,421.13,60215,1310,420.776734
AVGO,1H,2026-05-01T18:00:00Z,421.34,422.13,420.43,421.77,45993,1221,421.455678
AVGO,1H,2026-05-01T19:00:00Z,421.75,422.32,419.12,420.54,106972,2579,420.890534
AVGO,1H,2026-05-01T20:00:00Z,419.32,419.32,419.32,419.32,75,4,419.32
AVGO,1H,2026-05-04T12:00:00Z,419.09,419.11,419.09,419.11,171,4,419.1
AVGO,1H,2026-05-04T13:00:00Z,417.7,423.08,416.33,420.24,49628,1146,419.570363
AVGO,1H,2026-05-04T14:00:00Z,420.33,420.59,414.76,415.94,82903,2126,417.688415
AVGO,1H,2026-05-04T15:00:00Z,415.86,417.09,410.27,412,78419,2275,413.748138
AVGO,1H,2026-05-04T16:00:00Z,411.91,411.91,408.94,410.69,66779,1770,410.740488
AVGO,1H,2026-05-04T17:00:00Z,410.65,413.34,410.65,411.92,67342,1342,412.254065
AVGO,1H,2026-05-04T18:00:00Z,411.98,414.37,411.7,414.34,36076,931,412.518598
AVGO,1H,2026-05-04T19:00:00Z,414.36,416.48,413.9,415.85,80058,2520,415.281349
AVGO,1H,2026-05-05T13:00:00Z,420.08,426,419.02,422.53,62607,1833,422.160327
AVGO,1H,2026-05-05T14:00:00Z,422.32,423.73,418.87,423.37,72824,2379,421.25192
AVGO,1H,2026-05-05T15:00:00Z,423.29,428.22,423.07,426.11,119373,2926,425.56813
AVGO,1H,2026-05-05T16:00:00Z,426.06,430.73,425.97,429.3,79836,2319,428.415089
AVGO,1H,2026-05-05T17:00:00Z,429.18,431.69,429,431.29,78505,2053,430.602186
AVGO,1H,2026-05-05T18:00:00Z,431.27,432.68,430,430.02,88284,2637,430.921146
AVGO,1H,2026-05-05T19:00:00Z,430.1,430.69,426.13,426.67,142967,3956,428.125476
AVGO,1H,2026-05-05T20:00:00Z,427.11,434.66,427.11,434.66,278,12,432.462222
AVGO,1H,2026-05-06T12:00:00Z,435.25,435.66,434.51,434.51,927,20,435.256953
AVGO,1H,2026-05-06T13:00:00Z,434.16,436.82,426.35,426.85,64550,1900,431.356819
AVGO,1H,2026-05-06T14:00:00Z,426.87,427.37,417.21,422.37,88781,2841,421.602082
AVGO,1H,2026-05-06T15:00:00Z,422.39,424.52,420.26,421.26,71649,1845,422.595202
AVGO,1H,2026-05-06T16:00:00Z,421.24,423.82,420.53,420.92,36218,1380,422.150377
AVGO,1H,2026-05-06T17:00:00Z,420.86,421.25,419.25,419.98,30965,1270,420.480453
AVGO,1H,2026-05-06T18:00:00Z,419.85,422.41,419.46,421.47,63564,2227,421.274224
AVGO,1H,2026-05-06T19:00:00Z,421.3,424.92,420.4,424.64,196541,5553,422.894569
AVGO,1H,2026-05-06T20:00:00Z,424.72,425.86,424.72,425.86,361,13,425.304815
AVGO,1H,2026-05-07T12:00:00Z,422.92,422.92,422.92,422.92,40,1,422.92
AVGO,1H,2026-05-07T13:00:00Z,421.79,422.29,414.18,416.37,101411,2401,417.556584
AVGO,1H,2026-05-07T14:00:00Z,416.37,425.75,416.27,422.28,137444,3682,421.124901
AVGO,1H,2026-05-07T15:00:00Z,422.37,422.53,418.53,418.87,66213,2314,420.461662
AVGO,1H,2026-05-07T16:00:00Z,418.95,418.95,416.2,417.23,49604,1729,417.415992
AVGO,1H,2026-05-07T17:00:00Z,417.23,417.23,412.96,414.41,53568,1986,414.397408
AVGO,1H,2026-05-07T18:00:00Z,414.33,414.87,405.67,411.97,205757,5242,409.078328
AVGO,1H,2026-05-07T19:00:00Z,412.17,415.19,411.01,411.86,127048,4390,412.752832
AVGO,1H,2026-05-07T20:00:00Z,413.54,413.56,412.7,412.7,370,15,413.325641
AVGO,1H,2026-05-08T12:00:00Z,419.25,420.26,419.25,419.94,240,5,419.976667
AVGO,1H,2026-05-08T13:00:00Z,419.45,422.86,413.44,421.16,110047,1902,419.698686
AVGO,1H,2026-05-08T14:00:00Z,421.3,423.52,420.01,423.25,118976,2687,421.821372
AVGO,1H,2026-05-08T15:00:00Z,422.93,424.93,421.35,424.4,95240,2142,423.002137
AVGO,1H,2026-05-08T16:00:00Z,424.63,430.47,424.56,429.28,93927,2268,427.933595
AVGO,1H,2026-05-08T17:00:00Z,429.52,434.27,426.13,426.43,152189,2943,429.025441
AVGO,1H,2026-05-08T18:00:00Z,426.47,428.22,426.47,427.43,79378,1927,427.511009
AVGO,1H,2026-05-08T19:00:00Z,427.52,429.54,426.61,429.19,165566,3797,428.309995
AVGO,1H,2026-05-08T20:00:00Z,429.63,430.22,429.18,429.18,745,26,429.783974
AVGO,1H,2026-05-11T13:00:00Z,427.91,432.87,425.24,429.69,77194,2056,429.319692
AVGO,1H,2026-05-11T14:00:00Z,429.64,430.55,424.54,429.6,92214,2945,427.996149
AVGO,1H,2026-05-11T15:00:00Z,429.68,430.68,428.71,429.32,74163,2155,429.603764
AVGO,1H,2026-05-11T16:00:00Z,429.11,429.67,426.28,428.5,87263,2247,428.394166
AVGO,1H,2026-05-11T17:00:00Z,428.51,429.57,428.13,428.44,64881,1872,428.979419
AVGO,1H,2026-05-11T18:00:00Z,428.44,429.37,427.46,428.03,77305,2044,428.74337
AVGO,1H,2026-05-11T19:00:00Z,427.92,428.59,425.86,427.65,125908,3622,427.438803
AVGO,1H,2026-05-12T12:00:00Z,421.5,421.5,421.5,421.5,40,1,421.5
AVGO,1H,2026-05-12T13:00:00Z,420.27,428.64,418.31,424.21,91917,1927,424.449733
AVGO,1H,2026-05-12T14:00:00Z,424.18,426.38,418.35,418.43,93187,2698,422.370292
AVGO,1H,2026-05-12T15:00:00Z,418.39,418.96,411.64,411.8,84497,2364,414.453478
AVGO,1H,2026-05-12T16:00:00Z,411.95,413.02,408.11,408.13,82368,2414,410.513419
AVGO,1H,2026-05-12T17:00:00Z,408.37,412.44,407.78,411.88,83126,2255,410.514416
AVGO,1H,2026-05-12T18:00:00Z,411.83,414.96,411.34,413.38,40040,1515,413.522753
AVGO,1H,2026-05-12T19:00:00Z,413.5,419.4,413.44,418.74,130921,3616,417.029769
AVGO,1H,2026-05-12T20:00:00Z,416.26,416.26,416.14,416.15,327,13,416.179565
AVGO,1H,2026-05-13T12:00:00Z,416.99,416.99,416.99,416.99,120,2,416.99
AVGO,1H,2026-05-13T13:00:00Z,414.95,415.19,404.22,407.66,97769,2484,409.020273
AVGO,1H,2026-05-13T14:00:00Z,407.82,413.96,407,413.25,88642,2499,409.902578
AVGO,1H,2026-05-13T15:00:00Z,413.35,414.18,411.58,414.11,81403,2495,412.860865
AVGO,1H,2026-05-13T16:00:00Z,414.11,415.84,413.87,415.03,54613,2034,414.793127
AVGO,1H,2026-05-13T17:00:00Z,415.16,417.12,415.12,416,79435,2235,416.380397
AVGO,1H,2026-05-13T18:00:00Z,416.16,417.6,415.26,415.38,57340,1865,416.5235
AVGO,1H,2026-05-13T19:00:00Z,415.39,417.95,414.87,416.08,112657,3606,416.408542
AVGO,1H,2026-05-13T20:00:00Z,416,417,416,416.84,410,7,416.358635
AVGO,1H,2026-05-14T12:00:00Z,415.24,415.24,415.24,415.24,107,4,415.24
AVGO,1H,2026-05-14T13:00:00Z,415.97,433.8,415.56,426.59,108162,2331,428.317739
AVGO,1H,2026-05-14T14:00:00Z,427.03,436.77,426.5,433.93,102741,2731,433.64031
AVGO,1H,2026-05-14T15:00:00Z,434.13,439.01,432.95,435.53,99084,2639,436.205855
AVGO,1H,2026-05-14T16:00:00Z,435.42,435.69,431.17,432.27,38930,1320,433.26337
AVGO,1H,2026-05-14T17:00:00Z,432.5,435.82,430.67,434.59,37860,1263,433.0214
AVGO,1H,2026-05-14T18:00:00Z,434.4,438.92,433.19,438.85,42243,1359,435.410288
AVGO,1H,2026-05-14T19:00:00Z,439.27,441.6,438.63,438.65,145422,4235,440.051552
AVGO,1H,2026-05-14T20:00:00Z,439.82,439.82,438.93,438.93,449,12,439.335562
AVGO,1H,2026-05-15T12:00:00Z,426.16,426.16,426.16,426.16,70,2,426.16
AVGO,1H,2026-05-15T13:00:00Z,426.55,431.93,422.31,423.18,73759,2031,425.829705
AVGO,1H,2026-05-15T14:00:00Z,423.33,429.3,422.05,422.36,60906,1925,425.297976
AVGO,1H,2026-05-15T15:00:00Z,422.42,427.1,421.42,426.25,68519,1968,424.704845
AVGO,1H,2026-05-15T16:00:00Z,426.35,430,425.59,428.08,46701,1435,427.761547
AVGO,1H,2026-05-15T17:00:00Z,427.93,428.99,426.68,428.92,35060,1285,428.001806
AVGO,1H,2026-05-15T18:00:00Z,428.98,429.61,425.27,426.88,30846,1088,427.460086
AVGO,1H,2026-05-15T19:00:00Z,427.15,427.16,424.14,424.36,110315,3519,425.333559
AVGO,1H,2026-05-18T12:00:00Z,426.13,426.35,426.13,426.35,151,4,426.252222
AVGO,1H,2026-05-18T13:00:00Z,423.75,423.75,415.67,417.77,117486,2349,418.596421
AVGO,1H,2026-05-18T14:00:00Z,417.89,419.47,414.35,418.96,146585,3420,417.094403
AVGO,1H,2026-05-18T15:00:00Z,419.12,420.66,416.17,417.24,83555,2686,418.103716
AVGO,1H,2026-05-18T16:00:00Z,417.26,420.28,414.34,419.07,70690,1831,417.304668
AVGO,1H,2026-05-18T17:00:00Z,418.98,419.3,417.57,418.97,36648,1103,418.48288
AVGO,1H,2026-05-18T18:00:00Z,418.89,418.93,413.79,415.36,60251,1823,416.760806
AVGO,1H,2026-05-18T19:00:00Z,415.28,420.79,415.19,419.94,152851,4262,418.376799
AVGO,1H,2026-05-19T13:00:00Z,409.17,417.14,407.36,409.73,134592,3237,411.838178
AVGO,1H,2026-05-19T14:00:00Z,409.75,411.2,405.31,410.36,139395,3883,408.068335
AVGO,1H,2026-05-19T15:00:00Z,410.14,410.99,406.04,409.91,127518,3002,409.042843
AVGO,1H,2026-05-19T16:00:00Z,409.92,413.7,409.3,412.25,131905,2766,411.685416
AVGO,1H,2026-05-19T17:00:00Z,412.25,415.71,411.49,412.76,93140,2402,413.241969
AVGO,1H,2026-05-19T18:00:00Z,412.78,413.86,410.02,410.49,63480,1961,412.128445
AVGO,1H,2026-05-19T19:00:00Z,410.63,411.7,408.61,410.46,183317,5272,410.314848
AVGO,1H,2026-05-20T12:00:00Z,417.53,418.55,417.53,418.55,163,3,418.149632
AVGO,1H,2026-05-20T13:00:00Z,417.91,417.91,410.8,413.53,92769,2306,413.36677
AVGO,1H,2026-05-20T14:00:00Z,413.46,420.47,411.6,419.85,126318,3040,417.570525
AVGO,1H,2026-05-20T15:00:00Z,419.82,423.36,419.52,419.66,84862,2173,421.118481
AVGO,1H,2026-05-20T16:00:00Z,419.82,420.32,416.91,417.95,55693,1546,418.421529
AVGO,1H,2026-05-20T17:00:00Z,417.8,418.25,416.69,417.52,64865,2222,417.31348
AVGO,1H,2026-05-20T18:00:00Z,417.47,418.53,416.99,417.11,41167,1645,417.592071
AVGO,1H,2026-05-20T19:00:00Z,417.06,418.64,416.54,416.85,162357,4143,417.390727
AVGO,1H,2026-05-20T20:00:00Z,416.02,416.61,415.68,415.68,197,11,416.12746
AVGO,1H,2026-05-21T12:00:00Z,415.21,415.21,415.14,415.14,120,3,415.18
AVGO,1H,2026-05-21T13:00:00Z,414.18,420.8,412.7,420.47,83657,1529,418.499495
AVGO,1H,2026-05-21T14:00:00Z,420.25,421.56,414.07,414.18,70675,2045,417.293028
AVGO,1H,2026-05-21T15:00:00Z,414.17,414.75,410.17,413.99,60050,1700,413.152292
AVGO,1H,2026-05-21T16:00:00Z,413.87,415.09,411.41,411.62,52330,1667,412.908351
AVGO,1H,2026-05-21T17:00:00Z,411.63,415.2,411.06,413.96,89998,2973,413.083979
AVGO,1H,2026-05-21T18:00:00Z,413.97,414.49,410.01,411.14,49878,1929,412.345983
AVGO,1H,2026-05-21T19:00:00Z,411.25,414.57,410.59,413.67,175635,4745,412.589221
AVGO,1H,2026-05-21T20:00:00Z,413.66,414.01,413.66,414.01,120,2,413.893333
AVGO,1H,2026-05-22T12:00:00Z,414.63,415.33,414.63,415.2,255,7,415.117674
AVGO,1H,2026-05-22T13:00:00Z,415.74,419.24,414.35,415.37,84001,1570,416.873175
AVGO,1H,2026-05-22T14:00:00Z,415.26,415.26,409.6,412.96,154623,3056,411.851256
AVGO,1H,2026-05-22T15:00:00Z,413,414.54,411.76,412,73487,1720,413.504915
AVGO,1H,2026-05-22T16:00:00Z,411.9,413.54,411.47,413.03,55113,1434,412.652082
AVGO,1H,2026-05-22T17:00:00Z,413.17,414.07,412.09,412.22,77005,2307,412.856923
AVGO,1H,2026-05-22T18:00:00Z,412.2,413.11,411.13,412.49,82927,2355,412.139343
AVGO,1H,2026-05-22T19:00:00Z,412.39,414.29,410.77,413.36,119405,3480,412.316174
AVGO,1H,2026-05-26T13:00:00Z,418.22,429.53,416.48,427.37,162625,3320,422.119346
AVGO,1H,2026-05-26T14:00:00Z,427.54,434.54,426.66,429.98,88983,2589,431.1288
AVGO,1H,2026-05-26T15:00:00Z,429.69,429.7,421.29,422.2,73699,2180,424.250267
AVGO,1H,2026-05-26T16:00:00Z,422.14,423.69,420.44,421.86,75957,2154,421.572564
AVGO,1H,2026-05-26T17:00:00Z,421.79,423.29,421.35,421.83,57565,1660,422.131621
AVGO,1H,2026-05-26T18:00:00Z,421.72,422.39,420.83,421.39,40681,1245,421.453225
AVGO,1H,2026-05-26T19:00:00Z,421.35,423.88,420.85,421.39,181347,4778,422.216241
AVGO,1H,2026-05-26T20:00:00Z,420.75,422.15,420.58,422.15,361,14,421.22684
AVGO,1H,2026-05-27T12:00:00Z,429.24,433.63,429.24,433.63,744,23,431.793333
AVGO,1H,2026-05-27T13:00:00Z,431.54,431.82,422.55,427.69,72279,1900,427.362881
AVGO,1H,2026-05-27T14:00:00Z,428.01,428.01,415.92,417.59,93743,2662,419.829626
AVGO,1H,2026-05-27T15:00:00Z,417.68,420.62,416.14,417.12,56582,1775,417.949378
AVGO,1H,2026-05-27T16:00:00Z,416.85,421.58,416.63,419.27,40007,1527,418.738259
AVGO,1H,2026-05-27T17:00:00Z,419.4,421.73,417.96,420.56,42818,1336,420.426744
AVGO,1H,2026-05-27T18:00:00Z,420.37,420.93,419.34,419.76,46132,1463,420.213924
AVGO,1H,2026-05-27T19:00:00Z,419.76,424.04,419.53,421.14,112821,3388,421.751262
AVGO,1H,2026-05-27T20:00:00Z,420.86,422.75,420.86,422.75,410,13,422.005625
AVGO,1H,2026-05-28T12:00:00Z,412.49,412.49,412.47,412.47,80,2,412.48
AVGO,1H,2026-05-28T13:00:00Z,418.34,423.59,413.46,419.51,146436,2072,417.34423
AVGO,1H,2026-05-28T14:00:00Z,419.41,422.55,416.33,422.53,122959,2339,419.154002
AVGO,1H,2026-05-28T15:00:00Z,422.62,425.13,422.15,425.13,46268,1337,423.550838
AVGO,1H,2026-05-28T16:00:00Z,425.08,427.2,424.18,425.63,56706,1372,426.000343
AVGO,1H,2026-05-28T17:00:00Z,425.73,428.08,425.34,427.76,41878,1451,426.912549
AVGO,1H,2026-05-28T18:00:00Z,427.65,428.95,425.83,425.83,52228,1672,427.589382
AVGO,1H,2026-05-28T19:00:00Z,425.81,427.89,424.58,425.88,98605,2855,426.07467
AVGO,1H,2026-05-28T20:00:00Z,425.65,432.14,425.65,431.26,268,10,429.582459
AVGO,1H,2026-05-29T12:00:00Z,433.21,433.21,433.03,433.04,240,10,433.117059
AVGO,1H,2026-05-29T13:00:00Z,432.43,447.72,430.97,443.97,132426,3251,441.506987
AVGO,1H,2026-05-29T14:00:00Z,444.3,445.31,434.01,436.3,225235,4811,438.684472
AVGO,1H,2026-05-29T15:00:00Z,436.61,441.6,436.58,438.02,92898,2732,439.077433
AVGO,1H,2026-05-29T16:00:00Z,438.01,440.64,438.01,438.79,83150,2121,439.52357
AVGO,1H,2026-05-29T17:00:00Z,438.64,439.26,433.45,434.43,88108,2529,435.906157
AVGO,1H,2026-05-29T18:00:00Z,434.47,436.02,434.32,435.15,56195,1862,435.255219
AVGO,1H,2026-05-29T19:00:00Z,435.21,448.1,434.71,446.7,282410,6393,443.6891
AVGO,1H,2026-05-29T20:00:00Z,445.89,446.24,443.63,443.63,1476,42,445.019984
AVGO,1H,2026-06-01T12:00:00Z,456.04,456.04,455.56,455.56,460,7,455.68878
AVGO,1H,2026-06-01T13:00:00Z,449.72,455.43,441.86,447.28,148904,4024,449.399171
AVGO,1H,2026-06-01T14:00:00Z,447.36,459.63,445.39,454.67,142380,4086,453.391878
AVGO,1H,2026-06-01T15:00:00Z,454.7,459.06,453.96,457.71,73994,2263,456.551011
AVGO,1H,2026-06-01T16:00:00Z,458.39,462.82,458.39,461.26,106993,3094,460.871564
AVGO,1H,2026-06-01T17:00:00Z,461.26,465.26,459.03,463.31,80376,2369,461.226463
AVGO,1H,2026-06-01T18:00:00Z,463.23,463.84,458.15,461.45,103440,2685,460.502001
AVGO,1H,2026-06-01T19:00:00Z,461.44,461.95,455.79,459.36,190464,5088,458.607586
AVGO,1H,2026-06-01T20:00:00Z,459.99,467.53,459.37,466.41,2198,49,463.539615
AVGO,1H,2026-06-02T12:00:00Z,487.89,487.89,487.89,487.89,284,2,487.89
AVGO,1H,2026-06-02T13:00:00Z,487.23,487.91,477.92,480.23,247758,4894,482.741708
AVGO,1H,2026-06-02T14:00:00Z,480.48,482.05,477.05,479.24,161519,4315,479.103383
AVGO,1H,2026-06-02T15:00:00Z,479.22,483.36,474.92,482.88,106826,3265,480.165618
AVGO,1H,2026-06-02T16:00:00Z,483,484.92,478.24,478.97,131671,3701,482.346387
AVGO,1H,2026-06-02T17:00:00Z,478.96,479.12,474.25,474.72,146033,3338,476.96463
AVGO,1H,2026-06-02T18:00:00Z,474.58,475.02,469.72,472.7,189110,3971,472.235022
AVGO,1H,2026-06-02T19:00:00Z,472.69,482.03,472.69,481.15,261068,6010,477.198562
AVGO,1H,2026-06-02T20:00:00Z,482.04,483.93,482.04,483.93,975,35,483.006965
AVGO,1H,2026-06-03T12:00:00Z,490.09,491.68,490.09,491.01,573,18,491.205333
AVGO,1H,2026-06-03T13:00:00Z,492.54,494.22,472.05,477.41,192185,3934,479.239419
AVGO,1H,2026-06-03T14:00:00Z,477.42,487.65,475.98,484.92,179954,4447,483.18292
AVGO,1H,2026-06-03T15:00:00Z,484.94,488.68,483.23,485.02,98388,2464,486.413394
AVGO,1H,2026-06-03T16:00:00Z,485.21,485.89,481.66,485.87,152059,3073,484.018889
AVGO,1H,2026-06-03T17:00:00Z,485.76,486.37,481.29,485.79,95023,2256,484.562953
AVGO,1H,2026-06-03T18:00:00Z,485.77,488.35,484.72,486.52,180774,3807,486.499129
AVGO,1H,2026-06-03T19:00:00Z,486.64,489.18,477.86,477.86,264908,6826,483.60549
AVGO,1H,2026-06-03T20:00:00Z,479.69,479.7,438.32,453.88,15308,726,452.941307
AVGO,1H,2026-06-04T12:00:00Z,406.59,410.96,406.59,407.16,3604,130,408.478164
AVGO,1H,2026-06-04T13:00:00Z,406.03,415.71,402.41,403.41,456139,9710,407.7796
AVGO,1H,2026-06-04T14:00:00Z,403.4,411.67,403.12,407.68,464996,10466,407.492682
AVGO,1H,2026-06-04T15:00:00Z,407.67,414.3,406.27,407.54,380433,9405,411.349055
AVGO,1H,2026-06-04T16:00:00Z,407.62,414.71,406.74,414.71,271083,6615,410.267069
AVGO,1H,2026-06-04T17:00:00Z,414.39,423.67,413.87,423.02,274405,6953,419.124112
AVGO,1H,2026-06-04T18:00:00Z,422.95,425.69,415.19,415.66,202545,5575,419.546805
AVGO,1H,2026-06-04T19:00:00Z,415.62,422.76,414.3,418.29,355195,10129,418.726101
AVGO,1H,2026-06-04T20:00:00Z,418.4,419.44,416.92,416.92,477,34,418.1175
AVGO,1H,2026-06-05T12:00:00Z,409.49,410.3,409.46,410.3,200,6,409.714286
AVGO,1H,2026-06-05T13:00:00Z,407.58,409.53,399.37,400.93,305234,5427,402.372595
AVGO,1H,2026-06-05T14:00:00Z,401.16,403.71,396.39,400.21,246820,5947,399.956412
AVGO,1H,2026-06-05T15:00:00Z,399.6,400.22,394.45,394.86,139564,4058,396.724152
AVGO,1H,2026-06-05T16:00:00Z,394.38,394.99,391.3,394.53,122672,3874,393.181939
AVGO,1H,2026-06-05T17:00:00Z,394.55,396.63,392.94,393.94,77208,2689,394.765043
AVGO,1H,2026-06-05T18:00:00Z,394.01,394.04,386.32,388.28,181988,5537,389.091409
AVGO,1H,2026-06-05T19:00:00Z,388.07,390,385.12,385.12,453674,11196,387.931237
AVGO,1H,2026-06-05T20:00:00Z,385.4,386.24,383.36,385.1,3078,86,384.643656
AVGO,1H,2026-06-08T12:00:00Z,396.71,398.5,396.71,398.5,1801,63,397.721409
AVGO,1H,2026-06-08T13:00:00Z,397.27,402.04,391.61,391.71,146283,3489,397.256915
AVGO,1H,2026-06-08T14:00:00Z,391.61,398.68,390.88,397.16,152021,3586,394.847129
AVGO,1H,2026-06-08T15:00:00Z,397.17,399.29,395.85,396.02,119125,2807,397.533325
AVGO,1H,2026-06-08T16:00:00Z,396.06,397.31,393.35,395.68,97821,2247,395.41746
AVGO,1H,2026-06-08T17:00:00Z,395.69,395.76,392.45,394.01,65058,1774,394.264528
AVGO,1H,2026-06-08T18:00:00Z,394.2,395.7,393.65,395.45,59453,1674,394.482187
AVGO,1H,2026-06-08T19:00:00Z,395.57,396.33,392.95,396.09,162517,4631,395.156482
AVGO,1H,2026-06-09T13:00:00Z,403.9,407.08,397.61,398.2,116874,2464,402.713329
AVGO,1H,2026-06-09T14:00:00Z,397.93,398.61,385.44,388.22,110304,2599,391.422311
AVGO,1H,2026-06-09T15:00:00Z,388.71,388.94,377.13,377.59,118220,3366,382.620984
AVGO,1H,2026-06-09T16:00:00Z,377.28,378.33,369.8,373.98,166645,3579,373.609591
AVGO,1H,2026-06-09T17:00:00Z,374.33,384.6,374.17,383.33,206243,3435,380.554924
AVGO,1H,2026-06-09T18:00:00Z,383.34,391.54,382.3,391.18,132432,2712,386.63272
AVGO,1H,2026-06-09T19:00:00Z,391.09,392.25,386.45,392.14,236464,5306,389.626715
AVGO,1H,2026-06-09T20:00:00Z,391.94,391.98,390.44,390.44,510,18,391.725714
AVGO,1H,2026-06-10T12:00:00Z,381.03,386.49,381.01,386.49,344,10,382.128367
AVGO,1H,2026-06-10T13:00:00Z,381.34,384.97,371.88,372.2,361498,7103,377.105894
AVGO,1H,2026-06-10T14:00:00Z,372.28,378.23,371.72,373.9,205753,5665,375.041362
AVGO,1H,2026-06-10T15:00:00Z,374.22,376.12,370.78,375.86,207347,4545,373.630911
AVGO,1H,2026-06-10T16:00:00Z,375.88,375.99,371.74,372.29,120443,3265,373.727441
AVGO,1H,2026-06-10T17:00:00Z,372.26,378.27,371.27,378.08,424276,5015,374.763666
AVGO,1H,2026-06-10T18:00:00Z,378.2,378.97,372.59,372.61,361334,4794,377.561901
AVGO,1H,2026-06-10T19:00:00Z,372.61,373.82,370.6,371.29,256803,6829,372.347893
AVGO,1H,2026-06-10T20:00:00Z,371.07,371.53,371.07,371.53,385,18,371.223333
AVGO,1H,2026-06-11T12:00:00Z,375.64,375.64,375.64,375.64,80,3,375.64
AVGO,1H,2026-06-11T13:00:00Z,370.96,379.79,369.7,378.8,114931,2796,375.682968
AVGO,1H,2026-06-11T14:00:00Z,378.7,380.31,372.95,373.24,139740,3509,377.041919
AVGO,1H,2026-06-11T15:00:00Z,373.25,377.13,371.98,376.26,80989,2311,375.268008
AVGO,1H,2026-06-11T16:00:00Z,376.13,379.21,375.89,376.02,39675,1742,377.576284
AVGO,1H,2026-06-11T17:00:00Z,375.56,384.26,374.1,384.26,123587,2881,380.075585
AVGO,1H,2026-06-11T18:00:00Z,384.23,384.98,380.74,384.09,68175,2261,383.367546
AVGO,1H,2026-06-11T19:00:00Z,384.09,388.14,382.42,384.4,230214,6509,385.325822
AVGO,1H,2026-06-11T20:00:00Z,382.89,383.07,382.89,383.07,284,12,382.98
AVGO,1H,2026-06-12T12:00:00Z,385.98,385.98,382.58,382.59,553,18,383.9641
AVGO,1H,2026-06-12T13:00:00Z,382.71,384.24,377.58,379.37,122368,2663,380.186487
AVGO,1H,2026-06-12T14:00:00Z,379.49,383.04,376.49,380.72,135992,3115,380.057817
AVGO,1H,2026-06-12T15:00:00Z,380.58,383.96,377.19,377.4,107434,3110,381.032117
AVGO,1H,2026-06-12T16:00:00Z,377.36,381.03,377.36,380.91,80352,2394,379.497062
AVGO,1H,2026-06-12T17:00:00Z,381.23,382.47,379.66,380.66,74457,1923,380.610017
AVGO,1H,2026-06-12T18:00:00Z,380.72,381.23,378.92,380.16,55455,1994,379.996943
AVGO,1H,2026-06-12T19:00:00Z,380.35,381.77,379.46,381.35,109132,3823,380.703316
AVGO,1H,2026-06-12T20:00:00Z,381.71,381.71,381.71,381.71,184,9,381.71
AVGO,1H,2026-06-15T12:00:00Z,393.26,393.26,391.5,392.15,464,15,392.119114
AVGO,1H,2026-06-15T13:00:00Z,392.6,395.08,389.81,389.86,182717,3847,393.107371
AVGO,1H,2026-06-15T14:00:00Z,389.98,391.78,388.12,388.12,147402,3731,389.763496
AVGO,1H,2026-06-15T15:00:00Z,388.09,393.2,388.05,393.1,144984,3364,391.417217
AVGO,1H,2026-06-15T16:00:00Z,393.16,393.48,390.7,392.23,70422,2061,392.282195
AVGO,1H,2026-06-15T17:00:00Z,392.1,393.74,391.65,393.69,49375,1717,392.634335
AVGO,1H,2026-06-15T18:00:00Z,393.67,394.45,393.07,393.26,66176,2207,393.738687
AVGO,1H,2026-06-15T19:00:00Z,393.19,394.7,392.11,393.35,184366,5390,393.38362
AVGO,1H,2026-06-16T12:00:00Z,392.79,392.79,392.11,392.11,371,14,392.408477
AVGO,1H,2026-06-16T13:00:00Z,389.82,390.99,385.91,385.95,150868,3240,387.841774
AVGO,1H,2026-06-16T14:00:00Z,386.03,386.42,380.57,381.98,145674,3946,383.128198
AVGO,1H,2026-06-16T15:00:00Z,382.08,384.07,378.46,378.53,218491,4585,380.044411
AVGO,1H,2026-06-16T16:00:00Z,378.62,380.11,376.37,378.93,167015,4120,378.32292
AVGO,1H,2026-06-16T17:00:00Z,378.84,379.94,377.6,379.04,100818,2489,378.73936
AVGO,1H,2026-06-16T18:00:00Z,379.04,380.91,379.03,379.95,82582,2251,380.174942
AVGO,1H,2026-06-16T19:00:00Z,379.9,380.94,375.94,375.94,269752,6978,378.051237
AVGO,1H,2026-06-16T20:00:00Z,376.04,376.66,376.04,376.66,290,11,376.35
AVGO,1H,2026-06-17T12:00:00Z,384.5,385.23,384.5,384.93,631,20,384.946667
AVGO,1H,2026-06-17T13:00:00Z,385.27,392.88,382.16,389.73,245526,5241,388.203845
AVGO,1H,2026-06-17T14:00:00Z,389.8,398.12,389.8,392.89,349076,7151,393.731194
AVGO,1H,2026-06-17T15:00:00Z,392.89,399.25,392.68,397.81,174748,4172,396.891352
AVGO,1H,2026-06-17T16:00:00Z,397.81,398.77,395.84,395.93,106505,2820,397.16558
AVGO,1H,2026-06-17T17:00:00Z,395.97,397.59,394.03,397.46,89564,2489,395.497802
AVGO,1H,2026-06-17T18:00:00Z,397.73,399.96,392.4,396.05,159055,3778,395.679611
AVGO,1H,2026-06-17T19:00:00Z,396.06,397.97,388.82,392.29,258432,6595,392.223352
AVGO,1H,2026-06-17T20:00:00Z,393.36,394.76,393.36,394.76,260,10,393.99913
AVGO,1H,2026-06-18T12:00:00Z,403.7,404.23,403.7,404.23,340,9,404.090714
AVGO,1H,2026-06-18T13:00:00Z,404.4,411.72,403.99,408.39,105513,3116,408.136697
AVGO,1H,2026-06-18T14:00:00Z,407.96,410.67,405.16,408.9,82586,2729,408.054925
AVGO,1H,2026-06-18T15:00:00Z,408.76,410.9,405.85,407.44,72179,2274,408.867524
AVGO,1H,2026-06-18T16:00:00Z,407.5,409.23,406.76,407.24,67954,1975,408.042596
AVGO,1H,2026-06-18T17:00:00Z,407.3,408.2,406.15,407.69,77443,2164,407.117998
AVGO,1H,2026-06-18T18:00:00Z,407.84,407.89,406.16,407.56,56376,1625,407.093322
AVGO,1H,2026-06-18T19:00:00Z,407.69,412,406.93,410.42,169448,4278,410.223416
AVGO,1H,2026-06-18T20:00:00Z,410.88,411.33,410.88,411.33,309,13,411.159503
AVGO,1H,2026-06-22T12:00:00Z,410.17,410.22,409.78,409.78,233,8,410.065384
AVGO,1H,2026-06-22T13:00:00Z,411.26,414.63,399.26,400.79,117151,2554,403.602915
AVGO,1H,2026-06-22T14:00:00Z,400.82,401.035,392.945,394.9,176320,3350,396.172177
AVGO,1H,2026-06-22T15:00:00Z,394.965,397.475,394.38,396.97,69513,1974,395.647085
AVGO,1H,2026-06-22T16:00:00Z,396.87,397.72,395.13,397.31,55308,1544,396.387993
AVGO,1H,2026-06-22T17:00:00Z,397.18,397.35,395.34,395.75,47893,1197,396.162429
AVGO,1H,2026-06-22T18:00:00Z,395.89,397.31,394.755,394.85,105124,1935,395.86508
AVGO,1H,2026-06-22T19:00:00Z,394.805,395.89,392.025,392.29,201606,4156,393.962921
AVGO,1H,2026-06-22T20:00:00Z,393.35,393.35,393.35,393.35,148,5,393.35
AVGO,1H,2026-06-23T12:00:00Z,376.28,376.33,376.28,376.33,120,3,376.303333
AVGO,1H,2026-06-23T13:00:00Z,377.215,389.415,377.215,389.3,132515,2751,384.833252
AVGO,1H,2026-06-23T14:00:00Z,389.02,390.755,381.685,382.5,163114,3472,386.660127
AVGO,1H,2026-06-23T15:00:00Z,382.555,382.83,379.32,380.66,113959,2834,380.573549
AVGO,1H,2026-06-23T16:00:00Z,380.675,383.83,380.565,383.46,98681,2540,382.461959
AVGO,1H,2026-06-23T17:00:00Z,383.415,385.11,381.14,381.9,57218,1790,383.573151
AVGO,1H,2026-06-23T18:00:00Z,381.74,383.155,379.85,380.25,85139,2436,381.6364
AVGO,1H,2026-06-23T19:00:00Z,380.1,382.75,379.83,380.13,212370,6115,381.013688
AVGO,1H,2026-06-24T13:00:00Z,390.96,390.96,379.36,382.155,123324,3110,384.210337
AVGO,1H,2026-06-24T14:00:00Z,382.1,385.06,379.32,384.98,127031,3199,382.820388
AVGO,1H,2026-06-24T15:00:00Z,384.99,386.35,383.235,384.15,95031,2418,385.182491
AVGO,1H,2026-06-24T16:00:00Z,384.09,386.78,383.4,383.58,84534,2314,384.77671
AVGO,1H,2026-06-24T17:00:00Z,383.53,385,379.68,379.7,90955,2620,381.642011
AVGO,1H,2026-06-24T18:00:00Z,379.77,382.18,377.5,378.35,107393,2775,380.205458
AVGO,1H,2026-06-24T19:00:00Z,378.4,382.2,376.97,382.06,249777,5653,379.97782
AVGO,1H,2026-06-24T20:00:00Z,384.98,392.71,384.98,392.71,1772,49,387.310514
AVGO,1H,2026-06-25T12:00:00Z,389.66,389.66,389.66,389.66,88,5,389.66
AVGO,1H,2026-06-25T13:00:00Z,388.82,388.82,372.75,373.13,169031,3695,382.109704
AVGO,1H,2026-06-25T14:00:00Z,373.275,384.61,373.08,382.325,114654,3019,379.631248
AVGO,1H,2026-06-25T15:00:00Z,382.26,383.455,378,382.62,65499,1760,381.41914
AVGO,1H,2026-06-25T16:00:00Z,382.58,386.5,378.96,380.27,49499,1396,382.55397
AVGO,1H,2026-06-25T17:00:00Z,380.66,381.565,379.18,380.66,66375,1661,380.302024
AVGO,1H,2026-06-25T18:00:00Z,380.7,382.33,378.54,379.76,68790,1763,380.140228
AVGO,1H,2026-06-25T19:00:00Z,379.76,380.03,376.66,379.325,151860,3764,378.355882
AVGO,1H,2026-06-25T20:00:00Z,382.99,382.99,382.99,382.99,155,8,382.99
AVGO,1H,2026-06-26T12:00:00Z,371.96,371.96,371.96,371.96,264,9,371.96
AVGO,1H,2026-06-26T13:00:00Z,367.18,372.1,365.54,368.5,104475,2289,367.783077
AVGO,1H,2026-06-26T14:00:00Z,368.525,371.13,365.35,366.165,127940,3777,367.725974
AVGO,1H,2026-06-26T15:00:00Z,366.32,373.65,365.49,370.555,164860,4308,369.897228
AVGO,1H,2026-06-26T16:00:00Z,370.625,372.985,369.56,371.41,139665,3250,371.396475
AVGO,1H,2026-06-26T17:00:00Z,371.38,373.45,370.28,370.67,81005,1901,371.767159
AVGO,1H,2026-06-26T18:00:00Z,370.84,370.96,366.86,367.11,109183,2473,368.960887
AVGO,1H,2026-06-26T19:00:00Z,366.92,371.32,363.91,363.91,284820,6511,367.976316
AVGO,1H,2026-06-26T20:00:00Z,366.23,366.23,364.18,365.26,442,14,364.897647
AVGO,1H,2026-06-29T13:00:00Z,373.73,375.155,368.87,369.42,84661,2010,372.455549
AVGO,1H,2026-06-29T14:00:00Z,369.61,370.845,360.7,370.845,144618,3427,367.156697
AVGO,1H,2026-06-29T15:00:00Z,370.79,371.46,368.515,371.46,70060,2265,370.153351
AVGO,1H,2026-06-29T16:00:00Z,371.47,371.615,369.935,370.95,51990,1607,370.687823
AVGO,1H,2026-06-29T17:00:00Z,370.97,376.135,370.97,374.85,65163,1777,374.344612
AVGO,1H,2026-06-29T18:00:00Z,374.79,376,374.04,374.37,52080,1341,374.853931
AVGO,1H,2026-06-29T19:00:00Z,374.39,374.42,371.53,372.3,128541,3616,372.84389
AVGO,1H,2026-06-30T12:00:00Z,377.36,377.44,375.24,375.24,2134,79,376.482797
AVGO,1H,2026-06-30T13:00:00Z,374.71,378.01,370.74,376.455,93584,2457,375.596971
AVGO,1H,2026-06-30T14:00:00Z,376.68,378.73,374.015,374.74,159374,3822,376.957411
AVGO,1H,2026-06-30T15:00:00Z,374.79,377.09,373.745,376.32,84789,2433,375.236831
AVGO,1H,2026-06-30T16:00:00Z,376.285,377.08,374.03,375.45,76673,2105,375.921782
AVGO,1H,2026-06-30T17:00:00Z,375.37,377.13,374.28,375.84,68621,2302,375.343542
AVGO,1H,2026-06-30T18:00:00Z,375.94,378.85,375.24,378.32,169898,2119,376.726598
AVGO,1H,2026-06-30T19:00:00Z,378.31,379.62,377.07,377.55,176399,4821,378.264046
AVGO,1H,2026-06-30T20:00:00Z,377.32,377.32,377.32,377.32,64,3,377.32
AVGO,1H,2026-07-01T13:00:00Z,371.84,373.34,368.62,371.79,70154,1938,371.007955
AVGO,1H,2026-07-01T14:00:00Z,371.83,373.68,368.67,370.53,60404,1714,371.487469
AVGO,1H,2026-07-01T15:00:00Z,370.58,372.73,369.83,370.775,67893,1854,371.445064
AVGO,1H,2026-07-01T16:00:00Z,370.665,371.1,368.05,368.58,60580,1756,369.103375
AVGO,1H,2026-07-01T17:00:00Z,368.56,370.37,368.095,369.27,80093,2002,369.352863
AVGO,1H,2026-07-01T18:00:00Z,369.43,370.905,368.985,370.16,97232,2527,370.041309
AVGO,1H,2026-07-01T19:00:00Z,370.21,372.53,369.03,369.33,244593,5537,370.713384
AVGO,1H,2026-07-01T20:00:00Z,368.23,368.23,368.23,368.23,281,8,368.23
AVGO,1H,2026-07-02T12:00:00Z,372.06,372.06,372.06,372.06,230,9,372.06
AVGO,1H,2026-07-02T13:00:00Z,370.06,372.01,364.12,370.93,70698,1490,369.797897
AVGO,1H,2026-07-02T14:00:00Z,371.255,373.99,365.99,368.2,111558,2548,369.773478
AVGO,1H,2026-07-02T15:00:00Z,368.18,368.43,363,364.46,104856,2712,365.195009
AVGO,1H,2026-07-02T16:00:00Z,364.51,364.64,358.47,359.06,70512,1963,361.100647
AVGO,1H,2026-07-02T17:00:00Z,359.04,360.515,357.9,358.565,64636,1756,358.994884
AVGO,1H,2026-07-02T18:00:00Z,358.74,361.36,358.19,359.3,84168,2361,359.770614
AVGO,1H,2026-07-02T19:00:00Z,359.38,361.26,356.46,360.5,212537,5683,359.032538
AVGO,1H,2026-07-06T12:00:00Z,377.58,377.58,373.7,373.7,274,9,375.811953
AVGO,1H,2026-07-06T13:00:00Z,373.9,383.16,371.67,380.665,100562,2355,378.710681
AVGO,1H,2026-07-06T14:00:00Z,380.69,381.05,374.62,375.28,119321,2700,379.163987
AVGO,1H,2026-07-06T15:00:00Z,375.385,376.14,373.09,374.22,97004,1852,374.287118
AVGO,1H,2026-07-06T16:00:00Z,373.89,376.435,373.87,375.71,52476,1095,375.103501
AVGO,1H,2026-07-06T17:00:00Z,375.64,377.04,373.77,375.53,185500,2803,375.700524
AVGO,1H,2026-07-06T18:00:00Z,375.65,377.21,374.565,376.42,99933,1908,376.008203
AVGO,1H,2026-07-06T19:00:00Z,376.76,377.37,373.54,374.01,200677,4525,375.899907
AVGO,1H,2026-07-07T12:00:00Z,365.56,365.74,365.39,365.39,340,9,365.606667
AVGO,1H,2026-07-07T13:00:00Z,366.37,372.34,365.04,366.24,77806,1774,367.9097
AVGO,1H,2026-07-07T14:00:00Z,366.25,367.615,362.03,363.815,112035,2765,364.486793
AVGO,1H,2026-07-07T15:00:00Z,363.79,367.98,362.81,367.91,87227,2057,364.89151
AVGO,1H,2026-07-07T16:00:00Z,367.945,371.895,367.84,370.84,79402,1903,370.283172
AVGO,1H,2026-07-07T17:00:00Z,370.84,372.89,370.77,372.33,39270,1048,371.876428
AVGO,1H,2026-07-07T18:00:00Z,372.24,372.46,367.93,368.09,49234,1303,370.34785
AVGO,1H,2026-07-07T19:00:00Z,368.04,370.795,366.72,370.53,356283,7061,368.890999
AVGO,1H,2026-07-07T20:00:00Z,370.85,371.21,370.85,371.02,220,5,371.081
AVGO,1H,2026-07-08T12:00:00Z,369.46,372.22,369.46,372.22,483,11,371.016517
AVGO,1H,2026-07-08T13:00:00Z,374.2,386.36,374.2,385.24,162760,3347,381.733416
AVGO,1H,2026-07-08T14:00:00Z,385.21,390.3,384.54,388.585,202087,4314,387.058762
AVGO,1H,2026-07-08T15:00:00Z,388.525,390.03,383.29,385.56,149193,3705,386.156171
AVGO,1H,2026-07-08T16:00:00Z,385.55,395,385.465,394.88,136145,2684,391.285825
AVGO,1H,2026-07-08T17:00:00Z,394.96,394.96,388.61,389.455,55727,1428,392.021209
AVGO,1H,2026-07-08T18:00:00Z,389.42,390.48,388.66,389.91,58150,1734,389.649689
AVGO,1H,2026-07-08T19:00:00Z,389.925,392.61,388.5,388.73,238697,5697,389.893139
AVGO,1H,2026-07-09T13:00:00Z,402.285,403.625,393.38,393.88,164188,3156,399.653063
AVGO,1H,2026-07-09T14:00:00Z,393.84,395.575,388,394.36,113503,2601,392.921247
AVGO,1H,2026-07-09T15:00:00Z,394.1,401.93,393.22,400.56,120964,2924,398.718452
AVGO,1H,2026-07-09T16:00:00Z,400.6,403.48,400.135,402.67,92184,2134,401.647178
AVGO,1H,2026-07-09T17:00:00Z,402.62,407.45,402.36,405.57,98122,2431,404.945619
AVGO,1H,2026-07-09T18:00:00Z,405.58,406.4,403.68,404.82,128419,2417,405.395815
AVGO,1H,2026-07-09T19:00:00Z,404.785,404.785,399.635,401.25,170585,4199,401.5983
AVGO,1H,2026-07-10T13:00:00Z,397.85,402.36,395.895,399.37,49507,1194,399.345966
AVGO,1H,2026-07-10T14:00:00Z,399.41,401.74,397.33,398.805,51663,1594,399.443292
AVGO,1H,2026-07-10T15:00:00Z,398.62,401.6,398.23,400.805,59891,1454,400.204467
AVGO,1H,2026-07-10T16:00:00Z,400.93,402.28,400.37,401.295,55929,1454,401.4951
AVGO,1H,2026-07-10T17:00:00Z,401.11,402.11,400.59,400.65,30396,1046,401.280642
AVGO,1H,2026-07-10T18:00:00Z,400.69,400.795,399.32,399.845,42446,1549,400.01134
AVGO,1H,2026-07-10T19:00:00Z,399.86,400.65,399.38,399.91,99254,3358,399.879713
AVGO,1H,2026-07-10T20:00:00Z,400.07,400.07,400.07,400.07,165,5,400.07
AVGO,1H,2026-07-13T12:00:00Z,394.37,394.4,394.37,394.4,180,2,394.386667
AVGO,1H,2026-07-13T13:00:00Z,394.67,394.81,386.96,389.87,86853,1771,389.524071
AVGO,1H,2026-07-13T14:00:00Z,389.925,395.65,389.82,392.45,75484,1957,392.090833
AVGO,1H,2026-07-13T15:00:00Z,392.5,392.59,389.425,389.65,66850,1783,390.97407
AVGO,1H,2026-07-13T16:00:00Z,389.6,390.08,385.84,387.075,47023,1265,388.543545
AVGO,1H,2026-07-13T17:00:00Z,387.03,388.83,385.47,385.88,53209,1461,386.814186
AVGO,1H,2026-07-13T18:00:00Z,385.915,387.03,385.17,385.5,46999,1321,386.119995
AVGO,1H,2026-07-13T19:00:00Z,385.55,387.25,383.55,383.55,234028,5512,385.686023
AVGO,1H,2026-07-13T20:00:00Z,383.37,383.37,383.37,383.37,107,4,383.37
AVGO,1H,2026-07-14T12:00:00Z,394.51,394.51,394.51,394.51,100,1,394.51
AVGO,1H,2026-07-14T13:00:00Z,394.18,394.65,384.665,391.59,110830,2243,389.208498
AVGO,1H,2026-07-14T14:00:00Z,391.59,396.335,388.61,395.33,146024,3344,392.728613
AVGO,1H,2026-07-14T15:00:00Z,395.44,397.26,393.98,394.54,73917,2018,395.469637
AVGO,1H,2026-07-14T16:00:00Z,394.46,394.54,392.295,394.325,65986,1785,393.070171
AVGO,1H,2026-07-14T17:00:00Z,394.35,395.17,392.285,394.075,48620,1129,393.828393
AVGO,1H,2026-07-14T18:00:00Z,394.075,394.76,393.07,393.9,44183,1244,394.060581
AVGO,1H,2026-07-14T19:00:00Z,393.875,393.95,389.05,389.09,117236,3312,390.718499
AVGO,1H,2026-07-15T13:00:00Z,396.25,398.82,392.62,397.44,67964,1512,396.081445
AVGO,1H,2026-07-15T14:00:00Z,398,398.37,388.15,391.15,78340,1907,392.714248
AVGO,1H,2026-07-15T15:00:00Z,391.11,391.11,386.995,389.19,59768,1937,389.110691
AVGO,1H,2026-07-15T16:00:00Z,389.35,390.55,386.865,389.745,66826,2190,388.364117
AVGO,1H,2026-07-15T17:00:00Z,389.64,394.55,389.51,393.975,35338,1372,392.379149
AVGO,1H,2026-07-15T18:00:00Z,394.04,395.86,391.8,391.93,50793,1731,393.86842
AVGO,1H,2026-07-15T19:00:00Z,392.07,395.25,391.83,394.13,138120,3937,394.054189
AVGO,1H,2026-07-15T20:00:00Z,394.34,394.4,394.16,394.16,312,8,394.295556
AVGO,1H,2026-07-16T13:00:00Z,384.82,386.58,378.12,381.21,70734,1505,380.655278
AVGO,1H,2026-07-16T14:00:00Z,381.2,386.09,380.79,381.825,71155,1384,383.625139
AVGO,1H,2026-07-16T15:00:00Z,382.15,382.755,379.63,382.02,56675,1538,381.211859
AVGO,1H,2026-07-16T16:00:00Z,381.94,381.94,378.515,378.69,69598,1732,379.932342
AVGO,1H,2026-07-16T17:00:00Z,378.65,378.685,375.74,375.99,74863,1831,377.33847
AVGO,1H,2026-07-16T18:00:00Z,376.15,377.82,374.615,375.77,61833,1606,376.346451
AVGO,1H,2026-07-16T19:00:00Z,375.66,376.6,371.945,374.83,268597,6250,374.395684
AVGO,1H,2026-07-17T12:00:00Z,365.99,365.99,365.3,365.3,384,9,365.54
AVGO,1H,2026-07-17T13:00:00Z,365.2,368.42,357.97,365.01,83804,2106,362.517873
AVGO,1H,2026-07-17T14:00:00Z,364.94,374.16,364.79,369.06,179322,3334,370.39614
AVGO,1H,2026-07-17T15:00:00Z,369.22,373.25,367.59,372.435,46633,1287,369.567714
AVGO,1H,2026-07-17T16:00:00Z,372.44,376.35,370.67,375.3,66965,1604,373.797679
AVGO,1H,2026-07-17T17:00:00Z,375.37,377.325,373.925,374.04,56686,1459,375.846291
AVGO,1H,2026-07-17T18:00:00Z,374.02,374.62,371.78,373.4,52080,1437,373.121004
AVGO,1H,2026-07-17T19:00:00Z,373.52,373.61,369.89,370.69,153044,4427,371.728508
