symbol,timeframe,timestamp,open,high,low,close,volume,trade_count,vwap,rsi_9,rsi_wma_21,rsi_ema_3,bb_mid_20,bb_upper_20_2,bb_lower_20_2,hm_state,hm_signal,bb_position,hm_bb_signal
AAPL,1H,2025-07-18T13:00:00Z,209.75,210.18,209.09,209.53,123421,1411,209.454653,,,,,,,NEUTRAL,,,
AAPL,1H,2025-07-18T14:00:00Z,209.61,210.18,208.9,209.74,141711,1834,209.456681,,,,,,,NEUTRAL,,,
AAPL,1H,2025-07-18T15:00:00Z,209.66,210.27,209.6,210.21,101766,1456,210.01634,,,,,,,NEUTRAL,,,
AAPL,1H,2025-07-18T16:00:00Z,210.22,210.94,209.87,210.5,86957,1244,210.352841,,,,,,,NEUTRAL,,,
AAPL,1H,2025-07-18T17:00:00Z,210.47,210.7,210.15,210.26,79768,1216,210.411866,,,,,,,NEUTRAL,,,
AAPL,1H,2025-07-18T18:00:00Z,210.26,210.41,209.94,210.11,64413,1162,210.131873,,,,,,,NEUTRAL,,,
AAPL,1H,2025-07-18T19:00:00Z,210.15,210.49,210.02,210.33,132892,1943,210.179909,,,,,,,NEUTRAL,,,
AAPL,1H,2025-07-21T13:00:00Z,211.28,214.92,210.85,213.16,272054,3275,213.316871,,,,,,,NEUTRAL,,,
AAPL,1H,2025-07-21T14:00:00Z,213.21,214.31,212.47,212.56,200537,2482,213.399495,,,,,,,NEUTRAL,,,
AAPL,1H,2025-07-21T15:00:00Z,212.52,212.86,212.04,212.51,101625,1316,212.469496,81.09956663499071,,,,,,NEUTRAL,,,
AAPL,1H,2025-07-21T16:00:00Z,212.53,213.0,212.33,212.7,69748,968,212.579419,81.9972942401658,,,,,,NEUTRAL,,,
AAPL,1H,2025-07-21T17:00:00Z,212.7,212.89,212.06,212.07,74631,1038,212.564062,69.65575586253436,,75.6020931500563,,,,NEUTRAL,,,
AAPL,1H,2025-07-21T18:00:00Z,212.07,212.58,211.67,212.25,58361,876,212.147985,71.05602780470855,,73.32906047738243,,,,NEUTRAL,,,
AAPL,1H,2025-07-21T19:00:00Z,212.25,212.25,211.26,211.69,167975,1926,211.630309,61.17547081072933,,67.25226564405588,,,,NEUTRAL,,,
AAPL,1H,2025-07-22T13:00:00Z,212.4,213.11,211.42,212.74,182142,2032,212.224432,69.98060896317837,,68.61643730361712,,,,NEUTRAL,,,
AAPL,1H,2025-07-22T14:00:00Z,212.68,212.88,211.84,212.34,223997,2499,212.297813,63.781257370496526,,66.19884733705682,,,,NEUTRAL,,,
AAPL,1H,2025-07-22T15:00:00Z,212.38,212.98,211.95,212.44,129645,1773,212.421605,64.66171122078732,,65.43027927892207,,,,NEUTRAL,,,
AAPL,1H,2025-07-22T16:00:00Z,212.36,212.87,212.05,212.58,100054,1209,212.416531,65.96482337232155,,65.69755132562182,,,,NEUTRAL,,,
AAPL,1H,2025-07-22T17:00:00Z,212.56,213.57,212.53,212.97,92571,1377,213.172874,69.49063089516171,,67.59409111039176,,,,NEUTRAL,,,
AAPL,1H,2025-07-22T18:00:00Z,213.03,213.35,212.61,213.32,59940,920,213.065166,72.37944112261647,,69.98676611650411,211.7005,214.24304307006938,209.15795692993063,NEUTRAL,,ABOVE_MID,
AAPL,1H,2025-07-22T19:00:00Z,213.29,213.79,212.98,213.58,176111,2524,213.412975,74.40480065499494,,72.19578338574954,211.90299999999996,214.36140427492043,209.4445957250795,NEUTRAL,,ABOVE_MID,
AAPL,1H,2025-07-23T13:00:00Z,214.17,214.26,211.62,211.73,168202,2083,212.760245,46.8846324088772,,59.540207897313365,212.0025,214.24379544307698,209.76120455692302,NEUTRAL,,BELOW_MID,
AAPL,1H,2025-07-23T14:00:00Z,211.72,212.3,211.61,211.83,157995,2033,211.957245,48.05303128692082,,53.796619592117096,212.08350000000002,214.1633104670732,210.00368953292684,NEUTRAL,,BELOW_MID,
AAPL,1H,2025-07-23T15:00:00Z,211.88,212.93,211.82,212.51,105438,1295,212.178169,55.53551295570392,,54.66606627391051,212.18400000000003,214.1316885085443,210.23631149145575,NEUTRAL,,ABOVE_MID,
AAPL,1H,2025-07-23T16:00:00Z,212.42,212.88,212.38,212.75,58229,922,212.61713,57.94098021381962,,56.303523243865065,212.3085,214.045263778138,210.571736221862,NEUTRAL,,ABOVE_MID,
AAPL,1H,2025-07-23T17:00:00Z,212.77,213.77,212.69,213.63,70604,1120,213.35195,65.61436772215204,,60.95894548300855,212.48450000000003,213.9798327388911,210.98916726110895,NEUTRAL,,ABOVE_MID,
AAPL,1H,2025-07-23T18:00:00Z,213.67,213.83,213.41,213.71,81141,1305,213.625418,66.2442161054704,,63.601580794239474,212.65350000000004,213.8596120660158,211.44738793398426,NEUTRAL,,ABOVE_MID,
AAPL,1H,2025-07-23T19:00:00Z,213.74,213.78,212.79,213.38,137079,2139,213.233161,61.054394735357604,,62.327987764798536,212.6645,213.8938511339425,211.43514886605752,NEUTRAL,,ABOVE_MID,
AAPL,1H,2025-07-24T13:00:00Z,213.05,214.83,212.69,213.0,172170,2005,213.684539,55.428874583442315,,58.87843117412042,212.68649999999997,213.92370014974358,211.44929985025635,NEUTRAL,,ABOVE_MID,
AAPL,1H,2025-07-24T14:00:00Z,213.0,213.98,212.77,213.47,200595,2153,213.494252,60.4938490168079,61.881312605554584,59.68614009546416,212.73450000000003,214.01654565153933,211.45245434846072,NEUTRAL,,ABOVE_MID,
AAPL,1H,2025-07-24T15:00:00Z,213.49,214.63,213.49,214.1,172024,2103,214.129079,66.27336971280909,62.006176311129266,62.97975490413663,212.80450000000002,214.22411410620126,211.38488589379878,BULLISH,BULLISH_CROSS,ABOVE_MID,BULLISH_CONFIRMED
AAPL,1H,2025-07-24T16:00:00Z,213.94,213.94,213.36,213.82,103791,1212,213.630612,61.75609080757761,61.78456096870535,62.36792285585712,212.892,214.336504650117,211.44749534988298,NEUTRAL,BEARISH_CROSS,ABOVE_MID,
AAPL,1H,2025-07-24T17:00:00Z,213.81,214.32,213.71,213.84,72716,857,213.958873,61.96442107438204,61.669508998729384,62.166171965119574,212.97150000000002,214.44201405261782,211.50098594738222,NEUTRAL,BULLISH_CROSS,ABOVE_MID,BULLISH_CONFIRMED
AAPL,1H,2025-07-24T18:00:00Z,213.87,214.34,213.48,213.67,62725,851,213.857575,58.896454044881494,61.30884675675622,60.531313005000534,213.07049999999998,214.44094710337788,211.70005289662208,NEUTRAL,BEARISH_CROSS,ABOVE_MID,
AAPL,1H,2025-07-24T19:00:00Z,213.66,214.15,212.9,212.92,188884,2340,213.531889,47.27834557646323,59.94463168328107,53.90482929073188,213.0795,214.44315569045278,211.7158443095472,BEARISH,,BELOW_MID,
AAPL,1H,2025-07-25T13:00:00Z,213.85,213.98,212.98,213.2,128096,1407,213.473715,51.31216139218456,59.0072878538077,52.60849534145822,213.1225,214.44147687621845,211.80352312378156,NEUTRAL,,ABOVE_MID,
AAPL,1H,2025-07-25T14:00:00Z,213.24,214.39,212.91,213.86,107835,1384,213.644921,59.52435593602366,58.89732295503398,56.06642563874094,213.1935,214.5106624205481,211.8763375794519,BULLISH,BULLISH_CROSS,ABOVE_MID,BULLISH_CONFIRMED
AAPL,1H,2025-07-25T15:00:00Z,213.87,213.89,213.29,213.38,88958,1109,213.505619,52.3059740872564,58.14956966929211,54.18619986299867,213.2335,214.5204592886044,211.94654071139558,NEUTRAL,BEARISH_CROSS,ABOVE_MID,
AAPL,1H,2025-07-25T16:00:00Z,213.36,213.77,213.23,213.56,84443,921,213.609119,54.62723614338265,57.66632824637354,54.40671800319066,213.263,214.5515748962155,211.9744251037845,NEUTRAL,,ABOVE_MID,
AAPL,1H,2025-07-25T17:00:00Z,213.52,213.65,213.08,213.12,100950,1124,213.335759,48.178872572840184,56.645952417600206,51.29279528801543,213.253,214.54281598034632,211.96318401965365,BEARISH,,BELOW_MID,
AAPL,1H,2025-07-25T18:00:00Z,213.17,213.3,212.86,212.93,70842,831,213.081026,45.56590662201195,55.48029292369669,48.42935095501369,213.2205,214.50837830415557,211.9326216958444,BEARISH,,BELOW_MID,
AAPL,1H,2025-07-25T19:00:00Z,212.96,213.15,212.56,213.11,147337,1794,212.918359,48.540412586259976,54.70111896983564,48.48488177063683,213.2895,214.37275970060102,212.20624029939898,NEUTRAL,,BELOW_MID,
AAPL,1H,2025-07-28T13:00:00Z,213.19,213.75,212.78,213.09,117908,1439,213.167527,48.21110559263432,54.003975064470694,48.34799368163557,213.35250000000002,214.19906270946188,212.50593729053816,BEARISH,,BELOW_MID,
AAPL,1H,2025-07-28T14:00:00Z,213.08,214.0,213.02,213.61,152562,1948,213.66089,56.786313823495945,54.08065323557473,52.56715375256576,213.40750000000003,214.16146146767298,212.65353853232708,BULLISH,BULLISH_CROSS,ABOVE_MID,BULLISH_CONFIRMED
AAPL,1H,2025-07-28T15:00:00Z,213.57,213.74,213.28,213.6,109562,1435,213.573502,56.58361654589504,54.101097963535075,54.5753851492304,213.45,214.14111656416398,212.758883435836,BULLISH,,ABOVE_MID,
AAPL,1H,2025-07-28T16:00:00Z,213.58,213.88,213.39,213.48,68178,967,213.586034,53.98232178786515,53.88052410487716,54.27885346854778,213.44250000000002,214.12862949521883,212.75637050478122,NEUTRAL,,ABOVE_MID,
AAPL,1H,2025-07-28T17:00:00Z,213.49,213.59,212.58,212.88,113372,1654,213.09141,42.89091361875259,52.66877746212655,48.584883543650186,213.401,214.11868340769658,212.68331659230344,BEARISH,BEARISH_CROSS,BELOW_MID,BEARISH_CONFIRMED
AAPL,1H,2025-07-28T18:00:00Z,212.97,213.12,212.23,212.28,155308,2050,212.758749,34.838183369677935,50.82333436427999,41.71153345666406,213.346,214.2216687669847,212.47033123301532,BEARISH,,BELOW_MID,
AAPL,1H,2025-07-28T19:00:00Z,212.29,213.19,212.23,213.15,202275,2792,212.757792,50.11595572994071,50.502736514491026,45.91374459330238,213.3535,214.2192038511486,212.4877961488514,NEUTRAL,,BELOW_MID,
AAPL,1H,2025-07-29T13:00:00Z,213.33,213.95,210.7,211.68,191855,2068,212.917586,34.666148894570156,48.82496332038449,40.28994674393627,213.26399999999998,214.40525323542465,212.1227467645753,BEARISH,,BELOW_MID,
AAPL,1H,2025-07-29T14:00:00Z,211.65,212.5,211.28,211.77,200249,2051,211.891209,36.02458080353962,47.360565865573314,38.157263773737945,213.14749999999998,214.39972959051738,211.89527040948258,BEARISH,,BELOW_MID,
AAPL,1H,2025-07-29T15:00:00Z,211.76,211.9,210.86,211.69,164421,1806,211.410066,35.29080865091716,45.93538941945563,36.72403621232755,213.041,214.4093320618834,211.6726679381166,BEARISH,,BELOW_MID,
AAPL,1H,2025-07-29T16:00:00Z,211.69,212.07,211.02,211.36,130513,1470,211.542202,32.2430864863658,44.36727096297568,34.48356134934667,212.917,214.42301740396712,211.41098259603288,BEARISH,,BELOW_MID,
AAPL,1H,2025-07-29T17:00:00Z,211.3,211.53,210.05,211.22,147122,1562,211.114791,30.96671944473536,42.81088106254322,32.72514039704102,212.79449999999997,214.43517348173955,211.1538265182604,BEARISH,,BELOW_MID,
AAPL,1H,2025-07-29T18:00:00Z,211.21,211.57,210.99,211.15,68986,969,211.324371,30.292203279263603,41.32736069524816,31.50867183815231,212.706,214.50178922687707,210.9102107731229,BEARISH,,BELOW_MID,
AAPL,1H,2025-07-29T19:00:00Z,211.14,211.19,210.23,210.44,203907,2357,210.703002,24.261948398535182,39.419463264188266,27.885310118343746,212.56799999999998,214.6111101163099,210.52488988369007,BEARISH,,BELOW_MID,
AAPL,1H,2025-07-30T13:00:00Z,211.06,211.53,209.2,209.63,101327,1419,210.181465,19.324593314421705,37.162353453957564,23.604951716382725,212.3565,214.69140020072984,210.02159979927018,BEARISH,,BELOW_MID,
AAPL,1H,2025-07-30T14:00:00Z,209.54,210.01,209.29,209.63,122121,1716,209.7006,19.324593314421705,35.043717964409815,21.464772515402217,212.169,214.74741158773952,209.5905884122605,BEARISH,,BELOW_MID,
AAPL,1H,2025-07-30T15:00:00Z,209.63,209.75,208.75,209.33,101705,1456,209.097073,17.641721878418394,32.94611910891199,19.553247196910306,211.95750000000004,214.7412640175244,209.17373598247568,BEARISH,,BELOW_MID,
AAPL,1H,2025-07-30T16:00:00Z,209.3,209.58,208.7,208.74,85287,1282,209.219351,14.79173438033169,30.739492178734587,17.172490788620998,211.7385,214.81133702275622,208.66566297724376,BEARISH,,BELOW_MID,
AAPL,1H,2025-07-30T17:00:00Z,208.76,209.3,208.51,209.09,69766,1187,208.948898,23.08424172451413,29.45917761215408,20.128366256567563,211.5465,214.78146213269966,208.31153786730036,NEUTRAL,,BELOW_MID,
AAPL,1H,2025-07-30T18:00:00Z,209.09,209.31,207.49,207.49,140044,2281,208.683185,15.384312973987463,27.587504288375595,17.75633961527751,211.26549999999997,214.882422070374,207.64857792962596,BEARISH,,BELOW_MID,
AAPL,1H,2025-07-30T19:00:00Z,207.5,208.27,206.91,208.13,206578,3129,207.653636,26.427603765109936,26.850422740621333,22.091971690193724,211.0175,214.78474316345955,207.25025683654047,NEUTRAL,,BELOW_MID,
AAPL,1H,2025-07-31T12:00:00Z,208.55,208.62,208.55,208.62,775,8,208.577778,33.86233247961576,26.884952066571703,27.97715208490474,210.76800000000003,214.47274858867166,207.0632514113284,NEUTRAL,BULLISH_CROSS,BELOW_MID,
AAPL,1H,2025-07-31T13:00:00Z,208.73,209.02,207.08,207.63,174117,2085,207.855315,27.537294575384934,26.406593847605077,27.75722333014484,210.4695,214.17552056403554,206.76347943596448,NEUTRAL,,BELOW_MID,
AAPL,1H,2025-07-31T14:00:00Z,207.77,208.82,207.57,208.16,263431,3031,208.239251,34.86478578553276,26.720990324141543,31.3110045578388,210.20350000000002,213.7604015197296,206.64659848027043,NEUTRAL,,BELOW_MID,
AAPL,1H,2025-07-31T15:00:00Z,208.24,208.4,207.26,207.84,176617,2561,207.752217,32.62397943117229,26.925698044482303,31.967491994505544,209.95149999999998,213.42310678709623,206.47989321290373,NEUTRAL,,BELOW_MID,
AAPL,1H,2025-07-31T16:00:00Z,207.83,208.53,207.81,208.24,122584,1514,208.187501,38.20876776277378,27.730574151491144,35.08812987863966,209.74949999999998,213.11928821761566,206.3797117823843,NEUTRAL,,BELOW_MID,
AAPL,1H,2025-07-31T17:00:00Z,208.18,209.01,207.33,207.49,209370,2320,208.228698,32.52236881202731,28.038773929020767,33.805249345333486,209.4665,212.57433915454598,206.358660845454,NEUTRAL,,BELOW_MID,
AAPL,1H,2025-07-31T18:00:00Z,207.53,208.41,206.76,208.11,225794,2749,207.702339,40.726254723432326,29.102806687923362,37.265752034382906,209.288,212.26800070646456,206.30799929353546,NEUTRAL,,BELOW_MID,
AAPL,1H,2025-07-31T19:00:00Z,208.17,208.55,206.36,207.03,441219,5089,207.428565,32.890004353544825,29.49510110586869,35.07787819396387,209.05100000000002,211.95278819641362,206.1492118035864,NEUTRAL,,BELOW_MID,
AAPL,1H,2025-07-31T20:00:00Z,210.85,213.14,208.69,209.38,17355,303,211.202884,54.37829842186341,31.848565740159103,44.72808830791364,208.9355,211.5662451415907,206.30475485840927,BULLISH,,ABOVE_MID,
AAPL,1H,2025-08-01T12:00:00Z,210.4,210.41,210.4,210.41,437,13,210.4,60.599055539630825,34.688100425768965,52.66357192377223,208.888,211.36419062271128,206.41180937728873,BULLISH,,ABOVE_MID,
AAPL,1H,2025-08-01T13:00:00Z,210.32,212.72,205.51,206.29,453799,6046,208.899067,37.555225822789076,35.323181990416096,45.109398873280654,208.6415,211.12177396619242,206.1612260338076,NEUTRAL,,BELOW_MID,
AAPL,1H,2025-08-01T14:00:00Z,206.23,206.65,202.86,203.23,489144,6310,204.57994,28.499824216475503,35.11204895303289,36.80461154487808,208.2455,211.45981976924375,205.03118023075623,BEARISH,BEARISH_CROSS,BELOW_MID,BEARISH_CONFIRMED
AAPL,1H,2025-08-01T15:00:00Z,203.25,203.76,202.31,202.93,215121,3018,203.105945,27.761524005511134,34.84447691477526,32.28306777519461,207.86999999999998,211.7004871203218,204.03951287967814,BEARISH,,BELOW_MID,
AAPL,1H,2025-08-01T16:00:00Z,202.94,203.2,201.18,201.3,197048,2826,202.193791,23.966501724101448,34.24285817246632,28.12478474964803,207.45350000000002,212.18398022487142,202.72301977512862,BEARISH,,BELOW_MID,
AAPL,1H,2025-08-01T17:00:00Z,201.3,201.74,200.7,201.36,177238,2477,201.176232,24.394498593958872,33.68142722644067,26.25964167180345,207.04000000000002,212.3764052556601,201.70359474433994,BEARISH,,BELOW_MID,
AAPL,1H,2025-08-01T18:00:00Z,201.43,203.48,201.39,203.0,177127,2985,202.558106,35.550318962203434,34.112214126534504,30.904980317003442,206.7235,212.23599021958842,201.2110097804116,NEUTRAL,BULLISH_CROSS,BELOW_MID,
AAPL,1H,2025-08-01T19:00:00Z,202.99,203.19,201.38,201.5,284106,4175,202.074729,30.864295895720247,34.04675769310484,30.884638106361844,206.36149999999998,212.2542011945649,200.46879880543506,BEARISH,BEARISH_CROSS,BELOW_MID,BEARISH_CONFIRMED
AAPL,1H,2025-08-04T13:00:00Z,203.4,205.47,203.39,205.41,196651,2541,204.694391,50.13811037042838,35.676225631759884,40.51137423839511,206.1775,211.93984921026646,200.41515078973356,BULLISH,BULLISH_CROSS,BELOW_MID,
AAPL,1H,2025-08-04T14:00:00Z,205.39,207.03,205.15,206.37,346490,3648,205.974938,53.70314514633426,37.47677302627607,47.107259692364686,206.12150000000003,211.85182294488172,200.39117705511833,BULLISH,,ABOVE_MID,
AAPL,1H,2025-08-04T15:00:00Z,206.38,206.56,204.46,204.48,220901,2346,205.14085,46.361467591728825,38.47734582309299,46.73436364204676,205.939,211.63236049132817,200.24563950867181,NEUTRAL,,BELOW_MID,
AAPL,1H,2025-08-04T16:00:00Z,204.46,204.69,203.07,203.27,268174,2581,203.609941,42.2057737870793,38.96602803759224,44.47006871456303,205.6715,211.33714633744987,200.00585366255015,NEUTRAL,,BELOW_MID,
AAPL,1H,2025-08-04T17:00:00Z,203.32,203.67,202.78,202.92,168602,1723,203.239921,41.009565705594206,39.27766029653669,42.73981721007861,205.436,211.1502238041765,199.7217761958235,NEUTRAL,,BELOW_MID,
AAPL,1H,2025-08-04T18:00:00Z,202.9,203.39,201.28,201.78,246217,2398,202.399234,37.15125108958118,39.20759627772249,39.945534149829896,205.11700000000002,210.90281968900618,199.33118031099386,BEARISH,BEARISH_CROSS,BELOW_MID,BEARISH_CONFIRMED
AAPL,1H,2025-08-04T19:00:00Z,201.79,202.64,200.88,202.55,428285,4169,201.740733,41.34458076499945,39.47712518821385,40.64505745741467,204.85250000000002,210.59770715580956,199.10729284419048,NEUTRAL,BULLISH_CROSS,BELOW_MID,
AAPL,1H,2025-08-05T13:00:00Z,202.63,203.41,201.37,202.65,161763,1854,202.296785,41.910845121770265,39.77008161607629,41.277951289592465,204.573,210.16620301795024,198.97979698204978,NEUTRAL,,BELOW_MID,
AAPL,1H,2025-08-05T14:00:00Z,202.56,203.97,202.16,203.42,221616,2680,203.281405,46.3938474875481,40.43038083177743,43.83589938857028,204.3695,209.80991203934983,198.92908796065015,NEUTRAL,,BELOW_MID,
AAPL,1H,2025-08-05T15:00:00Z,203.42,204.51,202.88,203.1,177252,2244,203.643461,44.77817950564121,40.9083678944707,44.30703944710575,204.11899999999997,209.28887590200318,198.94912409799676,NEUTRAL,,BELOW_MID,
AAPL,1H,2025-08-05T16:00:00Z,203.12,203.12,202.28,203.05,94714,1410,202.760216,44.50573362811877,41.308531692568344,44.40638653761226,203.92000000000002,208.92174706319892,198.9182529368011,NEUTRAL,,BELOW_MID,
AAPL,1H,2025-08-05T17:00:00Z,203.0,203.34,202.94,203.21,58946,873,203.164283,45.69520632196823,41.80046799138526,45.050796429790246,203.6115,207.90646780209835,199.31653219790167,NEUTRAL,,BELOW_MID,
AAPL,1H,2025-08-05T18:00:00Z,203.2,203.48,202.43,202.79,93452,1110,203.047402,42.97498685151778,41.98967783631526,44.01289164065401,203.2305,206.10229001578222,200.3587099842178,NEUTRAL,,BELOW_MID,
AAPL,1H,2025-08-05T19:00:00Z,202.8,202.86,201.89,202.13,160441,2341,202.287847,38.88294880186941,41.85624920733931,41.44792022126171,203.0225,205.5422900915102,200.5027099084898,BEARISH,BEARISH_CROSS,BELOW_MID,BEARISH_CONFIRMED
AAPL,1H,2025-08-06T13:00:00Z,204.82,209.49,204.8,208.7,256777,3603,208.021594,70.42263429930658,44.684073834570924,55.935277260284145,203.296,206.87530543100618,199.7166945689938,BULLISH,BULLISH_CROSS,ABOVE_MID,BULLISH_CONFIRMED
AAPL,1H,2025-08-06T14:00:00Z,208.71,211.42,208.67,210.24,382931,4092,210.076189,73.96548126981753,47.69169230554369,64.95037926505084,203.6615,208.3914194385048,198.93158056149517,BULLISH,,ABOVE_MID,
AAPL,1H,2025-08-06T15:00:00Z,210.25,214.03,209.85,213.8,488943,5232,212.523485,80.14923244959587,51.06464894847319,72.54980585732335,204.2865,210.70469215405114,197.86830784594883,BULLISH,,ABOVE_MID,
AAPL,1H,2025-08-06T16:00:00Z,213.8,214.14,213.03,213.64,250996,2926,213.78102,79.19810276202733,54.124352639528134,75.87395430967534,204.90050000000002,212.39858810718874,197.4024118928113,BULLISH,,ABOVE_MID,
AAPL,1H,2025-08-06T17:00:00Z,213.64,214.53,213.21,213.53,221863,2512,213.854504,78.47780438073372,56.87947681956536,77.17587934520452,205.427,213.79188424433113,197.06211575566886,BULLISH,,ABOVE_MID,
AAPL,1H,2025-08-06T18:00:00Z,213.45,214.06,213.34,213.57,138441,2003,213.744752,78.55758386228202,59.40772681486551,77.86673160374326,206.0305,214.9271758428436,197.13382415715637,BULLISH,,ABOVE_MID,
AAPL,1H,2025-08-06T19:00:00Z,213.53,213.7,211.97,212.43,439102,4702,212.898177,70.21274474114631,60.99117643594955,74.03973817244479,206.38150000000002,215.71814038528936,197.04485961471067,NEUTRAL,,ABOVE_MID,
AAPL,1H,2025-08-07T13:00:00Z,218.05,219.44,215.76,218.73,519503,6134,217.7425,82.06037400690857,63.481343657620506,78.05005608967667,206.99949999999998,217.8469386498916,196.15206135010837,BULLISH,,ABOVE_MID,
AAPL,1H,2025-08-07T14:00:00Z,218.76,219.09,216.72,218.23,444299,5594,217.728382,79.24613463859536,65.5774793192436,78.64809536413603,207.68699999999998,219.55682924543535,195.81717075456461,BULLISH,,ABOVE_MID,
AAPL,1H,2025-08-07T15:00:00Z,218.28,219.32,218.13,218.74,524865,5467,218.552873,80.03194195263956,67.63447629732843,79.34001865838779,208.4605,221.10906051722475,195.81193948277524,BULLISH,,ABOVE_MID,
AAPL,1H,2025-08-07T16:00:00Z,218.73,219.46,217.98,218.38,345077,3472,218.882279,77.69579878258386,69.33333699432204,78.51790872048582,209.2335,222.3377994551608,196.1292005448392,NEUTRAL,,ABOVE_MID,
AAPL,1H,2025-08-07T17:00:00Z,218.38,218.7,217.85,218.4,168620,2392,218.374203,77.73641609597259,70.88225370250895,78.1271624082292,210.0645,223.28602547134687,196.84297452865314,NEUTRAL,,ABOVE_MID,
AAPL,1H,2025-08-07T18:00:00Z,218.49,219.97,218.18,219.58,201969,2851,219.059367,80.13728114309372,72.49044017519444,79.13222177566146,210.91600000000003,224.29247172424306,197.539528275757,BULLISH,,ABOVE_MID,
AAPL,1H,2025-08-07T19:00:00Z,219.59,219.69,218.37,219.3,302732,4269,218.941976,77.89489593319837,73.70868673679196,78.51355885442992,211.7485,225.031025560418,198.46597443958203,NEUTRAL,,ABOVE_MID,
AAPL,1H,2025-08-08T13:00:00Z,220.02,221.41,218.43,221.29,183388,2359,219.557772,81.93628191496734,75.13610555141526,80.22492038469863,212.642,225.96969589594295,199.31430410405704,BULLISH,,ABOVE_MID,
AAPL,1H,2025-08-08T14:00:00Z,221.35,222.67,220.96,222.07,467545,4916,221.860159,83.28389984370325,76.51276479768467,81.75441011420094,213.59050000000002,226.7580429910462,200.42295700895383,BULLISH,,ABOVE_MID,
AAPL,1H,2025-08-08T15:00:00Z,222.08,225.42,222.02,225.11,439844,4462,223.922183,87.4041144880852,78.10429181527817,84.57926230114307,214.6935,227.83915731775272,201.54784268224728,BULLISH,,ABOVE_MID,
AAPL,1H,2025-08-08T16:00:00Z,225.05,229.63,225.01,228.91,724124,6535,227.605046,90.64626112809898,79.80603157944246,87.61276171462103,215.9785,229.41884033873575,202.53815966126425,BULLISH,,ABOVE_MID,
AAPL,1H,2025-08-08T17:00:00Z,228.87,229.97,227.65,229.42,372992,4057,228.846132,90.99618193104438,81.33983978240272,89.30447182283271,217.31,230.5234907137402,204.09650928625982,BULLISH,,ABOVE_MID,
AAPL,1H,2025-08-08T18:00:00Z,229.31,230.08,228.16,228.2,202340,2768,228.874015,82.67298245902154,81.92088536838655,85.98872714092712,218.6135,230.60920146695062,206.61779853304935,NEUTRAL,,ABOVE_MID,
AAPL,1H,2025-08-08T19:00:00Z,228.24,228.77,227.58,228.46,440251,5423,228.248707,83.04480520680895,82.36388022751338,84.51676617386804,219.6015,231.4128527457358,207.79014725426418,NEUTRAL,,ABOVE_MID,
AAPL,1H,2025-08-11T13:00:00Z,227.28,227.99,224.15,225.39,215857,2606,225.58641,64.62350764177191,80.94103480408299,74.57013690781997,220.359,231.5704244364722,209.14757556352782,NEUTRAL,BEARISH_CROSS,ABOVE_MID,
AAPL,1H,2025-08-11T14:00:00Z,225.32,227.24,225.21,225.89,238592,3390,226.339365,66.00517870151702,79.66890028503433,70.2876578046685,220.9635,231.98805875713228,209.93894124286774,NEUTRAL,,ABOVE_MID,
AAPL,1H,2025-08-11T15:00:00Z,225.95,228.31,225.48,227.99,371415,3493,227.190278,71.30125887534354,78.91268778424825,70.79445834000602,221.68099999999998,232.56566985694667,210.7963301430533,NEUTRAL,,ABOVE_MID,
AAPL,1H,2025-08-11T16:00:00Z,227.99,228.88,227.53,227.75,294421,2994,228.154875,69.90112228170305,78.06749305449164,70.34779031085453,222.392,232.88555411167843,211.89844588832156,NEUTRAL,,ABOVE_MID,
AAPL,1H,2025-08-11T17:00:00Z,227.74,227.95,226.38,226.6,228401,2276,227.300607,63.210011796176154,76.65426222206948,66.77890105351534,223.0435,232.82463388109915,213.26236611890084,NEUTRAL,,ABOVE_MID,
AAPL,1H,2025-08-11T18:00:00Z,226.63,227.52,226.47,226.89,146878,1727,226.997741,64.1826693168909,75.39554914081427,65.48078518520312,223.7665,232.30286006491522,215.2301399350848,NEUTRAL,,ABOVE_MID,
AAPL,1H,2025-08-11T19:00:00Z,226.93,227.27,226.03,226.58,219351,2540,226.686788,62.204919948497604,74.01926972972845,63.84285256685036,224.15900000000002,232.4383106756023,215.87968932439773,NEUTRAL,,ABOVE_MID,
AAPL,1H,2025-08-12T13:00:00Z,227.39,229.26,226.51,227.28,200610,2286,227.785194,64.94868349846078,72.92708927683259,64.39576803265557,224.61149999999998,232.5067438047742,216.71625619522575,NEUTRAL,,ABOVE_MID,
AAPL,1H,2025-08-12T14:00:00Z,227.24,229.05,226.68,228.88,194877,2244,227.907964,70.46257814210449,72.41024855564653,67.42917308738004,225.11849999999998,232.72314200340705,217.51385799659292,NEUTRAL,,ABOVE_MID,
AAPL,1H,2025-08-12T15:00:00Z,228.87,229.91,227.71,229.1,269281,2749,229.049111,71.16426032006785,71.99522117746359,69.29671670372394,225.6545,232.75371114965253,218.5552888503475,NEUTRAL,,ABOVE_MID,
AAPL,1H,2025-08-12T16:00:00Z,229.04,230.13,228.84,229.74,134982,1422,229.45256,73.24439943102647,71.80768558699799,71.2705580673752,226.22150000000002,232.66196508617952,219.78103491382052,BULLISH,BULLISH_CROSS,ABOVE_MID,BULLISH_CONFIRMED
AAPL,1H,2025-08-12T17:00:00Z,229.76,230.0,228.88,229.31,130098,1498,229.467579,69.45718855486682,71.2951282257627,70.36387331112101,226.708,232.4703774333335,220.9456225666665,NEUTRAL,BEARISH_CROSS,ABOVE_MID,
AAPL,1H,2025-08-12T18:00:00Z,229.3,229.45,228.38,228.65,89185,1299,228.843931,63.764083599111125,70.30085668041589,67.06397845511607,227.1755,231.81504387503787,222.53595612496213,NEUTRAL,,ABOVE_MID,
AAPL,1H,2025-08-12T19:00:00Z,228.66,229.32,228.31,228.98,230356,2645,228.86688,65.36113245508847,69.52265103775092,66.21255545510226,227.56000000000003,231.3409995893569,223.77900041064316,NEUTRAL,,ABOVE_MID,
AAPL,1H,2025-08-13T13:00:00Z,230.4,231.52,229.8,231.08,149128,1910,230.752524,73.66921259190028,69.55398412387885,69.94088402350127,228.0105,231.1257289769657,224.89527102303433,BULLISH,BULLISH_CROSS,ABOVE_MID,BULLISH_CONFIRMED
AAPL,1H,2025-08-13T14:00:00Z,231.1,233.88,230.53,232.91,331097,3879,231.926087,78.6818923519177,70.07680354889608,74.31138818770948,228.40050000000002,231.9143012105621,224.88669878943796,BULLISH,,ABOVE_MID,
AAPL,1H,2025-08-13T15:00:00Z,232.87,233.24,231.07,232.12,183017,2338,232.058724,72.02294595569403,70.0141863209743,73.16716707170175,228.561,232.4463890951913,224.6756109048087,NEUTRAL,,ABOVE_MID,
AAPL,1H,2025-08-13T16:00:00Z,231.99,232.74,231.44,231.47,166594,1713,232.133561,66.79072955797017,69.5424982020577,69.97894831483596,228.66350000000003,232.74739532831225,224.5796046716878,NEUTRAL,BEARISH_CROSS,ABOVE_MID,
AAPL,1H,2025-08-13T17:00:00Z,231.47,232.53,230.92,232.48,112434,1343,231.526274,70.53281733998296,69.51427058094366,70.25588282740947,228.8775,233.29412826861582,224.46087173138417,BULLISH,BULLISH_CROSS,ABOVE_MID,BULLISH_CONFIRMED
AAPL,1H,2025-08-13T18:00:00Z,232.43,234.25,230.22,232.42,304835,3454,232.497717,70.00562393855066,69.52670228087285,70.13075338298006,229.0755,233.7602410758063,224.3907589241937,NEUTRAL,,ABOVE_MID,
AAPL,1H,2025-08-13T19:00:00Z,232.44,233.63,232.41,232.56,339201,3383,232.977376,70.58280138802807,69.64644170789941,70.35677738550407,229.43400000000003,234.02771836544545,224.8402816345546,BULLISH,,ABOVE_MID,
AAPL,1H,2025-08-14T13:00:00Z,233.35,234.44,232.25,232.76,120402,1774,233.224259,71.4652670539383,69.90035335485196,70.91102221972119,229.77749999999997,234.28195802569417,225.27304197430578,BULLISH,,ABOVE_MID,
AAPL,1H,2025-08-14T14:00:00Z,232.7,232.73,230.9,230.99,207995,2396,231.47133,55.029561567660345,68.63049195148412,62.97029189369077,229.9275,234.38084114664468,225.47415885335533,NEUTRAL,BEARISH_CROSS,ABOVE_MID,
AAPL,1H,2025-08-14T15:00:00Z,231.0,231.63,230.23,230.65,197459,2114,230.737993,52.42411248990166,67.17128503513328,57.697202191796215,230.0725,234.41478111286398,225.730218887136,NEUTRAL,,ABOVE_MID,
AAPL,1H,2025-08-14T16:00:00Z,230.71,231.86,230.68,231.83,74664,979,231.155386,59.84681635861266,66.46858862799616,58.77200927520444,230.334,234.41801453680313,226.24998546319688,NEUTRAL,,ABOVE_MID,
AAPL,1H,2025-08-14T17:00:00Z,231.88,232.47,231.81,232.09,63360,918,232.18266,61.34188049360555,65.94533227608825,60.056944884405,230.594,234.4080041122681,226.7799958877319,NEUTRAL,,ABOVE_MID,
AAPL,1H,2025-08-14T18:00:00Z,231.99,232.69,231.69,232.33,107874,1210,232.008496,62.780993922358185,65.56099156619926,61.418969403381595,230.88150000000002,234.26395799755738,227.49904200244265,NEUTRAL,,ABOVE_MID,
AAPL,1H,2025-08-14T19:00:00Z,232.31,232.84,232.06,232.12,199661,2389,232.343157,60.56170931361236,64.98096556891146,60.99033935849698,231.1235,234.08773079575508,228.15926920424494,NEUTRAL,,ABOVE_MID,
AAPL,1H,2025-08-15T13:00:00Z,233.26,233.53,231.15,231.37,119189,1607,232.21078,53.02988789289479,63.723341999328476,57.01011362569589,231.248,234.01829810289863,228.47770189710135,NEUTRAL,,ABOVE_MID,
AAPL,1H,2025-08-15T14:00:00Z,231.38,232.01,230.11,230.29,214373,2405,231.155811,44.13739371810941,61.70890638617437,50.57375367190265,231.30749999999998,233.93076333529288,228.68423666470707,BEARISH,,BELOW_MID,
AAPL,1H,2025-08-15T15:00:00Z,230.22,230.9,229.84,230.4,152664,1923,230.381383,45.19051896041992,59.90417126874547,47.88213631616129,231.34050000000002,233.89647936734477,228.78452063265527,BEARISH,,BELOW_MID,
AAPL,1H,2025-08-15T16:00:00Z,230.36,230.7,229.84,230.25,100701,1201,230.244541,43.920309574650645,58.09640300957842,45.90122294540596,231.3875,233.8177469010321,228.95725309896787,BEARISH,,BELOW_MID,
AAPL,1H,2025-08-15T17:00:00Z,230.25,230.57,229.6,230.22,94040,1354,230.052018,43.6442912268632,56.390486285272154,44.77275708613458,231.46599999999998,233.6082997971873,229.32370020281266,BEARISH,,BELOW_MID,
AAPL,1H,2025-08-15T18:00:00Z,230.22,230.63,228.72,230.18,160884,1960,229.907853,43.23670787464296,54.75926067322296,44.00473248038877,231.52599999999998,233.42898823183498,229.623011768165,BEARISH,,BELOW_MID,
AAPL,1H,2025-08-15T19:00:00Z,230.11,231.1,229.94,231.0,215457,2792,230.687662,53.29565758805174,54.13134813349431,48.65019503422025,231.522,233.42926698928,229.61473301072,NEUTRAL,,BELOW_MID,
AAPL,1H,2025-08-18T13:00:00Z,231.07,232.03,230.72,231.63,184165,1941,231.363329,59.49905293367139,54.119612118116535,54.07462398394583,231.458,233.2516801334209,229.6643198665791,BULLISH,BULLISH_CROSS,ABOVE_MID,BULLISH_CONFIRMED
AAPL,1H,2025-08-18T14:00:00Z,231.64,232.46,229.74,229.87,167508,1980,230.780295,41.976338243169884,52.57624472246904,48.02548111355786,231.3455,233.2435596740598,229.44744032594016,BEARISH,BEARISH_CROSS,BELOW_MID,BEARISH_CONFIRMED
AAPL,1H,2025-08-18T15:00:00Z,229.93,230.57,229.83,230.24,93586,1420,230.21832,45.75463081723839,51.535256972553974,46.890055965398126,231.28399999999996,233.24377872004854,229.3242212799514,BEARISH,,BELOW_MID,
AAPL,1H,2025-08-18T16:00:00Z,230.22,230.44,229.46,229.94,102100,1282,229.970593,43.189326251122196,50.37477536657835,45.03969110826016,231.157,233.11964161405987,229.19435838594015,BEARISH,,BELOW_MID,
AAPL,1H,2025-08-18T17:00:00Z,229.94,231.0,229.94,230.43,67947,857,230.409514,48.495443898581044,49.798838669275824,46.7675675034206,231.05749999999998,232.95110002445287,229.16389997554708,NEUTRAL,,BELOW_MID,
AAPL,1H,2025-08-18T18:00:00Z,230.34,230.91,230.31,230.81,93180,1042,230.596292,52.37615596837024,49.671093863345476,49.571861735895425,230.96999999999997,232.7281569296994,229.21184307030055,BULLISH,BULLISH_CROSS,BELOW_MID,
AAPL,1H,2025-08-18T19:00:00Z,230.82,231.02,230.24,230.24,126790,1776,230.684089,46.467860193106084,49.0825493028248,48.01986096450075,230.844,232.41304798490162,229.27495201509836,BEARISH,BEARISH_CROSS,BELOW_MID,BEARISH_CONFIRMED
AAPL,1H,2025-08-19T13:00:00Z,230.65,231.6,229.97,231.39,116748,1225,230.82948,57.380152797640704,49.59042502754289,52.70000688107073,230.86399999999998,232.4509785923597,229.27702140764026,BULLISH,BULLISH_CROSS,ABOVE_MID,BULLISH_CONFIRMED
AAPL,1H,2025-08-19T14:00:00Z,231.5,232.2,230.15,230.23,138814,1738,231.332401,46.6005025368231,49.17930706732211,49.65025470894692,230.843,232.45285255943963,229.23314744056034,BEARISH,BEARISH_CROSS,BELOW_MID,BEARISH_CONFIRMED
AAPL,1H,2025-08-19T15:00:00Z,230.25,230.97,229.82,230.74,150554,1839,230.537435,51.140510404183026,49.217406528077085,50.39538255656497,230.78850000000003,232.33001361022303,229.24698638977702,BULLISH,BULLISH_CROSS,BELOW_MID,
AAPL,1H,2025-08-19T16:00:00Z,230.75,230.88,230.06,230.09,76250,891,230.401206,45.58370988723091,48.75589902445856,47.98954622189794,230.68849999999998,232.13081210578807,229.2461878942119,BEARISH,BEARISH_CROSS,BELOW_MID,BEARISH_CONFIRMED
AAPL,1H,2025-08-19T17:00:00Z,229.91,230.23,229.44,230.17,70522,906,229.90325,46.39026227919378,48.42945951522359,47.18990425054586,230.58049999999997,231.8135787314163,229.34742126858364,BEARISH,,BELOW_MID,
AAPL,1H,2025-08-19T18:00:00Z,230.11,230.12,228.94,229.16,90156,1102,229.398028,38.322679506303146,47.43432901024711,42.756291878424506,230.43250000000003,231.59615802535657,229.2688419746435,BEARISH,,BELOW_MID,
AAPL,1H,2025-08-19T19:00:00Z,229.13,230.03,228.7,229.91,143849,1947,229.547081,46.146564024864965,47.25634088321803,44.45142795164473,230.35950000000003,231.45681682321154,229.2621831767885,NEUTRAL,,BELOW_MID,
AAPL,1H,2025-08-20T13:00:00Z,229.38,229.71,225.86,226.66,154831,2150,227.192079,28.513643023718856,45.537763164261186,36.482535487681794,230.17800000000003,232.16438099911903,228.19161900088102,BEARISH,,BELOW_MID,
AAPL,1H,2025-08-20T14:00:00Z,226.65,227.12,225.6,225.93,268528,3494,226.305028,26.002918797109217,43.69706871850939,31.242727142395506,229.9545,232.69750238885058,227.2114976111494,BEARISH,,BELOW_MID,
AAPL,1H,2025-08-20T15:00:00Z,225.93,226.9,225.48,225.9,142301,1918,226.211873,25.897491052997665,41.92529415282106,28.570109097696587,229.737,233.01836107831684,226.45563892168315,BEARISH,,BELOW_MID,
AAPL,1H,2025-08-20T16:00:00Z,225.91,226.49,225.27,225.63,119197,1555,226.011446,24.87628502404,40.14420227674015,26.723197060868294,229.50750000000002,233.25549806212084,225.7595019378792,BEARISH,,BELOW_MID,
AAPL,1H,2025-08-20T17:00:00Z,225.62,226.18,225.53,225.73,93434,1349,225.924617,26.090635107702212,38.55594752753159,26.406916084285253,229.285,233.3774243233177,225.19257567668228,BEARISH,,BELOW_MID,
AAPL,1H,2025-08-20T18:00:00Z,225.73,225.88,225.14,225.45,118344,1725,225.530477,24.826501635401712,36.92876140689814,25.616708859843484,229.0075,233.35499958384773,224.66000041615226,BEARISH,,BELOW_MID,
AAPL,1H,2025-08-20T19:00:00Z,225.45,226.29,225.32,225.34,270407,3182,225.817049,24.306015427994353,35.33395622082612,24.96136214391892,228.69299999999998,233.15036339342328,224.2356366065767,BEARISH,,BELOW_MID,
AAPL,1H,2025-08-21T13:00:00Z,225.06,225.86,224.07,224.59,90575,1249,224.945125,20.938828814872267,33.558539447241074,22.950095479395593,228.429,233.20677265877364,223.65122734122636,BEARISH,,BELOW_MID,
AAPL,1H,2025-08-21T14:00:00Z,224.55,225.35,224.4,224.63,133784,1776,224.84331,21.59056672277167,32.0092989515118,22.27033110108363,228.1485,233.132851406888,223.16414859311203,BEARISH,,BELOW_MID,
AAPL,1H,2025-08-21T15:00:00Z,224.65,225.19,223.88,224.64,157809,1415,224.636922,21.77193647075191,30.56479670785174,22.02113378591777,227.8835,233.0278061012284,222.7391938987716,BEARISH,,BELOW_MID,
AAPL,1H,2025-08-21T16:00:00Z,224.62,224.62,223.92,223.97,53013,715,224.292354,18.5395514704597,28.93026246999406,20.280342628188734,227.5605,232.84100426220223,222.27999573779775,BEARISH,,BELOW_MID,
AAPL,1H,2025-08-21T17:00:00Z,223.96,224.17,223.17,223.94,118078,1492,223.717311,18.401929314540396,27.389926108787268,19.341135971364565,227.217,232.5012690078522,221.93273099214784,BEARISH,,BELOW_MID,
AAPL,1H,2025-08-21T18:00:00Z,223.87,223.94,223.48,223.87,59809,755,223.737599,18.050206439079133,25.947889895629633,18.69567120522185,226.8985,232.18346686241463,221.6135331375854,BEARISH,,BELOW_MID,
AAPL,1H,2025-08-21T19:00:00Z,223.85,224.58,223.76,224.27,158874,1887,224.16639,27.01766695379979,25.469674549737903,22.85666907951082,226.54249999999996,231.50281355120765,221.58218644879227,NEUTRAL,BULLISH_CROSS,BELOW_MID,
AAPL,1H,2025-08-22T13:00:00Z,225.53,226.34,224.8,225.32,118418,1620,225.598393,44.84195848379106,26.696049313669217,33.84931378165094,226.29700000000003,230.96635857197361,221.62764142802644,NEUTRAL,,BELOW_MID,
AAPL,1H,2025-08-22T14:00:00Z,225.57,228.01,225.47,227.55,366003,4756,227.278717,65.16765195993418,29.824492291076098,49.50848287079256,226.1375,230.36484892661434,221.91015107338563,BULLISH,,ABOVE_MID,
AAPL,1H,2025-08-22T15:00:00Z,227.55,228.05,226.7,226.73,134895,1880,227.523322,56.547559700489316,32.08891324739444,53.02802128564094,225.9695,229.78219610366818,222.15680389633184,BULLISH,,ABOVE_MID,
AAPL,1H,2025-08-22T16:00:00Z,226.68,226.8,226.31,226.65,101437,1485,226.560251,55.73834719767448,34.25636229091875,54.38318424165771,225.7935,229.07818391493487,222.50881608506512,BULLISH,,ABOVE_MID,
AAPL,1H,2025-08-22T17:00:00Z,226.6,228.44,226.54,227.26,187629,2414,227.63772,60.57765792909252,36.81978920478651,57.48042108537511,225.69849999999997,228.66800305960976,222.72899694039018,BULLISH,,ABOVE_MID,
AAPL,1H,2025-08-22T18:00:00Z,227.27,227.87,227.16,227.57,122491,1800,227.577564,62.89692201163635,39.532641010790734,60.18867154850573,225.5815,227.98225667895736,223.18074332104266,BULLISH,,ABOVE_MID,
AAPL,1H,2025-08-22T19:00:00Z,227.58,227.72,226.85,227.1,241994,2975,227.154317,57.16108345705165,41.61767094600876,58.67487750277869,225.6035,228.0534303964292,223.1535696035708,NEUTRAL,,ABOVE_MID,
AAPL,1H,2025-08-25T13:00:00Z,226.13,228.39,225.62,227.9,115091,1636,227.302215,63.52978005695511,44.233991397095984,61.1023287798669,225.702,228.35702582007076,223.04697417992924,BULLISH,,ABOVE_MID,
AAPL,1H,2025-08-25T14:00:00Z,227.98,228.57,227.45,228.28,152511,2197,228.000317,66.21386769583711,46.94273480655241,63.658098237852,225.821,228.71590223450596,222.92609776549403,BULLISH,,ABOVE_MID,
AAPL,1H,2025-08-25T15:00:00Z,228.2,228.65,227.84,228.53,88948,1239,228.199201,67.95917129472785,49.6360688076884,65.80863476628993,225.96599999999998,229.10116154204465,222.8308384579553,BULLISH,,ABOVE_MID,
AAPL,1H,2025-08-25T16:00:00Z,228.5,228.52,227.71,227.87,70438,958,228.00194,58.91958356822033,51.325536910562946,62.36410916725513,226.073,229.31838279308673,222.8276172069133,NEUTRAL,,ABOVE_MID,
AAPL,1H,2025-08-25T17:00:00Z,227.87,228.09,227.65,227.65,75318,1071,227.867636,56.12026987845289,52.61314836396004,59.242189522854005,226.18300000000005,229.4880589611717,222.8779410388284,NEUTRAL,,ABOVE_MID,
AAPL,1H,2025-08-25T18:00:00Z,227.69,227.72,226.83,226.91,123711,1440,227.174782,47.568217730063466,52.99330211221892,53.405203626458736,226.2615,229.55681900859386,222.96618099140616,BEARISH,BEARISH_CROSS,ABOVE_MID,
AAPL,1H,2025-08-25T19:00:00Z,226.91,227.19,226.51,226.51,136076,1979,226.878739,43.53399470528576,52.90825932534795,48.469599165872246,226.35750000000002,229.5583017087796,223.15669829122044,BEARISH,,ABOVE_MID,
AAPL,1H,2025-08-26T13:00:00Z,226.16,226.4,224.07,224.6,132542,1834,225.185901,29.908256963499667,51.501275101876104,39.18892806468595,226.356,229.56023666909263,223.15176333090736,BEARISH,,BELOW_MID,
AAPL,1H,2025-08-26T14:00:00Z,224.69,226.4,224.31,225.98,252735,3071,225.369936,44.12362141123766,51.34776804400544,41.65627473796181,226.423,229.53074313101968,223.31525686898033,NEUTRAL,,BELOW_MID,
AAPL,1H,2025-08-26T15:00:00Z,225.99,226.63,225.92,226.06,96286,1373,226.276442,44.853038858365984,51.16302597185439,43.25465679816389,226.5275,229.42112184267395,223.63387815732605,NEUTRAL,,BELOW_MID,
AAPL,1H,2025-08-26T16:00:00Z,226.08,227.32,226.08,227.07,92081,1296,226.836995,53.478553470811256,51.66250339958964,48.36660513448757,226.68399999999997,229.31504061861853,224.0529593813814,BULLISH,BULLISH_CROSS,ABOVE_MID,BULLISH_CONFIRMED
AAPL,1H,2025-08-26T17:00:00Z,227.05,227.52,227.01,227.36,72945,1037,227.255347,55.71593503522706,52.21412806045206,52.04127008485732,226.8585,229.14395308187505,224.57304691812493,BULLISH,,ABOVE_MID,
AAPL,1H,2025-08-26T18:00:00Z,227.34,227.88,227.26,227.33,98537,1215,227.522132,55.405823416499615,52.5760282636783,53.723546750678466,227.0115,228.95081376902124,225.0721862309788,BULLISH,,ABOVE_MID,
AAPL,1H,2025-08-26T19:00:00Z,227.28,228.78,227.09,228.65,177763,2442,227.882969,65.03827206527885,53.65189298918566,59.380909407978656,227.17799999999997,229.0772253268329,225.27877467316705,BULLISH,,ABOVE_MID,
AAPL,1H,2025-08-27T13:00:00Z,228.05,229.59,227.66,229.1,140302,1731,228.621643,67.7129871371983,54.80632226620312,63.54694827258848,227.25549999999998,229.33644588816045,225.1745541118395,BULLISH,,ABOVE_MID,
AAPL,1H,2025-08-27T14:00:00Z,229.11,230.06,228.65,229.53,236889,2658,229.304391,70.1665468142209,56.08479364090052,66.85674754340468,227.3955,229.69306369821308,225.09793630178692,BULLISH,,ABOVE_MID,
AAPL,1H,2025-08-27T15:00:00Z,229.54,229.65,228.67,229.29,105801,1548,229.198642,66.97096020078571,57.051116904184816,66.91385387209519,227.5275,229.94494427900278,225.11005572099722,BULLISH,,ABOVE_MID,
AAPL,1H,2025-08-27T16:00:00Z,229.25,229.43,228.99,229.13,71987,926,229.200568,64.75897745215035,57.771227880795365,65.83641566212276,227.621,230.13750467701766,225.10449532298236,NEUTRAL,,ABOVE_MID,
AAPL,1H,2025-08-27T17:00:00Z,229.11,229.44,229.02,229.34,58291,806,229.281723,66.39773820894715,58.60126676060182,66.11707693553495,227.7095,230.34034917249144,225.07865082750854,BULLISH,,ABOVE_MID,
AAPL,1H,2025-08-27T18:00:00Z,229.32,230.02,229.25,229.5,100509,1207,229.705815,67.68573433149396,59.5232010442768,66.90140563351446,227.8295,230.56033349527672,225.09866650472327,BULLISH,,ABOVE_MID,
AAPL,1H,2025-08-27T19:00:00Z,229.47,230.25,229.08,229.85,237079,2652,229.84138,70.47116845089037,60.67762582226982,68.68628704220242,227.927,230.803775241386,225.05022475861398,BULLISH,,ABOVE_MID,
AAPL,1H,2025-08-27T20:00:00Z,230.36,230.63,230.36,230.63,200,2,230.495,75.71864592187015,62.2514745911578,72.20246648203629,228.04449999999997,231.1637338802946,224.92526611970536,BULLISH,,ABOVE_MID,
AAPL,1H,2025-08-28T13:00:00Z,230.1,230.23,228.69,229.84,126461,1623,229.538432,62.968560447467226,62.61345902745974,67.58551346475176,228.10999999999999,231.3256852425144,224.89431475748557,NEUTRAL,,ABOVE_MID,
AAPL,1H,2025-08-28T14:00:00Z,229.78,231.21,229.36,230.7,167039,2219,230.242091,69.29963803326253,63.565044920688386,68.44257574900715,228.2515,231.6656518172976,224.83734818270239,BULLISH,,ABOVE_MID,
AAPL,1H,2025-08-28T15:00:00Z,230.71,231.13,230.08,230.89,118530,1541,230.698474,70.5510063950303,64.62458868776373,69.49679107201872,228.41349999999997,232.01007893003577,224.81692106996417,BULLISH,,ABOVE_MID,
AAPL,1H,2025-08-28T16:00:00Z,230.91,231.92,230.78,231.78,172071,2056,231.482019,75.75811848909082,66.10715380180213,72.62745478055477,228.65699999999998,232.47744417367767,224.8365558263223,BULLISH,,ABOVE_MID,
AAPL,1H,2025-08-28T17:00:00Z,231.8,232.72,231.74,232.51,155099,1834,232.326327,79.15858866497733,67.81384023654606,75.89302172276605,228.95699999999997,233.00320732095963,224.9107926790403,BULLISH,,ABOVE_MID,
AAPL,1H,2025-08-28T18:00:00Z,232.49,232.74,232.03,232.19,134035,1666,232.366103,74.03703966616786,68.91817645522977,74.96503069446695,229.33650000000003,233.07406056102715,225.5989394389729,NEUTRAL,,ABOVE_MID,
AAPL,1H,2025-08-28T19:00:00Z,232.18,232.64,231.87,231.94,285431,3634,232.242483,70.05344328585105,69.52831973474665,72.509236990159,229.63449999999997,233.19127248728287,226.07772751271708,NEUTRAL,,ABOVE_MID,
AAPL,1H,2025-08-29T13:00:00Z,232.33,232.65,231.21,231.95,119879,1610,231.936888,70.12577611116143,69.97125004027723,71.31750655066021,229.929,233.20379625721853,226.65420374278148,NEUTRAL,,ABOVE_MID,
AAPL,1H,2025-08-29T14:00:00Z,231.97,232.49,230.73,232.19,266016,3056,231.71427,71.95476624704227,70.46788873608301,71.63613639885125,230.18500000000003,233.31609699962002,227.05390300038005,BULLISH,,ABOVE_MID,
AAPL,1H,2025-08-29T15:00:00Z,232.16,232.41,230.76,231.01,198531,2322,231.673509,53.75214854077778,69.19242050885751,62.694142469814516,230.36749999999998,233.21823490062837,227.51676509937158,NEUTRAL,BEARISH_CROSS,ABOVE_MID,
AAPL,1H,2025-08-29T16:00:00Z,231.1,232.3,231.1,232.2,157780,1691,231.813926,64.0655654368795,68.8533512415808,63.37985395334701,230.61100000000002,233.18812936994834,228.0338706300517,NEUTRAL,,ABOVE_MID,
AAPL,1H,2025-08-29T17:00:00Z,232.17,232.2,231.34,231.67,114848,1264,231.629653,57.62660872887458,67.89277668742203,60.50323134111079,230.762,233.20578998149608,228.31821001850392,NEUTRAL,,ABOVE_MID,
AAPL,1H,2025-08-29T18:00:00Z,231.65,231.81,231.32,231.5,122064,1387,231.582488,55.60978639169108,66.7392408588337,58.05650886640093,230.88199999999998,233.215369824271,228.54863017572896,NEUTRAL,,ABOVE_MID,
AAPL,1H,2025-08-29T19:00:00Z,231.52,232.17,230.92,231.61,228463,2926,231.572494,56.7126006219929,65.72677682466062,57.38455474419692,230.98600000000002,233.25002901226938,228.72197098773066,NEUTRAL,,ABOVE_MID,
AAPL,1H,2025-09-02T12:00:00Z,229.01,229.01,229.01,229.01,100,1,229.01,34.15156842057998,62.71093058393141,45.76806158238845,230.97200000000004,233.28315919877488,228.6608408012252,BEARISH,,BELOW_MID,
AAPL,1H,2025-09-02T13:00:00Z,228.65,229.77,227.06,229.51,238543,2813,228.352842,39.369736204383216,60.32537223001394,42.568898893385835,230.99099999999999,233.24391296815514,228.73808703184483,BEARISH,,BELOW_MID,
AAPL,1H,2025-09-02T14:00:00Z,229.54,230.13,227.38,227.51,293159,3710,229.226397,29.02082128377087,57.11848924693432,35.79486008857835,230.8995,233.54856319091297,228.250436809087,BEARISH,,BELOW_MID,
AAPL,1H,2025-09-02T15:00:00Z,227.39,227.77,226.53,226.72,203782,2599,227.131825,25.98544780494923,53.79037385308901,30.890153946763792,230.7605,233.9544579471868,227.56654205281322,BEARISH,,BELOW_MID,
AAPL,1H,2025-09-02T16:00:00Z,226.8,227.51,226.77,227.38,95669,1381,227.203179,32.610149069272325,51.23944900883148,31.750151508018057,230.637,234.153883189473,227.120116810527,NEUTRAL,,BELOW_MID,
AAPL,1H,2025-09-02T17:00:00Z,227.34,228.69,227.21,227.97,83192,1221,227.927755,38.17523948018672,49.34628383509961,34.96269549410239,230.504,234.2176811075263,226.7903188924737,NEUTRAL,,BELOW_MID,
AAPL,1H,2025-09-02T18:00:00Z,227.94,228.25,227.71,227.93,68342,1023,227.917171,37.93629710926051,47.57120584397056,36.44949630168145,230.4085,234.2885828802838,226.5284171197162,NEUTRAL,,BELOW_MID,
AAPL,1H,2025-09-02T19:00:00Z,228.02,229.22,226.36,229.04,247779,3206,228.513198,48.08127152657259,46.88195820598511,42.26538391412702,230.3255,234.25009169850532,226.4009083014947,NEUTRAL,BULLISH_CROSS,BELOW_MID,
AAPL,1H,2025-09-02T20:00:00Z,233.41,238.69,233.41,236.11,15193,121,236.938514,76.08846783534693,48.80326646152843,59.17692587473698,230.58649999999997,235.28679909462406,225.8862009053759,BULLISH,,ABOVE_MID,
AAPL,1H,2025-09-03T13:00:00Z,236.54,237.29,233.78,234.98,404156,4323,235.191771,69.3607054918943,50.083571084973975,64.26881568331564,230.74650000000003,235.8208369802813,225.67216301971874,BULLISH,,ABOVE_MID,
AAPL,1H,2025-09-03T14:00:00Z,234.95,236.93,234.47,236.34,505008,5521,235.970616,72.63663328649929,51.66684014387339,68.45272448490746,230.93800000000002,236.55285098456977,225.32314901543026,BULLISH,,ABOVE_MID,
AAPL,1H,2025-09-03T15:00:00Z,236.37,236.49,234.86,234.95,254740,2969,235.552311,64.68449105144553,52.540700104359196,66.56860776817649,231.07599999999996,236.95009800466394,225.201901995336,NEUTRAL,,ABOVE_MID,
AAPL,1H,2025-09-03T16:00:00Z,234.91,236.68,234.87,236.42,139693,1876,235.904166,68.75429773026936,53.847200921420054,67.66145274922292,231.3,237.63631471839133,224.9636852816087,BULLISH,,ABOVE_MID,
AAPL,1H,2025-09-03T17:00:00Z,236.37,237.2,235.98,236.4,185719,2167,236.668032,68.6332356957724,55.16556511169069,68.14734422249765,231.52249999999998,238.25505367207305,224.7899463279269,BULLISH,,ABOVE_MID,
AAPL,1H,2025-09-03T18:00:00Z,236.38,236.58,236.1,236.27,129909,1687,236.25384,67.76076212758628,56.410761607840875,67.95405317504196,231.7265,238.7836420337263,224.66935796627368,NEUTRAL,,ABOVE_MID,
AAPL,1H,2025-09-03T19:00:00Z,236.27,237.98,236.16,237.81,369133,4299,237.04652,72.4312731937346,58.09078817486848,70.19266318438828,232.0665,239.6163212596463,224.51667874035368,BULLISH,,ABOVE_MID,
AAPL,1H,2025-09-04T13:00:00Z,237.81,239.21,236.41,238.82,242443,2735,238.031816,75.09350257206914,60.01077279383693,72.64308287822871,232.39749999999998,240.5299531807332,224.26504681926676,BULLISH,,ABOVE_MID,
AAPL,1H,2025-09-04T14:00:00Z,238.86,238.9,236.49,236.79,237869,3071,237.367475,61.63534065277832,60.61490133342703,67.13921176550352,232.65350000000004,241.00881794097106,224.29818205902902,NEUTRAL,,ABOVE_MID,
AAPL,1H,2025-09-04T15:00:00Z,236.84,237.42,236.1,236.72,187812,2249,236.685644,61.20978266213854,61.1908632365698,64.17449721382103,232.9145,241.4424391599474,224.3865608400526,NEUTRAL,,ABOVE_MID,
AAPL,1H,2025-09-04T16:00:00Z,236.76,237.0,236.34,236.85,84617,1221,236.728747,61.761388554973536,61.80145955450161,62.96794288439728,233.17649999999998,241.8563114823074,224.49668851769255,NEUTRAL,BEARISH_CROSS,ABOVE_MID,
AAPL,1H,2025-09-04T17:00:00Z,236.83,237.54,236.83,237.46,126520,1683,237.193792,64.43139621326506,62.62815352897386,63.69966954883117,233.599,242.2474483548983,224.95055164510168,BULLISH,BULLISH_CROSS,ABOVE_MID,BULLISH_CONFIRMED
AAPL,1H,2025-09-04T18:00:00Z,237.48,238.03,237.22,237.8,128865,1655,237.582115,65.9233945006983,63.55706901186529,64.81153202476473,234.01350000000002,242.63137194393605,225.395628056064,BULLISH,,ABOVE_MID,
AAPL,1H,2025-09-04T19:00:00Z,237.81,239.22,237.67,239.03,414857,4539,238.662078,70.89256755911306,64.80018712742591,67.8520497919389,234.5895,242.91202359247734,226.26697640752263,BULLISH,,ABOVE_MID,
AAPL,1H,2025-09-05T13:00:00Z,239.32,239.95,238.54,239.41,263272,2714,239.390585,72.2966453342404,66.03448620369194,70.07434756308965,235.224,242.93267290100636,227.51532709899362,BULLISH,,ABOVE_MID,
AAPL,1H,2025-09-05T14:00:00Z,239.41,240.64,237.96,238.33,502601,5085,239.141404,62.636041911306414,66.20320737549007,66.35519473719803,235.77149999999997,242.64457569241432,228.89842430758563,NEUTRAL,BEARISH_CROSS,ABOVE_MID,
AAPL,1H,2025-09-05T15:00:00Z,238.34,239.64,238.15,238.37,306330,3170,238.935141,62.842920923266625,66.23207514964668,64.59905783023233,236.29149999999998,242.18291846917356,230.4000815308264,NEUTRAL,,ABOVE_MID,
AAPL,1H,2025-09-05T16:00:00Z,238.32,239.04,237.86,238.64,227683,2494,238.455829,64.34217322166056,66.26636078705988,64.47061552594644,236.827,241.2928333341486,232.36116666585139,NEUTRAL,,ABOVE_MID,
AAPL,1H,2025-09-05T17:00:00Z,238.51,239.05,238.07,238.2,156389,1748,238.635752,59.910406826131116,65.78448180089046,62.19051117603878,237.285,239.871804572191,234.698195427809,NEUTRAL,,ABOVE_MID,
AAPL,1H,2025-09-05T18:00:00Z,238.21,239.3,238.19,239.26,189941,2119,238.832921,66.21688059828847,65.78079259609953,64.20369588716363,237.44250000000002,240.1103899606387,234.77461003936133,BULLISH,BULLISH_CROSS,ABOVE_MID,BULLISH_CONFIRMED
AAPL,1H,2025-09-05T19:00:00Z,239.28,239.45,238.4,238.99,358411,3894,239.054853,63.36070208882891,65.43894166935897,63.78219898799627,237.64299999999997,240.128139835094,235.15786016490594,NEUTRAL,BEARISH_CROSS,ABOVE_MID,
AAPL,1H,2025-09-08T12:00:00Z,239.26,239.26,239.26,239.26,100,1,239.26,65.05635647662834,65.30633969452448,64.41927773231231,237.789,240.29483235461686,235.28316764538312,NEUTRAL,,ABOVE_MID,
AAPL,1H,2025-09-08T13:00:00Z,239.23,239.69,238.1,238.66,224004,2379,238.869631,58.309944870213535,64.57906111917293,61.364611301262926,237.97449999999998,240.11860796074714,235.8303920392528,NEUTRAL,,ABOVE_MID,
AAPL,1H,2025-09-08T14:00:00Z,238.66,239.16,238.16,238.48,255761,2727,238.700105,56.3381599827776,63.73454966841068,58.85138564202026,238.07750000000001,240.10175164858845,236.05324835141158,NEUTRAL,,ABOVE_MID,
AAPL,1H,2025-09-08T15:00:00Z,238.46,238.89,237.33,237.62,221336,2192,238.000226,47.67314741828421,62.13844110602206,53.26226653015223,238.13850000000002,240.01827910235622,236.25872089764383,BEARISH,,BELOW_MID,
AAPL,1H,2025-09-08T16:00:00Z,237.6,237.7,236.19,236.3,173878,1736,236.982898,37.66902641289025,59.7241273886495,45.46564647152124,238.14000000000001,240.01353872882092,236.2664612711791,BEARISH,,BELOW_MID,
AAPL,1H,2025-09-08T17:00:00Z,236.33,237.28,235.67,237.09,194131,1874,236.714315,45.385498153002615,58.14535529822605,45.42557231226193,238.10399999999998,240.0311402319642,236.17685976803577,BEARISH,,BELOW_MID,
AAPL,1H,2025-09-08T18:00:00Z,237.1,237.17,235.95,236.2,201999,1931,236.638374,39.23017886411211,56.10387134160295,42.32787558818702,237.973,240.0458937312423,235.90010626875772,BEARISH,,BELOW_MID,
AAPL,1H,2025-09-08T19:00:00Z,236.21,237.3,236.08,237.23,281979,3263,236.806509,48.350307424815874,55.03521766248808,45.33909150650145,237.99499999999998,240.02390169925357,235.96609830074638,NEUTRAL,,BELOW_MID,
AAPL,1H,2025-09-09T13:00:00Z,236.26,237.32,235.55,236.15,143892,2013,236.210903,41.078154834534054,53.42123061000238,43.208623170517754,237.96650000000005,240.08485363082616,235.84814636917395,BEARISH,,BELOW_MID,
AAPL,1H,2025-09-09T14:00:00Z,236.17,236.24,235.12,235.87,224538,2583,235.700607,39.35185682040281,51.739299520813155,41.28023999546028,237.91750000000002,240.18470207814147,235.65029792185857,BEARISH,,BELOW_MID,
AAPL,1H,2025-09-09T15:00:00Z,235.87,235.96,234.92,235.02,130556,1630,235.432407,34.412857202354346,49.70299152193873,37.84654859890731,237.7955,240.40336240353292,235.18763759646708,BEARISH,,BELOW_MID,
AAPL,1H,2025-09-09T16:00:00Z,235.02,235.97,234.9,235.97,164218,1909,235.353912,43.35234972381881,48.597756571996655,40.59944916136306,237.704,240.4366285783728,234.97137142162723,NEUTRAL,,BELOW_MID,
AAPL,1H,2025-09-09T17:00:00Z,235.95,238.1,235.66,235.86,498654,5480,236.803874,42.59606515626938,47.51501976305417,41.59775715881622,237.5455,240.32168045067465,234.76931954932536,NEUTRAL,,BELOW_MID,
AAPL,1H,2025-09-09T18:00:00Z,235.85,236.09,232.72,233.09,581058,6139,233.81095,28.507400750127204,45.25247939054219,35.05257895447171,237.2295,240.50579749307497,233.95320250692504,BEARISH,,BELOW_MID,
AAPL,1H,2025-09-09T19:00:00Z,233.07,233.96,232.86,233.69,388849,4548,233.502383,33.8397829123835,43.65818660338245,34.446180933427605,236.99750000000003,240.58776681312762,233.40723318687245,BEARISH,,BELOW_MID,
AAPL,1H,2025-09-09T20:00:00Z,232.45,232.52,232.45,232.52,1343,44,232.49396,29.08136952536198,41.79779070494309,31.763775229394792,236.70499999999998,240.74898708936107,232.6610129106389,BEARISH,,BELOW_MID,
AAPL,1H,2025-09-10T12:00:00Z,232.46,232.46,232.46,232.46,177,3,232.46,28.847346610595352,40.061378318087456,30.305560919995074,236.39600000000002,240.7499910306188,232.04200896938124,BEARISH,,BELOW_MID,
AAPL,1H,2025-09-10T13:00:00Z,231.5,231.79,228.24,228.91,458559,5100,229.616866,18.785225093955944,37.55739459990388,24.54539300697551,235.9315,241.3316453196795,230.5313546803205,BEARISH,,BELOW_MID,
AAPL,1H,2025-09-10T14:00:00Z,228.89,229.12,226.72,227.1,592880,6753,227.734566,15.65341434424549,34.965917039225864,20.0994036756105,235.32350000000002,241.78049384184754,228.8665061581525,BEARISH,,BELOW_MID,
AAPL,1H,2025-09-10T15:00:00Z,227.1,227.46,225.63,226.64,493489,5073,226.530739,14.941222463149472,32.50128347412737,17.520313069379988,234.706,241.9951336572776,227.4168663427224,BEARISH,,BELOW_MID,
AAPL,1H,2025-09-10T16:00:00Z,226.69,227.4,226.18,226.74,298384,3469,226.735157,15.87726591057816,30.34371731392559,16.698789489979074,234.08,241.85655315337982,226.3034468466202,BEARISH,,BELOW_MID,
AAPL,1H,2025-09-10T17:00:00Z,226.78,227.09,225.95,226.07,241089,2693,226.365151,14.661157078444603,28.281151806119684,15.679973284211838,233.4505,241.6904986586595,225.21050134134052,BEARISH,,BELOW_MID,
AAPL,1H,2025-09-10T18:00:00Z,226.0,226.7,225.72,226.25,237002,2738,226.130509,16.59203351283827,26.612281555978075,16.136003398525055,232.839,241.31914622515282,224.35885377484718,NEUTRAL,,BELOW_MID,
AAPL,1H,2025-09-10T19:00:00Z,226.24,226.42,225.32,226.17,433042,4834,225.901788,16.406427618867,25.107135061611253,16.271215508696027,232.2665,240.9315982318953,223.60140176810472,NEUTRAL,,BELOW_MID,
AAPL,1H,2025-09-11T13:00:00Z,226.13,228.46,226.02,228.38,146568,1986,227.384509,37.97103261742325,25.735271845744833,27.12112406305964,231.8705,240.4831968085358,223.25780319146418,NEUTRAL,BULLISH_CROSS,BELOW_MID,
AAPL,1H,2025-09-11T14:00:00Z,228.4,228.63,227.7,228.39,227333,2981,228.244083,38.05238185437886,26.41280451202961,32.586752958719245,231.4355,239.8138467154436,223.0571532845564,NEUTRAL,,BELOW_MID,
AAPL,1H,2025-09-11T15:00:00Z,228.38,228.66,227.56,227.77,176498,2333,228.001573,34.86325982968131,26.79875744688524,33.72500639420028,231.01399999999998,239.2297292017059,222.79827079829406,NEUTRAL,,BELOW_MID,
AAPL,1H,2025-09-11T16:00:00Z,227.76,228.13,227.39,228.1,78603,1189,227.857169,37.975870085627605,27.513225765715728,35.85043823991394,230.55750000000003,238.3211314752946,222.79386852470546,NEUTRAL,,BELOW_MID,
AAPL,1H,2025-09-11T17:00:00Z,228.11,229.5,228.01,229.41,119859,1650,228.786422,48.884313851280154,29.224800698646582,42.36737604559705,230.2205,237.53408785880055,222.90691214119943,NEUTRAL,,BELOW_MID,
AAPL,1H,2025-09-11T18:00:00Z,229.43,229.49,228.55,229.21,189426,2072,229.133175,47.450944223457114,30.803757585643478,44.909160134527085,229.8875,236.70785922807397,223.067140771926,NEUTRAL,,BELOW_MID,
AAPL,1H,2025-09-11T19:00:00Z,229.23,229.8,228.8,229.34,394268,3863,229.428189,48.55402161656995,32.45540640279814,46.73159087554852,229.6035,235.98276336285042,223.22423663714957,NEUTRAL,,BELOW_MID,
AAPL,1H,2025-09-12T12:00:00Z,228.46,228.71,227.93,228.71,1620,35,228.397778,43.56795617814489,33.613940332493534,45.1497735268467,229.24049999999997,234.8774438341576,223.60355616584235,NEUTRAL,,BELOW_MID,
AAPL,1H,2025-09-12T13:00:00Z,228.62,230.49,228.38,230.47,132578,1619,229.371,57.33712023897807,35.984583986438736,51.24344688291239,228.971,233.72102891957684,224.22097108042317,BULLISH,,ABOVE_MID,
AAPL,1H,2025-09-12T14:00:00Z,230.45,233.84,230.29,233.25,566878,5385,232.574931,70.24026366492635,39.46770054700625,60.74185527391937,228.97899999999998,233.75868464055233,224.19931535944764,BULLISH,,ABOVE_MID,
AAPL,1H,2025-09-12T15:00:00Z,233.32,233.83,232.72,233.34,291727,3168,233.323168,70.56450393521077,42.8606216407656,65.65317960456507,228.96149999999997,233.67060104282683,224.2523989571731,BULLISH,,ABOVE_MID,
AAPL,1H,2025-09-12T16:00:00Z,233.34,233.57,232.48,232.48,153312,1732,233.174237,63.16621646877212,45.3989057649133,64.4096980366686,228.95950000000002,233.6622672704456,224.25673272955444,NEUTRAL,,ABOVE_MID,
AAPL,1H,2025-09-12T17:00:00Z,232.47,233.21,232.34,233.02,133849,1622,232.737388,65.7060772149623,48.041132062712954,65.05788762581545,228.9875,233.7837611535034,224.19123884649662,BULLISH,,ABOVE_MID,
AAPL,1H,2025-09-12T18:00:00Z,233.01,233.56,232.41,233.34,186451,2254,232.997174,67.21327535290192,50.661827854915785,66.13558148935869,229.209,234.3843785521321,224.03362144786792,BULLISH,,ABOVE_MID,
AAPL,1H,2025-09-12T19:00:00Z,233.36,233.77,232.88,233.38,300650,3512,233.340853,67.41466535395188,53.13474555742053,66.77512342165528,229.523,234.91703217990667,224.12896782009332,BULLISH,,ABOVE_MID,
AAPL,1H,2025-09-15T13:00:00Z,236.07,237.52,234.4,234.64,312536,3483,235.856604,73.23964946453862,55.92669021257603,70.00738644309695,229.923,235.59613187429412,224.2498681257059,BULLISH,,ABOVE_MID,
AAPL,1H,2025-09-15T14:00:00Z,234.68,236.33,234.39,236.3,305105,3621,235.243805,78.8447232698566,58.978895970724544,74.42605485647678,230.40099999999998,236.53701928220184,224.26498071779812,BULLISH,,ABOVE_MID,
AAPL,1H,2025-09-15T15:00:00Z,236.29,236.61,235.76,236.42,198982,2610,236.19357,79.19904556521696,61.78667431500232,76.81255021084687,230.9185,237.25894087791139,224.5780591220886,BULLISH,,ABOVE_MID,
AAPL,1H,2025-09-15T16:00:00Z,236.37,236.37,235.42,235.56,168908,2067,235.941595,69.77668287498464,63.46375397465015,73.29461654291575,231.38400000000001,237.64785588326313,225.1201441167369,NEUTRAL,,ABOVE_MID,
AAPL,1H,2025-09-15T17:00:00Z,235.55,235.7,234.93,235.35,112195,1545,235.291961,67.56838933560161,64.70148432640367,70.43150293925868,231.843,237.83773839471138,225.8482616052886,NEUTRAL,,ABOVE_MID,
AAPL,1H,2025-09-15T18:00:00Z,235.36,235.5,234.61,235.5,124391,1621,235.129314,68.37271672441271,65.7916584848337,69.4021098318357,232.19899999999998,238.17345051426008,226.22454948573989,NEUTRAL,,ABOVE_MID,
AAPL,1H,2025-09-15T19:00:00Z,235.54,236.12,235.03,236.08,306427,3815,235.501091,71.45250974243692,66.93685153622027,70.42730978713631,232.58350000000002,238.51545902672223,226.6515409732778,BULLISH,,ABOVE_MID,
AAPL,1H,2025-09-16T13:00:00Z,236.32,239.84,235.69,239.7,322338,3466,237.826737,83.04521870778026,68.99098576140423,76.73626424745828,233.18,239.46284548340924,226.89715451659077,BULLISH,,ABOVE_MID,
AAPL,1H,2025-09-16T14:00:00Z,239.71,240.53,238.07,238.31,398064,4345,239.414396,70.65160916711312,69.72365402465134,73.6939367072857,233.6905,239.89407273970545,227.48692726029452,NEUTRAL,,ABOVE_MID,
AAPL,1H,2025-09-16T15:00:00Z,238.33,239.16,237.57,238.04,143716,1869,238.361091,68.42025080562213,70.09854360855326,71.05709375645392,234.12199999999999,240.2722609272826,227.97173907271738,NEUTRAL,BEARISH_CROSS,ABOVE_MID,
AAPL,1H,2025-09-16T16:00:00Z,238.0,238.7,238.0,238.48,89515,1244,238.424713,70.14868243911796,70.49876948502407,70.60288809778595,234.5855,240.5721499726234,228.59885002737659,NEUTRAL,,ABOVE_MID,
AAPL,1H,2025-09-16T17:00:00Z,238.47,238.7,237.46,237.62,116127,1705,238.151749,62.61325165394838,70.12190265553645,66.60806987586716,234.99950000000004,240.59093885069203,229.40806114930805,NEUTRAL,,ABOVE_MID,
AAPL,1H,2025-09-16T18:00:00Z,237.64,238.44,237.54,238.39,145250,1899,238.164232,66.26358323861126,70.01124645742297,66.43582655723921,235.4835,240.42009705934066,230.54690294065932,NEUTRAL,,ABOVE_MID,
AAPL,1H,2025-09-16T19:00:00Z,238.39,238.92,237.41,237.47,236801,2940,238.26321,58.576091907278276,69.12506264207991,62.505959232258746,235.83350000000002,240.23728915791207,231.42971084208796,NEUTRAL,,ABOVE_MID,
AAPL,1H,2025-09-17T13:00:00Z,238.3,239.38,238.14,238.56,179444,2177,238.840976,64.12373085677282,68.67823935578556,63.314845044515785,236.09900000000002,240.4872133997882,231.71078660021183,NEUTRAL,,ABOVE_MID,
AAPL,1H,2025-09-17T14:00:00Z,238.62,239.32,238.41,238.87,180923,2265,238.995099,65.59784295827569,68.33604699379323,64.45634400139573,236.37550000000002,240.72848554533212,232.0225144546679,NEUTRAL,,ABOVE_MID,
AAPL,1H,2025-09-17T15:00:00Z,238.86,239.09,238.55,238.92,112174,1477,238.808902,65.8524344108109,68.03709636864026,65.15438920610332,236.69750000000005,240.78164585542643,232.61335414457366,NEUTRAL,,ABOVE_MID,
AAPL,1H,2025-09-17T16:00:00Z,238.91,239.09,238.62,238.88,106795,1350,238.872006,65.41673246265054,67.7189350448424,65.28556083437692,236.99050000000003,240.79502625171332,233.18597374828673,NEUTRAL,,ABOVE_MID,
AAPL,1H,2025-09-17T17:00:00Z,238.89,238.94,238.27,238.76,101511,1355,238.672325,63.987874276317754,67.26113502880702,64.63671755534733,237.26149999999998,240.72832487830257,233.7946751216974,NEUTRAL,,ABOVE_MID,
AAPL,1H,2025-09-17T18:00:00Z,239.07,239.13,237.08,237.88,227699,2754,238.134026,54.21783327811679,65.92258757544015,59.42727541673206,237.48649999999998,240.4385253529037,234.53447464709626,NEUTRAL,,ABOVE_MID,
AAPL,1H,2025-09-17T19:00:00Z,237.96,238.77,237.82,238.31,301796,3750,238.280073,57.762950363039764,64.96258081842898,58.59511288988591,237.67000000000002,240.31757287061924,235.0224271293808,NEUTRAL,,ABOVE_MID,
AAPL,1H,2025-09-18T13:00:00Z,238.58,240.47,236.97,237.77,195292,2282,238.263399,52.06690037990311,63.52653365165608,55.33100663489451,237.74349999999998,240.3113520616465,235.17564793835348,NEUTRAL,,ABOVE_MID,
AAPL,1H,2025-09-18T14:00:00Z,237.72,237.74,236.01,237.55,311950,3559,236.968011,49.81541257506007,61.977462697796305,52.57320960497729,237.8,240.29389992623626,235.30610007376376,BEARISH,,BELOW_MID,
AAPL,1H,2025-09-18T15:00:00Z,237.59,238.11,236.69,236.91,156631,2006,237.591886,43.639545884292204,59.99261732916888,48.10637774463475,237.86749999999998,240.17201159341548,235.56298840658448,BEARISH,,BELOW_MID,
AAPL,1H,2025-09-18T16:00:00Z,236.91,237.49,236.8,237.28,138093,1772,237.20803,47.844923876313274,58.54401627878114,47.97565081047401,237.96400000000003,239.96648687490995,235.9615131250901,BEARISH,,BELOW_MID,
AAPL,1H,2025-09-18T17:00:00Z,237.31,237.54,236.56,236.72,137438,1735,237.143523,42.45152351145374,56.70004878396319,45.213587160963876,238.025,239.7691088811911,236.2808911188089,BEARISH,,BELOW_MID,
AAPL,1H,2025-09-18T18:00:00Z,236.7,237.35,236.66,237.06,131877,1669,237.090177,46.56576518920175,55.33883428073335,45.88967617508281,238.074,239.63330348822706,236.51469651177297,NEUTRAL,,BELOW_MID,
AAPL,1H,2025-09-18T19:00:00Z,237.02,237.44,236.59,237.2,312433,3865,237.048332,48.278647340736526,54.22773872433228,47.08416175790967,237.94899999999998,239.35251288595032,236.54548711404965,NEUTRAL,,BELOW_MID,
AAPL,1H,2025-09-19T13:00:00Z,240.76,241.99,239.8,240.2,282438,2961,240.639333,70.82465444319865,55.266599927902654,58.95440810055416,238.0435,239.76731797792826,236.31968202207173,BULLISH,BULLISH_CROSS,ABOVE_MID,BULLISH_CONFIRMED
AAPL,1H,2025-09-19T14:00:00Z,240.18,242.44,239.57,242.18,287745,2978,240.861877,77.95866960102305,57.00691083960676,68.4565388507886,238.25050000000002,240.77901089940252,235.7219891005975,BULLISH,,ABOVE_MID,
AAPL,1H,2025-09-19T15:00:00Z,242.26,242.68,241.13,242.58,212937,2245,241.89445,79.11908850538495,58.82108208272944,73.78781367808678,238.45549999999997,241.64165078771885,235.2693492122811,BULLISH,,ABOVE_MID,
AAPL,1H,2025-09-19T16:00:00Z,242.62,245.22,242.52,244.5,280193,3185,243.971515,83.7413559783077,61.0091441450366,78.76458482819723,238.7995,242.94656224490714,234.65243775509285,BULLISH,,ABOVE_MID,
AAPL,1H,2025-09-19T17:00:00Z,244.47,245.16,244.22,244.62,146159,1982,244.515768,83.99053697887626,63.161016282983375,81.37756090353675,239.11100000000002,243.9983839735834,234.22361602641664,BULLISH,,ABOVE_MID,
AAPL,1H,2025-09-19T18:00:00Z,244.72,245.55,244.29,244.83,203158,2541,245.007729,84.45944503875289,65.26297406565949,82.91850297114482,239.47899999999998,244.92281019816645,234.03518980183352,BULLISH,,ABOVE_MID,
AAPL,1H,2025-09-19T19:00:00Z,244.82,245.43,244.07,244.63,438203,4835,244.720515,81.8896231251462,67.05254170986859,82.4040630481455,239.78249999999997,245.66937344414205,233.8956265558579,NEUTRAL,,ABOVE_MID,
AAPL,1H,2025-09-19T20:00:00Z,244.69,244.7,244.69,244.7,609,8,244.697817,82.10402605232053,68.76067615170886,82.25404455023302,240.07399999999998,246.33603733452014,233.81196266547983,NEUTRAL,,ABOVE_MID,
AAPL,1H,2025-09-22T13:00:00Z,247.64,250.61,247.46,250.41,483183,5574,249.566655,91.42260021186696,71.23811692322411,86.83832238104999,240.64849999999996,248.39667404635492,232.900325953645,BULLISH,,ABOVE_MID,
AAPL,1H,2025-09-22T14:00:00Z,250.41,252.95,250.13,252.89,521740,5657,251.44517,93.16229346595222,73.76191614098265,90.00030792350111,241.349,250.77544856940065,231.92255143059933,BULLISH,,ABOVE_MID,
AAPL,1H,2025-09-22T15:00:00Z,252.89,255.91,252.68,255.35,749794,7372,254.344332,94.42427813021477,76.2822167392363,92.21229302685794,242.17850000000004,253.3953937908749,230.9616062091252,BULLISH,,ABOVE_MID,
AAPL,1H,2025-09-22T16:00:00Z,255.35,255.58,252.46,253.5,448311,4674,253.526644,81.67153830954344,77.5176035630239,86.94191566820069,242.95950000000002,255.0568150131049,230.86218498689513,NEUTRAL,,ABOVE_MID,
AAPL,1H,2025-09-22T17:00:00Z,253.49,254.2,252.81,253.39,272117,3219,253.526958,80.94030137000827,78.60996164324669,83.94110851910449,243.71349999999998,256.45337569136984,230.97362430863015,NEUTRAL,,ABOVE_MID,
AAPL,1H,2025-09-22T18:00:00Z,253.38,255.03,253.32,254.65,246460,2777,254.371348,82.91187166426555,79.76587170653234,83.42649009168503,244.55750000000003,257.86346364120357,231.25153635879653,NEUTRAL,,ABOVE_MID,
AAPL,1H,2025-09-22T19:00:00Z,254.64,255.53,254.6,255.4,469396,5257,255.147787,84.01886998510162,80.91354819162027,83.72268003839332,245.45,259.16518405578967,231.7348159442103,BULLISH,,ABOVE_MID,
AAPL,1H,2025-09-23T13:00:00Z,254.33,256.56,254.33,255.46,351921,3454,255.70979,84.11150554298756,81.93132587632034,83.91709279069045,246.3775,260.1697035566238,232.58529644337622,BULLISH,,ABOVE_MID,
AAPL,1H,2025-09-23T14:00:00Z,255.48,256.27,254.29,254.56,350781,3930,255.183293,76.61706011288945,82.1193224051763,80.26707645178995,247.24150000000003,260.79705473636193,233.68594526363813,NEUTRAL,BEARISH_CROSS,ABOVE_MID,
AAPL,1H,2025-09-23T15:00:00Z,254.59,255.65,254.51,255.24,223095,2879,255.01609,78.26331237590058,82.31421842881426,79.26519441384526,248.16750000000002,261.2176185717533,235.11738142824674,NEUTRAL,,ABOVE_MID,
AAPL,1H,2025-09-23T16:00:00Z,255.24,255.47,253.97,254.37,141123,1919,254.897104,71.06221212787258,81.72278763986272,75.16370327085892,249.033,261.25088352762924,236.8151164723707,NEUTRAL,,ABOVE_MID,
AAPL,1H,2025-09-23T17:00:00Z,254.3,254.51,253.23,253.63,270036,3511,253.884178,65.31182064686377,80.484738194125,70.23776195886134,249.8545,260.87294859649774,238.8360514035023,NEUTRAL,,ABOVE_MID,
AAPL,1H,2025-09-23T18:00:00Z,253.61,254.23,253.27,253.41,172650,2251,253.70436,63.59075994592168,79.0090769294373,66.91426095239152,250.51500000000001,260.64454511370104,240.38545488629896,NEUTRAL,,ABOVE_MID,
AAPL,1H,2025-09-23T19:00:00Z,253.45,253.77,252.89,253.73,307760,3707,253.329227,65.09584600645826,77.60395546849888,66.00505347942489,251.09249999999997,260.5134215662733,241.67157843372667,NEUTRAL,,ABOVE_MID,
AAPL,1H,2025-09-24T13:00:00Z,254.23,254.96,251.58,252.56,211914,2416,252.550308,55.635814635433285,75.36363119217178,60.82043405742908,251.5915,260.12985008097246,243.05314991902756,NEUTRAL,,ABOVE_MID,
AAPL,1H,2025-09-24T14:00:00Z,252.56,252.58,251.02,251.49,377156,3247,251.558229,48.39930905844811,72.56207850826418,54.6098715579386,251.94099999999997,259.8025544197516,244.07944558024838,BEARISH,,BELOW_MID,
AAPL,1H,2025-09-24T15:00:00Z,251.51,251.6,250.57,250.7,293243,2950,251.102962,43.68025011246732,69.46450652384289,49.145060835202955,252.24499999999998,259.34820757789856,245.14179242210136,BEARISH,,BELOW_MID,
AAPL,1H,2025-09-24T16:00:00Z,250.71,251.54,250.33,250.78,173398,2393,250.89203,44.29897113961477,66.59660660624382,46.72201598740887,252.54250000000002,258.7842570906698,246.3007429093302,BEARISH,,BELOW_MID,
AAPL,1H,2025-09-24T17:00:00Z,250.83,251.4,250.61,250.79,102008,1553,250.862169,44.38489019481697,63.9083424721881,45.553453091112914,252.8505,257.95208066320015,247.74891933679987,BEARISH,,BELOW_MID,
AAPL,1H,2025-09-24T18:00:00Z,250.78,251.13,250.56,251.03,127811,1808,250.861365,46.608517604617305,61.59570920588018,46.08098534786511,253.167,256.6765124867589,249.6574875132411,NEUTRAL,,BELOW_MID,
AAPL,1H,2025-09-24T19:00:00Z,251.01,251.75,250.55,251.51,220191,2992,251.141284,51.01521234903707,59.83641661123175,48.54809884845109,253.22200000000004,256.5808318771453,249.86316812285477,NEUTRAL,,BELOW_MID,
AAPL,1H,2025-09-25T12:00:00Z,251.43,251.43,251.43,251.43,310,7,251.43,50.23776220824831,58.141030340162196,49.3929305283497,253.14899999999997,256.60040032602797,249.69759967397198,NEUTRAL,,BELOW_MID,
AAPL,1H,2025-09-25T13:00:00Z,252.18,253.51,251.01,251.57,205647,2460,252.028733,51.68728439881215,56.755708155696354,50.540107463580924,252.95999999999998,256.3166022921025,249.60339770789744,NEUTRAL,,BELOW_MID,
AAPL,1H,2025-09-25T14:00:00Z,251.6,253.39,251.45,252.95,136368,1940,252.759741,63.48298640478967,56.62226801102563,57.0115469341853,252.93249999999998,256.27947270914615,249.58552729085383,BULLISH,BULLISH_CROSS,ABOVE_MID,BULLISH_CONFIRMED
AAPL,1H,2025-09-25T15:00:00Z,252.99,253.39,252.12,252.16,117428,1514,252.914774,54.85723763093956,55.83861387273832,55.93439228256243,252.871,256.2277647331417,249.51423526685832,NEUTRAL,BEARISH_CROSS,BELOW_MID,BEARISH_CONFIRMED
AAPL,1H,2025-09-25T16:00:00Z,252.13,252.64,251.62,252.53,179240,1810,252.158775,57.87319458142478,55.44521686275749,56.903793431993606,252.76499999999996,256.0175002528388,249.51249974716117,BULLISH,BULLISH_CROSS,BELOW_MID,
AAPL,1H,2025-09-25T17:00:00Z,252.54,253.15,252.41,252.54,230001,1985,252.79215,57.958595986689396,55.15944122203699,57.4311947093415,252.62199999999999,255.62892253938708,249.6150774606129,BULLISH,,BELOW_MID,
AAPL,1H,2025-09-25T18:00:00Z,252.49,255.36,252.14,255.25,401850,3479,254.097882,74.01734773964789,56.441574942743806,65.72427122449469,252.61149999999998,255.57788908616277,249.6451109138372,BULLISH,,ABOVE_MID,
AAPL,1H,2025-09-25T19:00:00Z,255.21,256.44,254.71,256.19,395651,4430,255.684538,77.3878020017221,58.07341022946365,71.55603661310839,252.69299999999998,255.95921042284405,249.42678957715592,BULLISH,,ABOVE_MID,
AAPL,1H,2025-09-26T13:00:00Z,253.29,255.6,253.07,255.58,209818,2545,254.504177,70.69302625084187,59.12573648056782,71.12453143197513,252.70999999999998,256.0350373959085,249.38496260409147,NEUTRAL,,ABOVE_MID,
AAPL,1H,2025-09-26T14:00:00Z,255.56,255.88,253.66,254.27,240206,3010,254.385783,58.47205172756308,59.092710215971515,64.7982915797691,252.705,256.0198120530956,249.3901879469044,NEUTRAL,BEARISH_CROSS,ABOVE_MID,
AAPL,1H,2025-09-26T15:00:00Z,254.28,255.3,254.16,254.36,164166,2163,254.668051,59.01960843735693,59.19513828710687,61.90895000856301,252.7415,256.11475877110274,249.36824122889726,NEUTRAL,,ABOVE_MID,
AAPL,1H,2025-09-26T16:00:00Z,254.37,255.65,254.23,255.63,126028,1790,254.805445,66.112750856855,59.994529970796236,64.010850432709,252.85250000000002,256.45658467100446,249.2484153289956,BULLISH,BULLISH_CROSS,ABOVE_MID,BULLISH_CONFIRMED
AAPL,1H,2025-09-26T17:00:00Z,255.62,256.55,255.17,255.38,155422,2125,255.76812,63.67212758371676,60.568579581126734,63.84148900821288,252.93500000000003,256.6957921897809,249.1742078102192,NEUTRAL,,ABOVE_MID,
AAPL,1H,2025-09-26T18:00:00Z,255.4,256.05,255.27,255.49,222409,2206,255.728951,64.32405051805078,61.201542671904086,64.08276976313184,253.0815,257.0055166049304,249.15748339506965,BULLISH,,ABOVE_MID,
AAPL,1H,2025-09-26T19:00:00Z,255.47,255.48,254.19,254.73,242565,3351,254.664796,56.45007199870045,61.12203063966,60.266420880916144,253.24349999999998,257.1583799806811,249.32862001931886,NEUTRAL,BEARISH_CROSS,ABOVE_MID,
AAPL,1H,2025-09-29T13:00:00Z,253.83,254.1,252.31,252.98,134578,1724,253.100674,42.85932929328831,59.803471619637016,51.56287508710223,253.35750000000002,257.0890151430938,249.62598485690629,BEARISH,,BELOW_MID,
AAPL,1H,2025-09-29T14:00:00Z,253.08,253.76,252.57,253.21,204142,2585,253.292901,44.82348217748418,58.687454549108736,48.193178632293204,253.47899999999998,257.01000492628566,249.9479950737143,BEARISH,,BELOW_MID,
AAPL,1H,2025-09-29T15:00:00Z,253.25,253.44,252.41,252.77,172673,2287,252.903922,41.73590942663378,57.28579999012646,44.9645440294635,253.57799999999997,256.8961770518386,250.25982294816134,BEARISH,,BELOW_MID,
AAPL,1H,2025-09-29T16:00:00Z,252.82,253.35,252.55,252.62,79095,1167,252.945792,40.66170172346023,55.79758569065211,42.81312287646186,253.65749999999997,256.7896079164007,250.52539208359926,BEARISH,,BELOW_MID,
AAPL,1H,2025-09-29T17:00:00Z,252.66,252.78,252.42,252.64,123752,1631,252.613667,40.889909931783045,54.3462352909446,41.85151640412245,253.714,256.7212781888683,250.70672181113167,BEARISH,,BELOW_MID,
AAPL,1H,2025-09-29T18:00:00Z,252.66,253.89,252.65,253.34,97717,1389,253.345355,48.663832088836216,53.62636096470441,45.25767424647933,253.8095,256.6266839242652,250.99231607573486,NEUTRAL,,BELOW_MID,
AAPL,1H,2025-09-29T19:00:00Z,253.27,254.09,252.91,253.65,164446,2313,253.455884,51.820691935942726,53.20365303261763,48.53918309121103,253.91349999999997,256.52893012463,251.29806987536995,NEUTRAL,,BELOW_MID,
AAPL,1H,2025-09-30T13:00:00Z,254.14,254.87,253.25,254.81,158522,1624,254.090577,61.72811168006711,53.674767113080264,55.133647385639065,254.00650000000002,256.6099250719472,251.4030749280528,BULLISH,BULLISH_CROSS,ABOVE_MID,BULLISH_CONFIRMED
AAPL,1H,2025-09-30T14:00:00Z,254.72,255.19,253.87,254.78,205296,2474,254.525804,61.36099158130161,54.06903985434235,58.247319483470335,254.1375,256.6100939926749,251.66490600732513,BULLISH,,ABOVE_MID,
AAPL,1H,2025-09-30T15:00:00Z,254.75,254.95,253.13,254.1,138380,2103,253.931056,53.28056688724469,53.737914657285344,55.76394318535751,254.21600000000004,256.5705825420547,251.86141745794535,NEUTRAL,BEARISH_CROSS,BELOW_MID,BEARISH_CONFIRMED
AAPL,1H,2025-09-30T16:00:00Z,253.97,254.26,253.35,253.35,85424,1290,253.751576,45.79736914328266,52.733324170706666,50.780656164320085,254.25650000000002,256.5156314120304,251.99736858796965,BEARISH,,BELOW_MID,
AAPL,1H,2025-09-30T17:00:00Z,253.28,253.5,252.61,253.01,124198,1740,252.999348,42.73621883154758,51.50272359275009,46.75843749793383,254.14450000000002,256.41830020415193,251.8706997958481,BEARISH,,BELOW_MID,
AAPL,1H,2025-09-30T18:00:00Z,253.0,253.52,252.42,253.49,125967,1879,252.97755,48.23189615819995,50.83762778109152,47.49516682806689,254.00949999999997,256.0838087624761,251.9351912375238,NEUTRAL,,BELOW_MID,
AAPL,1H,2025-09-30T19:00:00Z,253.45,254.45,252.79,253.84,218915,2867,253.718714,52.00997897719615,50.627619375408585,49.75257290263152,253.92249999999999,255.86097335482032,251.98402664517965,BULLISH,BULLISH_CROSS,BELOW_MID,
AAPL,1H,2025-10-01T13:00:00Z,254.19,258.05,254.19,255.75,227499,2587,256.03232,66.85887834812789,51.877371618271496,58.30572562537971,253.99650000000003,256.09704905102683,251.89595094897325,BULLISH,,ABOVE_MID,
AAPL,1H,2025-10-01T14:00:00Z,255.66,256.6,254.7,254.86,261047,2895,255.481109,57.52782928949701,52.29544471685504,57.91677745743836,254.0215,256.15195362107676,251.89104637892325,NEUTRAL,,ABOVE_MID,
AAPL,1H,2025-10-01T15:00:00Z,254.82,255.39,254.4,255.39,127152,1812,254.831744,61.1594091547505,53.04774898257446,59.538093306094424,254.00949999999997,256.10420987816076,251.91479012183922,BULLISH,,ABOVE_MID,
AAPL,1H,2025-10-01T16:00:00Z,255.37,256.17,255.22,255.74,125401,1835,255.647228,63.47933707225836,54.00169257968035,61.50871518917639,254.02749999999997,256.17726008452865,251.8777399154713,BULLISH,,ABOVE_MID,
AAPL,1H,2025-10-01T17:00:00Z,255.77,256.07,255.14,255.72,71808,1304,255.568551,63.23652452209733,54.944962368263354,62.37261985563686,254.039,256.22387528247725,251.85412471752272,BULLISH,,ABOVE_MID,
AAPL,1H,2025-10-01T18:00:00Z,255.72,256.02,255.53,256.02,60817,1154,255.766801,65.46564662267117,56.09276534807437,63.91913323915402,254.10350000000003,256.4448291321904,251.76217086780966,BULLISH,,ABOVE_MID,
AAPL,1H,2025-10-01T19:00:00Z,256.04,256.22,254.57,254.71,208232,2874,255.035952,50.44101915035047,55.86975112865008,57.180076194752246,254.19,256.4839095563278,251.89609044367225,NEUTRAL,BEARISH_CROSS,ABOVE_MID,
AAPL,1H,2025-10-02T12:00:00Z,255.47,255.48,255.47,255.47,501,4,255.47,56.89739220768009,56.25969313023129,57.03873420121617,254.30299999999997,256.6162214948402,251.98977850515973,NEUTRAL,BULLISH_CROSS,ABOVE_MID,BULLISH_CONFIRMED
AAPL,1H,2025-10-02T13:00:00Z,255.23,256.54,253.44,255.32,220767,2279,254.855142,55.29781785324642,56.4434484462822,56.1682760272313,254.43050000000002,256.6678054752211,252.19319452477896,NEUTRAL,BEARISH_CROSS,ABOVE_MID,
AAPL,1H,2025-10-02T14:00:00Z,255.31,256.04,254.93,255.6,191986,2272,255.485938,57.78982085408609,56.80840604519836,56.979048440658694,254.5795,256.70315598363356,252.4558440163664,BULLISH,BULLISH_CROSS,ABOVE_MID,BULLISH_CONFIRMED
AAPL,1H,2025-10-02T15:00:00Z,255.54,257.25,255.26,257.04,124338,1660,256.202699,68.0838844877659,58.039690158745785,62.5314664642123,254.7995,256.98781802749386,252.61118197250616,BULLISH,,ABOVE_MID,
AAPL,1H,2025-10-02T16:00:00Z,257.05,257.44,256.39,256.79,76542,1133,256.928461,64.98835302058254,58.870851572833665,63.75990974239742,254.97199999999998,257.21902469945945,252.72497530054048,BULLISH,,ABOVE_MID,
AAPL,1H,2025-10-02T17:00:00Z,256.75,257.08,256.37,256.39,55944,928,256.714625,60.07207917661862,59.15075673665298,61.91599445950802,255.109,257.35075589073955,252.86724410926047,NEUTRAL,,ABOVE_MID,
AAPL,1H,2025-10-02T18:00:00Z,256.43,257.43,256.4,257.18,143420,1398,256.943356,65.81752418749119,59.90358873224951,63.86675932349961,255.22750000000002,257.6462763326422,252.8087236673579,BULLISH,,ABOVE_MID,
AAPL,1H,2025-10-02T19:00:00Z,257.2,257.22,256.27,256.7,283674,2459,256.713921,59.92351355270678,60.06000923182,61.895136438103194,255.32350000000002,257.8186934847417,252.82830651525836,NEUTRAL,BEARISH_CROSS,ABOVE_MID,
AAPL,1H,2025-10-03T12:00:00Z,253.46,253.53,253.44,253.53,360,7,253.476667,35.98287331251488,58.04782000447847,48.93900487530904,255.295,257.86104959544764,252.7289504045523,BEARISH,,BELOW_MID,
AAPL,1H,2025-10-03T13:00:00Z,253.95,258.29,253.24,257.47,438125,3578,256.710427,58.92743610325255,58.23136210559702,53.9332204892808,255.50100000000003,258.07110259880864,252.93089740119146,BULLISH,BULLISH_CROSS,ABOVE_MID,BULLISH_CONFIRMED
AAPL,1H,2025-10-03T14:00:00Z,257.18,258.05,256.64,257.43,188720,2219,257.497773,58.687197236753754,58.368618988479724,56.31020886301728,255.72200000000004,258.1462164225044,253.2977835774957,BULLISH,,ABOVE_MID,
AAPL,1H,2025-10-03T15:00:00Z,257.46,258.49,257.22,257.68,192586,2068,257.854302,59.83844496030835,58.5547346337052,58.074326911662816,255.9315,258.2660936195413,253.59690638045868,BULLISH,,ABOVE_MID,
AAPL,1H,2025-10-03T16:00:00Z,257.65,258.19,257.47,258.06,141745,1718,257.864063,61.665172389011225,58.832880797865705,59.86974965033702,256.14250000000004,258.443747945191,253.8412520548091,BULLISH,,ABOVE_MID,
AAPL,1H,2025-10-03T17:00:00Z,258.05,258.05,256.41,256.72,159956,1977,257.322216,52.239065629839516,58.195955454782,56.05440764008827,256.19100000000003,258.498296435677,253.88370356432307,NEUTRAL,BEARISH_CROSS,ABOVE_MID,
AAPL,1H,2025-10-03T18:00:00Z,256.7,257.86,256.25,257.63,137493,1843,257.314458,57.23348887083113,58.01207687104105,56.643948255459705,256.32949999999994,258.63293884796144,254.0260611520384,NEUTRAL,,ABOVE_MID,
AAPL,1H,2025-10-03T19:00:00Z,257.65,257.68,256.7,257.31,224472,2495,257.133469,54.95986161263262,57.66317325290673,55.80190493404616,256.4255,258.72410804561173,254.12689195438827,NEUTRAL,,ABOVE_MID,
AAPL,1H,2025-10-06T12:00:00Z,258.12,258.12,257.49,257.49,270,5,257.805,56.064349994328595,57.425794412661936,55.93312746418738,256.51300000000003,258.8348513484272,254.19114865157283,NEUTRAL,,ABOVE_MID,
AAPL,1H,2025-10-06T13:00:00Z,257.67,258.33,254.35,255.53,321372,2724,255.827962,43.113212616038034,56.03309598027999,49.5231700401127,256.50350000000003,258.84051811807126,254.1664818819288,BEARISH,,BELOW_MID,
AAPL,1H,2025-10-06T14:00:00Z,255.54,258.0,255.47,257.11,221360,2589,256.847695,52.966515102399896,55.62431736032151,51.2448425712563,256.558,258.8983787367778,254.21762126322218,NEUTRAL,,ABOVE_MID,
AAPL,1H,2025-10-06T15:00:00Z,257.12,257.21,256.14,256.49,139880,1720,256.680853,49.20416345179883,54.91796568736335,50.22450301152756,256.647,258.8209423320642,254.47305766793582,BEARISH,,BELOW_MID,
AAPL,1H,2025-10-06T16:00:00Z,256.4,256.84,256.09,256.59,115446,1326,256.379287,49.8505392475173,54.34077148142234,50.03752112952243,256.70300000000003,258.80582116264986,254.6001788373502,BEARISH,,BELOW_MID,
AAPL,1H,2025-10-06T17:00:00Z,256.64,256.66,254.8,254.9,156464,2148,255.592366,40.139455988335264,52.88330771470214,45.088488558928844,256.68199999999996,258.8503425637262,254.5136574362737,BEARISH,,BELOW_MID,
AAPL,1H,2025-10-06T18:00:00Z,254.91,255.85,254.9,255.48,112446,1796,255.426991,44.326792567174614,51.879056088133346,44.707640563051726,256.67600000000004,258.85757258585437,254.4944274141457,BEARISH,,BELOW_MID,
AAPL,1H,2025-10-06T19:00:00Z,255.54,256.51,255.43,255.93,177829,2352,256.014294,47.53041887504302,51.21353683278233,46.119029719047376,256.6205,258.81948995952416,254.42151004047585,NEUTRAL,,BELOW_MID,
AAPL,1H,2025-10-07T13:00:00Z,256.2,256.66,255.58,256.42,102406,1323,256.214094,50.985485324507195,50.90652752296288,48.552257521777285,256.602,258.80121134189017,254.40278865810978,BULLISH,BULLISH_CROSS,BELOW_MID,
AAPL,1H,2025-10-07T14:00:00Z,256.38,256.5,254.89,255.2,611824,3155,255.675806,43.0459146257172,49.951758102704765,45.79908607374725,256.5425,258.82853886322897,254.25646113677104,BEARISH,BEARISH_CROSS,BELOW_MID,BEARISH_CONFIRMED
AAPL,1H,2025-10-07T15:00:00Z,255.19,256.35,255.19,255.62,195829,2350,255.644278,46.285461677625214,49.3864818706931,46.042273875686234,256.4645,258.76536002227164,254.16363997772834,NEUTRAL,,BELOW_MID,
AAPL,1H,2025-10-07T16:00:00Z,255.57,255.93,255.17,255.37,161910,1652,255.447483,44.58716895431881,48.72649771794362,45.31472141500252,256.398,258.7465861368253,254.04941386317478,BEARISH,,BELOW_MID,
AAPL,1H,2025-10-07T17:00:00Z,255.34,255.48,254.72,255.13,139928,1481,255.161902,42.8876577474146,48.00391884609536,44.10118958120856,256.478,258.5017911271419,254.4542088728581,BEARISH,,BELOW_MID,
AAPL,1H,2025-10-07T18:00:00Z,255.12,255.48,254.85,255.43,123973,1523,255.22878,45.79322060699945,47.619230345920585,44.94720509410401,256.376,258.394904340682,254.357095659318,NEUTRAL,,BELOW_MID,
AAPL,1H,2025-10-07T19:00:00Z,255.45,255.88,255.19,255.76,326829,3098,255.470723,49.003799397839266,47.4839436090062,46.97550224597164,256.29249999999996,258.26547397746947,254.31952602253045,NEUTRAL,BULLISH_CROSS,BELOW_MID,
AAPL,1H,2025-10-08T13:00:00Z,255.81,257.16,255.4,256.46,149919,1655,256.230676,55.31902654906635,47.96572789755148,51.147264397518995,256.2315,258.0963242473934,254.36667575260654,BULLISH,,ABOVE_MID,
AAPL,1H,2025-10-08T14:00:00Z,256.48,257.42,256.46,256.88,139341,1872,256.867323,58.765798258389935,48.77543589425037,54.956531327954465,256.1725,257.8599755358798,254.48502446412024,BULLISH,,ABOVE_MID,
AAPL,1H,2025-10-08T15:00:00Z,256.84,257.71,256.84,257.22,86226,1339,257.284088,61.47251437825583,49.83585248497133,58.21452285310515,256.1975,257.9332525290454,254.46174747095458,BULLISH,,ABOVE_MID,
AAPL,1H,2025-10-08T16:00:00Z,257.2,257.77,256.9,257.07,92706,1382,257.351153,59.53293621791459,50.72077780575114,58.87372953550987,256.1695,257.8241263690135,254.51487363098653,BULLISH,,ABOVE_MID,
AAPL,1H,2025-10-08T17:00:00Z,257.11,257.46,256.95,257.09,117363,1480,257.155322,59.72355631375759,51.59145702880205,59.298642924633725,256.1585,257.783868298339,254.53313170166103,BULLISH,,ABOVE_MID,
AAPL,1H,2025-10-08T18:00:00Z,257.15,257.45,256.93,257.11,72425,1127,257.212577,59.93586865676251,52.47065786120439,59.61725579069812,256.1395,257.70719324335,254.57180675664998,BULLISH,,ABOVE_MID,
AAPL,1H,2025-10-08T19:00:00Z,257.09,257.72,257.02,257.29,208294,2655,257.414923,61.965853669660554,53.512861629653166,60.791554730179335,256.22749999999996,257.84784271877834,254.6071572812216,BULLISH,,ABOVE_MID,
AAPL,1H,2025-10-09T13:00:00Z,257.22,257.23,254.06,254.46,110906,1425,255.521633,32.679014418531324,51.86707783122294,46.73528457435533,256.09499999999997,257.84008633476157,254.3499136652384,BEARISH,BEARISH_CROSS,BELOW_MID,BEARISH_CONFIRMED
AAPL,1H,2025-10-09T14:00:00Z,254.47,255.07,253.86,254.21,150555,2026,254.437116,31.212924446933528,50.13318281545054,38.97410451064443,255.981,257.9060470944295,254.0559529055705,BEARISH,,BELOW_MID,
AAPL,1H,2025-10-09T15:00:00Z,254.25,254.49,253.1,253.37,153855,2120,253.825961,26.687214475857303,48.0820310086083,32.83065949325086,255.82,258.04571573348835,253.59428426651164,BEARISH,,BELOW_MID,
AAPL,1H,2025-10-09T16:00:00Z,253.41,254.0,252.83,253.05,115632,1799,253.416781,25.12587727784104,45.98641542608466,28.978268385545952,255.72750000000002,258.2484010502685,253.20659894973153,BEARISH,,BELOW_MID,
AAPL,1H,2025-10-09T17:00:00Z,253.02,253.16,252.43,252.9,85232,1483,252.76611,24.373887283072236,43.92947028546376,26.676077834309094,255.5985,258.4189760703008,252.7780239296992,BEARISH,,BELOW_MID,
AAPL,1H,2025-10-09T18:00:00Z,252.91,253.12,252.61,253.09,91719,1538,252.882354,27.467311409237936,42.22199473512314,27.071694621773517,255.4565,258.4849981513306,252.4280018486694,NEUTRAL,,BELOW_MID,
AAPL,1H,2025-10-09T19:00:00Z,253.07,253.57,252.84,253.31,185022,2582,253.202401,31.136566982865162,40.92107264021155,29.10413080231934,255.30100000000002,258.4386014976214,252.16339850237864,NEUTRAL,,BELOW_MID,
AAPL,1H,2025-10-10T13:00:00Z,254.2,255.64,253.82,254.76,102826,1264,254.68463,49.920987030667305,41.39879415091044,39.51255891649332,255.279,258.42574033514416,252.13225966485584,NEUTRAL,BULLISH_CROSS,BELOW_MID,
AAPL,1H,2025-10-10T14:00:00Z,254.9,255.25,251.86,252.36,141286,1921,254.250662,33.105613373455114,40.35245354685775,36.309086144974216,255.11599999999999,258.51591578842795,251.716084211572,BEARISH,BEARISH_CROSS,BELOW_MID,BEARISH_CONFIRMED
AAPL,1H,2025-10-10T15:00:00Z,252.4,252.4,247.7,248.05,526306,6685,249.391169,19.699606075739965,38.1304166138018,28.00434611035709,254.75,259.3860600332135,250.11393996678655,BEARISH,,BELOW_MID,
AAPL,1H,2025-10-10T16:00:00Z,248.07,248.31,246.63,246.8,187921,2464,247.470653,17.40056641465469,35.814466359183484,22.70245626250589,254.33350000000002,260.16771225458575,248.49928774541428,BEARISH,,BELOW_MID,
AAPL,1H,2025-10-10T17:00:00Z,246.74,247.85,246.37,247.26,159555,2359,247.141283,21.207490323447388,33.96229101635871,21.95497329297664,253.925,260.529229904505,247.32077009549502,BEARISH,,BELOW_MID,
AAPL,1H,2025-10-10T18:00:00Z,247.35,247.35,245.15,245.31,160152,2436,246.196639,17.3860480403483,31.856565368247736,19.67051066666247,253.4025,260.97761403422794,245.82738596577207,BEARISH,,BELOW_MID,
AAPL,1H,2025-10-10T19:00:00Z,245.31,246.28,243.97,244.6,308065,4160,245.015275,16.190993348487027,29.76517315752882,17.930752007574746,252.8095,261.1907936446513,244.42820635534872,BEARISH,,BELOW_MID,
AAPL,1H,2025-10-13T13:00:00Z,248.6,248.6,244.91,245.94,148736,2409,246.40159,26.86464986721316,28.786160137037612,22.397700937393953,252.2625,260.94770550918736,243.5772944908126,NEUTRAL,,BELOW_MID,
AAPL,1H,2025-10-13T14:00:00Z,245.94,246.9,245.48,246.13,184072,2507,246.280915,28.320835655991317,28.062706762633823,25.359268296692633,251.708,260.47620956337977,242.93979043662023,NEUTRAL,BULLISH_CROSS,BELOW_MID,
AAPL,1H,2025-10-13T15:00:00Z,246.24,248.27,246.04,248.09,118055,1807,247.420922,41.77492967004197,28.694149218954983,33.5670989833673,251.25900000000001,259.7875153887894,242.7304846112106,NEUTRAL,,BELOW_MID,
AAPL,1H,2025-10-13T16:00:00Z,248.08,248.88,247.87,248.8,84574,1206,248.312889,45.91221542209629,29.786979491299316,39.73965720273179,250.8445,258.9763593070373,242.71264069296274,NEUTRAL,,BELOW_MID,
AAPL,1H,2025-10-13T17:00:00Z,248.89,248.97,248.02,248.32,68769,1061,248.390147,43.558192143451514,30.724771806692477,41.648924673091656,250.40500000000003,258.04640108398263,242.76359891601746,NEUTRAL,,BELOW_MID,
AAPL,1H,2025-10-13T18:00:00Z,248.34,248.6,247.65,247.76,83225,1383,248.221899,40.81177027086469,31.48286933786912,41.23034747197818,249.92850000000004,256.92337112856535,242.93362887143473,NEUTRAL,,BELOW_MID,
AAPL,1H,2025-10-13T19:00:00Z,247.8,248.01,246.64,246.84,190859,2906,247.372151,36.55222231476732,31.936523541374118,38.89128489337275,249.54750000000004,256.32998789938006,242.76501210062005,NEUTRAL,,BELOW_MID,
AAPL,1H,2025-10-14T13:00:00Z,245.92,246.29,244.08,245.54,134899,1991,245.18963,31.350670184534167,32.02732508955444,35.120977538953454,249.11400000000003,255.74840601394484,242.47959398605522,BEARISH,BEARISH_CROSS,BELOW_MID,BEARISH_CONFIRMED
AAPL,1H,2025-10-14T14:00:00Z,245.55,247.0,245.18,246.54,154438,2165,246.181085,38.87776775670714,32.8081586431444,36.9993726478303,248.77250000000004,255.1838776333848,242.36112236661526,NEUTRAL,BULLISH_CROSS,BELOW_MID,
AAPL,1H,2025-10-14T15:00:00Z,246.58,246.99,245.43,246.67,110346,1422,246.029818,39.842434641455164,33.643508046387765,38.420903644642735,248.4535,254.59808520718786,242.30891479281212,NEUTRAL,,BELOW_MID,
AAPL,1H,2025-10-14T16:00:00Z,246.66,247.32,246.15,246.93,55330,914,246.755873,41.90542069828792,34.60945263157005,40.16316217146533,248.15499999999997,253.96077389555313,242.3492261044468,NEUTRAL,,BELOW_MID,
AAPL,1H,2025-10-14T17:00:00Z,246.88,247.2,246.49,246.89,73152,993,246.895774,41.65816554698383,35.48028075961886,40.910663859224584,247.84500000000003,253.1846688247367,242.50533117526336,NEUTRAL,,BELOW_MID,
AAPL,1H,2025-10-14T18:00:00Z,246.91,247.25,246.46,247.23,69764,1007,246.7997,44.77410733836916,36.55955260781996,42.842385598796874,247.541,252.22233988916253,242.85966011083747,NEUTRAL,,BELOW_MID,
AAPL,1H,2025-10-14T19:00:00Z,247.25,248.13,246.03,247.26,265443,3476,247.30917,45.06534698891123,37.590379593390125,43.95386629385405,247.166,250.3859535792617,243.9460464207383,NEUTRAL,,ABOVE_MID,
AAPL,1H,2025-10-15T12:00:00Z,248.19,248.19,248.19,248.19,265,6,248.19,53.59923789544091,39.33671709424634,48.77655209464748,246.95749999999998,249.1315079407132,244.78349205928677,BULLISH,,ABOVE_MID,
AAPL,1H,2025-10-15T13:00:00Z,248.72,250.01,248.02,249.98,151319,1777,248.991113,65.27862838485683,42.12889420295086,57.02759023975216,247.054,249.57572372124392,244.5322762787561,BULLISH,,ABOVE_MID,
AAPL,1H,2025-10-15T14:00:00Z,250.06,251.07,249.57,249.81,263095,3332,250.294825,63.56904930552561,44.6263779104547,60.298319772638884,247.2045,250.00614218759947,244.40285781240053,BULLISH,,ABOVE_MID,
AAPL,1H,2025-10-15T15:00:00Z,249.92,250.12,248.02,248.25,163297,2551,249.119129,50.04008840320965,45.70404507173161,55.16920408792427,247.254,250.09448476218043,244.41351523781955,NEUTRAL,,ABOVE_MID,
AAPL,1H,2025-10-15T16:00:00Z,248.24,249.3,248.0,248.34,118312,1754,248.772404,50.7207840113429,46.70229701994465,52.944994049633586,247.4055,250.13027502692194,244.68072497307804,NEUTRAL,,ABOVE_MID,
AAPL,1H,2025-10-15T17:00:00Z,248.29,249.0,246.77,248.91,119802,1871,247.856249,55.08134989262727,47.969200872136355,54.01317197113043,247.621,250.08034437133387,245.16165562866615,BULLISH,,ABOVE_MID,
AAPL,1H,2025-10-15T18:00:00Z,248.81,249.28,248.56,249.24,80486,1364,248.955128,57.52907364911473,49.2954419409253,55.77112281012258,247.786,250.21307014189,245.35892985811,BULLISH,,ABOVE_MID,
AAPL,1H,2025-10-15T19:00:00Z,249.24,249.4,247.48,248.7,216301,3102,248.570592,52.28416174001713,49.96592010758576,54.02764227506985,247.9145,250.24252129669483,245.58647870330518,NEUTRAL,,ABOVE_MID,
AAPL,1H,2025-10-16T13:00:00Z,248.03,248.14,245.53,246.86,182668,2362,246.879801,38.74381501074827,49.29541648555597,46.38572864290906,247.85299999999998,250.22605133352582,245.47994866647414,BEARISH,BEARISH_CROSS,BELOW_MID,BEARISH_CONFIRMED
AAPL,1H,2025-10-16T14:00:00Z,246.86,248.19,246.22,247.88,142693,2005,247.105514,47.26151192337075,49.35412782374399,46.8236202831399,247.80699999999996,250.13805442596515,245.47594557403477,NEUTRAL,,ABOVE_MID,
AAPL,1H,2025-10-16T15:00:00Z,247.91,248.29,246.84,247.26,114251,1713,247.616552,43.15781114011801,49.01602401603747,44.99071571162895,247.754,250.08414478880857,245.4238552111914,BEARISH,,BELOW_MID,
AAPL,1H,2025-10-16T16:00:00Z,247.21,247.43,245.38,246.89,165224,2264,246.490928,40.78051472016415,48.473726180032024,42.88561521589655,247.7105,250.07243921218875,245.34856078781124,BEARISH,,BELOW_MID,
AAPL,1H,2025-10-16T17:00:00Z,246.87,247.01,245.53,245.85,118457,1839,246.187524,34.73094289038275,47.3934918461819,38.80827905313965,247.66099999999997,250.13842565876482,245.18357434123513,BEARISH,,BELOW_MID,
AAPL,1H,2025-10-16T18:00:00Z,245.86,246.01,244.47,245.92,166898,2195,245.218776,35.455955126575034,46.405491643676015,37.132117089857346,247.67999999999998,250.0939506819126,245.26604931808737,BEARISH,,BELOW_MID,
AAPL,1H,2025-10-16T19:00:00Z,245.92,247.15,245.61,246.75,209528,2844,246.273095,43.785460783076196,46.17946497352821,40.458788936466775,247.6905,250.08532314476588,245.2956768552341,NEUTRAL,,BELOW_MID,
AAPL,1H,2025-10-17T13:00:00Z,247.31,248.36,246.59,247.72,125406,2016,247.410165,51.93989652604173,46.64092038131866,46.19934273125425,247.743,250.08916910593715,245.39683089406284,BULLISH,BULLISH_CROSS,BELOW_MID,
AAPL,1H,2025-10-17T14:00:00Z,247.8,249.58,247.56,248.2,164704,2650,248.700423,55.53097497759749,47.3722914545348,50.86515885442587,247.8065,250.12864306644153,245.48435693355847,BULLISH,,ABOVE_MID,
AAPL,1H,2025-10-17T15:00:00Z,248.2,249.08,247.44,248.86,171990,2572,248.128268,60.138322612346485,48.45459655369719,55.50174073338618,247.90499999999997,250.23057859240308,245.57942140759687,BULLISH,,ABOVE_MID,
AAPL,1H,2025-10-17T16:00:00Z,248.87,250.63,248.77,250.45,279984,3425,249.778569,68.87754723350196,50.25244630710292,62.18964398344407,248.06600000000003,250.62858422197343,245.50341577802664,BULLISH,,ABOVE_MID,
AAPL,1H,2025-10-17T17:00:00Z,250.42,250.65,249.56,250.62,160042,2316,250.151295,69.67718117968018,52.005157234462,65.93341258156212,248.234,251.00608946464044,245.46191053535958,BULLISH,,ABOVE_MID,
AAPL,1H,2025-10-17T18:00:00Z,250.63,251.82,250.63,251.57,191030,2904,251.261683,73.89400003821615,54.033409816314325,69.91370630988914,248.40300000000002,251.55049758579773,245.2555024142023,BULLISH,,ABOVE_MID,
AAPL,1H,2025-10-17T19:00:00Z,251.56,252.67,251.41,251.63,455068,5121,252.014152,74.14942640504586,55.96008361311955,72.0315663574675,248.4855,251.88356430966255,245.08743569033746,BULLISH,,ABOVE_MID,
AAPL,1H,2025-10-17T20:00:00Z,251.88,251.88,251.88,251.88,100,1,251.88,75.28303172130133,57.90085058365535,73.65729903938441,248.589,252.2711498297044,244.9068501702956,BULLISH,,ABOVE_MID,
AAPL,1H,2025-10-20T12:00:00Z,255.89,256.01,255.89,256.01,450,5,255.95,86.38178844192622,60.807286332531746,80.01954374065531,248.97700000000003,253.92615239951812,244.02784760048195,BULLISH,,ABOVE_MID,
AAPL,1H,2025-10-20T13:00:00Z,255.24,259.05,254.94,258.24,311135,3541,257.608801,89.30028230731932,63.88028325905687,84.65991302398731,249.47200000000004,255.9094548746481,243.03454512535197,BULLISH,,ABOVE_MID,
AAPL,1H,2025-10-20T14:00:00Z,258.22,260.86,257.35,260.84,501735,6041,258.780945,91.64801826410698,66.99675317773968,88.15396564404715,250.06850000000003,258.2589084468535,241.87809155314656,BULLISH,,ABOVE_MID,
AAPL,1H,2025-10-20T15:00:00Z,260.83,263.6,260.83,262.53,626442,7398,262.41159,92.80281483931884,70.04103042900556,90.478390241683,250.733,260.6209471553676,240.8450528446324,BULLISH,,ABOVE_MID,
AAPL,1H,2025-10-20T16:00:00Z,262.64,263.47,261.92,262.88,406835,4647,262.595822,93.02743181897827,72.94243102064442,91.75291103033064,251.442,262.6601949950669,240.22380500493313,BULLISH,,ABOVE_MID,
AAPL,1H,2025-10-20T17:00:00Z,262.87,263.45,262.09,262.19,279295,3317,262.689948,87.00518422131123,75.14268201176002,89.37904762582093,252.20850000000002,264.178214897892,240.23878510210798,NEUTRAL,,ABOVE_MID,
AAPL,1H,2025-10-20T18:00:00Z,262.21,263.09,262.05,262.56,190153,2574,262.666373,87.49359497821852,77.23702652414728,88.43632130201973,252.94250000000002,265.57657568526605,240.308424314734,NEUTRAL,,ABOVE_MID,
AAPL,1H,2025-10-20T19:00:00Z,262.56,263.11,261.2,261.51,462915,5323,262.41982,78.11978336805421,78.26816833618427,83.27805233503697,253.65499999999997,266.5444285529278,240.76557144707215,NEUTRAL,BEARISH_CROSS,ABOVE_MID,
AAPL,1H,2025-10-21T12:00:00Z,261.18,261.18,261.18,261.18,100,1,261.18,75.26856323511511,78.90652272728444,79.27330778507604,254.36949999999996,267.2642373598273,241.47476264017263,NEUTRAL,,ABOVE_MID,
AAPL,1H,2025-10-21T13:00:00Z,261.3,264.51,261.29,263.06,413317,4751,262.923153,79.95700712306842,79.83209170518985,79.61515745407223,255.23000000000002,268.0275030459269,242.43249695407314,BULLISH,BULLISH_CROSS,ABOVE_MID,BULLISH_CONFIRMED
AAPL,1H,2025-10-21T14:00:00Z,263.05,263.87,261.79,262.31,303261,4324,262.788077,73.68755675179976,80.01811544413624,76.651357102936,256.04949999999997,268.42906801388915,243.66993198611075,NEUTRAL,BEARISH_CROSS,ABOVE_MID,
AAPL,1H,2025-10-21T15:00:00Z,262.32,263.79,261.76,263.38,203593,2940,262.828517,76.62878823779799,80.3028805135785,76.640072670367,256.881,268.8580199263328,244.90398007366716,NEUTRAL,,ABOVE_MID,
AAPL,1H,2025-10-21T16:00:00Z,263.36,263.61,262.12,262.37,168245,2413,262.602319,68.49794327585698,79.67024048643204,72.569007973112,257.6135,269.0093150674981,246.21768493250187,NEUTRAL,,ABOVE_MID,
AAPL,1H,2025-10-21T17:00:00Z,262.31,263.14,262.11,263.03,152901,2281,262.69819,70.777430714582,79.13784614638713,71.673219343847,258.355,269.08209211590656,247.62790788409347,NEUTRAL,,ABOVE_MID,
AAPL,1H,2025-10-21T18:00:00Z,263.08,263.3,261.51,262.68,168242,2468,262.772423,67.84846070687303,78.2576340385914,69.76084002536001,259.046,268.9464080723972,249.14559192760277,NEUTRAL,,ABOVE_MID,
AAPL,1H,2025-10-21T19:00:00Z,262.69,262.82,261.88,261.99,253703,3703,262.399661,62.14474211545632,76.80557960980424,65.95279107040817,259.62299999999993,268.72711381854606,250.5188861814538,NEUTRAL,,ABOVE_MID,
AAPL,1H,2025-10-22T13:00:00Z,262.02,262.07,259.22,259.75,126277,2041,260.078411,47.5468206450599,74.01775561226626,56.74980585773403,260.07949999999994,268.1384602960073,252.0205397039926,BEARISH,,BELOW_MID,
AAPL,1H,2025-10-22T14:00:00Z,259.66,260.6,259.02,260.0,225966,3342,259.82275,49.049544620956645,71.45888369300653,52.89967523934534,260.501,267.497826047347,253.50417395265293,BEARISH,,BELOW_MID,
AAPL,1H,2025-10-22T15:00:00Z,259.97,259.97,257.05,258.57,304973,4302,258.230167,41.41454761141673,68.29521826447575,47.15711142538103,260.848,266.5634438976655,255.13255610233455,BEARISH,,BELOW_MID,
AAPL,1H,2025-10-22T16:00:00Z,258.59,258.67,255.7,256.93,259974,3765,257.267361,34.4881937665663,64.64248799475425,40.822652595973665,261.10049999999995,265.4246182855423,256.7763817144576,BEARISH,,BELOW_MID,
AAPL,1H,2025-10-22T17:00:00Z,256.85,257.07,254.72,255.6,274911,4010,255.704972,29.922471132154968,60.74638567878094,35.372561864064316,261.08000000000004,265.5083631287411,256.651636871259,BEARISH,,BELOW_MID,
AAPL,1H,2025-10-22T18:00:00Z,255.62,256.34,255.52,256.25,209118,3116,255.908316,34.677121911309925,57.4788904058873,35.02484188768712,260.9805,265.7535536402417,256.2074463597583,BEARISH,,BELOW_MID,
AAPL,1H,2025-10-22T19:00:00Z,256.26,258.06,255.8,257.67,343781,4750,257.06107,44.01298858651825,55.28394001052611,39.51891523710268,260.822,265.81993473136055,255.82406526863943,NEUTRAL,,BELOW_MID,
AAPL,1H,2025-10-23T13:00:00Z,257.71,259.32,257.29,257.65,155845,2119,258.055012,43.913543806966594,53.27599807122645,41.71622952203464,260.578,265.6997908052383,255.45620919476164,NEUTRAL,,BELOW_MID,
AAPL,1H,2025-10-23T14:00:00Z,257.98,258.89,257.46,258.89,199993,2497,258.328642,51.549198922469415,52.168849343540195,46.63271422225203,260.3785,265.43314153552194,255.32385846447804,NEUTRAL,,BELOW_MID,
AAPL,1H,2025-10-23T15:00:00Z,258.91,259.81,258.24,259.49,244758,3192,258.824693,54.89209624075785,51.54418745395312,50.76240523150494,260.2435,265.238298452284,255.2487015477159,BULLISH,BULLISH_CROSS,BELOW_MID,
AAPL,1H,2025-10-23T16:00:00Z,259.45,259.85,259.19,259.54,122653,1887,259.484867,55.181994678583,51.11096800061083,52.972199955043976,260.0925,264.9737374401743,255.2112625598256,BULLISH,,BELOW_MID,
AAPL,1H,2025-10-23T17:00:00Z,259.59,259.8,258.86,259.47,136811,2044,259.35525,54.629030143404826,50.76524176936374,53.800615049224405,259.9905,264.8321155415959,255.1488844584041,BULLISH,,BELOW_MID,
AAPL,1H,2025-10-23T18:00:00Z,259.52,259.68,258.94,259.1,156540,1921,259.224277,51.55687812512151,50.28249983444072,52.67874658717295,259.8865,264.709856660426,255.06314333957405,NEUTRAL,,BELOW_MID,
AAPL,1H,2025-10-23T19:00:00Z,259.13,259.29,258.37,258.86,284762,3409,258.954646,49.52451420754237,49.72998847516173,51.10163039735766,259.6765,264.2787478489482,255.07425215105172,BEARISH,BEARISH_CROSS,BELOW_MID,BEARISH_CONFIRMED
AAPL,1H,2025-10-24T13:00:00Z,260.44,260.84,258.47,259.49,126344,1632,259.248948,54.787749865013204,49.76739918443018,52.94469013118543,259.5355,263.96768123798057,255.10331876201948,BULLISH,BULLISH_CROSS,BELOW_MID,
AAPL,1H,2025-10-24T14:00:00Z,259.52,261.59,259.19,261.11,261344,3376,260.424343,65.26535746546686,50.866277499186026,59.105023798326144,259.422,263.5451393251657,255.29886067483434,BULLISH,,ABOVE_MID,
AAPL,1H,2025-10-24T15:00:00Z,261.11,263.04,261.1,262.59,263267,4219,262.284888,71.9470162225733,52.60903907448543,65.52602001044971,259.433,263.59028707085093,255.27571292914905,BULLISH,,ABOVE_MID,
AAPL,1H,2025-10-24T16:00:00Z,262.66,263.27,262.13,262.36,211368,3183,262.680443,69.60609201688155,54.159256769679644,67.56605601366563,259.3995,263.4440127219339,255.35498727806603,BULLISH,,ABOVE_MID,
AAPL,1H,2025-10-24T17:00:00Z,262.36,263.32,262.36,263.16,174491,2536,262.872747,73.03874107777811,56.01673628971284,70.30239854572187,259.4235,263.5547430906054,255.29225690939458,BULLISH,,ABOVE_MID,
AAPL,1H,2025-10-24T18:00:00Z,263.15,263.37,262.69,262.77,170763,2596,263.052179,68.77860597100161,57.47714157768757,69.54050225836174,259.4625,263.7088798823532,255.21612011764677,NEUTRAL,,ABOVE_MID,
AAPL,1H,2025-10-24T19:00:00Z,262.79,262.9,261.67,262.04,377608,5241,262.472261,61.25505599088865,58.249561173686104,65.3977791246252,259.57700000000006,263.9767468826707,255.17725311732943,NEUTRAL,,ABOVE_MID,
AAPL,1H,2025-10-27T12:00:00Z,264.44,264.44,264.44,264.44,102,2,264.44,72.41539001792333,60.04040804540886,68.90658457127427,259.79900000000004,264.70728687018106,254.89071312981903,BULLISH,,ABOVE_MID,
AAPL,1H,2025-10-27T13:00:00Z,264.29,265.91,263.93,265.52,224117,2313,265.030562,75.9259496619367,62.042740558479764,72.41626711660548,260.1465,265.6378876110441,254.65511238895593,BULLISH,,ABOVE_MID,
AAPL,1H,2025-10-27T14:00:00Z,265.49,266.28,264.45,264.65,362018,4401,265.389061,68.07462744655372,63.21496843274536,70.2454472815796,260.5325,266.1556396923776,254.90936030762248,NEUTRAL,,ABOVE_MID,
AAPL,1H,2025-10-27T15:00:00Z,264.66,265.35,264.3,264.66,212437,2578,264.767661,68.11726001279854,64.27566039383348,69.18135364718907,260.9855,266.39107402375623,255.57992597624377,NEUTRAL,,ABOVE_MID,
AAPL,1H,2025-10-27T16:00:00Z,264.68,265.37,264.5,264.82,253038,2797,265.13426,68.86563290577931,65.25880588092319,69.02349327648419,261.414,266.5929509199809,256.23504908001905,NEUTRAL,,ABOVE_MID,
AAPL,1H,2025-10-27T17:00:00Z,264.85,265.27,264.77,265.11,124662,1525,265.02851,70.28772853942864,66.2026476733506,69.65561090795642,261.786,266.90104447683433,256.6709555231657,BULLISH,,ABOVE_MID,
AAPL,1H,2025-10-27T18:00:00Z,265.1,265.57,264.73,265.48,166287,1927,265.086345,72.11583962335511,67.15852291224701,70.88572526565576,262.1775,267.1564277010844,257.1985722989156,BULLISH,,ABOVE_MID,
AAPL,1H,2025-10-27T19:00:00Z,265.48,268.28,265.28,267.99,487502,5862,267.090839,81.0255061185559,68.80271046872947,75.95561569210582,262.6325,267.9949066670808,257.2700933329192,BULLISH,,ABOVE_MID,
AAPL,1H,2025-10-28T13:00:00Z,268.45,269.09,267.52,268.22,255026,2712,268.377984,81.63057669592311,70.3412465958315,78.79309619401447,263.069,268.765210744179,257.37278925582103,BULLISH,,ABOVE_MID,
AAPL,1H,2025-10-28T14:00:00Z,268.24,268.34,267.4,268.06,243827,2674,267.859168,79.64298116451926,71.56886980547496,79.21803867926687,263.495,269.3520533277585,257.6379466722415,BULLISH,,ABOVE_MID,
AAPL,1H,2025-10-28T15:00:00Z,268.11,268.3,267.55,268.14,226761,2277,267.974195,79.91802636213373,72.71435043601082,79.5680325207003,263.9285,269.8145415614532,258.04245843854676,BULLISH,,ABOVE_MID,
AAPL,1H,2025-10-28T16:00:00Z,268.17,269.08,267.94,268.82,315548,3155,268.329227,82.21574577759014,73.96163226152949,80.89188914914521,264.4145,270.22654728853854,258.6024527114614,BULLISH,,ABOVE_MID,
AAPL,1H,2025-10-28T17:00:00Z,268.85,268.98,268.05,268.16,248726,2958,268.529786,73.08499725597676,74.25942302822534,76.98844320256099,264.8795,270.29500007410496,259.46399992589505,NEUTRAL,BEARISH_CROSS,ABOVE_MID,
AAPL,1H,2025-10-28T18:00:00Z,268.16,268.51,268.02,268.35,232170,2303,268.315265,74.01945948323927,74.54896958557777,75.50395134290014,265.32250000000005,270.31468283656403,260.33031716343606,NEUTRAL,,ABOVE_MID,
AAPL,1H,2025-10-28T19:00:00Z,268.35,268.67,267.93,268.25,572109,4855,268.317511,72.52846939440136,74.59693286526222,74.01621036865075,265.6795,270.41803397271,260.94096602729,NEUTRAL,,ABOVE_MID,
AAPL,1H,2025-10-29T13:00:00Z,268.52,270.47,268.0,270.15,120849,1590,269.43132,80.79667679524582,75.3197517115629,77.40644358194828,266.0575,270.96158583680364,261.1534141631964,BULLISH,BULLISH_CROSS,ABOVE_MID,BULLISH_CONFIRMED
AAPL,1H,2025-10-29T14:00:00Z,270.17,270.62,267.86,268.08,294268,2776,269.212274,59.02346588178084,73.99595259893484,68.21495473186457,266.3435,271.0006022162535,261.6863977837465,NEUTRAL,BEARISH_CROSS,ABOVE_MID,
AAPL,1H,2025-10-29T15:00:00Z,268.12,268.45,266.36,267.01,324520,3397,267.452211,51.02704961526703,72.00115265835872,59.6210021735658,266.536,270.951028878728,262.120971121272,NEUTRAL,,ABOVE_MID,
AAPL,1H,2025-10-29T16:00:00Z,267.02,268.35,266.99,268.11,185636,2081,267.907729,57.66100651250297,70.68986846342574,58.64100434303438,266.803,270.89299343713316,262.71300656286684,NEUTRAL,,ABOVE_MID,
AAPL,1H,2025-10-29T17:00:00Z,268.12,269.9,268.12,269.79,341225,3057,269.193921,65.65477940642336,70.17186117471617,62.14789187472887,267.1905,270.8234224135895,263.55757758641045,NEUTRAL,,ABOVE_MID,
AAPL,1H,2025-10-29T18:00:00Z,269.77,270.16,267.93,268.84,322173,3766,269.321387,58.61459708686485,69.02736037022241,60.38124448079686,267.4105,270.8709135743097,263.9500864256903,NEUTRAL,,ABOVE_MID,
AAPL,1H,2025-10-29T19:00:00Z,268.78,269.6,267.04,269.06,429739,4805,268.255449,59.73933189342938,67.99653874253329,60.060288187113116,267.58750000000003,271.0026049918367,264.1723950081634,NEUTRAL,,ABOVE_MID,
AAPL,1H,2025-10-30T13:00:00Z,271.14,273.35,269.89,270.27,247952,3034,271.176516,65.53491929034561,67.54746340687768,62.797603738729364,267.8685,271.189459119545,264.54754088045496,NEUTRAL,,ABOVE_MID,
AAPL,1H,2025-10-30T14:00:00Z,270.32,270.56,267.74,268.14,363290,4027,268.803838,50.99685379924178,65.82172856931041,56.89722876898557,268.0425,271.00046427151926,265.0845357284808,NEUTRAL,,ABOVE_MID,
AAPL,1H,2025-10-30T15:00:00Z,268.17,270.96,268.13,270.39,470180,4595,269.90755,61.220233275556076,65.0993216220025,59.05873102227082,268.321,271.04072831460593,265.6012716853941,NEUTRAL,,ABOVE_MID,
AAPL,1H,2025-10-30T16:00:00Z,270.4,271.57,270.4,270.53,387796,3902,271.012569,61.77841707336863,64.45751591491673,60.418574047819725,268.592,271.0301062538925,266.1538937461075,NEUTRAL,,ABOVE_MID,
AAPL,1H,2025-10-30T17:00:00Z,270.55,271.3,270.3,271.22,341908,3785,270.821153,64.60334778539777,64.10320267876175,62.51096091660875,268.879,271.11789916559263,266.6401008344074,BULLISH,BULLISH_CROSS,ABOVE_MID,BULLISH_CONFIRMED
AAPL,1H,2025-10-30T18:00:00Z,271.24,271.53,270.42,270.6,486022,5223,270.953114,60.112204534482515,63.365211401415515,61.311582725545634,269.0095,271.3328865935667,266.6861134064333,NEUTRAL,BEARISH_CROSS,ABOVE_MID,
AAPL,1H,2025-10-30T19:00:00Z,270.58,270.92,270.24,270.55,845117,8212,270.591176,59.735444506301654,62.64493300067995,60.52351361592365,269.12600000000003,271.515427590561,266.7365724094391,NEUTRAL,,ABOVE_MID,
AAPL,1H,2025-10-30T20:00:00Z,272.24,283.55,265.15,281.75,29486,349,271.631947,84.39018558173244,64.25815946659506,72.45684959882804,269.8105,275.89720155252274,263.72379844747724,BULLISH,BULLISH_CROSS,ABOVE_MID,BULLISH_CONFIRMED
AAPL,1H,2025-10-31T12:00:00Z,276.66,277.51,276.27,276.27,1215,19,276.964286,63.116764991663366,63.92549224732722,67.78680729524571,270.217,276.8914985224603,263.54250147753964,NEUTRAL,BEARISH_CROSS,ABOVE_MID,
AAPL,1H,2025-10-31T13:00:00Z,276.29,276.49,268.45,269.67,602125,7656,271.799352,47.04744973739317,62.20352024811643,57.41712851631944,270.2595,276.9073155494085,263.6116844505915,BEARISH,,BELOW_MID,
AAPL,1H,2025-10-31T14:00:00Z,269.7,270.76,268.43,269.83,271712,4446,269.621368,47.41259272823769,60.65703993476053,52.41486062227857,270.34299999999996,276.92136997887445,263.76463002112547,BEARISH,,BELOW_MID,
AAPL,1H,2025-10-31T15:00:00Z,269.88,270.77,269.49,270.7,200377,3263,270.125864,49.541055420088604,59.454719229968376,50.97795802118358,270.46049999999997,276.972598780449,263.94840121955093,BEARISH,,ABOVE_MID,
AAPL,1H,2025-10-31T16:00:00Z,270.62,272.38,270.06,270.85,262222,3531,271.54831,49.93410810666504,58.39005241372162,50.45603306392431,270.59049999999996,277.0200812256205,264.1609187743794,BEARISH,,ABOVE_MID,
AAPL,1H,2025-10-31T17:00:00Z,270.69,271.0,269.36,270.62,120574,2267,270.17848,49.27204062827928,57.36946323526914,49.8640368461018,270.614,277.04023700973386,264.1877629902661,BEARISH,,ABOVE_MID,
AAPL,1H,2025-10-31T18:00:00Z,270.71,271.29,270.48,270.93,86991,1400,270.855745,50.2717968270451,56.540438164782906,50.067916836573445,270.7565,277.07157894687583,264.4414210531242,NEUTRAL,,ABOVE_MID,
AAPL,1H,2025-10-31T19:00:00Z,270.92,271.87,269.26,269.65,601050,6925,270.910117,46.05551925173948,55.46025747042991,48.061718044156464,270.88849999999996,276.9802658834658,264.79673411653414,BEARISH,,BELOW_MID,
AAPL,1H,2025-11-03T13:00:00Z,269.08,269.08,269.08,269.08,195,5,269.08,44.19844534269242,54.267390172354226,46.130081693424444,270.937,276.95056746733763,264.9234325326624,BEARISH,,BELOW_MID,
AAPL,1H,2025-11-03T14:00:00Z,269.71,270.08,265.63,266.6,236520,3309,267.346242,36.912998721549,52.4417706025407,41.52154020748672,270.77750000000003,277.08137307847204,264.473626921528,BEARISH,,BELOW_MID,
AAPL,1H,2025-11-03T15:00:00Z,266.51,267.91,265.53,266.78,259362,3350,267.024268,37.750829103805046,50.78213564665936,39.636184655645884,270.67449999999997,277.17588924425183,264.1731107557481,BEARISH,,BELOW_MID,
AAPL,1H,2025-11-03T16:00:00Z,266.77,267.24,265.79,267.08,150638,2243,266.501986,39.263237675425984,49.38078870076356,39.44971116553593,270.5755,277.2386918224803,263.91230817751966,BEARISH,,BELOW_MID,
AAPL,1H,2025-11-03T17:00:00Z,267.03,267.37,266.55,266.68,124189,1669,266.950409,37.88264025510864,47.93770501713948,38.666175710322285,270.396,277.2834910258809,263.50850897411914,BEARISH,,BELOW_MID,
AAPL,1H,2025-11-03T18:00:00Z,266.66,267.85,266.54,267.36,154773,1903,267.142625,41.796721540328605,46.94506461761905,40.23144862532544,270.35699999999997,277.30682953217746,263.4071704678225,NEUTRAL,,BELOW_MID,
AAPL,1H,2025-11-03T19:00:00Z,267.38,267.51,266.17,266.5,138651,1813,266.695509,38.357870223375116,45.74256413192545,39.29465942435028,270.1625,277.322981827364,263.00201817263604,BEARISH,,BELOW_MID,
AAPL,1H,2025-11-03T20:00:00Z,266.47,268.32,266.23,268.32,388243,4313,267.129082,48.45471316957045,45.512672674136454,43.87468629696036,270.052,277.25667567479326,262.8473243252068,NEUTRAL,BULLISH_CROSS,BELOW_MID,
AAPL,1H,2025-11-03T21:00:00Z,267.88,267.88,267.88,267.88,100,1,267.88,46.388149343206216,45.150173769387884,45.131417820083286,269.88500000000005,277.13040507748553,262.63959492251456,NEUTRAL,,BELOW_MID,
AAPL,1H,2025-11-04T13:00:00Z,265.99,265.99,265.99,265.99,140,3,265.99,38.46133327123556,44.1336797573613,41.79637554565942,269.6545,277.09482674721164,262.2141732527883,BEARISH,BEARISH_CROSS,BELOW_MID,BEARISH_CONFIRMED
AAPL,1H,2025-11-04T14:00:00Z,266.25,268.83,266.25,267.63,244555,3266,267.911264,47.259124217969585,44.03015381631123,44.5277498818145,269.5085,276.98932538367677,262.0276746163233,NEUTRAL,BULLISH_CROSS,BELOW_MID,
AAPL,1H,2025-11-04T15:00:00Z,267.6,268.28,266.97,267.5,205886,2784,267.640939,46.66420032682065,43.928184925487955,45.595975104317574,268.796,273.604975818307,263.98702418169296,NEUTRAL,,BELOW_MID,
AAPL,1H,2025-11-04T16:00:00Z,267.53,270.68,267.53,269.78,758599,5466,269.652338,57.276051305200056,44.84751523261033,51.436013204758815,268.4715,271.80715285963765,265.13584714036233,BULLISH,,ABOVE_MID,
AAPL,1H,2025-11-04T17:00:00Z,269.81,270.11,268.23,270.0,308680,3066,269.352093,58.17929316583065,45.96633564081399,54.80765318529473,268.488,271.8517610529081,265.1242389470919,BULLISH,,ABOVE_MID,
AAPL,1H,2025-11-04T18:00:00Z,269.99,270.08,269.3,269.73,377523,3260,269.730302,56.52923451200368,46.956525053759925,55.668443848649204,268.483,271.83864943906593,265.1273505609341,BULLISH,,ABOVE_MID,
AAPL,1H,2025-11-04T19:00:00Z,269.73,270.03,269.14,269.64,343168,3566,269.66132,55.934338963493595,47.85158636586896,55.8013914060714,268.43,271.66969459249486,265.19030540750515,BULLISH,,ABOVE_MID,
AAPL,1H,2025-11-04T20:00:00Z,269.66,269.73,268.53,269.45,596169,6368,269.273606,54.57042013097905,48.585764380497224,55.18590576852523,268.36,271.4358892595233,265.2841107404767,NEUTRAL,,ABOVE_MID,
AAPL,1H,2025-11-04T21:00:00Z,269.7,269.82,269.7,269.82,207,3,269.76,56.87423448004242,49.50760792161657,56.030070124283824,268.32,271.2911667033265,265.3488332966735,BULLISH,,ABOVE_MID,
AAPL,1H,2025-11-05T14:00:00Z,267.89,268.78,266.22,268.45,124640,1951,267.421401,46.955305240988466,49.497686785707714,51.492687682636145,268.196,270.90386301449536,265.4881369855047,BEARISH,BEARISH_CROSS,ABOVE_MID,
AAPL,1H,2025-11-05T15:00:00Z,268.3,268.91,267.8,268.64,133346,2234,268.31804,48.36043792174052,49.62553414193345,49.92656280218833,268.14549999999997,270.77574893758987,265.5152510624101,BEARISH,,ABOVE_MID,
AAPL,1H,2025-11-05T16:00:00Z,268.61,269.68,268.2,269.23,120967,1886,269.173125,52.73436750656977,50.15928574139172,51.33046515437905,268.153,270.7952964493645,265.5107035506355,BULLISH,BULLISH_CROSS,ABOVE_MID,BULLISH_CONFIRMED
AAPL,1H,2025-11-05T17:00:00Z,269.11,270.02,268.75,269.8,141472,2167,269.307666,56.71877835189858,51.02634374559922,54.02462175313882,268.313,270.94686927701997,265.67913072298,BULLISH,,ABOVE_MID,
AAPL,1H,2025-11-05T18:00:00Z,269.78,269.91,269.08,269.3,92012,1527,269.435641,52.362767964897024,51.44320022973644,53.193694859017924,268.43899999999996,271.00429797181914,265.8737020281808,NEUTRAL,,ABOVE_MID,
AAPL,1H,2025-11-05T19:00:00Z,269.29,270.85,268.9,268.9,192761,3023,269.77042,48.97744087167382,51.48541758746223,51.08556786534587,268.53000000000003,271.02034345549464,266.0396565445054,BEARISH,BEARISH_CROSS,ABOVE_MID,
AAPL,1H,2025-11-05T20:00:00Z,268.94,269.6,268.24,269.35,335991,3468,269.023989,52.83656307957579,51.829864185872346,51.96106547246083,268.6635,271.0188770510559,266.3081229489441,BULLISH,BULLISH_CROSS,ABOVE_MID,BULLISH_CONFIRMED
AAPL,1H,2025-11-06T13:00:00Z,268.72,268.72,268.72,268.72,215,6,268.72,47.2123418515276,51.60425896093541,49.586703661994214,268.7315,271.0055483261098,266.45745167389015,BEARISH,BEARISH_CROSS,BELOW_MID,BEARISH_CONFIRMED
AAPL,1H,2025-11-06T14:00:00Z,267.25,269.22,267.17,269.19,121383,1890,268.142957,51.5415382666753,51.73182872786725,50.56412096433476,268.86600000000004,270.8886340304321,266.84336596956797,NEUTRAL,,ABOVE_MID,
AAPL,1H,2025-11-06T15:00:00Z,269.15,272.55,268.39,271.54,283574,4360,270.907243,66.83913653915997,53.20790389304944,58.701628751747364,269.027,271.3560485972668,266.69795140273317,BULLISH,BULLISH_CROSS,ABOVE_MID,BULLISH_CONFIRMED
AAPL,1H,2025-11-06T16:00:00Z,271.51,271.83,269.8,269.83,184942,2864,270.930931,53.113328590915174,53.31288281048736,55.90747867133127,269.1245,271.4143078522028,266.8346921477972,NEUTRAL,BEARISH_CROSS,ABOVE_MID,
AAPL,1H,2025-11-06T17:00:00Z,269.84,271.74,269.66,271.51,111993,1845,270.693703,61.78668991954146,54.18618195511059,58.84708429543636,269.4005,271.4134734487253,267.38752655127473,BULLISH,BULLISH_CROSS,ABOVE_MID,BULLISH_CONFIRMED
AAPL,1H,2025-11-06T18:00:00Z,271.57,271.68,270.18,270.64,93050,1575,270.668259,55.77570549502877,54.44636762141737,57.31139489523257,269.551,271.45368397685985,267.6483160231401,NEUTRAL,,ABOVE_MID,
AAPL,1H,2025-11-06T19:00:00Z,270.6,271.42,269.99,270.45,132811,1743,270.700042,54.473666030463214,54.513232071361934,55.89253046284789,269.69849999999997,271.3757442937934,268.02125570620655,NEUTRAL,BEARISH_CROSS,ABOVE_MID,
AAPL,1H,2025-11-06T20:00:00Z,270.48,270.88,268.85,269.09,322599,4473,269.728929,45.85393830700662,53.76525312734512,50.87323438492726,269.664,271.3624376721934,267.9655623278066,BEARISH,,BELOW_MID,
AAPL,1H,2025-11-06T21:00:00Z,269.26,269.26,269.26,269.26,118,3,269.26,47.032570705243266,53.12793021095939,48.952902545085266,269.627,271.32685881766986,267.92714118233016,BEARISH,,BELOW_MID,
AAPL,1H,2025-11-07T13:00:00Z,268.69,268.69,268.69,268.69,200,5,268.69,43.46380754737333,52.210518352083135,46.2083550462293,269.575,271.32449616807673,267.82550383192324,BEARISH,,BELOW_MID,
AAPL,1H,2025-11-07T14:00:00Z,269.03,269.74,266.58,269.04,264286,2951,268.339955,46.27962044190672,51.6127928845647,46.24398774406801,269.54499999999996,271.3103089784747,267.7796910215252,NEUTRAL,,BELOW_MID,
AAPL,1H,2025-11-07T15:00:00Z,269.17,271.52,269.11,269.94,391074,5130,270.596551,53.044916973711175,51.67446499816312,49.644452358889595,269.5695,271.3428402915074,267.7961597084926,BULLISH,BULLISH_CROSS,ABOVE_MID,BULLISH_CONFIRMED
AAPL,1H,2025-11-07T16:00:00Z,269.89,270.44,267.81,268.14,350427,5001,269.181454,41.33301627005855,50.68392718627704,45.48873431447407,269.48549999999994,271.3648669146842,267.60613308531566,BEARISH,BEARISH_CROSS,BELOW_MID,BEARISH_CONFIRMED
AAPL,1H,2025-11-07T17:00:00Z,268.02,268.7,267.53,268.05,312356,4148,268.041566,40.82597570335374,49.70459955603646,43.15735500891391,269.46549999999996,271.398999418156,267.53200058184393,BEARISH,,BELOW_MID,
AAPL,1H,2025-11-07T18:00:00Z,268.07,268.26,266.89,267.35,206878,2821,267.589558,36.868575109129885,48.43498121712919,40.012965059021894,269.401,271.5269390494826,267.2750609505174,BEARISH,,BELOW_MID,
AAPL,1H,2025-11-07T19:00:00Z,267.37,267.72,266.35,266.89,303969,3948,266.971415,34.40319158169167,46.98490260140657,37.20807832035678,269.284,271.6888319779384,266.8791680220616,BEARISH,,BELOW_MID,
AAPL,1H,2025-11-07T20:00:00Z,266.83,267.82,266.09,267.71,643556,7218,267.192594,42.1597149344697,46.30038345212719,39.68389662741324,269.17949999999996,271.6700334452913,266.6889665547086,NEUTRAL,,BELOW_MID,
AAPL,1H,2025-11-10T13:00:00Z,269.58,269.58,269.58,269.58,240,6,269.58,55.622323805970595,46.885515553382945,47.653110216691914,269.19350000000003,271.69002621814883,266.6969737818512,BULLISH,BULLISH_CROSS,ABOVE_MID,BULLISH_CONFIRMED
AAPL,1H,2025-11-10T14:00:00Z,268.63,273.19,268.49,272.63,214459,2708,271.262317,68.90316852776809,48.68274373127801,58.27813937223,269.38,272.3047689967278,266.4552310032722,BULLISH,,ABOVE_MID,
AAPL,1H,2025-11-10T15:00:00Z,272.62,272.62,270.09,270.26,310116,3766,271.173576,54.61506401747446,49.10944985168805,56.446601694852234,269.4255,272.37649965221584,266.47450034778416,NEUTRAL,,ABOVE_MID,
AAPL,1H,2025-11-10T16:00:00Z,270.23,270.29,268.0,268.81,323108,3864,268.878952,47.793603363911245,48.891617890407055,52.12010252938174,269.43,272.376741286665,266.48325871333503,BEARISH,BEARISH_CROSS,BELOW_MID,BEARISH_CONFIRMED
AAPL,1H,2025-11-10T17:00:00Z,268.76,269.22,268.52,269.06,205451,2548,268.853401,49.028461875018536,48.80787678821228,50.57428220220014,269.4235,272.3730425158219,266.4739574841781,NEUTRAL,BULLISH_CROSS,BELOW_MID,
AAPL,1H,2025-11-10T18:00:00Z,269.05,269.71,269.01,269.5,170716,2137,269.40034,51.30884966019784,48.92358167504467,50.941565931198994,269.32149999999996,272.0989374785722,266.5440625214277,BULLISH,,ABOVE_MID,
AAPL,1H,2025-11-10T19:00:00Z,269.51,269.79,266.96,269.06,334770,3736,269.034464,48.85018282652735,48.816778705164495,49.89587437886317,269.283,272.0520933344231,266.51390666557694,NEUTRAL,,BELOW_MID,
AAPL,1H,2025-11-10T20:00:00Z,269.03,269.12,268.27,268.9,407995,4629,268.69844,47.910973855656756,48.70246736006507,48.90342411725996,269.1525,271.7182244796105,266.58677552038944,BEARISH,BEARISH_CROSS,BELOW_MID,BEARISH_CONFIRMED
AAPL,1H,2025-11-11T14:00:00Z,269.35,273.86,269.35,273.37,179910,2639,272.249996,67.53115299485256,50.39432968015338,58.21728855605626,269.289,272.4168369859275,266.1611630140725,BULLISH,BULLISH_CROSS,ABOVE_MID,BULLISH_CONFIRMED
AAPL,1H,2025-11-11T15:00:00Z,273.24,274.2,272.05,272.46,274316,3385,272.921048,62.16811559603101,51.57377534028254,60.19270207604363,269.3895,272.7915518576463,265.9874481423537,BULLISH,,ABOVE_MID,
AAPL,1H,2025-11-11T16:00:00Z,272.53,273.06,271.3,271.4,270066,3241,272.067008,56.30815184835192,52.192824252349965,58.25042696219778,269.505,273.01923870620936,265.9907612937906,NEUTRAL,,ABOVE_MID,
AAPL,1H,2025-11-11T17:00:00Z,271.4,273.38,271.39,273.34,222840,2495,272.585046,63.40954316327409,53.44951269599955,60.82998506273593,269.70899999999995,273.6151834920666,265.8028165079333,BULLISH,,ABOVE_MID,
AAPL,1H,2025-11-11T18:00:00Z,273.34,274.47,273.2,273.95,299100,3211,273.871322,65.39890377464836,54.81105381489842,63.114444418692145,269.97200000000004,274.27722619981677,265.6667738001833,BULLISH,,ABOVE_MID,
AAPL,1H,2025-11-11T19:00:00Z,273.93,275.1,273.67,275.03,289686,3222,274.540643,68.77977166692217,56.40043862500227,65.94710804280716,270.2715,275.1047587895048,265.4382412104952,BULLISH,,ABOVE_MID,
AAPL,1H,2025-11-11T20:00:00Z,275.02,275.34,274.32,274.89,534364,5745,274.860841,67.81347354425762,57.792385232961074,66.8802907935324,270.51899999999995,275.7697118314426,265.2682881685573,BULLISH,,ABOVE_MID,
AAPL,1H,2025-11-12T14:00:00Z,274.56,274.65,271.41,271.66,190730,2327,272.454271,49.69290557265548,57.44378733656492,58.286598183093936,270.69500000000005,275.84496371985273,265.5450362801474,BEARISH,BEARISH_CROSS,ABOVE_MID,
AAPL,1H,2025-11-12T15:00:00Z,271.57,273.86,271.57,273.64,368794,4037,272.935775,57.5208361538872,57.82133036487406,57.90371716849057,270.9745,276.12680546250476,265.8221945374952,NEUTRAL,,ABOVE_MID,
AAPL,1H,2025-11-12T16:00:00Z,273.61,274.35,273.32,273.7,167647,2375,273.753373,57.74498400723138,58.14917332840569,57.82435058786098,271.29200000000003,276.2839919028284,266.30000809717166,NEUTRAL,,ABOVE_MID,
AAPL,1H,2025-11-12T17:00:00Z,273.62,274.26,273.23,274.07,109866,1472,273.772294,59.23717990836664,58.53942800457786,58.53076524811381,271.651,276.3331493040347,266.96885069596533,BULLISH,BULLISH_CROSS,ABOVE_MID,BULLISH_CONFIRMED
AAPL,1H,2025-11-12T18:00:00Z,274.08,274.95,273.99,274.89,147072,1903,274.541111,62.535774774450395,59.13272115429342,60.5332700112821,272.01,276.5176309567348,267.50236904326516,BULLISH,,ABOVE_MID,
AAPL,1H,2025-11-12T19:00:00Z,274.95,275.2,273.64,273.84,140236,2056,274.222841,56.006954906543484,59.01069915068082,58.27011245891279,272.22299999999996,276.6490144837692,267.79698551623073,NEUTRAL,BEARISH_CROSS,ABOVE_MID,
AAPL,1H,2025-11-12T20:00:00Z,273.81,273.9,272.47,272.96,374466,4469,273.159861,50.98792918748881,58.372457319915746,54.629020823200804,272.2395,276.6743546525769,267.80464534742316,NEUTRAL,,ABOVE_MID,
AAPL,1H,2025-11-12T21:00:00Z,273.02,273.02,273.02,273.02,100,1,273.02,51.32252966916368,57.7846960291232,52.97577524618224,272.3775,276.72388567329926,268.03111432670073,NEUTRAL,,ABOVE_MID,
AAPL,1H,2025-11-13T14:00:00Z,272.24,276.16,272.24,274.6,162219,2377,274.654777,59.511253116421805,58.017470804352406,56.24351418130202,272.667,276.7778027132637,268.5561972867362,BULLISH,BULLISH_CROSS,ABOVE_MID,BULLISH_CONFIRMED
AAPL,1H,2025-11-13T15:00:00Z,274.62,274.65,271.71,272.48,190570,2961,273.057015,47.459667484163084,57.133451261934944,51.851590832732555,272.838,276.5855190389612,269.09048096103885,BEARISH,BEARISH_CROSS,BELOW_MID,BEARISH_CONFIRMED
AAPL,1H,2025-11-13T16:00:00Z,272.35,273.93,271.93,273.24,165870,2727,273.039523,51.42676079574923,56.61152217589436,51.63917581424089,273.025,276.42866675343356,269.6213332465664,NEUTRAL,,ABOVE_MID,
AAPL,1H,2025-11-13T17:00:00Z,273.2,273.5,271.99,272.08,124132,1964,272.346075,45.524460207496425,55.54263806269342,48.58181801086866,273.176,276.0686141882583,270.28338581174165,BEARISH,,BELOW_MID,
AAPL,1H,2025-11-13T18:00:00Z,272.03,273.31,271.62,272.93,154873,2399,272.474148,50.23300820642077,54.92684441455791,49.40741310864472,273.3775,275.4654894635769,271.2895105364231,NEUTRAL,,BELOW_MID,
AAPL,1H,2025-11-13T19:00:00Z,272.95,273.27,272.04,272.46,135870,2082,272.713113,47.6699324046633,54.07205761829772,48.53867275665401,273.332,275.45995528247624,271.20404471752374,BEARISH,,BELOW_MID,
AAPL,1H,2025-11-13T20:00:00Z,272.46,273.07,272.04,272.54,220622,3439,272.520441,48.17627624472176,53.264345549709475,48.357474500687886,273.336,275.4573441617615,271.2146558382385,BEARISH,,BELOW_MID,
AAPL,1H,2025-11-14T13:00:00Z,270.53,270.72,270.53,270.72,545,6,270.625,38.613794137553306,51.671104271162775,43.48563431912059,273.302,275.57067547724677,271.0333245227533,BEARISH,,BELOW_MID,
AAPL,1H,2025-11-14T14:00:00Z,271.08,272.55,269.15,272.5,276578,4092,270.761774,49.617069224897975,51.18012748738973,46.55135177200928,273.26000000000005,275.55664285884,270.9633571411601,NEUTRAL,,BELOW_MID,
AAPL,1H,2025-11-14T15:00:00Z,272.5,273.99,271.69,273.73,234831,3581,272.895085,55.779006912727574,51.278292582698406,51.16517934236843,273.24899999999997,275.5338047250448,270.96419527495516,BULLISH,BULLISH_CROSS,ABOVE_MID,BULLISH_CONFIRMED
AAPL,1H,2025-11-14T16:00:00Z,273.74,274.35,273.06,274.31,193172,2768,273.656943,58.47325259878116,51.65442172847316,54.819215970574795,273.213,275.40025591119576,271.0257440888043,BULLISH,,ABOVE_MID,
AAPL,1H,2025-11-14T17:00:00Z,274.29,275.44,274.08,274.6,137562,2057,274.904027,59.84927230129825,52.18562474839829,57.33424413593652,273.1985,275.34236051196086,271.0546394880392,BULLISH,,ABOVE_MID,
AAPL,1H,2025-11-14T18:00:00Z,274.58,274.58,273.39,273.67,91949,1631,273.908605,53.45853110163797,52.17451146604096,55.396387618787244,273.299,275.3243644246504,271.27363557534954,NEUTRAL,,ABOVE_MID,
AAPL,1H,2025-11-14T19:00:00Z,273.65,273.88,273.29,273.51,79767,1388,273.557226,52.37606384027413,52.127134676990906,53.886225729530686,273.2925,275.3140874429472,271.27091255705284,NEUTRAL,,ABOVE_MID,
AAPL,1H,2025-11-14T20:00:00Z,273.51,273.71,271.67,271.97,278696,4315,272.300319,42.95740532817412,51.21190080126675,48.421815528852406,273.206,275.30089002349393,271.1111099765061,BEARISH,BEARISH_CROSS,BELOW_MID,BEARISH_CONFIRMED
AAPL,1H,2025-11-14T21:00:00Z,272.02,272.02,272.02,272.02,123,4,272.02,43.32963757175687,50.3935513755034,45.875726550304634,273.1035,275.2208794627987,270.9861205372013,BEARISH,,BELOW_MID,
AAPL,1H,2025-11-17T14:00:00Z,268.32,269.95,266.51,269.55,328798,3043,268.032724,31.79794134679227,48.589270026412,38.83683394854845,272.8365,275.320370282232,270.352629717768,BEARISH,,BELOW_MID,
AAPL,1H,2025-11-17T15:00:00Z,269.48,269.76,267.29,267.45,312413,3338,268.548204,25.34597607019957,46.317230961966175,32.091405009374014,272.517,275.9281711216326,269.1058288783674,BEARISH,,BELOW_MID,
AAPL,1H,2025-11-17T16:00:00Z,267.48,269.04,266.17,269.03,230543,3311,267.450901,36.288148586608465,45.200929653143035,34.18977679799124,272.3205,276.0610908624183,268.57990913758164,NEUTRAL,,BELOW_MID,
AAPL,1H,2025-11-17T17:00:00Z,269.0,269.02,267.38,267.38,156574,2358,268.422582,30.95733723386347,43.685371928355764,32.573557015927356,272.0385,276.3620184258836,267.7149815741164,BEARISH,,BELOW_MID,
AAPL,1H,2025-11-17T18:00:00Z,267.42,267.83,266.67,266.78,146763,2088,267.230661,29.202379841149465,42.09698514169245,30.88796842853841,271.64750000000004,276.3897795984085,266.9052204015916,BEARISH,,BELOW_MID,
AAPL,1H,2025-11-17T19:00:00Z,266.77,267.0,265.36,265.37,227900,2967,266.51359,25.39617867906138,40.25833829193027,28.142073553799897,271.29200000000003,276.77902047419343,265.80497952580663,BEARISH,,BELOW_MID,
AAPL,1H,2025-11-17T20:00:00Z,265.34,267.01,265.26,267.0,409372,5707,266.150899,36.20931699411733,39.55038832118774,32.17569527395861,270.98,276.70510261916826,265.2548973808318,NEUTRAL,,BELOW_MID,
AAPL,1H,2025-11-17T21:00:00Z,267.49,267.49,267.49,267.49,110,3,267.49,39.19007128214252,39.16211882896716,35.68288327805057,270.7505,276.65511897696746,264.8458810230325,NEUTRAL,BULLISH_CROSS,BELOW_MID,
AAPL,1H,2025-11-18T14:00:00Z,269.41,270.19,266.02,266.24,253363,3424,267.788581,34.55603635395984,38.40554611606162,35.119459816005204,270.416,276.55411354527945,264.27788645472054,BEARISH,BEARISH_CROSS,BELOW_MID,BEARISH_CONFIRMED
AAPL,1H,2025-11-18T15:00:00Z,266.22,267.63,264.86,266.09,273043,4028,266.431336,34.013082388897345,37.64709630613107,34.566271102451275,270.09749999999997,276.4464837562281,263.74851624377186,BEARISH,,BELOW_MID,
AAPL,1H,2025-11-18T16:00:00Z,266.01,267.76,265.56,267.29,166889,2559,266.772248,42.188267261486374,37.70206125006152,38.37726918196883,269.835,276.19289935517475,263.4771006448252,NEUTRAL,BULLISH_CROSS,BELOW_MID,
AAPL,1H,2025-11-18T17:00:00Z,267.21,268.24,266.11,268.05,104768,1834,267.246844,46.8775131556518,38.20705142741471,42.62739116881031,269.7015,276.0931928817601,263.3098071182399,NEUTRAL,,BELOW_MID,
AAPL,1H,2025-11-18T18:00:00Z,268.21,268.7,267.52,267.79,108554,1865,268.137082,45.4584113491909,38.58865470067003,44.0429012590006,269.466,275.7700217739409,263.1619782260591,NEUTRAL,,BELOW_MID,
AAPL,1H,2025-11-18T19:00:00Z,267.75,268.3,267.19,268.3,150788,2192,267.84306,48.87381269976756,39.25111862825639,46.45835697938408,269.1945,275.18522783558103,263.203772164419,NEUTRAL,,BELOW_MID,
AAPL,1H,2025-11-18T20:00:00Z,268.29,268.42,266.83,266.94,230005,3601,267.441744,41.144408180507924,39.2141269784431,43.801382579946,268.82599999999996,274.38279726006607,263.26920273993386,NEUTRAL,,BELOW_MID,
AAPL,1H,2025-11-19T14:00:00Z,265.05,270.4,265.03,270.37,159667,2470,268.149585,59.37413532264585,40.89773649190736,51.587758951295925,268.6145,273.5310819320684,263.69791806793165,BULLISH,,ABOVE_MID,
AAPL,1H,2025-11-19T15:00:00Z,270.46,271.63,269.56,269.86,214810,3212,270.68647,56.449439852315656,42.31156467376642,54.01859940180579,268.42400000000004,272.7789869780462,264.0690130219539,BULLISH,,ABOVE_MID,
AAPL,1H,2025-11-19T16:00:00Z,269.74,270.09,268.87,270.06,177890,2332,269.385488,57.375741702427,43.82432000411607,55.69717055211639,268.25149999999996,271.98758449696,264.51541550303995,BULLISH,,ABOVE_MID,
AAPL,1H,2025-11-19T17:00:00Z,270.03,270.48,269.12,270.32,184966,2356,269.683142,58.661643683198,45.437017892887354,57.17940711765719,268.169,271.62145541912656,264.7165445808734,BULLISH,,ABOVE_MID,
AAPL,1H,2025-11-19T18:00:00Z,270.34,270.8,269.46,270.28,166069,2400,270.131664,58.35693650777247,46.99480482699691,57.768171812714826,268.082,271.1970608678692,264.9669391321308,BULLISH,,ABOVE_MID,
AAPL,1H,2025-11-19T19:00:00Z,270.4,270.42,268.7,269.28,165993,2189,269.463861,50.91827693810622,47.809685344904786,54.34322437541052,268.0685,271.15901707477525,264.9779829252247,NEUTRAL,,ABOVE_MID,
AAPL,1H,2025-11-19T20:00:00Z,269.3,270.22,267.64,267.99,543699,6047,268.777362,42.96943170565155,47.869092316284956,48.65632804053104,268.0955,271.1726721468024,265.0183278531976,BEARISH,BEARISH_CROSS,BELOW_MID,BEARISH_CONFIRMED
AAPL,1H,2025-11-20T14:00:00Z,269.67,274.91,269.67,274.49,385190,3851,273.236445,69.74385430699641,50.31417627584429,59.200091173763724,268.36850000000004,272.5613122706421,264.175687729358,BULLISH,BULLISH_CROSS,ABOVE_MID,BULLISH_CONFIRMED
AAPL,1H,2025-11-20T15:00:00Z,274.41,274.58,272.6,272.98,163616,2615,273.467601,62.12179187030998,51.87414686134641,60.66094152203685,268.6485,273.28756195145945,264.0094380485406,BULLISH,,ABOVE_MID,
AAPL,1H,2025-11-20T16:00:00Z,273.0,273.01,268.63,268.82,236980,3768,271.116208,46.40401763277889,51.89339492619117,53.53247957740787,268.7505,273.3055271823101,264.1954728176899,BEARISH,BEARISH_CROSS,ABOVE_MID,
AAPL,1H,2025-11-20T17:00:00Z,268.63,269.4,266.58,266.98,329078,4771,268.064422,41.21506107440721,51.374050921231934,47.37377032590754,268.831,273.18703827734436,264.4749617226557,BEARISH,,BELOW_MID,
AAPL,1H,2025-11-20T18:00:00Z,267.02,268.71,266.06,266.55,204046,2959,267.231368,40.0379974087815,50.69569817942683,43.705883867344525,268.8085,273.20878360330084,264.4082163966991,BEARISH,,BELOW_MID,
AAPL,1H,2025-11-20T19:00:00Z,266.46,267.54,265.9,267.31,190638,2888,266.741714,43.260035883243184,50.24687352954368,43.48295987529386,268.79949999999997,273.2118581235583,264.38714187644166,BEARISH,,BELOW_MID,
AAPL,1H,2025-11-20T20:00:00Z,267.31,267.35,265.44,265.9,417485,5600,266.334277,38.897542330655476,49.37093596410441,41.19025110297467,268.7825,273.2387806063028,264.3262193936973,BEARISH,,BELOW_MID,
AAPL,1H,2025-11-21T13:00:00Z,265.63,265.63,265.63,265.63,100,1,265.63,38.07048893110437,48.42107808507601,39.630370017039525,268.7595,273.2785985360968,264.2404014639032,BEARISH,,BELOW_MID,
AAPL,1H,2025-11-21T14:00:00Z,265.54,269.08,265.25,267.78,247227,3528,267.699426,47.979170659228984,48.356795373638406,43.804770338134254,268.784,273.2747783875761,264.2932216124239,NEUTRAL,,BELOW_MID,
AAPL,1H,2025-11-21T15:00:00Z,267.84,270.93,267.36,270.39,472847,6283,269.367642,57.307861617069385,49.0801162199684,50.55631597760182,268.90099999999995,273.4330003716268,264.3689996283731,BULLISH,BULLISH_CROSS,ABOVE_MID,BULLISH_CONFIRMED
AAPL,1H,2025-11-21T16:00:00Z,270.4,270.63,269.2,270.31,346635,4294,269.961556,56.95566727028159,49.70596660899049,53.7559916239417,269.027,273.5690565710636,264.4849434289364,BULLISH,,ABOVE_MID,
AAPL,1H,2025-11-21T17:00:00Z,270.38,271.06,269.9,270.73,268218,3472,270.412401,58.463355058288016,50.425251151404375,56.109673341114856,269.14849999999996,273.73842615466396,264.55857384533596,BULLISH,,ABOVE_MID,
AAPL,1H,2025-11-21T18:00:00Z,270.74,272.54,269.7,271.97,277955,3462,271.223567,62.7920421144751,51.481754241311044,59.45085772779498,269.4,274.03143947158475,264.7685605284152,BULLISH,,ABOVE_MID,
AAPL,1H,2025-11-21T19:00:00Z,271.98,272.78,271.43,271.69,306359,3821,272.209914,61.1725812753785,52.33078154318422,60.31171950158674,269.466,274.19229107952816,264.73970892047186,BULLISH,,ABOVE_MID,
AAPL,1H,2025-11-21T20:00:00Z,271.65,271.78,270.11,270.99,415240,5364,271.049743,57.035414960498706,52.71700076840222,58.673567231042725,269.5225,274.295409848411,264.74959015158896,NEUTRAL,,ABOVE_MID,
AAPL,1H,2025-11-21T21:00:00Z,270.36,270.36,270.36,270.36,100,1,270.36,53.38013320776743,52.7810459830349,56.02685021940508,269.5375,274.3193995344843,264.7556004655157,NEUTRAL,,ABOVE_MID,
AAPL,1H,2025-11-24T14:00:00Z,270.75,275.34,270.75,273.01,159671,2591,273.613871,64.22863207529247,53.844605409193875,60.12774114734877,269.67199999999997,274.69196686925596,264.652033130744,BULLISH,,ABOVE_MID,
AAPL,1H,2025-11-24T15:00:00Z,272.97,273.75,271.93,273.28,197643,2913,272.933703,65.1579675455684,54.962983686014866,62.642854346458584,269.822,275.0915414761085,264.5524585238915,BULLISH,,ABOVE_MID,
AAPL,1H,2025-11-24T16:00:00Z,273.36,274.84,273.24,274.51,296520,3887,274.418677,69.25197026850006,56.425421414434105,65.94741230747933,270.0835,275.7443397182571,264.42266028174294,BULLISH,,ABOVE_MID,
AAPL,1H,2025-11-24T17:00:00Z,274.53,274.84,274.2,274.66,195941,2570,274.454957,69.73978545791549,57.88504132993992,67.8435988826974,270.41700000000003,276.33844043642364,264.4955595635764,BULLISH,,ABOVE_MID,
AAPL,1H,2025-11-24T18:00:00Z,274.71,275.99,274.64,275.51,220687,2997,275.4989,72.5191666499515,59.51585387104291,70.18138276632445,270.46799999999996,276.55247065552146,264.38352934447846,BULLISH,,ABOVE_MID,
AAPL,1H,2025-11-24T19:00:00Z,275.51,275.94,274.84,275.58,213540,2996,275.530774,72.7510436227468,61.03982520645065,71.46621319453563,270.598,277.01070318237726,264.18529681762277,BULLISH,,ABOVE_MID,
AAPL,1H,2025-11-24T20:00:00Z,275.58,276.47,274.63,275.35,441863,5561,275.67133,70.55059750670355,62.350737850288446,71.0084053506196,270.9245,277.6149691834538,264.23403081654624,NEUTRAL,,ABOVE_MID,
AAPL,1H,2025-11-25T14:00:00Z,273.96,279.8,273.96,278.86,317496,4056,278.383722,80.6162374981241,64.5402203390762,75.81232142437185,271.5185,278.8163389735743,264.2206610264257,BULLISH,,ABOVE_MID,
AAPL,1H,2025-11-25T15:00:00Z,278.8,279.1,277.16,278.3,270241,3515,278.292808,75.95648148515573,66.15798379696488,75.88440145476379,272.106,279.60866310613903,264.60333689386096,BULLISH,,ABOVE_MID,
AAPL,1H,2025-11-25T16:00:00Z,278.26,278.52,277.0,278.16,245387,3009,277.721047,74.74143025954938,67.51489229317184,75.31291585715658,272.6485,280.25930194958454,265.0376980504155,NEUTRAL,,ABOVE_MID,
AAPL,1H,2025-11-25T17:00:00Z,278.18,278.85,277.88,278.01,218142,2561,278.462167,73.32754987665854,68.59303489807371,74.32023286690756,273.254,280.52342088477553,265.9845791152245,NEUTRAL,,ABOVE_MID,
AAPL,1H,2025-11-25T18:00:00Z,278.0,278.26,277.71,277.76,161610,2080,278.053992,70.81576474075777,69.31267100147198,72.56799880383267,273.86050000000006,280.4433020749455,267.2776979250546,NEUTRAL,,ABOVE_MID,
AAPL,1H,2025-11-25T19:00:00Z,277.78,277.85,277.0,277.0,158152,2161,277.439491,63.38967882465701,69.21903426223727,67.97883881424484,274.3215,280.38201335327915,268.2609866467209,NEUTRAL,BEARISH_CROSS,ABOVE_MID,
AAPL,1H,2025-11-25T20:00:00Z,277.01,277.53,276.36,276.39,315645,4161,277.022879,57.90657276040186,68.51732645268693,62.94270578732335,274.6215,280.45224708583385,268.7907529141662,NEUTRAL,,ABOVE_MID,
AAPL,1H,2025-11-26T14:00:00Z,276.86,278.38,276.36,276.61,116345,1714,277.283985,59.33378072888368,67.90238905541774,61.138243258103515,274.93649999999997,280.4590710069068,269.4139289930931,NEUTRAL,,ABOVE_MID,
AAPL,1H,2025-11-26T15:00:00Z,276.48,277.72,276.16,277.58,126216,1823,276.791615,65.18839858127126,67.81091943212397,63.163320919687386,275.27900000000005,280.546908403473,270.0110915965271,NEUTRAL,,ABOVE_MID,
AAPL,1H,2025-11-26T16:00:00Z,277.59,279.0,277.36,278.79,162712,1955,278.347082,71.0394926349309,68.21572792058717,67.10140677730914,275.62,280.86893172088753,270.3710682791125,BULLISH,BULLISH_CROSS,ABOVE_MID,BULLISH_CONFIRMED
AAPL,1H,2025-11-26T17:00:00Z,278.78,278.87,278.08,278.37,149097,1918,278.577668,66.66405737750668,68.16832741345493,66.88273207740791,275.954,280.9960355120999,270.9119644879001,NEUTRAL,BEARISH_CROSS,ABOVE_MID,
AAPL,1H,2025-11-26T18:00:00Z,278.35,278.54,277.47,277.6,133989,1784,277.894613,59.150067390698645,67.42107493668632,63.01639973405328,276.2845,280.7950372535656,271.77396274643434,NEUTRAL,,ABOVE_MID,
AAPL,1H,2025-11-26T19:00:00Z,277.6,277.93,277.42,277.91,119557,1549,277.759349,61.134196858025085,66.86295333740057,62.07529829603918,276.66200000000003,280.255295511309,273.0687044886911,NEUTRAL,,ABOVE_MID,
AAPL,1H,2025-11-26T20:00:00Z,277.94,278.42,276.7,277.08,356439,4359,277.695115,53.331709267693526,65.57777103987024,57.70350378186635,276.8655,280.02245706254473,273.70854293745526,NEUTRAL,,ABOVE_MID,
AAPL,1H,2025-11-28T14:00:00Z,276.8,277.69,275.51,275.79,91198,1595,276.2191,43.60164167243636,63.40824677021732,50.65257272715135,276.99100000000004,279.71810295484613,274.26389704515395,BEARISH,,BELOW_MID,
AAPL,1H,2025-11-28T15:00:00Z,275.78,276.38,275.62,275.95,131224,2120,276.02743,45.00175119880473,61.45529951552797,47.82716196297804,277.063,279.58243268468243,274.54356731531755,BEARISH,,BELOW_MID,
AAPL,1H,2025-11-28T16:00:00Z,275.94,276.4,275.48,276.14,152195,2139,275.962539,46.76722310317897,59.75010605451234,47.2971925330785,277.137,279.43660271168596,274.83739728831404,BEARISH,,BELOW_MID,
AAPL,1H,2025-11-28T17:00:00Z,276.15,278.48,275.92,278.25,287456,3570,277.128054,62.00495402940015,59.52749742733203,54.65107328123933,277.274,279.49044950789937,275.05755049210063,BULLISH,BULLISH_CROSS,ABOVE_MID,BULLISH_CONFIRMED
AAPL,1H,2025-12-01T14:00:00Z,277.53,278.23,275.63,277.05,189294,2305,276.703431,52.40694161243656,58.46582633552956,53.529007446837944,277.34749999999997,279.42025941174126,275.2747405882587,NEUTRAL,BEARISH_CROSS,BELOW_MID,BEARISH_CONFIRMED
AAPL,1H,2025-12-01T15:00:00Z,277.09,277.78,276.42,277.6,164036,2275,277.108228,55.92483617470334,57.81102974955013,54.72692181077064,277.46,279.30836770094845,275.6116322990515,NEUTRAL,,ABOVE_MID,
AAPL,1H,2025-12-01T16:00:00Z,277.56,278.74,277.16,278.34,160778,1758,278.03335,60.35985981469072,57.63225785572556,57.54339081273068,277.434,279.21276834976345,275.6552316502366,BULLISH,BULLISH_CROSS,ABOVE_MID,BULLISH_CONFIRMED
AAPL,1H,2025-12-01T17:00:00Z,278.25,279.42,278.23,279.0,163407,1766,278.999586,63.99506381523774,57.828074800444305,60.76922731398421,277.469,279.34443566868697,275.593564331313,BULLISH,,ABOVE_MID,
AAPL,1H,2025-12-01T18:00:00Z,279.08,280.52,278.98,280.37,199441,2290,279.94953,70.34561814267776,58.67316799866576,65.55742272833099,277.5795,279.8460111143769,275.3129888856231,BULLISH,,ABOVE_MID,
AAPL,1H,2025-12-01T19:00:00Z,280.39,281.2,280.19,280.97,241467,2477,280.663849,72.71661534628564,59.75809584891424,69.1370190373083,277.7275,280.45255625244005,275.00244374756,BULLISH,,ABOVE_MID,
AAPL,1H,2025-12-01T20:00:00Z,280.98,282.89,280.94,282.64,528619,5424,282.001027,78.17952592045678,61.34841736570321,73.65827247888254,277.9715,281.47229855551996,274.47070144448,BULLISH,,ABOVE_MID,
AAPL,1H,2025-12-02T14:00:00Z,282.39,284.51,282.18,282.82,168825,2401,283.478949,78.69675177938765,62.96475518982445,76.1775121291351,278.26250000000005,282.3428656956873,274.1821343043128,BULLISH,,ABOVE_MID,
AAPL,1H,2025-12-02T15:00:00Z,282.87,286.45,282.77,286.45,349002,4315,284.78438,86.14672983765116,65.22424691950805,81.16212098339312,278.76550000000003,284.14681846493664,273.3841815350634,BULLISH,,ABOVE_MID,
AAPL,1H,2025-12-02T16:00:00Z,286.41,286.83,284.31,284.68,227140,2987,285.614321,72.28073886618213,66.12467864307109,76.72142992478763,279.169,285.05622399062617,273.2817760093738,NEUTRAL,,ABOVE_MID,
AAPL,1H,2025-12-02T17:00:00Z,284.65,285.79,284.34,284.65,133317,1786,285.132173,72.05958000025018,66.94277918788805,74.3905049625189,279.5225,285.84121697503065,273.2037830249693,NEUTRAL,,ABOVE_MID,
AAPL,1H,2025-12-02T18:00:00Z,284.59,284.93,284.41,284.61,139034,1766,284.699928,71.73036767446501,67.675861299316,73.06043631849195,279.8135,286.5146680835676,273.11233191643237,NEUTRAL,,ABOVE_MID,
AAPL,1H,2025-12-02T19:00:00Z,284.64,286.12,284.63,285.88,206628,2559,285.39129,75.6963605225313,68.74116800258898,74.37839842051162,280.18899999999996,287.37378773081406,273.00421226918587,BULLISH,,ABOVE_MID,
AAPL,1H,2025-12-02T20:00:00Z,285.87,286.29,285.18,285.56,313872,4160,285.720245,72.80122284928285,69.52312077068525,73.58981063489723,280.58700000000005,288.04463077941784,273.12936922058225,NEUTRAL,,ABOVE_MID,
AAPL,1H,2025-12-03T14:00:00Z,285.54,288.07,285.43,287.31,211037,2791,286.904044,77.98217160645746,70.74950106444773,75.78599112067735,281.05699999999996,288.9748894051125,273.1391105948874,BULLISH,,ABOVE_MID,
AAPL,1H,2025-12-03T15:00:00Z,287.31,287.69,285.53,285.53,324464,3887,286.597444,64.02640991072514,70.62565148883297,69.90620051570124,281.4795,289.405641890174,273.5533581098259,NEUTRAL,BEARISH_CROSS,ABOVE_MID,
AAPL,1H,2025-12-03T16:00:00Z,285.5,286.28,285.12,285.29,241940,3197,285.805101,62.33429810544731,70.33545316445833,66.12024931057428,281.9545,289.577867055519,274.331132944481,NEUTRAL,,ABOVE_MID,
AAPL,1H,2025-12-03T17:00:00Z,285.35,285.91,285.0,285.31,104911,1663,285.432856,62.42739014470285,70.0147455066924,64.27381972763857,282.4225,289.63177144286135,275.2132285571387,NEUTRAL,,ABOVE_MID,
AAPL,1H,2025-12-03T18:00:00Z,285.33,285.54,284.82,284.96,99366,1435,285.213693,59.53072545546966,69.34920794872664,61.90227259155411,282.8635,289.5118722582467,276.2151277417533,NEUTRAL,,ABOVE_MID,
AAPL,1H,2025-12-03T19:00:00Z,284.92,285.07,283.84,284.23,157366,2103,284.383045,53.68566847119002,68.08940558155508,57.79397053137207,283.1625,289.46619941508976,276.8588005849103,NEUTRAL,,ABOVE_MID,
AAPL,1H,2025-12-03T20:00:00Z,284.24,284.3,283.1,283.63,371226,4612,283.81205,49.21732552767758,66.39344023957065,53.50564802952482,283.4915,289.10051633181246,277.8824836681875,BEARISH,,ABOVE_MID,
AAPL,1H,2025-12-04T14:00:00Z,283.01,284.17,280.67,280.9,204336,2632,282.224933,34.513245628455536,63.41609806043497,44.00944682899018,283.6565,288.70159464727993,278.61140535272006,BEARISH,,BELOW_MID,
AAPL,1H,2025-12-04T15:00:00Z,280.79,281.54,279.76,280.25,232694,3098,280.772055,31.955983408615097,60.283739385053984,37.98271511880264,283.752,288.4324930014748,279.0715069985252,BEARISH,,BELOW_MID,
AAPL,1H,2025-12-04T16:00:00Z,280.26,280.5,279.3,279.86,207909,2647,279.90815,30.433858642928953,57.1167669983599,34.2082868808658,283.79499999999996,288.30434701773197,279.28565298226795,BEARISH,,BELOW_MID,
AAPL,1H,2025-12-04T17:00:00Z,279.76,280.22,279.32,279.78,146261,1895,279.720625,30.102967398327593,54.049263378051684,32.155627139596696,283.7655,288.37577901884384,279.1552209811561,BEARISH,,BELOW_MID,
AAPL,1H,2025-12-04T18:00:00Z,279.78,279.78,278.91,278.93,137758,1641,279.353648,26.640737085161817,50.8137305795635,29.398182112379256,283.6635,288.61205332395366,278.71494667604634,BEARISH,,BELOW_MID,
AAPL,1H,2025-12-04T19:00:00Z,278.86,279.83,278.08,279.83,204759,2574,278.951676,35.48001896347651,48.57096748021872,32.439100537927885,283.523,288.7458691449506,278.3001308550495,NEUTRAL,,BELOW_MID,
AAPL,1H,2025-12-04T20:00:00Z,279.83,280.19,279.06,280.16,511661,4499,279.61554,38.53503581512272,46.767130572507604,35.4870681765253,283.39,288.8196263320118,277.96037366798816,NEUTRAL,,BELOW_MID,
AAPL,1H,2025-12-04T21:00:00Z,279.88,279.88,279.88,279.88,179,7,279.88,36.868658559082306,44.98342599262544,36.1778633678038,283.06149999999997,288.50657996171657,277.61642003828337,NEUTRAL,,BELOW_MID,
AAPL,1H,2025-12-05T14:00:00Z,280.07,280.53,278.77,279.66,146626,2024,279.616094,35.51127977067007,43.25739733769413,35.84457156923693,282.8105,288.4022777043397,277.21872229566026,BEARISH,,BELOW_MID,
AAPL,1H,2025-12-05T15:00:00Z,279.64,280.58,279.19,279.59,196397,2477,279.901777,35.049375594403344,41.70857847655236,35.44697358182014,282.5575,288.2557097835072,276.8592902164928,BEARISH,,BELOW_MID,
AAPL,1H,2025-12-05T16:00:00Z,279.7,279.73,278.26,278.26,130059,2178,278.846012,27.424532358445532,39.62776678128358,31.435752970132835,282.24,288.1599964438125,276.32000355618754,BEARISH,,BELOW_MID,
AAPL,1H,2025-12-05T17:00:00Z,278.23,278.92,277.53,278.87,91639,1412,278.0017,34.748885630999254,38.406030697986374,33.09231930056605,281.8895,287.73164263146083,276.04735736853917,NEUTRAL,,BELOW_MID,
AAPL,1H,2025-12-05T18:00:00Z,278.88,279.05,278.08,278.17,86638,1455,278.593817,30.743425414580173,36.98025486360115,31.91787235757311,281.52,287.3193103038221,275.7206896961779,BEARISH,,BELOW_MID,
AAPL,1H,2025-12-05T19:00:00Z,278.21,278.91,278.14,278.37,113252,1718,278.603689,33.2177521733263,35.97401927614933,32.5678122654497,281.073,286.34765079911926,275.7983492008807,NEUTRAL,,BELOW_MID,
AAPL,1H,2025-12-05T20:00:00Z,278.39,278.51,277.69,278.3,255999,3057,278.131136,32.756944192795345,35.09724907001702,32.662378229122524,280.7115,285.68226198754894,275.74073801245106,NEUTRAL,,BELOW_MID,
AAPL,1H,2025-12-08T14:00:00Z,277.57,279.1,276.94,277.43,198620,2366,277.615069,27.435429663197965,33.93248502099344,30.048903946160245,280.31850000000003,284.9995222680206,275.63747773197946,BEARISH,,BELOW_MID,
AAPL,1H,2025-12-08T15:00:00Z,277.44,277.96,276.57,276.82,243173,3044,277.198671,24.319105843737717,32.64282131845845,27.18400489494898,279.894,284.19338257501437,275.59461742498564,BEARISH,,BELOW_MID,
AAPL,1H,2025-12-08T16:00:00Z,276.82,277.34,276.19,276.94,207239,3006,276.778639,26.174937464337475,31.686437513301392,26.67947117964323,279.493,283.2668161615366,275.7191838384634,BEARISH,,BELOW_MID,
AAPL,1H,2025-12-08T17:00:00Z,276.98,277.26,276.37,276.83,154036,1995,276.784234,25.529348628844104,30.82830083859891,26.104409904243667,279.12299999999993,282.35320025450955,275.8927997454903,BEARISH,,BELOW_MID,
AAPL,1H,2025-12-08T18:00:00Z,276.81,277.31,275.69,275.86,132510,1855,276.589609,20.510740645046255,29.66111918193482,23.30757527464496,278.7345,281.52085377661297,275.9481462233871,BEARISH,,BELOW_MID,
AAPL,1H,2025-12-08T19:00:00Z,275.85,276.21,275.66,275.8,133003,1780,275.862722,20.233946955445944,28.612388868753577,21.770761115045453,278.47950000000003,281.36318532483284,275.5958146751672,BEARISH,,BELOW_MID,
AAPL,1H,2025-12-08T20:00:00Z,275.81,277.44,275.81,277.44,267596,3428,276.650354,43.62716001643285,29.81578345969769,32.698960565739156,278.339,281.131862331019,275.546137668981,NEUTRAL,BULLISH_CROSS,BELOW_MID,
AAPL,1H,2025-12-09T14:00:00Z,277.64,279.5,277.63,278.02,117789,1649,278.562799,49.517608496647625,31.515219192185235,41.10828453119339,278.247,280.9486338136733,275.5453661863267,NEUTRAL,,BELOW_MID,
AAPL,1H,2025-12-09T15:00:00Z,277.9,277.9,276.71,277.31,148550,2163,277.210389,43.28840010499934,32.57233890167431,42.198342318096365,278.12350000000004,280.7549796718165,275.49202032818357,NEUTRAL,,BELOW_MID,
AAPL,1H,2025-12-09T16:00:00Z,277.32,277.49,276.58,277.47,88530,1377,276.99151,45.04116971772523,33.733153937592704,43.6197560179108,278.0505,280.66874750549397,275.43225249450603,NEUTRAL,,BELOW_MID,
AAPL,1H,2025-12-09T17:00:00Z,277.45,278.06,276.92,277.83,78708,1266,277.475075,49.02878253737902,35.19181168733505,46.324269277644916,277.95050000000003,280.4317685635046,275.4692314364955,NEUTRAL,,BELOW_MID,
AAPL,1H,2025-12-09T18:00:00Z,277.73,278.22,277.62,278.13,68440,1126,277.926418,52.27510572676396,36.84867178134089,49.299687502204435,277.84900000000005,280.10561973571197,275.5923802642881,BULLISH,,ABOVE_MID,
AAPL,1H,2025-12-09T19:00:00Z,278.18,278.36,277.24,277.3,80420,1328,277.824723,43.62682605660966,37.64661862930115,46.46325677940705,277.72,279.77360786499855,275.6663921350015,NEUTRAL,,BELOW_MID,
AAPL,1H,2025-12-09T20:00:00Z,277.29,277.61,276.41,276.73,286895,3568,277.011482,38.68258557273396,37.973046687638565,42.57292117607051,277.5735,279.4552379984373,275.6917620015627,NEUTRAL,,BELOW_MID,
AAPL,1H,2025-12-10T14:00:00Z,277.31,278.27,276.12,277.45,94595,1293,277.297895,47.18788641813061,39.06483141584472,44.880403797100556,277.4665,279.0912723727292,275.8417276272708,NEUTRAL,,BELOW_MID,
AAPL,1H,2025-12-10T15:00:00Z,277.31,277.42,276.11,276.21,146070,2124,276.748799,37.1924394005919,39.197391061731516,41.03642159884623,277.364,279.03596575135685,275.6920342486431,BEARISH,BEARISH_CROSS,BELOW_MID,BEARISH_CONFIRMED
AAPL,1H,2025-12-10T16:00:00Z,276.16,278.36,275.97,278.21,92168,1503,277.148533,54.63045183955801,40.905947233211805,47.833436719202126,277.331,278.900738831789,275.76126116821104,BULLISH,BULLISH_CROSS,ABOVE_MID,BULLISH_CONFIRMED
AAPL,1H,2025-12-10T17:00:00Z,278.23,278.74,277.74,278.26,55974,940,278.06806,54.98198309735501,42.528686248556276,51.40770990827857,277.3355,278.91584606470764,275.7551539352924,BULLISH,,ABOVE_MID,
AAPL,1H,2025-12-10T18:00:00Z,278.12,278.46,277.54,277.88,101972,1666,277.94049,51.565901591448466,43.753283233206396,51.48680574986352,277.31100000000004,278.8381149269215,275.7838850730786,BULLISH,,ABOVE_MID,
AAPL,1H,2025-12-10T19:00:00Z,277.81,279.05,277.24,278.86,155956,2739,278.175444,58.96324581723945,45.56022546705454,55.22502578355149,277.339,278.96010943168557,275.71789056831443,BULLISH,,ABOVE_MID,
AAPL,1H,2025-12-10T20:00:00Z,278.91,279.21,278.08,278.23,219915,3407,278.595604,53.09820006423139,46.722529369919656,54.16161292389144,277.379,279.0483257384582,275.70967426154186,NEUTRAL,,ABOVE_MID,
AAPL,1H,2025-12-10T21:00:00Z,278.19,278.19,278.19,278.19,110,3,278.19,52.72360068938742,47.762721399437744,53.44260680663943,277.4475,279.132603463956,275.762396536044,NEUTRAL,,ABOVE_MID,
AAPL,1H,2025-12-11T14:00:00Z,278.77,279.07,273.34,273.7,141467,2237,275.60527,27.882893342308932,46.435194704649184,40.66275007447418,277.2855,279.6585635318807,274.9124364681193,BEARISH,BEARISH_CROSS,BELOW_MID,BEARISH_CONFIRMED
AAPL,1H,2025-12-11T15:00:00Z,273.6,276.03,273.51,275.38,207769,2651,274.964614,39.81833646760139,46.17728064246915,40.24054327103779,277.213,279.728954145684,274.69704585431606,BEARISH,,BELOW_MID,
AAPL,1H,2025-12-11T16:00:00Z,275.43,277.19,275.24,276.18,125019,1944,275.855261,44.71956478854996,46.305870457936976,42.48005402979388,277.229,279.71258738839924,274.7454126116007,NEUTRAL,,BELOW_MID,
AAPL,1H,2025-12-11T17:00:00Z,276.17,277.81,276.17,277.11,82472,1402,277.163555,50.040680956153736,46.83512357799344,46.260367492973806,277.29449999999997,279.6868252287317,274.9021747712682,BULLISH,BULLISH_CROSS,BELOW_MID,
AAPL,1H,2025-12-11T18:00:00Z,277.06,277.7,276.93,277.2,70055,1107,277.308062,50.55880332685533,47.28364349230802,48.40958540991457,277.28249999999997,279.6741598508424,274.89084014915755,BULLISH,,BELOW_MID,
AAPL,1H,2025-12-11T19:00:00Z,277.2,277.49,277.04,277.09,88020,1455,277.278863,49.84797286008822,47.53626602059005,49.128779135001395,277.236,279.60332493934555,274.8686750606544,NEUTRAL,,BELOW_MID,
AAPL,1H,2025-12-11T20:00:00Z,277.17,277.7,277.0,277.56,306347,3400,277.338692,53.022758822256534,48.05057552879364,51.075768978628965,277.24850000000004,279.6201063843167,274.87689361568334,BULLISH,,ABOVE_MID,
AAPL,1H,2025-12-12T13:00:00Z,277.07,277.07,277.07,277.07,100,1,277.07,49.35808751622539,48.21655928915193,50.21692824742718,277.2285,279.5989876247249,274.8580123752751,NEUTRAL,,BELOW_MID,
AAPL,1H,2025-12-12T14:00:00Z,277.4,278.67,276.52,278.56,102833,1315,277.916083,59.04205957665346,49.236628442833876,54.62949391204032,277.265,279.69618771061323,274.83381228938674,BULLISH,,ABOVE_MID,
AAPL,1H,2025-12-12T15:00:00Z,278.42,278.62,277.05,277.33,208635,2083,277.910201,50.138108924467986,49.38663762441701,52.38380141825415,277.225,279.6223538043402,274.82764619565984,NEUTRAL,,ABOVE_MID,
AAPL,1H,2025-12-12T16:00:00Z,277.28,277.84,276.79,277.22,162539,2438,277.292351,49.388750862512346,49.46372106709039,50.886276140383245,277.221,279.61809385452364,274.82390614547637,BEARISH,BEARISH_CROSS,BELOW_MID,BEARISH_CONFIRMED
AAPL,1H,2025-12-12T17:00:00Z,277.14,278.67,277.14,278.31,79830,1291,277.783858,56.61691778925964,50.2104056367159,53.751596964821445,277.3,279.73283676741136,274.86716323258867,BULLISH,BULLISH_CROSS,ABOVE_MID,BULLISH_CONFIRMED
AAPL,1H,2025-12-12T18:00:00Z,278.26,278.6,277.81,277.86,83384,1217,278.269865,53.095045124091676,50.58068580070861,53.42332104445656,277.3205,279.76553772439416,274.8754622756058,NEUTRAL,,ABOVE_MID,
AAPL,1H,2025-12-12T19:00:00Z,277.9,277.93,277.24,277.83,86929,1385,277.547066,52.8484859084222,50.86615989076012,53.13590347643938,277.40150000000006,279.79850053795866,275.00449946204145,NEUTRAL,,ABOVE_MID,
AAPL,1H,2025-12-12T20:00:00Z,277.9,278.27,276.47,277.8,257540,3457,277.516586,52.57382972411914,51.10216047708585,52.854866600279266,277.381,279.75579661179535,275.0062033882046,NEUTRAL,,ABOVE_MID,
AAPL,1H,2025-12-15T14:00:00Z,279.63,279.63,273.8,274.32,276337,3463,275.406026,31.327232796635386,49.3400661465255,42.091049698457326,277.184,279.88328957515733,274.4847104248427,BEARISH,BEARISH_CROSS,BELOW_MID,BEARISH_CONFIRMED
AAPL,1H,2025-12-15T15:00:00Z,274.23,275.06,273.14,273.88,307271,4170,273.833065,29.624313692984956,47.52404072447711,35.85768169572114,276.98400000000004,280.03587707554505,273.93212292445503,BEARISH,,BELOW_MID,
AAPL,1H,2025-12-15T16:00:00Z,273.82,275.18,273.53,274.45,227119,3174,274.217318,34.790362123073905,46.28742952942542,35.32402190939752,276.7635,279.8812135684286,273.6457864315714,BEARISH,,BELOW_MID,
AAPL,1H,2025-12-15T17:00:00Z,274.42,274.65,273.9,274.23,162920,2499,274.264061,33.715708593921846,45.02574394197623,34.51986525165968,276.5635,279.7961835845659,273.3308164154341,BEARISH,,BELOW_MID,
AAPL,1H,2025-12-15T18:00:00Z,274.19,274.29,272.97,273.43,181185,2587,273.650853,29.933180106944917,43.52948882637468,32.2265226793023,276.32550000000003,279.74922819260956,272.9017718073905,BEARISH,,BELOW_MID,
AAPL,1H,2025-12-15T19:00:00Z,273.41,273.62,272.33,273.07,215818,2602,272.835526,28.32447366635573,41.98726914239614,30.275498172829014,276.294,279.8292147258578,272.75878527414216,BEARISH,,BELOW_MID,
AAPL,1H,2025-12-15T20:00:00Z,273.03,274.21,272.72,273.61,492529,5635,273.384392,34.28434097664427,41.09247950404136,32.279919574736645,276.20550000000003,279.9210744756683,272.48992552433174,NEUTRAL,,BELOW_MID,
AAPL,1H,2025-12-16T14:00:00Z,272.31,273.44,271.31,273.16,175969,2340,272.403781,31.80502055832136,39.944585205863575,32.042470066529006,276.0545,280.01202434577425,272.0969756542258,BEARISH,,BELOW_MID,
AAPL,1H,2025-12-16T15:00:00Z,273.27,273.41,272.03,272.92,197351,2650,272.684294,30.482394190208154,38.711141826209165,31.26243212836858,275.845,280.0056603726896,271.68433962731046,BEARISH,,BELOW_MID,
AAPL,1H,2025-12-16T16:00:00Z,272.92,273.41,272.08,273.39,158455,2290,272.690328,36.31690928055975,38.069741682467,33.789670704464164,275.6545,279.90192386320365,271.4070761367963,NEUTRAL,,BELOW_MID,
AAPL,1H,2025-12-16T17:00:00Z,273.35,273.74,271.65,271.7,137337,2047,272.862921,27.112104855731346,36.65095140346161,30.450887780097755,275.38500000000005,279.92297311583354,270.84702688416655,BEARISH,,BELOW_MID,
AAPL,1H,2025-12-16T18:00:00Z,271.65,273.4,271.31,273.17,141312,2074,272.214155,41.59723083092926,36.650491617747484,36.02405930551351,275.16549999999995,279.68515753244134,270.64584246755857,NEUTRAL,BULLISH_CROSS,BELOW_MID,
AAPL,1H,2025-12-16T19:00:00Z,273.1,273.9,272.49,273.65,123826,1956,273.091084,45.570752816848966,37.04697860144233,40.797406061181235,274.9945,279.4693300761654,270.5196699238346,NEUTRAL,,BELOW_MID,
AAPL,1H,2025-12-16T20:00:00Z,273.6,274.96,273.58,274.05,225646,3242,274.3826,48.83431752750488,37.77241305236307,44.81586179434306,274.769,278.93090189317934,270.6070981068207,NEUTRAL,,BELOW_MID,
AAPL,1H,2025-12-17T14:00:00Z,274.44,275.64,274.43,274.81,118170,1846,275.03041,54.64694595680732,39.02853567213261,49.73140387557519,274.643,278.6272378918654,270.65876210813457,BULLISH,,ABOVE_MID,
AAPL,1H,2025-12-17T15:00:00Z,274.81,275.34,273.84,274.07,194110,2583,274.763391,48.59919974255897,39.75388964740271,49.16530180906708,274.48549999999994,278.2855968131749,270.685403186825,NEUTRAL,,BELOW_MID,
AAPL,1H,2025-12-17T16:00:00Z,274.12,274.56,271.82,272.1,197088,2845,272.967683,36.501027119313626,39.38607169234275,42.833164464190354,274.175,277.6611862739778,270.6888137260222,BEARISH,BEARISH_CROSS,BELOW_MID,BEARISH_CONFIRMED
AAPL,1H,2025-12-17T17:00:00Z,272.05,273.1,271.81,272.87,124538,1774,272.372348,42.766033600460894,39.64359079289877,42.799599032325624,273.9255,276.9899960090532,270.8610039909468,NEUTRAL,BULLISH_CROSS,BELOW_MID,
AAPL,1H,2025-12-17T18:00:00Z,272.94,273.16,271.99,272.49,88567,1372,272.495863,40.54508536127259,39.7591660456879,41.67234219679911,273.6585,276.17152522659507,271.14547477340494,NEUTRAL,,BELOW_MID,
AAPL,1H,2025-12-17T19:00:00Z,272.46,273.6,272.34,273.18,118463,1660,273.158051,46.24746861100894,40.44746860586784,43.959905403904024,273.4275,275.0174271747733,271.83757282522674,NEUTRAL,,BELOW_MID,
AAPL,1H,2025-12-17T20:00:00Z,273.27,273.44,271.22,271.35,336989,4036,272.265388,35.95752573528354,40.228897646165464,39.95871556959378,273.279,275.06112055827896,271.49687944172103,BEARISH,BEARISH_CROSS,BELOW_MID,BEARISH_CONFIRMED
AAPL,1H,2025-12-18T14:00:00Z,273.1,273.11,266.47,268.28,333219,4259,268.779358,25.323658152852303,39.1155435035963,32.64118686122304,272.999,275.8328770169855,270.16512298301456,BEARISH,,BELOW_MID,
AAPL,1H,2025-12-18T15:00:00Z,268.25,271.7,267.88,271.5,290653,3369,269.843547,44.64140682749154,39.784337832071344,38.641296844357285,272.8515,275.67445310101965,270.0285468989803,NEUTRAL,BULLISH_CROSS,BELOW_MID,
AAPL,1H,2025-12-18T16:00:00Z,271.48,272.65,271.47,272.36,156077,2055,271.99499,48.63390843824866,40.75107779124506,43.637602641302976,272.758,275.5117350711598,270.00426492884014,NEUTRAL,,BELOW_MID,
AAPL,1H,2025-12-18T17:00:00Z,272.28,272.33,269.46,271.88,121652,1779,270.786861,46.52693153276704,41.466345623447836,45.08226708703501,272.6805,275.44183815768423,269.91916184231576,NEUTRAL,,BELOW_MID,
AAPL,1H,2025-12-18T18:00:00Z,271.89,272.44,271.12,271.19,124649,1724,271.694055,43.48060432102887,41.84921477865775,44.281435704031935,272.5865,275.4190868779409,269.7539131220591,NEUTRAL,,BELOW_MID,
AAPL,1H,2025-12-18T19:00:00Z,271.26,271.4,270.03,270.36,206759,2551,270.583083,39.941614765054126,41.85171075252761,42.11152523454303,272.424,275.37958276380726,269.4684172361927,BEARISH,BEARISH_CROSS,BELOW_MID,BEARISH_CONFIRMED
AAPL,1H,2025-12-18T20:00:00Z,270.4,272.68,270.21,271.74,323280,3744,271.49218,47.8769780357703,42.525312733264755,44.994251635156665,272.35299999999995,275.30235568343306,269.40364431656684,NEUTRAL,BULLISH_CROSS,BELOW_MID,
AAPL,1H,2025-12-19T14:00:00Z,270.91,272.37,270.91,271.29,222541,2730,271.575891,45.66363080469519,42.93885874468716,45.32894121992592,272.27149999999995,275.2448714693538,269.29812853064607,NEUTRAL,,BELOW_MID,
AAPL,1H,2025-12-19T15:00:00Z,271.19,272.3,270.48,270.69,253659,3373,271.232424,42.702437580226935,43.02321138831647,44.015689400076425,272.1365,275.14105986793925,269.1319401320608,BEARISH,BEARISH_CROSS,BELOW_MID,BEARISH_CONFIRMED
AAPL,1H,2025-12-19T16:00:00Z,270.69,271.44,270.35,270.52,176455,2421,270.804386,41.83764153502632,42.9760455889188,42.92666546755137,272.0775,275.1633923472763,268.9916076527237,BEARISH,,BELOW_MID,
AAPL,1H,2025-12-19T17:00:00Z,270.49,271.11,269.77,270.98,155812,2360,270.369373,45.21505104879484,43.21201774421667,44.070858258173104,271.968,275.0460759540626,268.88992404593745,NEUTRAL,BULLISH_CROSS,BELOW_MID,
AAPL,1H,2025-12-19T18:00:00Z,270.9,271.29,269.91,270.35,143596,2161,270.504532,41.50188181600394,43.03206132773243,42.78637003708852,271.803,274.8551233333757,268.7508766666243,BEARISH,BEARISH_CROSS,BELOW_MID,BEARISH_CONFIRMED
AAPL,1H,2025-12-19T19:00:00Z,270.35,271.24,270.07,271.0,150451,1985,270.738582,46.592700893461455,43.31531941186087,44.689535465274986,271.6505,274.5297943214449,268.77120567855513,NEUTRAL,BULLISH_CROSS,BELOW_MID,
AAPL,1H,2025-12-19T20:00:00Z,270.97,273.4,269.41,273.36,639921,7266,270.812648,60.59854280208916,44.86741183367143,52.64403913368207,271.57800000000003,274.18220388886283,268.97379611113723,BULLISH,,ABOVE_MID,
AAPL,1H,2025-12-22T13:00:00Z,273.2,273.2,272.81,272.81,350,8,273.005,56.70006244318138,46.01416956798569,54.672050788431726,271.515,273.9186069387112,269.11139306128877,BULLISH,,ABOVE_MID,
AAPL,1H,2025-12-22T14:00:00Z,272.35,273.31,271.59,271.97,154637,1857,272.375521,51.05650007127311,46.63898822742354,52.86427542985242,271.5085,273.9061416044082,269.11085839559183,NEUTRAL,,ABOVE_MID,
AAPL,1H,2025-12-22T15:00:00Z,271.99,272.2,271.02,271.81,165212,2327,271.561165,49.99027584962919,47.15623974840584,51.427275639740806,271.45550000000003,273.7719080633215,269.13909193667854,NEUTRAL,,ABOVE_MID,
AAPL,1H,2025-12-22T16:00:00Z,271.81,272.28,271.43,271.68,117628,1741,271.821713,49.0539069118184,47.52997180434768,50.24059127577961,271.415,273.683071288221,269.146928711779,NEUTRAL,,ABOVE_MID,
AAPL,1H,2025-12-22T17:00:00Z,271.72,271.77,270.91,270.96,103112,1589,271.386387,43.927219417118025,47.410421129986204,47.083905346448816,271.304,273.42060502742873,269.1873949725712,BEARISH,BEARISH_CROSS,BELOW_MID,BEARISH_CONFIRMED
AAPL,1H,2025-12-22T18:00:00Z,271.0,271.0,270.02,270.19,102599,1480,270.443522,39.0207448808466,46.83018604299466,43.05232511364771,271.246,273.42009049345137,269.0719095065486,BEARISH,,BELOW_MID,
AAPL,1H,2025-12-22T19:00:00Z,270.27,270.57,270.15,270.42,91905,1326,270.36164,41.22674343940253,46.48178079782061,42.139534276525126,271.353,273.07638833942104,269.629611660579,BEARISH,,BELOW_MID,
AAPL,1H,2025-12-22T20:00:00Z,270.43,270.63,270.01,270.32,221103,3219,270.31555,40.5099248924653,46.045399763946115,41.324729584495216,271.294,273.0759965148615,269.51200348513845,BEARISH,,BELOW_MID,
AAPL,1H,2025-12-23T14:00:00Z,270.34,271.4,269.11,270.79,131965,1825,270.304987,45.518663169712404,45.99861715900052,43.421696377103814,271.2155,272.93707180324134,269.4939281967587,NEUTRAL,,BELOW_MID,
AAPL,1H,2025-12-23T15:00:00Z,270.7,271.11,270.08,270.95,116560,1867,270.57877,47.22052210321804,46.10275135605231,45.32110924016092,271.169,272.8650498999703,269.47295010002966,NEUTRAL,BULLISH_CROSS,BELOW_MID,
AAPL,1H,2025-12-23T16:00:00Z,270.94,271.81,270.94,271.64,102944,1728,271.344837,54.166598048711144,46.84446555825729,49.74385364443603,271.1915,272.90061211175794,269.4823878882421,BULLISH,,ABOVE_MID,
AAPL,1H,2025-12-23T17:00:00Z,271.64,271.71,270.64,271.11,70533,1110,271.118086,48.63554840851075,47.05028491647893,49.18970102647339,271.229,272.8936276650318,269.5643723349682,NEUTRAL,,BELOW_MID,
AAPL,1H,2025-12-23T18:00:00Z,271.07,271.6,271.02,271.2,53160,1030,271.261115,49.618353759097225,47.3231344403925,49.40402739278531,271.20200000000006,272.84915512324477,269.55484487675534,NEUTRAL,,BELOW_MID,
AAPL,1H,2025-12-23T19:00:00Z,271.2,271.93,271.0,271.57,87361,1334,271.312762,53.71437955761161,47.92645930099332,51.55920347519846,271.216,272.87104523710786,269.56095476289215,BULLISH,,ABOVE_MID,
AAPL,1H,2025-12-23T20:00:00Z,271.6,271.92,271.35,271.73,194168,2817,271.666599,55.47538728158732,48.664605636406485,53.51729537839289,271.268,272.91880650146965,269.6171934985303,BULLISH,,ABOVE_MID,
AAPL,1H,2025-12-24T14:00:00Z,272.04,274.2,272.01,273.67,92978,1488,273.544518,70.68779438831162,50.74322293616735,62.10254488335225,271.4255,273.35360214842683,269.49739785157317,BULLISH,,ABOVE_MID,
AAPL,1H,2025-12-24T15:00:00Z,273.74,274.03,273.26,274.03,88256,1745,273.650867,72.63933557561532,52.878104340366704,67.37094022948378,271.578,273.8154007475851,269.34059925241485,BULLISH,,ABOVE_MID,
AAPL,1H,2025-12-24T16:00:00Z,274.07,274.82,274.01,274.66,79911,1481,274.475512,75.8100347448803,55.16789045674777,71.59048748718203,271.7935,274.34157481506907,269.2454251849309,BULLISH,,ABOVE_MID,
AAPL,1H,2025-12-24T17:00:00Z,274.63,274.92,273.11,273.39,169881,2594,274.151862,60.03274805254179,55.89093196605009,65.81161776986191,271.913,274.52768806633645,269.29831193366357,NEUTRAL,,ABOVE_MID,
AAPL,1H,2025-12-26T13:00:00Z,273.5,273.5,273.5,273.5,200,4,273.5,60.827135617469125,56.605970326551244,63.31937669366552,271.91999999999996,274.5516934711982,269.28830652880174,NEUTRAL,,ABOVE_MID,
AAPL,1H,2025-12-26T14:00:00Z,273.01,274.85,273.01,274.12,74441,1225,274.270397,65.2115783423663,57.65797345977463,64.2654775180159,271.9855,274.77116613030086,269.19983386969915,BULLISH,,ABOVE_MID,
AAPL,1H,2025-12-26T15:00:00Z,273.95,274.44,273.64,274.22,82497,1481,274.10985,65.90403546332765,58.752957389534416,65.08475649067177,272.098,275.0573498574821,269.1386501425179,BULLISH,,ABOVE_MID,
AAPL,1H,2025-12-26T16:00:00Z,274.2,274.47,273.89,274.1,55868,937,274.218433,64.17943762992445,59.65131565902749,64.63209706029811,272.2125,275.29938823046774,269.1256117695322,NEUTRAL,,ABOVE_MID,
AAPL,1H,2025-12-26T17:00:00Z,274.05,274.23,273.74,273.95,38402,798,274.009708,61.9015115981468,60.28578049031285,63.26680432922245,272.326,275.49625252190793,269.1557474780921,NEUTRAL,,ABOVE_MID,
AAPL,1H,2025-12-26T18:00:00Z,273.98,274.47,273.92,274.22,52511,901,274.1769,64.45617068431116,61.10092326558494,63.86148750676681,272.48900000000003,275.69851808155397,269.2794819184461,BULLISH,,ABOVE_MID,
AAPL,1H,2025-12-26T19:00:00Z,274.2,274.32,273.97,273.99,167303,1585,274.123365,60.5642991361256,61.495583069928934,62.2128933214462,272.679,275.76292709314305,269.5950729068569,NEUTRAL,BEARISH_CROSS,ABOVE_MID,
AAPL,1H,2025-12-26T20:00:00Z,273.98,274.01,272.41,272.88,379581,3836,273.123483,45.61166807755802,60.45889078791394,53.91228069950211,272.802,275.69700913552435,269.9069908644757,BEARISH,,ABOVE_MID,
AAPL,1H,2025-12-29T14:00:00Z,272.45,273.83,271.86,273.41,88019,1405,273.193527,51.98003624710032,59.97260893171572,52.94615847330122,272.9565,275.61384552950693,270.2991544704931,NEUTRAL,,ABOVE_MID,
AAPL,1H,2025-12-29T15:00:00Z,273.38,273.5,272.43,272.74,98932,1824,273.056711,44.5598090887449,58.76520991909689,48.75298378102306,273.054,275.51228695169516,270.5957130483048,BEARISH,,BELOW_MID,
AAPL,1H,2025-12-29T16:00:00Z,272.74,272.94,272.34,272.64,76667,1438,272.6774,43.51673619921235,57.44545413212107,46.134859990117704,273.1385,275.4006301093464,270.8763698906536,BEARISH,,BELOW_MID,
AAPL,1H,2025-12-29T17:00:00Z,272.64,272.78,272.46,272.68,64752,1203,272.606282,44.105515864582635,56.18789011979148,45.12018792735017,273.19050000000004,275.353222212503,271.0277777874971,BEARISH,,BELOW_MID,
AAPL,1H,2025-12-29T18:00:00Z,272.64,273.49,272.58,273.36,67835,1354,273.146545,53.39634442560121,55.788431761228225,49.258266176475686,273.303,275.23143650879507,271.3745634912049,NEUTRAL,,ABOVE_MID,
AAPL,1H,2025-12-29T19:00:00Z,273.4,273.49,272.95,273.37,52564,1101,273.269999,53.52415195122392,55.40392669989956,51.3912090638498,273.41150000000005,275.06654364707316,271.75645635292693,NEUTRAL,,BELOW_MID,
AAPL,1H,2025-12-29T20:00:00Z,273.42,273.49,272.95,273.28,124775,2524,273.247191,52.07809121959214,54.86679878615971,51.73465014172097,273.49699999999996,274.9105450023671,272.0834549976328,NEUTRAL,,BELOW_MID,
AAPL,1H,2025-12-30T14:00:00Z,272.28,273.49,271.98,273.05,86217,1260,272.682738,48.32454024770937,53.97779075177037,50.02959519471517,273.563,274.7311221998221,272.3948778001779,BEARISH,,BELOW_MID,
AAPL,1H,2025-12-30T15:00:00Z,273.11,273.16,271.91,272.32,97825,1616,272.290299,38.43344976743586,52.21292531142501,44.231522481075515,273.4955,274.7870836872172,272.2039163127828,BEARISH,,BELOW_MID,
AAPL,1H,2025-12-30T16:00:00Z,272.33,272.81,271.82,271.88,108820,1377,272.326778,33.74936838471888,50.09600891210602,38.9904454328972,273.388,274.84017948725034,271.9358205127496,BEARISH,,BELOW_MID,
AAPL,1H,2025-12-30T17:00:00Z,271.86,272.46,271.78,272.41,37306,641,272.063798,43.14005253217183,48.99269767772255,41.06524898253451,273.2755,274.65979499443284,271.8912050055672,NEUTRAL,,BELOW_MID,
AAPL,1H,2025-12-30T18:00:00Z,272.29,272.86,272.26,272.77,42982,726,272.644838,48.696917275406086,48.522258489448895,44.8810831289703,273.2445,274.64566455325416,271.84333544674587,NEUTRAL,BULLISH_CROSS,BELOW_MID,
AAPL,1H,2025-12-30T19:00:00Z,272.72,273.0,272.58,272.75,50439,898,272.804295,48.40127929295103,48.142315923850205,46.64118121096067,273.207,274.6194722633629,271.79452773663706,NEUTRAL,,BELOW_MID,
AAPL,1H,2025-12-30T20:00:00Z,272.79,272.94,272.4,272.54,159988,2224,272.641868,45.162519465873864,47.51829332531198,45.90185033841726,273.12800000000004,274.50167122398767,271.7543287760124,BEARISH,BEARISH_CROSS,BELOW_MID,BEARISH_CONFIRMED
AAPL,1H,2025-12-31T14:00:00Z,272.39,273.14,271.73,272.58,58998,918,272.230172,45.937711934095674,47.03255496047183,45.91978113625647,273.046,274.33860894889733,271.75339105110265,NEUTRAL,,BELOW_MID,
AAPL,1H,2025-12-31T15:00:00Z,272.57,272.6,271.27,271.4,117742,1708,271.88881,31.26834240779634,45.29667419890434,38.59406177202641,272.911,274.30046259964854,271.52153740035146,BEARISH,,BELOW_MID,
AAPL,1H,2025-12-31T16:00:00Z,271.42,272.25,271.42,272.24,95676,1404,271.847173,45.26583860931572,44.983231157195895,41.929950190671065,272.82550000000003,274.1549157798906,271.4960842201095,NEUTRAL,BULLISH_CROSS,BELOW_MID,
AAPL,1H,2025-12-31T17:00:00Z,272.26,272.36,271.83,272.25,52969,911,272.172309,45.41472065039414,44.76519989853182,43.672335420532605,272.727,273.90463545428554,271.5493645457144,NEUTRAL,,BELOW_MID,
AAPL,1H,2025-12-31T18:00:00Z,272.3,272.81,272.06,272.79,92331,1265,272.378471,53.155561913529745,45.322252871355225,48.41394866703118,272.66700000000003,273.6851738038122,271.6488261961879,BULLISH,,ABOVE_MID,
AAPL,1H,2025-12-31T19:00:00Z,272.8,272.91,272.1,272.17,86361,1261,272.488569,44.92625444382494,45.18010736758545,46.67010155542806,272.6315,273.6677538807144,271.59524611928566,BEARISH,BEARISH_CROSS,BELOW_MID,BEARISH_CONFIRMED
AAPL,1H,2025-12-31T20:00:00Z,272.21,272.23,271.32,271.53,181416,2628,271.823988,38.08000953502649,44.483273126185956,42.375055545227276,272.5375,273.61660050262674,271.4583994973733,BEARISH,,BELOW_MID,
AAPL,1H,2026-01-02T13:00:00Z,272.72,272.72,272.72,272.72,100,1,272.72,53.047015485226716,45.17968037178533,47.711035515226996,272.53650000000005,273.6148471758258,271.4581528241743,BULLISH,BULLISH_CROSS,ABOVE_MID,BULLISH_CONFIRMED
AAPL,1H,2026-01-02T14:00:00Z,271.75,277.27,271.45,276.38,179484,2489,274.980377,74.43142389325367,47.81550578764634,61.07122970424033,272.7235,274.7541003779103,270.6928996220897,BULLISH,,ABOVE_MID,
AAPL,1H,2026-01-02T15:00:00Z,276.47,277.21,270.14,270.17,241050,3182,273.587559,39.81663751047554,47.175218091633546,50.443933607357934,272.598,274.9280923857968,270.26790761420324,BEARISH,BEARISH_CROSS,BELOW_MID,BEARISH_CONFIRMED
AAPL,1H,2026-01-02T16:00:00Z,270.1,270.43,269.14,269.17,151531,2130,269.834986,36.72277018660631,46.26968747305574,43.58335189698212,272.3885,275.14462447202504,269.632375527975,BEARISH,,BELOW_MID,
AAPL,1H,2026-01-02T17:00:00Z,269.14,269.79,268.63,269.57,110813,1467,269.436964,38.86058887614571,45.59046394607232,41.22197038656392,272.1985,275.18410246940135,269.2128975305987,BEARISH,,BELOW_MID,
AAPL,1H,2026-01-02T18:00:00Z,269.62,269.96,268.6,268.89,74129,1202,269.331107,36.50205473545312,44.759753573179424,38.86201256100852,271.979,275.2606420793368,268.6973579206632,BEARISH,,BELOW_MID,
AAPL,1H,2026-01-02T19:00:00Z,268.83,270.18,268.83,269.9,111211,1611,269.6399,42.34870163263934,44.534245287111986,40.60535709682393,271.8215,275.18798043605597,268.45501956394406,NEUTRAL,,BELOW_MID,
AAPL,1H,2026-01-02T20:00:00Z,269.85,270.53,269.72,270.51,188922,2611,270.130555,45.74310252990096,44.6594374704361,43.174229813362444,271.73100000000005,275.1381250421233,268.3238749578768,NEUTRAL,BULLISH_CROSS,BELOW_MID,
AAPL,1H,2026-01-05T13:00:00Z,269.79,269.79,269.79,269.79,240,8,269.79,42.42612455648895,44.4942612566873,42.8001771849257,271.6265,275.14089910264374,268.1121008973563,BEARISH,BEARISH_CROSS,BELOW_MID,BEARISH_CONFIRMED
AAPL,1H,2026-01-05T14:00:00Z,270.39,270.99,267.39,268.92,203606,2230,268.818996,38.61931767836648,43.965727383935786,40.70974743164609,271.452,275.14465330366716,267.75934669633284,BEARISH,,BELOW_MID,
AAPL,1H,2026-01-05T15:00:00Z,269.0,270.65,268.38,268.52,254815,2890,269.211787,36.90645300674046,43.260396509462225,38.80810021919328,271.2395,275.09821249321516,267.3807875067849,BEARISH,,BELOW_MID,
AAPL,1H,2026-01-05T16:00:00Z,268.52,268.85,267.48,267.55,215634,2432,268.218037,32.92281651086361,42.2199021419671,35.865458365028445,270.97950000000003,275.1014488237112,266.85755117628884,BEARISH,,BELOW_MID,
AAPL,1H,2026-01-05T17:00:00Z,267.56,267.74,266.3,267.11,136611,1795,266.935748,31.204031466316266,41.091440739099866,33.534744915672356,270.70799999999997,275.1034119620145,266.31258803798545,BEARISH,,BELOW_MID,
AAPL,1H,2026-01-05T18:00:00Z,267.04,267.39,266.5,266.52,132697,1647,266.911182,28.92597517519333,39.8303302700554,31.230360045432842,270.40500000000003,275.0834410358951,265.726558964105,BEARISH,,BELOW_MID,
AAPL,1H,2026-01-05T19:00:00Z,266.52,266.84,265.68,265.77,174335,2178,266.160839,26.191489140610116,38.39091823202578,28.71092459302148,270.1235,275.2096101877698,265.0373898122302,BEARISH,,BELOW_MID,
AAPL,1H,2026-01-05T20:00:00Z,265.75,267.21,265.75,266.68,329098,4013,266.63027,34.62712693771988,37.80386384132427,31.66902576537068,269.8455,275.0509201509003,264.6400798490997,NEUTRAL,,BELOW_MID,
AAPL,1H,2026-01-06T13:00:00Z,266.52,266.91,266.52,266.91,400,7,266.67,36.684717668486705,37.38932296064951,34.176871716928694,269.57849999999996,274.8123504493676,264.3446495506323,NEUTRAL,,BELOW_MID,
AAPL,1H,2026-01-06T14:00:00Z,266.47,267.02,262.57,263.85,278611,3430,263.972505,24.937032358002625,35.94395839781311,29.55695203746566,269.1315,274.7251703890274,263.5378296109726,BEARISH,,BELOW_MID,
AAPL,1H,2026-01-06T15:00:00Z,263.99,265.18,263.32,263.38,280616,3330,264.150601,23.629505237754458,34.46837573440173,26.59322863761006,268.692,274.6498788171655,262.73412118283454,BEARISH,,BELOW_MID,
AAPL,1H,2026-01-06T16:00:00Z,263.34,263.34,261.72,262.23,474738,4689,262.226055,20.649194445075665,32.849674153369236,23.621211541342863,268.227,274.68310637100353,261.7708936289964,BEARISH,,BELOW_MID,
AAPL,1H,2026-01-06T17:00:00Z,262.27,263.31,261.82,262.4,158261,1989,262.350745,22.27941583388568,31.484270014604103,22.95031368761427,267.711,274.30330779813045,261.1186922018696,BEARISH,,BELOW_MID,
AAPL,1H,2026-01-06T18:00:00Z,262.38,262.86,262.01,262.41,145627,1935,262.407594,22.38493828123491,30.196859664131058,22.66762598442459,267.0125,272.6248730790972,261.4001269209028,BEARISH,,BELOW_MID,
AAPL,1H,2026-01-06T19:00:00Z,262.45,262.55,261.98,262.17,132189,1836,262.329096,21.593361901476342,28.970224089541404,22.130493942950466,266.6125,272.41447743060854,260.8105225693915,BEARISH,,BELOW_MID,
AAPL,1H,2026-01-06T20:00:00Z,262.17,262.51,261.65,261.73,329790,4345,262.080495,20.12552405765726,27.838884910066795,21.128009000303862,266.2405,272.30036442440195,260.18063557559805,BEARISH,,BELOW_MID,
AAPL,1H,2026-01-06T21:00:00Z,262.0,262.0,262.0,262.0,100,1,262.0,23.705772048423853,27.118265736042044,22.416890524363858,265.86199999999997,271.9914855970332,259.73251440296673,NEUTRAL,,BELOW_MID,
AAPL,1H,2026-01-07T14:00:00Z,261.34,263.13,260.79,261.01,249993,3057,261.64476,20.006615820489827,26.11771027349594,21.211753172426842,265.468,271.7880386407901,259.14796135920994,BEARISH,,BELOW_MID,
AAPL,1H,2026-01-07T15:00:00Z,260.99,261.91,260.74,261.48,286025,3573,261.337258,26.160541649002724,25.758221544518786,23.68614741071478,265.04699999999997,271.24454484496,258.84945515503995,NEUTRAL,BULLISH_CROSS,BELOW_MID,
AAPL,1H,2026-01-07T16:00:00Z,261.51,261.84,260.42,261.69,218703,2768,261.182843,28.909594796065107,25.693415192921556,26.297871103389944,264.606,270.40946321287424,258.80253678712575,NEUTRAL,,BELOW_MID,
AAPL,1H,2026-01-07T17:00:00Z,261.7,262.21,261.54,261.83,135855,1856,261.886708,30.840702387416314,25.862342028575178,28.56928674540313,264.20799999999997,269.5911143402334,258.82488565976655,NEUTRAL,,BELOW_MID,
AAPL,1H,2026-01-07T18:00:00Z,261.81,261.83,260.6,261.57,186836,2419,261.140261,29.18438391318594,25.945207012209952,28.876835329294536,263.84049999999996,268.86046215125435,258.8205378487456,NEUTRAL,,BELOW_MID,
AAPL,1H,2026-01-07T19:00:00Z,261.53,261.99,260.84,261.32,142658,2026,261.429223,27.582007160660794,25.939724934547222,28.229421244977665,263.4805,268.1045400426268,258.8564599573732,NEUTRAL,,BELOW_MID,
AAPL,1H,2026-01-07T20:00:00Z,261.31,261.47,259.33,259.87,442472,4924,260.163965,20.306914093917115,25.320651324919506,24.26816766944739,263.0965,267.5707316011891,258.6222683988109,BEARISH,BEARISH_CROSS,BELOW_MID,BEARISH_CONFIRMED
AAPL,1H,2026-01-08T13:00:00Z,257.12,257.12,257.12,257.12,245,3,257.12,12.99419080500381,24.108644164840033,18.631179237225602,262.59700000000004,267.4029047015132,257.7910952984869,BEARISH,,BELOW_MID,
AAPL,1H,2026-01-08T14:00:00Z,256.54,257.27,255.4,255.73,363532,4055,256.316459,10.785604695936243,22.782127556342555,14.708391966580923,262.0575,267.4015370113776,256.7134629886224,BEARISH,,BELOW_MID,
AAPL,1H,2026-01-08T15:00:00Z,255.75,256.71,255.23,256.23,395528,4773,256.006589,16.527017264291302,22.065949002848697,15.617704615436113,261.58050000000003,267.2239497661611,255.9370502338389,NEUTRAL,,BELOW_MID,
AAPL,1H,2026-01-08T16:00:00Z,256.21,258.12,255.52,257.23,260324,3676,256.394348,27.085048209904002,22.363266586881977,21.351376412670056,261.108,266.53187160227094,255.6841283977291,NEUTRAL,BULLISH_CROSS,BELOW_MID,
AAPL,1H,2026-01-08T17:00:00Z,257.19,257.38,256.13,256.92,210826,2846,256.66918,25.940763818274533,22.552690096051563,23.646070115472295,260.6085,265.60583518461533,255.61116481538465,NEUTRAL,,BELOW_MID,
AAPL,1H,2026-01-08T18:00:00Z,256.89,257.12,256.21,256.46,124117,1886,256.743117,24.231778572862893,22.62435461373111,23.938924344167596,260.239,265.3193145364731,255.15868546352687,NEUTRAL,,BELOW_MID,
AAPL,1H,2026-01-08T19:00:00Z,256.44,256.84,255.85,256.74,132570,2025,256.311876,27.502411729398077,23.047258245622185,25.720668036782836,259.907,264.99089034624643,254.82310965375353,NEUTRAL,,BELOW_MID,
AAPL,1H,2026-01-08T20:00:00Z,256.79,258.8,256.73,258.6,260226,3980,257.863929,45.18517736428876,25.066580487735376,35.4529227005358,259.7255,264.71857509931453,254.73242490068552,NEUTRAL,,BELOW_MID,
AAPL,1H,2026-01-08T21:00:00Z,259.28,259.28,259.25,259.25,270,8,259.265,49.98151854961065,27.428619148745646,42.717220625073224,259.568,264.4020528925992,254.73394710740072,NEUTRAL,,BELOW_MID,
AAPL,1H,2026-01-09T13:00:00Z,258.23,258.23,258.23,258.23,190,6,258.23,43.29381184357576,29.055704714815366,43.00551623432449,259.35900000000004,264.03453498205795,254.68346501794213,NEUTRAL,,BELOW_MID,
AAPL,1H,2026-01-09T14:00:00Z,258.5,259.47,255.92,256.44,171867,2351,257.435903,34.24699786995677,29.769381235622358,38.62625705214063,259.0725,263.72495096696633,254.42004903303365,NEUTRAL,,BELOW_MID,
AAPL,1H,2026-01-09T15:00:00Z,256.46,258.26,255.76,257.36,224984,3149,257.492446,41.33518040669362,31.076087079731312,39.98071872941712,258.854,263.3899541443919,254.3180458556081,NEUTRAL,,BELOW_MID,
AAPL,1H,2026-01-09T16:00:00Z,257.35,258.12,256.3,257.15,208338,2520,256.963831,40.22174705264483,32.19610929206432,40.101232891030975,258.61150000000004,262.9537248723588,254.26927512764127,NEUTRAL,,BELOW_MID,
AAPL,1H,2026-01-09T17:00:00Z,257.2,258.65,257.12,258.3,111284,1729,258.168042,48.729972815649695,34.00260993741948,44.41560285334033,258.476,262.6696764426085,254.28232355739155,NEUTRAL,,BELOW_MID,
AAPL,1H,2026-01-09T18:00:00Z,258.28,259.04,257.77,259.02,95483,1540,258.349525,53.401461109173695,36.12546146328017,48.90853198125701,258.353,262.31352149676553,254.39247850323449,BULLISH,,ABOVE_MID,
AAPL,1H,2026-01-09T19:00:00Z,258.99,259.72,258.9,259.49,119431,2048,259.352063,56.32395054645152,38.36942741725405,52.61624126385426,258.243,261.92574554332333,254.56025445667663,BULLISH,,ABOVE_MID,
AAPL,1H,2026-01-09T20:00:00Z,259.48,259.71,258.48,258.86,168739,3008,259.18074,51.45737476625525,40.04039986351553,52.03680801505476,258.09450000000004,261.38709120483117,254.8019087951689,NEUTRAL,,ABOVE_MID,
AAPL,1H,2026-01-12T14:00:00Z,258.26,259.65,256.37,257.9,289942,3592,257.708637,44.8188138267441,41.01025733272104,48.42781092089943,257.911,260.76833700092726,255.0536629990727,NEUTRAL,,BELOW_MID,
AAPL,1H,2026-01-12T15:00:00Z,257.82,260.79,257.67,258.91,346624,4331,259.071743,52.12860641324098,42.584130095766845,50.2782086670702,257.79049999999995,260.21263889819124,255.3683611018087,BULLISH,,ABOVE_MID,
AAPL,1H,2026-01-12T16:00:00Z,258.89,260.62,258.68,260.49,206770,2699,259.692631,61.17902551588952,44.88144259325233,55.72861709147986,257.82149999999996,260.36835998623786,255.27464001376205,BULLISH,,ABOVE_MID,
AAPL,1H,2026-01-12T17:00:00Z,260.46,260.63,259.77,260.16,126870,1678,260.153248,58.57689920450725,46.796756515438,57.15275814799355,257.9735,260.7005672506375,255.24643274936247,BULLISH,,ABOVE_MID,
AAPL,1H,2026-01-12T18:00:00Z,260.18,260.76,259.83,259.93,98637,1429,260.285519,56.68642268176705,48.37453800434169,56.919590414880304,258.1835,260.8287680691984,255.53823193080154,NEUTRAL,,ABOVE_MID,
AAPL,1H,2026-01-12T19:00:00Z,259.92,260.68,259.76,260.66,129452,1729,260.140013,61.16200230751378,50.170046507374906,59.04079636119704,258.40500000000003,261.10289391544103,255.70710608455906,BULLISH,,ABOVE_MID,
AAPL,1H,2026-01-12T20:00:00Z,260.62,260.7,259.53,259.79,221334,3274,260.247356,53.71969367091706,51.07090185465008,56.380245016057046,258.533,261.23907192498353,255.8269280750165,NEUTRAL,,ABOVE_MID,
AAPL,1H,2026-01-12T21:00:00Z,259.64,259.64,259.64,259.64,163,2,259.64,52.48103150381476,51.69814429319896,54.430638259935904,258.669,261.30627051883187,256.0317294811681,NEUTRAL,,ABOVE_MID,
AAPL,1H,2026-01-13T14:00:00Z,258.19,261.28,258.1,259.44,217064,2777,259.714893,50.72656118087753,52.05595010804397,52.578599720406714,258.81800000000004,261.25922143716815,256.37677856283193,NEUTRAL,BEARISH_CROSS,ABOVE_MID,
AAPL,1H,2026-01-13T15:00:00Z,259.42,260.0,258.83,259.48,212160,3062,259.45459,51.094422878260616,52.33990007129782,51.836511299333665,258.95500000000004,261.20527249812454,256.70472750187554,NEUTRAL,,ABOVE_MID,
AAPL,1H,2026-01-13T16:00:00Z,259.47,260.53,259.16,260.4,167378,2303,259.910311,59.012251824831694,53.227364162571554,55.42438156208268,259.04499999999996,261.3779538538592,256.7120461461407,BULLISH,BULLISH_CROSS,ABOVE_MID,BULLISH_CONFIRMED
AAPL,1H,2026-01-13T17:00:00Z,260.4,260.95,259.73,260.04,148586,2078,260.386527,55.08618557605065,53.621506906140375,55.25528356906666,259.08450000000005,261.45845938421894,256.71054061578116,NEUTRAL,,ABOVE_MID,
AAPL,1H,2026-01-13T18:00:00Z,259.99,260.45,259.3,259.49,107206,1665,259.865059,49.43356214599419,53.458913285021126,52.344422857530425,259.14750000000004,261.4926798270237,256.80232017297635,BEARISH,BEARISH_CROSS,ABOVE_MID,
AAPL,1H,2026-01-13T19:00:00Z,259.46,259.59,258.67,258.98,195009,2261,259.091134,44.65360613481942,52.86415031398389,48.49901449617492,259.2745,261.24797116043754,257.30102883956243,BEARISH,,BELOW_MID,
AAPL,1H,2026-01-13T20:00:00Z,258.98,260.67,258.32,260.57,229972,3392,259.55766,58.67025490242913,53.537741584628726,53.58463469930203,259.43500000000006,261.2701595370273,257.5998404629728,BULLISH,BULLISH_CROSS,ABOVE_MID,BULLISH_CONFIRMED
AAPL,1H,2026-01-14T14:00:00Z,259.61,261.32,258.63,258.63,197738,2384,259.575767,43.53601371668877,52.729764362057026,48.5603242079954,259.509,261.05236474524605,257.965635254754,BEARISH,BEARISH_CROSS,BELOW_MID,BEARISH_CONFIRMED
AAPL,1H,2026-01-14T15:00:00Z,258.51,260.46,257.4,257.61,296862,3368,258.978677,37.77270680425846,51.388322730519825,43.16651550612693,259.47450000000003,261.1562969712953,257.79270302870475,BEARISH,,BELOW_MID,
AAPL,1H,2026-01-14T16:00:00Z,257.6,258.48,256.82,257.24,217692,2735,257.65324,35.83670722009272,49.881483042622904,39.501611363109824,259.3855,261.3355658558447,257.43543414415524,BEARISH,,BELOW_MID,
AAPL,1H,2026-01-14T17:00:00Z,257.24,257.57,256.26,256.79,163587,2097,256.894342,33.48824866615901,48.21696212512836,36.49493001463442,259.2505,261.5180883317153,256.98291166828466,BEARISH,,BELOW_MID,
AAPL,1H,2026-01-14T18:00:00Z,256.74,257.63,256.45,257.56,121675,1621,257.006027,40.938790717612285,47.31596759518159,38.716860366123356,259.1855,261.57164840497245,256.79935159502753,NEUTRAL,,BELOW_MID,
AAPL,1H,2026-01-14T19:00:00Z,257.43,257.99,257.05,257.76,160201,1978,257.488452,42.810747006541725,46.651753333184416,40.76380368633254,259.1785,261.581290263976,256.775709736024,NEUTRAL,,BELOW_MID,
AAPL,1H,2026-01-14T20:00:00Z,257.8,260.09,257.65,259.62,441077,5471,259.194417,57.05258074544404,47.31968251827235,48.90819221588829,259.21400000000006,261.62106329045105,256.80693670954906,BULLISH,BULLISH_CROSS,ABOVE_MID,BULLISH_CONFIRMED
AAPL,1H,2026-01-15T14:00:00Z,259.87,260.53,259.22,259.63,137720,1798,259.84946,57.11717211346204,47.940523615956295,53.01268216467517,259.171,261.5119031095813,256.8300968904187,BULLISH,,ABOVE_MID,
AAPL,1H,2026-01-15T15:00:00Z,259.58,260.28,258.72,259.47,197824,2681,259.625927,55.61168861888591,48.40290705525791,54.31218539178054,259.13649999999996,261.4360036077665,256.8369963922334,BULLISH,,ABOVE_MID,
AAPL,1H,2026-01-15T16:00:00Z,259.46,260.13,259.27,259.49,152585,2116,259.762986,55.775609279262966,48.90429339830378,55.04389733552175,259.1145,261.39033622572936,256.8386637742707,BULLISH,,ABOVE_MID,
AAPL,1H,2026-01-15T17:00:00Z,259.49,259.8,257.55,258.44,208679,2286,258.788264,45.78862249167393,48.50989864778199,50.41625991359784,259.00350000000003,261.1761653531707,256.8308346468294,BEARISH,BEARISH_CROSS,BELOW_MID,BEARISH_CONFIRMED
AAPL,1H,2026-01-15T18:00:00Z,258.43,259.26,258.43,258.75,85568,1409,258.879148,48.8317201294439,48.43932576125702,49.62399002152087,258.9515,261.09448635701256,256.80851364298746,NEUTRAL,BULLISH_CROSS,BELOW_MID,
AAPL,1H,2026-01-15T19:00:00Z,258.74,258.74,257.02,257.17,188784,2648,257.728898,36.94154161946826,47.341205400570054,43.28276582049456,258.82800000000003,261.0855496730619,256.57045032693816,BEARISH,BEARISH_CROSS,BELOW_MID,BEARISH_CONFIRMED
AAPL,1H,2026-01-15T20:00:00Z,257.1,257.68,256.58,257.61,288463,4098,257.1785,41.410958424768666,46.72202835141019,42.34686212263161,258.7365,261.03753203390966,256.4354679660903,BEARISH,,BELOW_MID,
AAPL,1H,2026-01-16T14:00:00Z,257.6,258.41,256.32,256.32,158678,1999,257.273091,33.564447738492376,45.43745454323406,37.95565493056199,258.5785,261.0890023611399,256.06799763886016,BEARISH,,BELOW_MID,
AAPL,1H,2026-01-16T15:00:00Z,256.4,256.75,255.6,256.08,149449,2105,256.149576,32.28411109431953,44.11078135806552,35.11988301244076,258.3625,260.95516069390305,255.76983930609694,BEARISH,,BELOW_MID,
AAPL,1H,2026-01-16T16:00:00Z,256.06,256.38,255.5,255.69,138914,1975,256.010132,30.179541938013685,42.67421362528454,32.64971247522722,258.145,260.87152082139477,255.4184791786052,BEARISH,,BELOW_MID,
AAPL,1H,2026-01-16T17:00:00Z,255.68,256.04,254.46,254.73,191613,2238,255.329069,25.564543497422974,40.94291750563951,29.107127986325096,257.90700000000004,260.9516301305093,254.86236986949083,BEARISH,,BELOW_MID,
AAPL,1H,2026-01-16T18:00:00Z,254.69,256.34,254.62,256.07,137810,1738,255.625794,39.977660751556854,40.64970408909162,34.542394368940975,257.7615,260.86773329181557,254.65526670818443,NEUTRAL,,BELOW_MID,
AAPL,1H,2026-01-16T19:00:00Z,256.07,256.66,255.44,256.11,137147,1716,256.056585,40.36543932012817,40.43267790775775,37.453916844534575,257.5385,260.4286449608562,254.6483550391438,NEUTRAL,,BELOW_MID,
AAPL,1H,2026-01-16T20:00:00Z,256.08,256.36,254.69,255.0,312726,3775,255.322629,33.59053304387335,39.61831464855955,35.52222494420396,257.35699999999997,260.4098750901101,254.30412490988982,BEARISH,,BELOW_MID,
AAPL,1H,2026-01-20T13:00:00Z,252.02,252.18,251.88,251.88,2195,57,252.018333,21.94405470996574,37.8537508562293,28.73313982708485,257.0705,260.9789818697726,253.16201813022732,BEARISH,,BELOW_MID,
AAPL,1H,2026-01-20T14:00:00Z,251.51,254.29,251.22,252.12,231824,3034,252.654323,24.217862491366986,36.389368546220034,26.47550115922592,256.8145,261.3037877175062,252.3252122824938,BEARISH,,BELOW_MID,
AAPL,1H,2026-01-20T15:00:00Z,251.97,252.24,250.4,251.05,241682,3434,250.901973,21.1305312034621,34.70299873520163,23.80301618134401,256.52750000000003,261.7046069954301,251.35039300456995,BEARISH,,BELOW_MID,
AAPL,1H,2026-01-20T16:00:00Z,251.07,251.65,249.89,250.72,168556,2484,250.720973,20.235488408269973,32.99892449698667,22.01925229480699,256.1855,261.94622537464954,250.42477462535047,BEARISH,,BELOW_MID,
AAPL,1H,2026-01-20T17:00:00Z,250.68,250.8,249.63,249.8,129574,1859,250.051935,17.862469029908127,31.136492480902838,19.940860662357558,255.78750000000005,262.1578387499803,249.41716125001983,BEARISH,,BELOW_MID,
AAPL,1H,2026-01-20T18:00:00Z,249.8,250.03,247.78,248.08,179586,2519,248.94216,14.328377777127358,29.052676938322506,17.134619219742458,255.2105,262.18141242234657,248.23958757765342,BEARISH,,BELOW_MID,
AAPL,1H,2026-01-20T19:00:00Z,248.11,248.19,246.35,246.5,217230,3158,247.163201,11.896058768712763,26.87104178558074,14.51533899422761,254.554,262.2116852349728,246.8963147650272,BEARISH,,BELOW_MID,
AAPL,1H,2026-01-20T20:00:00Z,246.48,246.75,243.0,246.27,1032496,11159,244.959543,11.574291980287796,24.85563788573857,13.044815487257704,253.894,262.0282198539015,245.75978014609856,BEARISH,,BELOW_MID,
AAPL,1H,2026-01-21T14:00:00Z,247.3,248.22,245.57,246.47,223853,2463,246.642432,13.853737603607655,23.244611640540942,13.44927654543268,253.243,261.5731711614452,244.91282883855482,NEUTRAL,,BELOW_MID,
AAPL,1H,2026-01-21T15:00:00Z,246.47,248.23,245.85,247.69,252347,2726,247.132405,26.802526209409876,22.991518346586286,20.12590137742128,252.70549999999997,261.0109794215071,244.40002057849284,NEUTRAL,BULLISH_CROSS,BELOW_MID,
AAPL,1H,2026-01-21T16:00:00Z,247.72,247.8,245.26,245.33,265076,2830,246.250264,20.196119256976814,22.26326720444444,20.161010317199047,252.03449999999998,260.45148652162925,243.6175134783707,NEUTRAL,BEARISH_CROSS,BELOW_MID,BEARISH_CONFIRMED
AAPL,1H,2026-01-21T17:00:00Z,245.33,246.01,244.74,245.78,147815,2004,245.31344,24.203773195662407,22.010138295839795,22.182391756430725,251.465,259.95989877886626,242.97010122113375,NEUTRAL,BULLISH_CROSS,BELOW_MID,
AAPL,1H,2026-01-21T18:00:00Z,245.77,245.96,245.05,245.72,129867,1921,245.602324,24.022813717656746,21.8471730144891,23.102602737043735,250.8705,259.2175901958028,242.52340980419717,NEUTRAL,,BELOW_MID,
AAPL,1H,2026-01-21T19:00:00Z,245.66,250.53,245.07,250.29,381407,4797,247.978571,53.690589366684,24.437203475698517,38.39659605186387,250.56899999999996,258.513186619954,242.6248133800459,BULLISH,,BELOW_MID,
AAPL,1H,2026-01-21T20:00:00Z,250.34,251.07,246.41,247.13,456545,6457,248.461946,41.18146351719876,25.83688210235769,39.78902978453131,250.12149999999997,257.76105709656025,242.4819429034397,NEUTRAL,,BELOW_MID,
AAPL,1H,2026-01-21T21:00:00Z,247.51,247.51,247.51,247.51,100,1,247.51,42.97873897706312,27.366975312906227,41.38388438079721,249.7125,256.9627569827431,242.4622430172569,NEUTRAL,,BELOW_MID,
AAPL,1H,2026-01-22T13:00:00Z,248.83,248.83,248.83,248.83,150,1,248.83,49.06135842699208,29.403736837592284,45.22262140389465,249.41749999999996,256.2777988273125,242.55720117268743,NEUTRAL,,BELOW_MID,
AAPL,1H,2026-01-22T14:00:00Z,249.07,250.28,247.93,249.47,343825,3137,249.028148,51.862261483982735,31.613386447593598,48.54244144393869,249.0875,255.19395172187618,242.98104827812384,BULLISH,,ABOVE_MID,
AAPL,1H,2026-01-22T15:00:00Z,249.48,249.84,248.54,248.61,217780,2336,249.298365,47.88214894999963,33.34736471040788,48.212295196969166,248.7125,253.84693637044327,243.57806362955674,NEUTRAL,,BELOW_MID,
AAPL,1H,2026-01-22T16:00:00Z,248.62,249.54,248.62,249.14,162063,2013,249.142545,50.515121607615875,35.28648556028493,49.36370840229252,248.41950000000003,252.6286303014711,244.21036969852895,BULLISH,,ABOVE_MID,
AAPL,1H,2026-01-22T17:00:00Z,249.12,250.05,248.98,249.71,97453,1283,249.477852,53.36559998484824,37.44080278953163,51.364654193570374,248.311,252.2475916329022,244.3744083670978,BULLISH,,ABOVE_MID,
AAPL,1H,2026-01-22T18:00:00Z,249.65,250.32,249.28,249.76,97685,1243,249.789214,53.62919521545848,39.53347687116725,52.49692470451443,248.19300000000004,251.77430290904599,244.6116970909541,BULLISH,,ABOVE_MID,
AAPL,1H,2026-01-22T19:00:00Z,249.76,250.52,248.32,248.41,125453,1625,249.553812,45.7707679142708,40.774583360463346,49.13384630939261,248.061,251.3842317815207,244.73776821847932,NEUTRAL,,ABOVE_MID,
AAPL,1H,2026-01-22T20:00:00Z,248.39,248.75,247.72,247.89,281375,3217,248.064653,43.03796574830578,41.67395066833878,46.085906028849195,247.91949999999997,250.99801279884562,244.84098720115432,NEUTRAL,,BELOW_MID,
AAPL,1H,2026-01-23T13:00:00Z,247.76,247.76,247.76,247.76,305,5,247.76,42.327191027001895,42.41386471347731,44.20654852792555,247.81749999999997,250.76611162690858,244.86888837309135,BEARISH,BEARISH_CROSS,BELOW_MID,BEARISH_CONFIRMED
AAPL,1H,2026-01-23T14:00:00Z,247.37,247.77,244.24,245.45,250543,2703,245.362021,31.82154707145071,42.10308514093053,38.01404779968813,247.68599999999998,250.81441914004728,244.55758085995268,BEARISH,,BELOW_MID,
AAPL,1H,2026-01-23T15:00:00Z,245.51,248.82,245.29,248.53,202663,2577,247.012443,50.31815852572512,43.41338679131977,44.16610316270662,247.7875,250.88547811823736,244.68952188176263,BULLISH,BULLISH_CROSS,ABOVE_MID,BULLISH_CONFIRMED
AAPL,1H,2026-01-23T16:00:00Z,248.66,248.92,247.42,247.78,135432,1836,248.079174,46.83719868412586,44.251437630357565,45.501650923416236,247.863,250.8777434210496,244.8482565789504,NEUTRAL,,BELOW_MID,
AAPL,1H,2026-01-23T17:00:00Z,247.77,248.33,247.15,247.34,115839,1566,247.730695,44.79207584208128,44.75230786507351,45.14686338274876,247.9065,250.86112011094912,244.95187988905087,NEUTRAL,,BELOW_MID,
AAPL,1H,2026-01-23T18:00:00Z,247.33,247.69,246.52,247.06,99069,1536,247.218004,43.43432693911143,44.98594645120001,44.290595160930096,247.875,250.85268189599043,244.89731810400957,BEARISH,BEARISH_CROSS,BELOW_MID,BEARISH_CONFIRMED
AAPL,1H,2026-01-23T19:00:00Z,247.07,247.78,246.78,247.71,160323,2057,247.19274,47.583788507193,45.46875431695512,45.93719183406155,247.994,250.72330606179892,245.26469393820108,NEUTRAL,BULLISH_CROSS,BELOW_MID,
AAPL,1H,2026-01-23T20:00:00Z,247.73,248.36,247.34,247.53,207758,3143,247.763439,46.52063472152783,45.764949664109594,46.22891327779469,248.0815,250.61729241222932,245.5457075877707,NEUTRAL,,BELOW_MID,
AAPL,1H,2026-01-26T13:00:00Z,251.37,251.37,250.8,250.8,355,4,251.166429,63.285563435868944,47.47127049843552,54.75723835683182,248.3355,250.8929203697072,245.77807963029278,BULLISH,,ABOVE_MID,
AAPL,1H,2026-01-26T14:00:00Z,250.98,253.3,249.42,252.29,279695,4129,251.597681,68.36861699630491,49.47050187184782,61.562927676568364,248.4355,251.4332147436398,245.43778525636017,BULLISH,,ABOVE_MID,
AAPL,1H,2026-01-26T15:00:00Z,252.29,255.01,252.17,254.31,363569,4753,253.807048,73.88333343200121,51.77909792868425,67.72313055428478,248.79450000000003,252.7124128439332,244.87658715606685,BULLISH,,ABOVE_MID,
AAPL,1H,2026-01-26T16:00:00Z,254.34,254.82,253.77,254.31,252799,3402,254.431704,73.88333343200121,54.00027950904744,70.80323199314299,249.13450000000003,253.70837305648806,244.560626943512,BULLISH,,ABOVE_MID,
AAPL,1H,2026-01-26T17:00:00Z,254.44,254.93,253.63,253.86,132574,1981,254.152913,70.42172565700957,55.76520293707459,70.61247882507628,249.38600000000002,254.4194477040592,244.35255229594085,NEUTRAL,,ABOVE_MID,
AAPL,1H,2026-01-26T18:00:00Z,253.82,254.85,253.64,254.63,144033,2152,254.224392,72.86871704399724,57.63377931941687,71.74059793453677,249.644,255.1976669725624,244.09033302743762,BULLISH,,ABOVE_MID,
AAPL,1H,2026-01-26T19:00:00Z,254.63,256.08,254.63,255.64,174269,2461,255.318625,75.82053437057527,59.66764057293287,73.78056615255602,249.9955,256.13282489299127,243.85817510700872,BULLISH,,ABOVE_MID,
AAPL,1H,2026-01-26T20:00:00Z,255.65,255.88,254.43,254.92,272068,4122,255.053877,69.73583923041204,61.044632255756156,71.75820269148403,250.28449999999998,256.7857629542286,243.7832370457714,NEUTRAL,,ABOVE_MID,
AAPL,1H,2026-01-26T21:00:00Z,254.91,254.94,254.91,254.94,358,8,254.925,69.81154741925893,62.333901781373264,70.78487505537149,250.546,257.3630294503061,243.72897054969388,NEUTRAL,,ABOVE_MID,
AAPL,1H,2026-01-27T13:00:00Z,258.98,259.09,258.83,258.83,750,12,258.961228,80.49056087291771,64.51045640099552,75.6377179641446,250.99949999999998,258.7405062585404,243.25849374145955,BULLISH,,ABOVE_MID,
AAPL,1H,2026-01-27T14:00:00Z,258.24,261.46,258.24,261.02,412646,4400,260.068388,84.06151556550059,66.89421919228953,79.8496167648226,251.62999999999997,260.4604425590963,242.79955744090367,BULLISH,,ABOVE_MID,
AAPL,1H,2026-01-27T15:00:00Z,260.97,261.07,259.05,259.86,266912,3124,259.93111,75.79458770957298,68.39470144105312,77.82210223719778,252.22850000000003,261.5977740268123,242.85922597318773,NEUTRAL,,ABOVE_MID,
AAPL,1H,2026-01-27T16:00:00Z,259.88,260.89,259.88,260.26,139070,2073,260.428091,76.68410332891703,69.84607550025362,77.25310278305741,252.8535,262.6266711709592,243.08032882904078,NEUTRAL,,ABOVE_MID,
AAPL,1H,2026-01-27T17:00:00Z,260.32,260.88,260.16,260.24,84298,1375,260.496486,76.52591583106638,71.13741460259058,76.8895093070619,253.59300000000002,263.24491030996484,243.9410896900352,NEUTRAL,,ABOVE_MID,
AAPL,1H,2026-01-27T18:00:00Z,260.23,260.62,259.04,259.34,127806,1492,259.780184,69.28986567423549,71.62288453567425,73.08968749064869,254.1335,263.80231318575755,244.46468681424244,NEUTRAL,BEARISH_CROSS,ABOVE_MID,
AAPL,1H,2026-01-27T19:00:00Z,259.43,259.54,258.72,259.26,125258,1733,259.189005,68.64081965054119,71.88714977135372,70.86525357059494,254.70749999999998,264.14853891473285,245.2664610852671,NEUTRAL,,ABOVE_MID,
AAPL,1H,2026-01-27T20:00:00Z,259.22,259.48,257.75,257.8,215082,3238,258.568717,57.56919568032343,71.06558485768521,64.21722462545918,255.23049999999998,264.0943318314863,246.3666681685137,NEUTRAL,,ABOVE_MID,
AAPL,1H,2026-01-27T21:00:00Z,256.97,257.12,256.97,257.12,385,11,257.05,53.08286005786202,69.78971238961024,58.6500423416606,255.7335,263.74597257980537,247.72102742019464,NEUTRAL,,ABOVE_MID,
AAPL,1H,2026-01-28T13:00:00Z,257.03,257.03,257.03,257.03,145,4,257.03,52.47398003798101,68.42259635169425,55.56201118982081,256.1995,263.2766670662941,249.12233293370588,NEUTRAL,,ABOVE_MID,
AAPL,1H,2026-01-28T14:00:00Z,257.02,258.35,255.27,255.67,292862,3508,256.503043,43.91141699575225,66.23793279435974,49.73671409278653,256.6065,262.4051759831812,250.80782401681876,BEARISH,,BELOW_MID,
AAPL,1H,2026-01-28T15:00:00Z,255.66,256.55,254.74,255.35,224646,3359,255.654504,42.09324174329131,63.903878289881334,45.914977918038915,256.834,261.9955028411283,251.67249715887172,BEARISH,,BELOW_MID,
AAPL,1H,2026-01-28T16:00:00Z,255.29,255.73,254.29,254.89,156713,2406,254.864414,39.451546589635775,61.34883588389416,42.68326225383734,256.96400000000006,261.7617731676737,252.1662268323264,BEARISH,,BELOW_MID,
AAPL,1H,2026-01-28T17:00:00Z,254.86,254.93,254.04,254.35,97407,1614,254.493774,36.43199964744179,58.6224667725397,39.55763095063956,256.966,261.75914598370224,252.17285401629778,BEARISH,,BELOW_MID,
AAPL,1H,2026-01-28T18:00:00Z,254.33,255.41,254.06,255.2,61113,1100,254.759163,44.01939983434386,56.72411506929696,41.78851539249171,257.0105,261.7155363833289,252.305463616671,NEUTRAL,,BELOW_MID,
AAPL,1H,2026-01-28T19:00:00Z,255.19,255.89,254.34,255.82,124610,2105,255.036349,49.01326622615907,55.40903231768095,45.40089080932539,257.1085,261.61468417172466,252.60231582827532,NEUTRAL,,BELOW_MID,
AAPL,1H,2026-01-28T20:00:00Z,255.75,256.41,255.52,255.97,224832,3598,255.971802,50.22188655238011,54.31148676977267,47.81138868085275,257.17549999999994,261.56485302750053,252.78614697249938,NEUTRAL,,BELOW_MID,
AAPL,1H,2026-01-28T21:00:00Z,256.12,256.12,255.97,255.97,862,10,255.98875,50.22188655238011,53.301386412793526,49.016637616616435,257.192,261.5594759662553,252.8245240337447,NEUTRAL,,BELOW_MID,
AAPL,1H,2026-01-29T13:00:00Z,257.41,257.41,257.41,257.41,140,2,257.41,61.35272456032541,53.401218647409486,55.184681088470924,257.3165,261.55122002430375,253.0817799756963,BULLISH,BULLISH_CROSS,ABOVE_MID,BULLISH_CONFIRMED
AAPL,1H,2026-01-29T14:00:00Z,257.03,259.11,255.66,256.34,208377,2345,256.854202,51.69055916507297,52.685303421029545,53.43762012677195,257.38649999999996,261.50037523798574,253.27262476201417,NEUTRAL,BEARISH_CROSS,BELOW_MID,BEARISH_CONFIRMED
AAPL,1H,2026-01-29T15:00:00Z,256.27,257.2,253.94,254.97,373141,4262,255.393524,42.13290468084668,51.178628609786344,47.78526240380931,257.1935,261.38370549678547,253.00329450321445,BEARISH,,BELOW_MID,
AAPL,1H,2026-01-29T16:00:00Z,254.95,255.92,254.46,254.92,312754,3951,255.249783,41.81545210701846,49.762915437885226,44.800357255413886,256.8885,260.78359421547117,252.99340578452887,BEARISH,,BELOW_MID,
AAPL,1H,2026-01-29T17:00:00Z,254.94,257.15,254.92,256.41,336153,4070,256.334871,53.54882649668473,49.58129737831695,49.174591876049305,256.716,260.3540989830617,253.0779010169383,BULLISH,BULLISH_CROSS,BELOW_MID,
AAPL,1H,2026-01-29T18:00:00Z,256.48,257.51,256.19,256.87,180896,2579,256.797008,56.58926673641682,49.80817253997463,52.88192930623306,256.5465,259.78310169411435,253.3098983058856,BULLISH,,ABOVE_MID,
AAPL,1H,2026-01-29T19:00:00Z,256.92,257.9,256.74,257.44,209129,2930,257.447414,60.21907898495689,50.44817055095046,56.55050414559497,256.4065,259.1794313769152,253.6335686230848,BULLISH,,ABOVE_MID,
AAPL,1H,2026-01-29T20:00:00Z,257.45,258.86,257.37,257.7,482908,6842,257.929742,61.85577075523042,51.308235884522425,59.2031374504127,256.3245,258.8147629326463,253.83423706735368,BULLISH,,ABOVE_MID,
AAPL,1H,2026-01-29T21:00:00Z,264.45,265.25,258.61,260.25,9846,153,263.264928,73.76516659717441,53.314480688902435,66.48415202379356,256.374,259.13462845629624,253.61337154370383,BULLISH,,ABOVE_MID,
AAPL,1H,2026-01-30T13:00:00Z,256.25,258.11,256.25,258.11,1452,49,257.147931,56.97152600604921,53.774657297020255,61.727839014921386,256.3895,259.18707394898297,253.59192605101703,NEUTRAL,,ABOVE_MID,
AAPL,1H,2026-01-30T14:00:00Z,255.32,256.44,251.78,255.82,506538,6319,253.694467,44.71602768930958,53.1712141172288,53.221933352115485,256.3245,259.1109973297043,253.53800267029573,BEARISH,BEARISH_CROSS,BELOW_MID,BEARISH_CONFIRMED
AAPL,1H,2026-01-30T15:00:00Z,255.83,258.21,253.28,254.41,564213,7538,255.942362,38.91707615282142,52.09623494490385,46.069504752468454,256.1935,259.0847228336315,253.30227716636847,BEARISH,,BELOW_MID,
AAPL,1H,2026-01-30T16:00:00Z,254.44,256.65,254.3,255.61,333152,4560,255.606027,45.663761959135854,51.69591458572887,45.86663335580215,256.19050000000004,259.08413348350655,253.29686651649354,BEARISH,,BELOW_MID,
AAPL,1H,2026-01-30T17:00:00Z,255.62,255.62,253.83,254.34,246158,3172,254.421204,40.356622737129776,50.842608488098136,43.11162804646597,256.14,259.12907484367327,253.15092515632668,BEARISH,,BELOW_MID,
AAPL,1H,2026-01-30T18:00:00Z,254.37,257.1,254.12,256.88,233955,3338,255.359523,52.72026306987734,51.128658413178734,47.91594555817166,256.2395,259.18555159493656,253.29344840506351,BULLISH,BULLISH_CROSS,ABOVE_MID,BULLISH_CONFIRMED
AAPL,1H,2026-01-30T19:00:00Z,256.97,258.46,256.87,257.76,219502,3286,257.500285,56.25467572648846,51.690014158442224,52.08531064233006,256.40999999999997,259.2895686811572,253.53043131884272,BULLISH,,ABOVE_MID,
AAPL,1H,2026-01-30T20:00:00Z,257.83,261.39,257.1,258.58,542019,8205,259.34753,59.43368275212855,52.46762972362602,55.7594966972293,256.579,259.5546973530368,253.60330264696321,BULLISH,,ABOVE_MID,
AAPL,1H,2026-01-30T21:00:00Z,259.43,259.43,259.43,259.43,200,2,259.43,62.60292259109807,53.43378361570882,59.18120964416369,256.7595,259.9700318464189,253.5489681535811,BULLISH,,ABOVE_MID,
AAPL,1H,2026-02-02T13:00:00Z,256.21,256.78,256.21,256.4,630,13,256.515,47.66826960290889,52.96179363113049,53.42473962353629,256.78100000000006,259.9749871139751,253.58701288602504,BEARISH,BEARISH_CROSS,BELOW_MID,BEARISH_CONFIRMED
AAPL,1H,2026-02-02T14:00:00Z,256.91,263.46,256.91,262.89,259690,4081,261.378076,66.77035605131834,54.232179456248446,60.097547837427314,257.127,261.3002284612158,252.9537715387842,BULLISH,BULLISH_CROSS,ABOVE_MID,BULLISH_CONFIRMED
AAPL,1H,2026-02-02T15:00:00Z,262.99,264.87,261.82,262.28,305624,5340,263.724422,64.28899474058117,55.205348584291016,62.193271289004244,257.3705,262.1390967261732,252.60190327382676,BULLISH,,ABOVE_MID,
AAPL,1H,2026-02-02T16:00:00Z,262.18,264.22,262.04,263.98,151493,2461,263.344097,68.01562104828241,56.45640534988131,65.10444616864334,257.7525,263.32910102099805,252.17589897900194,BULLISH,,ABOVE_MID,
AAPL,1H,2026-02-02T17:00:00Z,263.95,264.3,263.31,263.7,126418,1869,263.813265,66.72539281404896,57.56132493189213,65.91491949134615,258.18899999999996,264.1984238273623,252.17957617263764,BULLISH,,ABOVE_MID,
AAPL,1H,2026-02-02T18:00:00Z,263.82,266.24,263.82,266.2,159254,2313,265.078575,72.05089202529287,59.08529494588191,68.9829057583195,258.753,265.537896849856,251.96810315014397,BULLISH,,ABOVE_MID,
AAPL,1H,2026-02-02T19:00:00Z,266.21,267.76,266.09,267.5,282278,3266,266.65609,74.44366666760153,60.69727483062511,71.71328621296053,259.3075,267.03355128258164,251.58144871741837,BULLISH,,ABOVE_MID,
AAPL,1H,2026-02-02T20:00:00Z,267.53,269.95,267.36,269.45,530645,7330,268.997751,77.66972164571337,62.46128475857078,74.69150392933695,259.93649999999997,268.79268968798107,251.0803103120189,BULLISH,,ABOVE_MID,
AAPL,1H,2026-02-02T21:00:00Z,269.43,269.43,269.43,269.43,159,4,269.43,77.55675746143608,64.11060575569887,76.12413069538651,260.53599999999994,270.261262599622,250.81073740037786,BULLISH,,ABOVE_MID,
AAPL,1H,2026-02-03T13:00:00Z,268.29,268.29,268.29,268.29,290,3,268.29,70.9405244090494,65.06768266267488,73.53232755221796,261.0655,271.2814080797923,250.84959192020767,NEUTRAL,,ABOVE_MID,
AAPL,1H,2026-02-03T14:00:00Z,267.99,271.08,267.22,269.99,337390,3355,269.222917,74.57871351016969,66.30909084973499,74.05552053119382,261.55249999999995,272.5066722404622,250.5983277595377,BULLISH,,ABOVE_MID,
AAPL,1H,2026-02-03T15:00:00Z,269.84,270.59,267.24,270.57,342713,3913,268.796292,75.74429589763334,67.60138339775527,74.89990821441359,262.1755,273.7073587993632,250.64364120063678,BULLISH,,ABOVE_MID,
AAPL,1H,2026-02-03T16:00:00Z,270.56,270.76,268.07,268.43,264997,2776,269.467043,63.63357309995309,67.78413348667709,69.26674065718333,262.80600000000004,274.2533502335017,251.35864976649836,NEUTRAL,BEARISH_CROSS,ABOVE_MID,
AAPL,1H,2026-02-03T17:00:00Z,268.45,269.43,267.8,269.12,290138,3069,268.703545,65.62710887245488,68.11927406966225,67.4469247648191,263.5415,274.6011778767228,252.48182212327717,NEUTRAL,,ABOVE_MID,
AAPL,1H,2026-02-03T18:00:00Z,269.2,270.05,268.37,269.74,344833,3343,269.212865,67.43183699103304,68.52795668427945,67.43938087792607,264.248,274.9745839954086,253.52141600459137,NEUTRAL,,ABOVE_MID,
AAPL,1H,2026-02-03T19:00:00Z,269.74,271.35,269.42,269.5,331712,3735,270.258844,65.92448546166342,68.67616681857207,66.68193316979475,265.006,274.89439702831066,255.11760297168928,NEUTRAL,,ABOVE_MID,
AAPL,1H,2026-02-03T20:00:00Z,269.46,269.7,268.18,268.96,332390,4569,268.831021,62.39405388255296,68.41571986773982,64.53799352617385,265.61,274.8638788453405,256.35612115465955,NEUTRAL,,ABOVE_MID,
AAPL,1H,2026-02-03T21:00:00Z,269.58,269.58,269.22,269.22,210,4,269.4,63.45416419586391,68.15624644692535,63.99607886101888,266.18300000000005,274.78662004593224,257.57937995406786,NEUTRAL,,ABOVE_MID,
AAPL,1H,2026-02-04T13:00:00Z,269.98,269.98,269.98,269.98,340,11,269.98,66.55460625739182,68.13216429089918,65.27534255920536,266.753,274.7229358777073,258.78306412229267,NEUTRAL,,ABOVE_MID,
AAPL,1H,2026-02-04T14:00:00Z,270.09,278.29,270.09,277.02,462584,5433,275.703841,82.24853183123342,69.49021419772916,73.76193719521939,267.63250000000005,276.0684378475929,259.1965621524072,BULLISH,BULLISH_CROSS,ABOVE_MID,BULLISH_CONFIRMED
AAPL,1H,2026-02-04T15:00:00Z,276.88,277.05,274.05,276.58,360238,4498,275.585689,79.62154195425785,70.5106812625869,76.69173957473862,268.6415,276.202634069773,261.080365930227,BULLISH,,ABOVE_MID,
AAPL,1H,2026-02-04T16:00:00Z,276.55,276.77,273.45,274.44,311796,3764,275.356011,67.77681577011424,70.38068136108022,72.23427767242643,269.219,276.69434586420607,261.7436541357939,NEUTRAL,BEARISH_CROSS,ABOVE_MID,
AAPL,1H,2026-02-04T17:00:00Z,274.44,276.09,273.2,273.56,350632,4361,274.588373,63.41273906356052,69.7668972301154,67.82350836799347,269.783,276.7379894244899,262.8280105755101,NEUTRAL,,ABOVE_MID,
AAPL,1H,2026-02-04T18:00:00Z,273.58,275.24,272.65,274.87,254420,3397,274.469005,66.97403361030287,69.49140228732956,67.39877098914818,270.3275,277.07153557148854,263.58346442851143,NEUTRAL,,ABOVE_MID,
AAPL,1H,2026-02-04T19:00:00Z,274.86,275.23,273.87,274.63,214909,2782,274.643676,65.65683754140838,69.08453870248091,66.52780426527828,270.874,277.1089453211656,264.63905467883444,NEUTRAL,,ABOVE_MID,
AAPL,1H,2026-02-04T20:00:00Z,274.66,278.42,274.36,275.9,533634,6188,276.614223,69.25635532755939,69.01511519129483,67.89207979641884,271.35900000000004,277.5721266813035,265.1458733186966,BULLISH,BULLISH_CROSS,ABOVE_MID,BULLISH_CONFIRMED
AAPL,1H,2026-02-05T13:00:00Z,275.32,275.32,275.32,275.32,140,3,275.32,65.71750726888646,68.61302167255185,66.80479353265265,271.75,277.9247192563522,265.5752807436478,NEUTRAL,BEARISH_CROSS,ABOVE_MID,
AAPL,1H,2026-02-05T14:00:00Z,277.45,278.93,272.8,273.92,280662,3249,275.052124,57.70986105963553,67.51037756663196,62.25732729614409,271.97349999999994,278.12122281332717,265.8257771866727,NEUTRAL,,ABOVE_MID,
AAPL,1H,2026-02-05T15:00:00Z,273.86,276.89,273.14,273.93,435265,4585,274.954044,57.751228853768524,66.48393488618723,60.004278074956304,272.1985,278.2833362863441,266.11366371365597,NEUTRAL,,ABOVE_MID,
AAPL,1H,2026-02-05T16:00:00Z,273.94,275.69,272.81,274.69,299396,3366,274.246589,61.01200002952314,65.84015319051646,60.50813905223973,272.5185,278.4078848307137,266.6291151692863,NEUTRAL,,ABOVE_MID,
AAPL,1H,2026-02-05T17:00:00Z,274.7,274.7,273.02,274.03,136716,1844,273.907438,56.73407576342808,64.87909161538217,58.621107407833904,272.7205,278.52119496744086,266.91980503255917,NEUTRAL,,ABOVE_MID,
AAPL,1H,2026-02-05T18:00:00Z,274.08,274.49,273.43,274.48,196035,2274,273.932222,58.942253561497964,64.18027325412268,58.781680484665934,272.916,278.6749304562593,267.1570695437407,NEUTRAL,,ABOVE_MID,
AAPL,1H,2026-02-05T19:00:00Z,274.48,277.02,274.42,276.21,244521,2862,276.019527,66.36641387230347,64.22406886029,62.574047178484705,273.30499999999995,278.8345360041402,267.7754639958597,BULLISH,BULLISH_CROSS,ABOVE_MID,BULLISH_CONFIRMED
AAPL,1H,2026-02-05T20:00:00Z,276.19,277.17,274.87,275.42,443787,5046,275.852311,60.725412362033765,63.795643039226434,61.649729770259235,273.62,278.85569529892535,268.38430470107465,NEUTRAL,BEARISH_CROSS,ABOVE_MID,
AAPL,1H,2026-02-05T21:00:00Z,276.59,276.59,276.58,276.58,549,18,276.584831,65.56092735154664,63.81939893036067,63.60532856090293,273.962,279.0211723891551,268.9028276108449,BULLISH,BULLISH_CROSS,ABOVE_MID,BULLISH_CONFIRMED
AAPL,1H,2026-02-06T13:00:00Z,274.66,274.75,274.66,274.75,276,3,274.705,53.804056599791174,62.77463488960763,58.70469258034706,274.2245,278.83366010159517,269.6153398984048,NEUTRAL,BEARISH_CROSS,ABOVE_MID,
AAPL,1H,2026-02-06T14:00:00Z,276.08,280.2,276.08,280.11,240564,3089,278.759448,70.96235632511552,63.348710998737936,64.8335244527313,274.782,279.40730158334287,270.1566984166571,BULLISH,BULLISH_CROSS,ABOVE_MID,BULLISH_CONFIRMED
AAPL,1H,2026-02-06T15:00:00Z,280.07,280.36,277.83,278.29,261800,3212,278.916834,62.145047460518434,63.09940460994621,63.48928595662487,275.23549999999994,279.3104735549714,271.1605264450285,NEUTRAL,BEARISH_CROSS,ABOVE_MID,
AAPL,1H,2026-02-06T16:00:00Z,278.31,279.21,277.97,278.69,302425,3466,278.763702,63.27336235741221,62.953750252569215,63.38132415701854,275.671,279.20715253303285,272.13484746696713,NEUTRAL,BULLISH_CROSS,ABOVE_MID,BULLISH_CONFIRMED
AAPL,1H,2026-02-06T17:00:00Z,278.55,278.92,277.4,277.76,162311,2004,278.098414,58.69720922569567,62.39286466606844,61.039266691357106,275.70799999999997,279.3182928879628,272.09770711203714,NEUTRAL,BEARISH_CROSS,ABOVE_MID,
AAPL,1H,2026-02-06T18:00:00Z,277.78,278.17,276.43,276.98,219566,2548,277.237734,54.947547215666766,61.525115420784495,57.993406953511936,275.72799999999995,279.3629797653865,272.0930202346134,NEUTRAL,,ABOVE_MID,
AAPL,1H,2026-02-06T19:00:00Z,276.97,278.13,276.5,278.07,215723,2474,277.273343,59.05919121799417,61.14933807448083,58.52629908575305,275.90950000000004,279.6350672828417,272.18393271715837,NEUTRAL,,ABOVE_MID,
AAPL,1H,2026-02-06T20:00:00Z,278.06,278.49,277.05,277.59,282891,3891,277.732229,56.50444964029599,60.630325999192735,57.51537436302452,276.111,279.73609324744405,272.48590675255593,NEUTRAL,,ABOVE_MID,
AAPL,1H,2026-02-06T21:00:00Z,277.27,277.27,276.99,276.99,369,7,277.083333,53.264348017394525,59.86555735268771,55.38986119020952,276.217,279.8131681361125,272.6208318638875,NEUTRAL,,ABOVE_MID,
AAPL,1H,2026-02-09T14:00:00Z,277.35,277.76,272.93,273.75,263750,3142,274.224682,39.503202912272855,57.89370794357928,47.44653205124119,276.173,279.87101710736295,272.47498289263706,BEARISH,,BELOW_MID,
AAPL,1H,2026-02-09T15:00:00Z,273.63,274.01,272.55,273.01,200828,2775,273.235491,37.0441024709084,55.81722529390537,42.245317261074796,276.0285,279.98803891521294,272.0689610847871,BEARISH,,BELOW_MID,
AAPL,1H,2026-02-09T16:00:00Z,273.01,273.54,272.52,272.55,129883,2076,273.030609,35.498722371597935,53.724118198279,38.87201981633636,275.89,280.13721828470443,271.64278171529554,BEARISH,,BELOW_MID,
AAPL,1H,2026-02-09T17:00:00Z,272.55,272.85,271.46,271.77,186325,2634,271.922576,32.88196590224236,51.53926109009633,35.87699285928936,275.7825,280.3373580196292,271.22764198037083,BEARISH,,BELOW_MID,
AAPL,1H,2026-02-09T18:00:00Z,271.63,272.95,271.56,272.66,77156,1342,272.211465,38.68390296046257,50.02399800610962,37.28044790987596,275.719,280.41579801343215,271.02220198656784,NEUTRAL,,BELOW_MID,
AAPL,1H,2026-02-09T19:00:00Z,272.68,273.47,272.6,272.71,92234,1529,273.037192,39.01707958523677,48.62138716116808,38.148763747556366,275.62,280.4884548505262,270.7515451494738,NEUTRAL,,BELOW_MID,
AAPL,1H,2026-02-09T20:00:00Z,272.71,274.87,272.71,274.25,323043,4815,273.92529,48.67965370957775,48.178292358995755,43.41420872856706,275.631,280.4853020529305,270.77669794706947,NEUTRAL,BULLISH_CROSS,BELOW_MID,
AAPL,1H,2026-02-10T14:00:00Z,273.75,275.06,273.0,274.51,157437,2117,273.832124,50.1790008731565,47.92488862502732,46.79660480086178,275.6325,280.4853228355996,270.77967716440037,BULLISH,,BELOW_MID,
AAPL,1H,2026-02-10T15:00:00Z,274.43,275.11,273.64,273.95,144246,2035,274.300339,46.861607249424544,47.398280600114745,46.82910602514316,275.5195,280.42071134329177,270.6182886567082,NEUTRAL,BEARISH_CROSS,BELOW_MID,BEARISH_CONFIRMED
AAPL,1H,2026-02-10T16:00:00Z,273.92,274.26,272.85,273.03,69107,1248,273.578062,41.759154250147304,46.46011038181365,44.29413013764523,275.4,280.4263725541054,270.37362744589456,BEARISH,,BELOW_MID,
AAPL,1H,2026-02-10T17:00:00Z,273.07,273.86,272.71,273.85,106731,1781,273.168991,47.49194764184867,46.14962813255101,45.89303888974695,275.2635,280.3032045652792,270.22379543472084,NEUTRAL,BULLISH_CROSS,BELOW_MID,
AAPL,1H,2026-02-10T18:00:00Z,273.85,274.01,273.18,273.68,106123,1487,273.649269,46.426116116028,45.79953983427517,46.15957750288747,275.21,280.2951693549432,270.12483064505676,NEUTRAL,,BELOW_MID,
AAPL,1H,2026-02-10T19:00:00Z,273.75,273.84,273.32,273.69,63268,1043,273.62661,46.505563718893995,45.53950872602402,46.332570610890734,274.889,279.4559194961421,270.32208050385793,NEUTRAL,,BELOW_MID,
AAPL,1H,2026-02-10T20:00:00Z,273.79,274.24,273.1,273.33,221740,3128,273.669511,43.870705175215946,45.071540230169674,45.101637893053336,274.64099999999996,278.9623833067945,270.31961669320543,BEARISH,BEARISH_CROSS,BELOW_MID,BEARISH_CONFIRMED
AAPL,1H,2026-02-10T21:00:00Z,274.06,274.06,274.06,274.06,118,4,274.06,50.29499853102375,45.3048782781329,47.698318212038544,274.4095,278.2912927220388,270.52770727796116,BULLISH,BULLISH_CROSS,BELOW_MID,
AAPL,1H,2026-02-11T13:00:00Z,274.06,274.06,274.06,274.06,140,2,274.06,50.29499853102375,45.589515239210826,48.99665837153115,274.2245,277.7722582247222,270.6767417752778,BULLISH,,BELOW_MID,
AAPL,1H,2026-02-11T14:00:00Z,273.84,277.06,273.84,276.14,203413,2426,275.690182,64.81670863502153,47.2504910574764,56.90668350327634,274.1825,277.6107840575102,270.7542159424898,BULLISH,,ABOVE_MID,
AAPL,1H,2026-02-11T15:00:00Z,276.12,279.6,275.51,279.49,375527,4341,277.491589,76.99477160840344,49.992072170251454,66.95072755583989,274.25350000000003,278.0588550909807,270.44814490901933,BULLISH,,ABOVE_MID,
AAPL,1H,2026-02-11T16:00:00Z,279.47,279.7,277.92,278.11,148998,2369,278.938901,66.3514122994275,51.67063263419,66.6510699276337,274.2795,278.1865865441131,270.3724134558869,NEUTRAL,,ABOVE_MID,
AAPL,1H,2026-02-11T17:00:00Z,278.04,279.88,277.94,279.16,161933,2603,279.177242,69.91164707781246,53.64128274862488,68.28135850272308,274.388,278.7104583648453,270.06554163515466,BULLISH,,ABOVE_MID,
AAPL,1H,2026-02-11T18:00:00Z,279.13,279.43,278.25,278.66,98836,1748,278.70379,66.1614831051613,55.2129690497992,67.22142080394218,274.6335,279.3437319755178,269.92326802448224,NEUTRAL,,ABOVE_MID,
AAPL,1H,2026-02-11T19:00:00Z,278.59,279.4,274.84,276.32,221793,3471,277.189522,51.5910237241109,55.404236380887696,59.40622226402654,274.79900000000004,279.50164382527544,270.09635617472463,NEUTRAL,BEARISH_CROSS,ABOVE_MID,
AAPL,1H,2026-02-11T20:00:00Z,276.29,276.98,274.77,275.21,266771,4062,275.789805,46.165460503562024,55.04994246330361,52.78584138379428,274.932,279.51578652943186,270.34821347056817,BEARISH,,ABOVE_MID,
AAPL,1H,2026-02-11T21:00:00Z,275.8,275.8,275.8,275.8,100,1,275.8,49.35058679014276,54.94571908245348,51.068214086968524,275.1335,279.4802072837447,270.7867927162554,BEARISH,,ABOVE_MID,
AAPL,1H,2026-02-12T13:00:00Z,273.49,273.49,273.49,273.49,100,1,273.49,39.1484206671513,53.854061273026005,45.10831737705991,275.175,279.4373023183092,270.9126976816908,BEARISH,,BELOW_MID,
AAPL,1H,2026-02-12T14:00:00Z,274.15,275.4,271.34,271.76,239460,2636,273.041858,33.341204402741525,52.207347202483746,39.22476088990072,275.1275,279.5245127419265,270.7304872580735,BEARISH,,BELOW_MID,
AAPL,1H,2026-02-12T15:00:00Z,271.88,271.91,267.91,267.99,315011,4173,270.32204,24.449702857191525,49.77544337480372,31.837231873546123,274.8145,280.2444305995401,269.3845694004599,BEARISH,,BELOW_MID,
AAPL,1H,2026-02-12T16:00:00Z,267.9,267.96,264.39,265.24,373670,5324,266.456107,20.059722216622106,47.00751263489894,25.948477045084115,274.351,281.26903714175984,267.43296285824016,BEARISH,,BELOW_MID,
AAPL,1H,2026-02-12T17:00:00Z,265.13,265.61,261.31,261.53,237059,3393,263.327503,15.763898994406617,43.972948318485216,20.856188019745368,273.72999999999996,282.7193012432634,264.74069875673655,BEARISH,,BELOW_MID,
AAPL,1H,2026-02-12T18:00:00Z,261.56,262.69,259.95,261.36,266273,4221,261.437847,15.591773759752911,41.071719378482825,18.22398088974914,273.1465,283.705140811653,262.587859188347,BEARISH,,BELOW_MID,
AAPL,1H,2026-02-12T19:00:00Z,261.45,262.37,261.06,261.84,155486,2977,261.621826,18.421229443527736,38.563080927004,18.32260516663844,272.546,284.24110270876025,260.85089729123973,NEUTRAL,,BELOW_MID,
AAPL,1H,2026-02-12T20:00:00Z,261.82,262.23,260.06,261.41,345658,6483,261.261529,17.819242461172635,36.10074636373801,18.070923813905537,271.9325,284.62215741315293,259.2428425868471,BEARISH,,BELOW_MID,
AAPL,1H,2026-02-12T21:00:00Z,261.05,261.44,261.05,261.44,760,37,261.244,18.029490254096956,33.78597850537283,18.050207034001247,271.32,284.80980745834376,257.83019254165623,BEARISH,,BELOW_MID,
AAPL,1H,2026-02-13T13:00:00Z,260.98,261.36,260.89,261.36,1325,22,261.076667,17.892166555402653,31.581655790684493,17.97118679470195,270.7215,284.88132645596994,256.56167354403004,BEARISH,,BELOW_MID,
AAPL,1H,2026-02-13T14:00:00Z,261.91,261.91,258.58,259.11,229075,3055,259.783827,14.417603642340282,29.185331240451482,16.194395218521116,269.97400000000005,284.9468489712485,255.00115102875156,BEARISH,,BELOW_MID,
AAPL,1H,2026-02-13T15:00:00Z,259.06,261.2,258.16,259.18,250950,3457,259.603273,14.995364216533233,26.969032982819886,15.594879717527174,269.23,284.8142619668902,253.6457380331099,BEARISH,,BELOW_MID,
AAPL,1H,2026-02-13T16:00:00Z,259.26,259.54,258.38,258.92,200008,2923,259.097973,14.583961827631114,24.86814677777507,15.089420772579144,268.369,284.2458310506396,252.4921689493605,BEARISH,,BELOW_MID,
AAPL,1H,2026-02-13T17:00:00Z,258.89,260.01,258.67,258.81,165218,2247,259.40043,14.395977001788921,22.904764275590463,14.742698887184034,267.335,282.85181668384416,251.81818331615582,BEARISH,,BELOW_MID,
AAPL,1H,2026-02-13T18:00:00Z,258.83,259.18,258.38,258.45,109201,1712,258.796132,13.743726936239128,21.10035787841316,14.24321291171158,266.352,281.48079387824913,251.2232061217508,BEARISH,,BELOW_MID,
AAPL,1H,2026-02-13T19:00:00Z,258.49,258.78,257.73,257.83,106366,1944,258.315816,12.634611872962054,19.468936885319597,13.438912392336817,265.2855,279.5979023876247,250.9730976123753,BEARISH,,BELOW_MID,
AAPL,1H,2026-02-13T20:00:00Z,257.98,258.28,255.24,255.52,599486,6489,255.93622,9.441105708232811,17.77973741156435,11.440009050284814,264.1285,277.60540308795476,250.65159691204516,BEARISH,,BELOW_MID,
AAPL,1H,2026-02-17T13:00:00Z,256.36,256.36,256.36,256.36,170,4,256.36,17.9275024604907,17.12380578701688,14.683755755387757,263.1305,275.7339639766433,250.5270360233567,NEUTRAL,BULLISH_CROSS,BELOW_MID,
AAPL,1H,2026-02-17T14:00:00Z,257.82,259.41,255.31,258.43,215065,3432,258.325175,34.85265290418961,18.215329313821563,24.768204329788684,262.2915,273.68518851139766,250.89781148860231,NEUTRAL,,BELOW_MID,
AAPL,1H,2026-02-17T15:00:00Z,258.35,261.13,258.27,258.86,258600,3943,259.472401,37.84795706081481,19.651613698241185,31.308080695301747,261.44449999999995,270.9764307703394,251.91256922966053,NEUTRAL,,BELOW_MID,
AAPL,1H,2026-02-17T16:00:00Z,258.91,261.47,258.52,261.21,197233,3062,259.986163,51.54519433914265,22.36910798000986,41.4266375172222,260.8305,268.4944291146056,253.1665708853943,BULLISH,,ABOVE_MID,
AAPL,1H,2026-02-17T17:00:00Z,261.18,262.42,260.72,262.07,215989,3637,261.49159,55.57588498046188,25.44352821813656,48.50126124884204,260.346,266.0838279404057,254.60817205959435,BULLISH,,ABOVE_MID,
AAPL,1H,2026-02-17T18:00:00Z,262.13,265.87,261.83,265.54,192248,3080,263.580284,67.7524111185052,29.553790813776683,58.12683618367362,260.2235,265.34578269426976,255.10121730573024,BULLISH,,ABOVE_MID,
AAPL,1H,2026-02-17T19:00:00Z,265.58,266.0,264.76,264.95,152381,2713,265.4001,64.37712009509148,33.208242508085846,61.25197813938255,260.209,265.2727988652181,255.14520113478193,BULLISH,,ABOVE_MID,
AAPL,1H,2026-02-17T20:00:00Z,264.97,265.27,262.6,263.69,268164,4408,263.760328,57.49549027955553,36.064245529822905,59.37373420946904,260.317,265.58735043277255,255.04664956722743,NEUTRAL,,ABOVE_MID,
AAPL,1H,2026-02-18T13:00:00Z,263.9,263.9,263.9,263.9,110,2,263.9,58.33066549675845,38.83411396930163,58.852199853113746,260.444,265.93784880906435,254.95015119093566,NEUTRAL,,ABOVE_MID,
AAPL,1H,2026-02-18T14:00:00Z,263.32,264.65,262.26,264.08,202641,2766,263.30753,59.1055074792806,41.490150872549265,58.97885366619717,260.55600000000004,266.2571001708364,254.85489982916366,BULLISH,,ABOVE_MID,
AAPL,1H,2026-02-18T15:00:00Z,264.02,265.69,263.55,264.92,262004,3157,264.894791,62.742707416873266,44.28847117393506,60.86078054153522,260.7315,266.75052693657153,254.71247306342843,BULLISH,,ABOVE_MID,
AAPL,1H,2026-02-18T16:00:00Z,264.93,266.56,264.88,264.92,161681,2167,265.530135,62.742707416873266,46.89492360530638,61.80174397920425,260.9055,267.20541303198246,254.60558696801755,BULLISH,,ABOVE_MID,
AAPL,1H,2026-02-18T17:00:00Z,264.95,265.76,264.77,265.01,87866,1251,265.160344,63.18669965123842,49.34726509280743,62.49422181522134,261.08799999999997,267.64939458860573,254.52660541139423,BULLISH,,ABOVE_MID,
AAPL,1H,2026-02-18T18:00:00Z,265.01,265.71,264.51,264.82,96904,1480,265.212275,61.4475682509872,51.446017970774214,61.97089503310427,261.37350000000004,268.06806425216257,254.6789357478375,NEUTRAL,,ABOVE_MID,
AAPL,1H,2026-02-18T19:00:00Z,264.68,264.84,263.35,263.55,87050,1418,264.134251,50.910561590455835,52.39830962983733,56.44072831178005,261.592,268.2703628627331,254.91363713726685,NEUTRAL,BEARISH_CROSS,ABOVE_MID,
AAPL,1H,2026-02-18T20:00:00Z,263.58,265.21,262.96,263.99,218471,3376,264.194512,53.98597999404714,53.47220660720047,55.213354152913595,261.8455,268.48157517168306,255.20942482831697,NEUTRAL,BULLISH_CROSS,ABOVE_MID,BULLISH_CONFIRMED
AAPL,1H,2026-02-19T13:00:00Z,262.23,262.23,262.23,262.23,100,1,262.23,42.113317686207296,53.29798010299585,48.663335919560446,262.0165,268.4976768749378,255.5353231250622,BEARISH,BEARISH_CROSS,ABOVE_MID,
AAPL,1H,2026-02-19T14:00:00Z,262.15,264.07,262.15,263.47,92572,1413,263.204788,50.70589842222386,53.785722601379,49.68461717089215,262.26750000000004,268.55298160027434,255.98201839972575,NEUTRAL,,ABOVE_MID,
AAPL,1H,2026-02-19T15:00:00Z,263.49,263.89,262.62,263.58,113060,1727,263.291778,51.42547504629342,54.18169534948085,50.55504610859279,262.555,268.5028027787373,256.6071972212627,NEUTRAL,,ABOVE_MID,
AAPL,1H,2026-02-19T16:00:00Z,263.57,264.19,262.74,262.9,140589,1660,263.311431,46.68592801763098,53.98367573519325,48.62048706311188,262.924,267.86453651465615,257.9834634853438,BEARISH,,BELOW_MID,
AAPL,1H,2026-02-19T17:00:00Z,262.85,263.27,261.76,261.83,86032,1105,262.655248,40.13751072361318,53.04293716281456,44.378998893362535,263.1975,267.1058439755987,259.2891560244013,BEARISH,,BELOW_MID,
AAPL,1H,2026-02-19T18:00:00Z,261.83,262.08,261.19,262.04,98608,1422,261.620214,41.93574892296657,52.13278992018064,43.15737390816455,263.378,266.63913057567447,260.1168694243255,BEARISH,,BELOW_MID,
AAPL,1H,2026-02-19T19:00:00Z,262.08,262.08,260.04,260.2,90453,1473,260.984331,32.35524777173862,50.24775622456721,37.75631083995158,263.44500000000005,266.3510264062298,260.5389735937703,BEARISH,,BELOW_MID,
AAPL,1H,2026-02-19T20:00:00Z,260.16,260.95,259.82,260.28,292285,4173,260.369786,33.10279133665644,48.441492312485074,35.42955108830401,263.3985,266.4795953281378,260.3174046718622,BEARISH,,BELOW_MID,
AAPL,1H,2026-02-20T14:00:00Z,258.67,259.97,257.97,259.51,113272,1516,259.08725,29.56499034692527,46.33415197157092,32.49727071761464,263.27049999999997,266.7684782130492,259.77252178695073,BEARISH,,BELOW_MID,
AAPL,1H,2026-02-20T15:00:00Z,259.45,262.85,259.33,262.31,181879,2800,261.104488,50.99179490267266,46.26985535214123,41.74453281014365,263.109,266.4610011305139,259.75699886948604,BULLISH,BULLISH_CROSS,BELOW_MID,
AAPL,1H,2026-02-20T16:00:00Z,262.33,264.48,260.99,264.03,156689,2018,262.468731,59.5050012095901,46.99933112458624,50.62476700986687,263.063,266.33286946464364,259.79313053535634,BULLISH,,ABOVE_MID,
AAPL,1H,2026-02-20T17:00:00Z,264.12,264.29,261.31,262.74,127686,1995,262.267229,51.898377577776344,47.072998730974234,51.26157229382161,263.01550000000003,266.2746020720145,259.7563979279856,BULLISH,,BELOW_MID,
AAPL,1H,2026-02-20T18:00:00Z,262.94,264.44,262.81,263.98,111787,1856,263.589239,57.74022414763012,47.731763828635984,54.500898220725865,263.0195,266.28336580606793,259.75563419393205,BULLISH,,ABOVE_MID,
AAPL,1H,2026-02-20T19:00:00Z,264.05,264.46,263.37,263.97,81447,1283,263.867922,57.6766732832863,48.38369212101943,56.08878575200608,263.014,266.27070417835006,259.75729582164996,BULLISH,,ABOVE_MID,
AAPL,1H,2026-02-20T20:00:00Z,263.93,264.51,262.87,264.48,213026,3280,263.960709,60.19059299449681,49.26698970409071,58.13968937325144,262.992,266.2000727121335,259.78392728786656,BULLISH,,ABOVE_MID,
AAPL,1H,2026-02-20T21:00:00Z,264.45,264.45,264.45,264.45,100,1,264.45,59.954925289014646,50.12416561040727,59.04730733113304,262.9685,266.12355459123984,259.8134454087602,BULLISH,,ABOVE_MID,
AAPL,1H,2026-02-23T14:00:00Z,262.25,266.55,262.25,264.57,115464,1730,265.157049,60.648267784815154,51.05644097360551,59.8477875579741,262.9465,266.0472861481988,259.84571385180124,BULLISH,,ABOVE_MID,
AAPL,1H,2026-02-23T15:00:00Z,264.66,267.47,264.34,266.56,284111,3849,266.199252,70.25602585866027,52.871215727205495,65.05190670831718,263.0335,266.4383465457373,259.6286534542627,BULLISH,,ABOVE_MID,
AAPL,1H,2026-02-23T16:00:00Z,266.59,266.59,264.55,265.84,171466,2417,265.742058,63.905251329416785,54.07804419802829,64.47857901886698,263.148,266.77288823784426,259.5231117621558,NEUTRAL,,ABOVE_MID,
AAPL,1H,2026-02-23T17:00:00Z,265.84,267.99,265.75,267.86,123809,1742,267.169307,71.91744054732439,56.00261418615684,68.19800978309569,263.3415,267.52566199243853,259.15733800756146,BULLISH,,ABOVE_MID,
AAPL,1H,2026-02-23T18:00:00Z,267.88,269.18,267.79,267.84,91856,1519,268.569139,71.74006241658708,57.82012001972975,69.96903609984139,263.622,268.2237552715206,259.02024472847944,BULLISH,,ABOVE_MID,
AAPL,1H,2026-02-23T19:00:00Z,267.83,267.87,266.2,266.32,120651,1614,267.162584,59.24630104878762,58.424971865656204,64.6076685743145,263.7645,268.5203649664354,259.0086350335646,NEUTRAL,,ABOVE_MID,
AAPL,1H,2026-02-23T20:00:00Z,266.37,266.81,265.76,266.15,193887,2953,266.266684,57.97591154175231,58.84016499725227,61.291790058033406,263.893,268.76532830974213,259.0206716902578,NEUTRAL,BEARISH_CROSS,ABOVE_MID,
AAPL,1H,2026-02-23T21:00:00Z,266.44,266.68,266.44,266.68,291,8,266.56,60.915331007618036,59.49110616202433,61.103560532825725,264.082,269.0836822433236,259.0803177566764,NEUTRAL,BULLISH_CROSS,ABOVE_MID,BULLISH_CONFIRMED
AAPL,1H,2026-02-24T13:00:00Z,267.28,267.28,267.28,267.28,100,1,267.28,64.11228897538848,60.39159824178277,62.6079247541071,264.35450000000003,269.43284401106877,259.2761559889313,BULLISH,,ABOVE_MID,
AAPL,1H,2026-02-24T14:00:00Z,267.31,274.59,267.31,273.77,249659,2676,272.440078,82.01434094268936,62.84411079927091,72.31113284839823,264.941,271.41224131914026,258.4697586808597,BULLISH,,ABOVE_MID,
AAPL,1H,2026-02-24T15:00:00Z,273.91,274.33,272.15,273.69,212929,2988,273.4146,81.45089696907272,65.064116198036,76.88101490873547,265.6155,272.78098004048223,258.45001995951776,BULLISH,,ABOVE_MID,
AAPL,1H,2026-02-24T16:00:00Z,273.69,274.55,272.2,272.21,134520,2084,273.316095,71.26167104613916,66.186767084127,74.07134297743731,266.212,273.4926610457555,258.9313389542445,NEUTRAL,,ABOVE_MID,
AAPL,1H,2026-02-24T17:00:00Z,272.21,272.59,271.57,272.03,103589,1575,272.1098,70.06246435869308,67.03197310566921,72.0669036680652,266.83799999999997,273.839998511705,259.8360014882949,NEUTRAL,,ABOVE_MID,
AAPL,1H,2026-02-24T18:00:00Z,272.03,272.44,271.17,271.71,86667,1322,271.93232,67.7811914967819,67.50979210070854,69.92404758242355,267.308,274.2921703723133,260.3238296276867,NEUTRAL,,ABOVE_MID,
AAPL,1H,2026-02-24T19:00:00Z,271.7,272.46,271.52,272.4,96606,1463,272.07096,70.13970090745396,68.03658294195677,70.03187424493876,267.7265,274.8845481756018,260.56845182439815,BULLISH,,ABOVE_MID,
AAPL,1H,2026-02-24T20:00:00Z,272.4,272.4,271.14,271.94,241134,3433,271.830799,66.48929523292085,68.14862735389774,68.26058473892981,268.18649999999997,275.17574369073276,261.1972563092672,NEUTRAL,BEARISH_CROSS,ABOVE_MID,
AAPL,1H,2026-02-25T14:00:00Z,270.74,273.72,270.74,273.67,146270,1776,272.052694,72.53671937996445,68.78020255832608,70.39865205944713,268.671,275.7749585702937,261.5670414297063,BULLISH,BULLISH_CROSS,ABOVE_MID,BULLISH_CONFIRMED
AAPL,1H,2026-02-25T15:00:00Z,273.67,273.71,272.13,273.29,114931,1852,273.015817,69.44010413545712,69.04092381497588,69.91937809745212,269.137,276.16487262862944,262.10912737137056,NEUTRAL,,ABOVE_MID,
AAPL,1H,2026-02-25T16:00:00Z,273.29,274.34,272.73,273.18,110336,2003,273.587228,68.48795463262128,69.16443719479722,69.2036663650367,269.572,276.4618234642442,262.6821765357558,NEUTRAL,BEARISH_CROSS,ABOVE_MID,
AAPL,1H,2026-02-25T17:00:00Z,273.18,274.15,273.03,273.94,90733,1415,273.582773,71.52298269033253,69.5170601324653,70.36332452768461,270.0465,276.75584077866375,263.3371592213362,BULLISH,BULLISH_CROSS,ABOVE_MID,BULLISH_CONFIRMED
AAPL,1H,2026-02-25T18:00:00Z,274.0,274.47,273.75,274.38,114915,1548,274.157626,73.20391079606321,69.97343675205767,71.7836176618739,270.537,276.99003388460187,264.0839661153981,BULLISH,,ABOVE_MID,
AAPL,1H,2026-02-25T19:00:00Z,274.35,274.68,273.01,273.02,89323,1312,274.132899,60.73728869246176,69.23912917388951,66.26045317716783,270.86,277.11863613863443,264.6013638613656,NEUTRAL,BEARISH_CROSS,ABOVE_MID,
AAPL,1H,2026-02-25T20:00:00Z,272.99,274.47,272.99,273.91,249012,3574,273.91004,65.11150600960492,68.90209234356708,65.68597959338638,271.2635,277.1912377419108,265.33576225808923,NEUTRAL,,ABOVE_MID,
AAPL,1H,2026-02-26T14:00:00Z,274.69,275.82,272.99,273.62,129809,2192,274.001698,62.55671987080351,68.35507287659627,64.12134973209494,271.5515,277.34107784117106,265.7619221588289,NEUTRAL,,ABOVE_MID,
AAPL,1H,2026-02-26T15:00:00Z,273.61,273.89,270.62,270.75,178769,2865,271.782561,43.53737746661437,66.08486008049402,53.82936359935466,271.697,277.23462289872225,266.15937710127776,BEARISH,,BELOW_MID,
AAPL,1H,2026-02-26T16:00:00Z,270.84,272.49,270.55,271.63,106429,1772,271.718268,48.89685499970628,64.42472993060669,51.363109299530464,271.9625,276.89024262400676,267.0347573759932,BEARISH,,BELOW_MID,
AAPL,1H,2026-02-26T17:00:00Z,271.67,271.95,270.7,270.94,71295,1227,271.414937,45.11904390404136,62.5200507521822,48.24107660178591,272.202,276.34308350937425,268.06091649062574,BEARISH,,BELOW_MID,
AAPL,1H,2026-02-26T18:00:00Z,270.94,271.94,270.61,271.93,87056,1512,271.26968,51.204307848667206,61.22973434424207,49.72269222522656,272.4645,275.6978490866008,269.2311509133992,NEUTRAL,,BELOW_MID,
AAPL,1H,2026-02-26T19:00:00Z,271.85,273.24,271.02,272.76,125823,1912,272.371507,55.82425544809453,60.38872747431518,52.77347383666054,272.73850000000004,274.8593665061422,270.6176334938579,NEUTRAL,,ABOVE_MID,
AAPL,1H,2026-02-26T20:00:00Z,272.7,273.15,271.96,272.75,137083,2558,272.545907,55.752707701299386,59.563255551907034,54.263090768979964,272.6875,274.7522403303109,270.6227596696891,NEUTRAL,,ABOVE_MID,
AAPL,1H,2026-02-27T14:00:00Z,272.41,272.51,268.54,270.44,366070,4195,269.731868,41.82274248091448,57.50761181844261,48.042916624947225,272.525,274.76191987481644,270.2880801251835,BEARISH,,BELOW_MID,
AAPL,1H,2026-02-27T15:00:00Z,270.47,271.1,267.95,268.66,448020,5227,268.930586,34.37693552484062,54.94906614724757,41.20992607489392,272.34749999999997,275.1750700931386,269.51992990686136,BEARISH,,BELOW_MID,
AAPL,1H,2026-02-27T16:00:00Z,268.65,269.38,268.0,268.36,366046,3554,268.668674,33.254394844992476,52.492254706214524,37.2321604599432,272.16400000000004,275.5075839580072,268.82041604199287,BEARISH,,BELOW_MID,
AAPL,1H,2026-02-27T17:00:00Z,268.38,268.94,266.62,266.84,203057,3003,267.699752,28.036112452023616,49.72558761993818,32.63413645598341,271.9205,276.0258468345088,267.8151531654912,BEARISH,,BELOW_MID,
AAPL,1H,2026-02-27T18:00:00Z,266.83,267.12,265.62,265.87,148435,2625,266.140804,25.197438037951116,46.882791482627866,28.915787246967263,271.594,276.49947449285304,266.68852550714695,BEARISH,,BELOW_MID,
AAPL,1H,2026-02-27T19:00:00Z,265.92,266.19,265.04,265.16,227452,3005,265.486884,23.258274572889434,44.04805301065318,26.087030909928348,271.255,276.93563562047973,265.57436437952026,BEARISH,,BELOW_MID,
AAPL,1H,2026-02-27T20:00:00Z,265.11,266.64,262.74,263.83,1125788,9984,264.56386,20.01258462568906,41.12120171375796,23.0498077678087,270.76300000000003,277.2150550785679,264.31094492143217,BEARISH,,BELOW_MID,
AAPL,1H,2026-03-02T14:00:00Z,261.95,263.15,260.06,262.92,143736,2218,262.145383,18.071413049720192,38.21907815500944,20.560610408764447,270.2445,277.4627210229996,263.02627897700046,BEARISH,,BELOW_MID,
AAPL,1H,2026-03-02T15:00:00Z,262.91,264.3,261.76,262.47,189508,2970,263.552227,17.146178732605676,35.46862293249832,18.85339457068506,269.709,277.57067760321377,261.84732239678624,BEARISH,,BELOW_MID,
AAPL,1H,2026-03-02T16:00:00Z,262.41,265.66,262.38,265.66,106400,1882,264.553602,41.16792117111849,35.128343106574306,30.010657870901777,269.295,277.0903224841317,261.4996775158683,NEUTRAL,BULLISH_CROSS,BELOW_MID,
AAPL,1H,2026-03-02T17:00:00Z,265.6,265.94,265.21,265.85,101640,1560,265.575298,42.28907559314486,35.0082549530488,36.14986673202332,268.8685,276.4220457689909,261.31495423100904,NEUTRAL,,BELOW_MID,
AAPL,1H,2026-03-02T18:00:00Z,265.94,266.03,264.13,264.37,75570,1321,265.094015,36.23748038957528,34.4645754913944,36.1936735607993,268.436,275.9792323101069,260.89276768989305,NEUTRAL,,BELOW_MID,
AAPL,1H,2026-03-02T19:00:00Z,264.38,266.26,264.21,265.51,65163,1228,265.544419,43.272005247826904,34.72042612683858,39.7328394043131,268.01599999999996,275.2029103236391,260.8290896763608,NEUTRAL,,BELOW_MID,
AAPL,1H,2026-03-02T20:00:00Z,265.57,265.65,263.46,264.46,250870,3860,264.254832,38.83280229721294,34.648320145320604,39.28282085076302,267.558,274.40044523851935,260.71555476148063,NEUTRAL,,BELOW_MID,
AAPL,1H,2026-03-03T13:00:00Z,262.22,262.22,262.22,262.22,100,1,262.22,31.1606710631212,33.99250831010768,35.22174595694211,267.1315,274.19598277244245,260.0670172275576,BEARISH,BEARISH_CROSS,BELOW_MID,BEARISH_CONFIRMED
AAPL,1H,2026-03-03T14:00:00Z,262.73,265.3,260.97,261.99,212771,2896,262.954837,30.465396303961526,33.4094033098096,32.84357113045182,266.6495,273.73707095945383,259.56192904054615,BEARISH,,BELOW_MID,
AAPL,1H,2026-03-03T15:00:00Z,262.05,264.51,261.68,262.17,225916,3992,262.806986,31.80506972961595,33.00467546579461,32.324320430033886,266.211,273.26599867581984,259.1560013241802,BEARISH,,BELOW_MID,
AAPL,1H,2026-03-03T16:00:00Z,262.13,263.51,261.88,262.35,181456,2724,262.480693,33.25180805811995,32.80545970043188,32.78806424407692,265.732,272.4446482341785,259.01935176582157,NEUTRAL,BULLISH_CROSS,BELOW_MID,
AAPL,1H,2026-03-03T17:00:00Z,262.33,262.68,260.0,260.51,174923,2673,261.477066,26.730402172535207,32.06476216991178,29.759233208306064,265.11949999999996,271.3502673769201,258.8887326230798,BEARISH,BEARISH_CROSS,BELOW_MID,BEARISH_CONFIRMED
AAPL,1H,2026-03-03T18:00:00Z,260.54,262.81,260.27,262.12,104446,1825,261.41416,38.586697162515954,32.507857282100446,34.17296518541101,264.588,269.8100044548377,259.3659955451623,NEUTRAL,BULLISH_CROSS,BELOW_MID,
AAPL,1H,2026-03-03T19:00:00Z,262.2,264.4,261.99,263.05,149050,2394,263.336322,44.43020435766487,33.55680178556057,39.30158477153794,264.2185,268.6887114632693,259.7482885367307,NEUTRAL,,BELOW_MID,
AAPL,1H,2026-03-03T20:00:00Z,262.98,263.69,262.13,263.51,276747,3747,262.989114,47.2244910614199,34.908787518988184,43.26303791647892,263.961,267.91779774831633,260.0042022516837,NEUTRAL,,BELOW_MID,
AAPL,1H,2026-03-04T14:00:00Z,264.45,265.76,261.24,262.18,155128,2078,263.338445,40.586192158278095,35.63390734095915,41.92461503737851,263.652,267.0941021728661,260.2098978271339,NEUTRAL,,BELOW_MID,
AAPL,1H,2026-03-04T15:00:00Z,262.42,264.33,261.59,263.83,106516,1976,263.197363,50.33074638732434,37.21801583036101,46.12768071235142,263.5015,266.60306683663816,260.3999331633619,BULLISH,,ABOVE_MID,
AAPL,1H,2026-03-04T16:00:00Z,263.82,265.25,263.15,264.65,111813,2043,264.08359,54.502727927686735,39.10747176913637,50.31520432001908,263.4405,266.3902009661154,260.49079903388457,BULLISH,,ABOVE_MID,
AAPL,1H,2026-03-04T17:00:00Z,264.53,265.15,263.94,264.38,104241,1439,264.808032,52.85809608512327,40.732841629255894,51.58665020257118,263.4015,266.2751206759943,260.5278793240057,BULLISH,,ABOVE_MID,
AAPL,1H,2026-03-04T18:00:00Z,264.38,264.5,262.86,263.04,86984,1664,263.676526,45.236694072178686,41.54561365249659,48.411672137374936,263.36199999999997,266.23253708527216,260.4914629147278,NEUTRAL,,BELOW_MID,
AAPL,1H,2026-03-04T19:00:00Z,263.08,263.41,262.81,262.97,89923,1677,263.089624,44.85659620396296,42.228686650924224,46.63413417066894,263.3645,266.2335029443633,260.49549705563675,NEUTRAL,,BELOW_MID,
AAPL,1H,2026-03-04T20:00:00Z,263.01,263.2,261.82,262.26,214945,3510,262.431332,40.932120455843446,42.44743929312336,43.783127313256195,263.354,266.23828336443285,260.4697166355671,BEARISH,BEARISH_CROSS,BELOW_MID,BEARISH_CONFIRMED
AAPL,1H,2026-03-05T14:00:00Z,261.62,261.62,258.64,259.69,159664,2017,259.746679,30.179858610360355,41.5897494844079,36.98149296180827,263.0555,266.1620599522414,259.9489400477586,BEARISH,,BELOW_MID,
AAPL,1H,2026-03-05T15:00:00Z,259.71,260.98,257.84,260.76,222328,3062,259.166071,37.82921846349591,41.371033169363855,37.405355712652096,262.80100000000004,265.77476529000324,259.82723470999684,NEUTRAL,,BELOW_MID,
AAPL,1H,2026-03-05T16:00:00Z,260.76,261.25,259.27,260.45,136796,2173,260.314349,36.524957412931066,41.04820092637937,36.96515656279158,262.605,265.6589947954367,259.55100520456335,BEARISH,,BELOW_MID,
AAPL,1H,2026-03-05T17:00:00Z,260.49,261.28,258.28,258.47,133885,2269,259.239195,29.27293090972833,40.09104643929513,33.119043736259954,262.25300000000004,265.5130878257506,258.9929121742495,BEARISH,,BELOW_MID,
AAPL,1H,2026-03-05T18:00:00Z,258.48,259.18,257.7,257.87,84401,1551,258.635444,27.41713458280728,38.995332760065885,30.268089159533616,261.9235,265.55529685845454,258.29170314154544,BEARISH,,BELOW_MID,
AAPL,1H,2026-03-05T19:00:00Z,257.95,258.32,257.01,257.56,76502,1338,257.813333,26.442742893174184,37.8796738218874,28.3554160263539,261.6905,265.8076961588627,257.57330384113726,BEARISH,,BELOW_MID,
AAPL,1H,2026-03-05T20:00:00Z,257.53,260.32,257.19,260.01,344908,4675,259.30793,44.104850997339646,38.423297695793394,36.23013351184677,261.5915,265.7730901029993,257.4099098970007,NEUTRAL,BULLISH_CROSS,BELOW_MID,
AAPL,1H,2026-03-05T21:00:00Z,259.13,259.13,259.09,259.09,260,7,259.11,40.04305182388735,38.541631688414896,38.13659266786706,261.4375,265.7540672277409,257.1209327722591,NEUTRAL,,BELOW_MID,
AAPL,1H,2026-03-06T14:00:00Z,258.52,258.53,254.23,255.7,161376,2236,255.645216,28.979632841759496,37.6127386068173,33.55811275481328,261.10499999999996,266.09721920908993,256.11278079091,BEARISH,BEARISH_CROSS,BELOW_MID,BEARISH_CONFIRMED
AAPL,1H,2026-03-06T15:00:00Z,255.62,257.31,254.99,257.22,179272,2549,256.367266,37.66679732093506,37.48581907911816,35.61245503787417,260.94050000000004,266.2236150101578,255.65738498984228,NEUTRAL,BULLISH_CROSS,BELOW_MID,
AAPL,1H,2026-03-06T16:00:00Z,257.28,257.7,256.23,256.56,215722,2943,256.877789,35.54305069357264,37.14671916857302,35.577752865723404,260.6625,266.2600666705817,255.06493332941835,BEARISH,BEARISH_CROSS,BELOW_MID,BEARISH_CONFIRMED
AAPL,1H,2026-03-06T17:00:00Z,256.47,257.0,255.84,256.13,183659,2671,256.455725,34.13249859781149,36.64123725572477,34.855125731767444,260.3165,266.14347276284826,254.48952723715178,BEARISH,,BELOW_MID,
AAPL,1H,2026-03-06T18:00:00Z,256.09,257.33,255.67,256.1,122407,1966,256.414763,34.026510483764724,36.14540230465019,34.440818107766084,259.946,265.85967158193415,254.0323284180659,BEARISH,,BELOW_MID,
AAPL,1H,2026-03-06T19:00:00Z,256.14,257.43,256.11,257.35,126713,2049,256.734843,42.40920159571493,36.45666781775248,38.42500985174051,259.7045,265.62852237104653,253.7804776289535,NEUTRAL,BULLISH_CROSS,BELOW_MID,
AAPL,1H,2026-03-06T20:00:00Z,257.36,257.77,256.24,257.18,331197,4528,256.982285,41.60047134207548,36.71525780764817,40.012740596907996,259.37199999999996,265.06297013282085,253.68102986717906,NEUTRAL,,BELOW_MID,
AAPL,1H,2026-03-09T13:00:00Z,254.51,256.71,253.49,255.53,163856,2084,255.04022,34.43108687108878,36.31769475393123,37.22191373399839,258.91600000000005,264.27832235628,253.5536776437201,BEARISH,BEARISH_CROSS,BELOW_MID,BEARISH_CONFIRMED
AAPL,1H,2026-03-09T14:00:00Z,255.41,257.61,255.27,257.08,192635,2777,256.099015,44.533294046872065,36.90734386561552,40.877603890435225,258.55100000000004,263.3068270076133,253.79517299238677,NEUTRAL,BULLISH_CROSS,BELOW_MID,
AAPL,1H,2026-03-09T15:00:00Z,257.08,257.93,256.74,257.22,173649,2303,257.275353,45.38826841107516,37.61787564192787,43.13293615075519,258.26000000000005,262.54858460272914,253.971415397271,NEUTRAL,,BELOW_MID,
AAPL,1H,2026-03-09T16:00:00Z,257.13,258.03,256.94,257.46,115528,1740,257.48667,46.964863387562154,38.50407115062235,45.04889976915867,257.98449999999997,261.66373604770945,254.3052639522905,NEUTRAL,,BELOW_MID,
AAPL,1H,2026-03-09T17:00:00Z,257.46,257.5,255.75,255.89,129118,1692,256.401454,38.73521789046984,38.634635816224545,41.89205882981426,257.666,260.85736598373376,254.4746340162662,NEUTRAL,,BELOW_MID,
AAPL,1H,2026-03-09T18:00:00Z,255.89,257.54,255.89,257.17,94675,1469,256.911331,47.21831022113139,39.56289016692362,44.555184525472825,257.54,260.5907910967186,254.48920890328145,NEUTRAL,,BELOW_MID,
AAPL,1H,2026-03-09T19:00:00Z,257.12,260.9,256.8,259.65,277240,3995,259.274406,59.455235680426505,41.57637934394267,52.00521010294966,257.48449999999997,260.3215442365299,254.64745576347002,BULLISH,,ABOVE_MID,
AAPL,1H,2026-03-09T20:00:00Z,259.79,259.79,259.79,259.79,160,5,259.79,60.043543830269265,43.51661784596878,56.024376966609466,257.4515,260.1555420037275,254.74745799627254,BULLISH,,ABOVE_MID,
AAPL,1H,2026-03-10T13:00:00Z,257.46,259.58,256.74,257.79,110649,1499,258.36951,48.689302516763064,44.32848668154293,52.356839741686265,257.4175,260.084466540162,254.75053345983804,NEUTRAL,,ABOVE_MID,
AAPL,1H,2026-03-10T14:00:00Z,257.58,261.28,257.31,261.05,140859,2100,259.655466,61.900703782844694,46.288732493237774,57.12877176226548,257.5765,260.6975677997369,254.45543220026317,BULLISH,,ABOVE_MID,
AAPL,1H,2026-03-10T15:00:00Z,261.05,261.52,260.76,261.29,84624,1407,261.088225,62.69620373865425,48.18005071271999,59.91248775045986,257.763,261.29821293932116,254.22778706067882,BULLISH,,ABOVE_MID,
AAPL,1H,2026-03-10T16:00:00Z,261.25,261.71,260.58,260.91,147475,2123,261.154666,60.4480281770858,49.7142660925971,60.18025796377283,257.80800000000005,261.4837618615991,254.13223813840102,BULLISH,,ABOVE_MID,
AAPL,1H,2026-03-10T17:00:00Z,260.88,262.23,260.88,262.09,144591,2185,261.663288,64.85106287133641,51.50154832656661,62.51566041755462,257.95799999999997,262.07268026512855,253.8433197348714,BULLISH,,ABOVE_MID,
AAPL,1H,2026-03-10T18:00:00Z,262.01,262.12,260.25,261.08,118445,2019,261.23126,58.57237764761321,52.62823055373017,60.54401903258392,258.227,262.42277281006875,254.03122718993117,NEUTRAL,,ABOVE_MID,
AAPL,1H,2026-03-10T19:00:00Z,261.12,261.35,260.13,260.51,216941,3398,260.654089,55.18047741058699,53.36634468218688,57.86224822158545,258.3915,262.67803350315995,254.10496649684004,NEUTRAL,,ABOVE_MID,
AAPL,1H,2026-03-11T13:00:00Z,260.85,261.76,260.0,260.93,61363,987,261.013968,57.23344205965933,54.177668390997226,57.54784514062239,258.61,262.9486391269283,254.27136087307173,NEUTRAL,,ABOVE_MID,
AAPL,1H,2026-03-11T14:00:00Z,261.04,261.88,259.33,260.45,105758,1758,260.365802,54.05029444812086,54.61491095443513,55.799069794371626,258.826,263.07397363457324,254.5780263654268,NEUTRAL,BEARISH_CROSS,ABOVE_MID,
AAPL,1H,2026-03-11T15:00:00Z,260.53,260.7,259.7,260.49,80457,1504,260.226584,54.28863742345808,54.99370312275416,55.04385360891485,259.0455,263.1517031380043,254.93929686199576,NEUTRAL,,ABOVE_MID,
AAPL,1H,2026-03-11T16:00:00Z,260.29,260.9,259.93,260.51,49418,917,260.339588,54.42162192113719,55.29732877862997,54.732737765026016,259.20349999999996,263.2780695284453,255.12893047155464,NEUTRAL,,ABOVE_MID,
AAPL,1H,2026-03-11T17:00:00Z,260.48,260.86,259.46,260.28,79496,1412,260.255256,52.44759622624171,55.33320702744871,53.590166995633865,259.3585,263.3438377325059,255.37316226749408,NEUTRAL,,ABOVE_MID,
AAPL,1H,2026-03-11T18:00:00Z,260.28,260.31,259.55,259.94,65484,1194,259.899968,49.463778998879874,55.05437291087729,51.52697299725687,259.579,263.13759759485896,256.02040240514106,BEARISH,,ABOVE_MID,
AAPL,1H,2026-03-11T19:00:00Z,259.96,260.79,259.6,260.57,146661,2394,260.254727,54.82163782393735,55.22857657642451,53.174305410597114,259.7535,263.13394702743494,256.373052972565,NEUTRAL,,ABOVE_MID,
AAPL,1H,2026-03-12T13:00:00Z,258.28,258.7,255.12,255.33,135828,1828,256.668333,27.520268507797113,52.83256679352242,40.34728695919711,259.659,263.4217084310205,255.89629156897948,BEARISH,,BELOW_MID,
AAPL,1H,2026-03-12T14:00:00Z,255.3,256.13,254.13,254.72,153896,2269,255.074036,25.835281006152556,50.357025789860735,33.09128398267484,259.52200000000005,263.78772928299725,255.25627071700285,BEARISH,,BELOW_MID,
AAPL,1H,2026-03-12T15:00:00Z,254.59,255.41,253.96,254.89,152674,2143,254.803489,27.23214839607509,48.093117697858354,30.161716189374964,259.47200000000004,263.935822294146,255.00817770585408,BEARISH,,BELOW_MID,
AAPL,1H,2026-03-12T16:00:00Z,254.91,255.97,254.61,255.01,175206,2325,255.339045,28.304493583543817,46.01211854061065,29.23310488645939,259.364,264.1548702648649,254.57312973513504,BEARISH,,BELOW_MID,
AAPL,1H,2026-03-12T17:00:00Z,255.02,255.42,254.55,255.09,92817,1531,254.967328,29.088238239827845,44.04752354824991,29.160671563143616,259.136,264.28983720103446,253.9821627989656,BEARISH,,BELOW_MID,
AAPL,1H,2026-03-12T18:00:00Z,255.11,255.43,254.66,254.94,108580,1536,255.098862,28.432616600478497,42.10181174876782,28.796644081811056,258.8935,264.3644232358589,253.42257676414113,BEARISH,,BELOW_MID,
AAPL,1H,2026-03-12T19:00:00Z,254.92,256.0,254.75,255.47,194551,3087,255.411292,34.31731104696006,40.825369223987295,31.556977564385555,258.7775,264.44189990782945,253.11310009217053,NEUTRAL,,BELOW_MID,
AAPL,1H,2026-03-13T13:00:00Z,255.2,256.04,254.65,255.48,131424,1580,255.378877,34.43175135419769,39.67069933658902,32.99436445929162,258.499,264.24014934394694,252.7578506560531,NEUTRAL,,BELOW_MID,
AAPL,1H,2026-03-13T14:00:00Z,255.59,255.69,253.5,253.58,154521,2105,254.705035,25.088329470305197,37.728348460449716,29.041346964798407,258.11350000000004,264.0959032312341,252.13109676876596,BEARISH,,BELOW_MID,
AAPL,1H,2026-03-13T15:00:00Z,253.57,254.11,251.65,251.88,184256,2360,252.895382,19.70577719353679,35.456035577818646,24.3735620791676,257.662,264.10131215679576,251.2226878432042,BEARISH,,BELOW_MID,
AAPL,1H,2026-03-13T16:00:00Z,251.92,252.71,251.15,251.18,125255,1981,252.034591,17.924374284512922,33.20788271880497,21.14896818184026,257.1165,263.81944915454727,250.41355084545268,BEARISH,,BELOW_MID,
AAPL,1H,2026-03-13T17:00:00Z,251.23,251.68,250.73,251.05,196764,2728,251.068862,17.592109478265513,31.113609050100283,19.370538830052887,256.615,263.5656273855427,249.66437261445733,BEARISH,,BELOW_MID,
AAPL,1H,2026-03-13T18:00:00Z,251.04,251.56,250.57,250.89,112293,1736,250.965991,17.15187792334325,29.183898544770933,18.261208376698068,256.134,263.27845946539384,248.98954053460622,BEARISH,,BELOW_MID,
AAPL,1H,2026-03-13T19:00:00Z,250.78,250.94,249.63,249.8,316423,4310,250.127931,14.391714361903723,27.182573601926602,16.326461369300894,255.57750000000001,262.8811368013708,248.2738631986292,BEARISH,,BELOW_MID,
AAPL,1H,2026-03-13T20:00:00Z,249.51,249.63,249.39,249.63,369,9,249.51,13.99651343681542,25.32189603406855,15.161487403058157,255.0365,262.42294070685,247.65005929314998,BEARISH,,BELOW_MID,
AAPL,1H,2026-03-16T12:00:00Z,251.28,251.28,251.28,251.28,276,3,251.28,33.83544793959146,25.451930817644012,24.49846767132481,254.57600000000002,261.6736212471815,247.47837875281857,NEUTRAL,BULLISH_CROSS,BELOW_MID,
AAPL,1H,2026-03-16T13:00:00Z,251.35,252.96,249.68,252.8,153786,2571,251.71976,46.601189189174725,26.829997691045342,35.54982843024977,254.19050000000001,260.74804599478375,247.63295400521628,NEUTRAL,,BELOW_MID,
AAPL,1H,2026-03-16T14:00:00Z,252.83,253.51,252.28,253.32,154717,2410,252.8593,50.29229623529956,28.576898747143233,42.92106233277467,253.84250000000003,259.74540517234556,247.9395948276545,BULLISH,,BELOW_MID,
AAPL,1H,2026-03-16T15:00:00Z,253.39,253.64,252.71,252.79,112117,1740,253.168233,46.59890105434884,30.005912473742733,44.759981693561755,253.48499999999999,258.65337549556693,248.31662450443304,NEUTRAL,,BELOW_MID,
AAPL,1H,2026-03-16T16:00:00Z,252.71,253.02,251.97,252.32,107056,1638,252.515435,43.417873896333354,31.171060939968072,44.08892779494755,253.0725,257.03653237015004,249.10846762984997,NEUTRAL,,BELOW_MID,
AAPL,1H,2026-03-16T17:00:00Z,252.36,253.1,251.95,251.97,72263,1117,252.554757,41.06915941771553,32.14886265749892,42.57904360633154,252.9045,256.7486779629128,249.06032203708722,NEUTRAL,,BELOW_MID,
AAPL,1H,2026-03-16T18:00:00Z,251.95,252.87,251.91,252.5,109219,1533,252.370462,46.04172035878409,33.638249908227436,44.310381982557814,252.7935,256.5440158943407,249.04298410565931,NEUTRAL,,BELOW_MID,
AAPL,1H,2026-03-16T19:00:00Z,252.49,253.19,251.96,252.59,311716,4067,252.419617,46.8977126802959,35.12527519748738,45.604047331426855,252.67849999999999,256.29707357764903,249.05992642235094,NEUTRAL,,BELOW_MID,
AAPL,1H,2026-03-17T13:00:00Z,252.84,254.81,251.97,254.48,106810,1500,253.573717,61.3741487132867,37.83716076821341,53.48909802235678,252.652,256.2058657973087,249.09813420269126,BULLISH,,ABOVE_MID,
AAPL,1H,2026-03-17T14:00:00Z,254.4,254.66,253.56,254.18,82188,1324,254.206896,58.5250831724654,40.142239513508876,56.00709059741109,252.6065,256.05054459290415,249.16245540709585,BULLISH,,ABOVE_MID,
AAPL,1H,2026-03-17T15:00:00Z,254.21,254.37,253.45,254.2,63021,1109,253.975254,58.66898103220376,42.32957481926142,57.33803581480743,252.56949999999998,255.92269156688488,249.21630843311507,BULLISH,,ABOVE_MID,
AAPL,1H,2026-03-17T16:00:00Z,254.17,254.89,253.9,253.9,73381,1183,254.48456,55.4240120301356,44.093857779404395,56.38102392247151,252.49100000000004,255.62460663235407,249.357393367646,NEUTRAL,,ABOVE_MID,
AAPL,1H,2026-03-17T17:00:00Z,253.87,254.38,253.33,254.27,66949,1031,253.814271,58.60106304379596,46.030117691310195,57.49104348313374,252.4305,255.36128380032167,249.49971619967832,BULLISH,,ABOVE_MID,
AAPL,1H,2026-03-17T18:00:00Z,254.3,254.39,253.58,253.63,36789,632,253.948873,51.4634517231753,47.21237937927717,54.47724760315452,252.433,255.36799466511064,249.49800533488934,NEUTRAL,,ABOVE_MID,
AAPL,1H,2026-03-17T19:00:00Z,253.59,254.31,252.91,254.0,139642,2456,253.622535,55.026170494944814,48.64479428732285,54.751709049049666,252.539,255.54223965428503,249.53576034571495,BULLISH,,ABOVE_MID,
AAPL,1H,2026-03-18T13:00:00Z,252.38,254.68,251.15,253.13,93440,1320,253.556334,46.07899935262318,49.134228957215306,50.41535420083642,252.6365,255.57999076688796,249.69300923311206,BEARISH,BEARISH_CROSS,ABOVE_MID,
AAPL,1H,2026-03-18T14:00:00Z,253.15,253.56,251.86,252.25,133724,2298,252.534044,38.88438343551127,48.85543784174658,44.64986881817384,252.69650000000001,255.551414691327,249.84158530867302,BEARISH,,BELOW_MID,
AAPL,1H,2026-03-18T15:00:00Z,252.29,252.83,251.29,251.53,129390,2363,251.992005,33.998268084185696,48.04171845126122,39.32406845117977,252.7285,255.51160145058142,249.94539854941857,BEARISH,,BELOW_MID,
AAPL,1H,2026-03-18T16:00:00Z,251.44,251.76,250.47,250.77,136123,2101,251.115778,29.583820401940542,46.75566330348987,34.453944426560156,252.777,255.37272198657652,250.18127801342345,BEARISH,,BELOW_MID,
AAPL,1H,2026-03-18T17:00:00Z,250.73,251.17,250.17,251.12,125848,1928,250.820517,34.02219944089188,45.81927922645177,34.23807193372602,252.8515,255.13348689973108,250.5695131002689,BEARISH,,BELOW_MID,
AAPL,1H,2026-03-18T18:00:00Z,251.1,251.42,249.64,249.65,151978,2479,250.611765,26.214884609478418,44.08815880076142,30.22647827160222,252.76999999999998,255.38101311251054,250.15898688748942,BEARISH,,BELOW_MID,
AAPL,1H,2026-03-18T19:00:00Z,249.64,250.3,248.78,249.7,208654,3050,249.511671,26.857152722634268,42.36253300365811,28.541815497118243,252.61499999999995,255.56461549680034,249.66538450319956,BEARISH,,BELOW_MID,
AAPL,1H,2026-03-19T12:00:00Z,249.79,250.0,249.79,250.0,760,13,249.911739,30.916230733635118,41.036123368667255,29.72902311537668,252.44899999999998,255.59847547847116,249.2995245215288,NEUTRAL,,BELOW_MID,
AAPL,1H,2026-03-19T13:00:00Z,249.7,251.58,247.13,250.48,235475,3171,249.430153,37.190371594361686,40.34799042861492,33.459697354869185,252.33350000000002,255.5976612124817,249.06933878751832,NEUTRAL,,BELOW_MID,
AAPL,1H,2026-03-19T14:00:00Z,250.57,250.94,249.16,249.67,221888,3160,250.076914,31.721172046834624,39.219375818185405,32.5904347008519,252.20100000000002,255.67581101341707,248.72618898658297,BEARISH,,BELOW_MID,
AAPL,1H,2026-03-19T15:00:00Z,249.63,250.03,248.82,249.36,129457,2091,249.258569,29.832272811411528,37.983448848723974,31.211353756131714,252.07049999999998,255.7705795155063,248.37042048449365,BEARISH,,BELOW_MID,
AAPL,1H,2026-03-19T16:00:00Z,249.32,249.69,247.65,247.83,113189,1610,248.635243,22.419666015299413,36.13246066007019,26.815509885715564,251.837,255.98523285140675,247.68876714859323,BEARISH,,BELOW_MID,
AAPL,1H,2026-03-19T17:00:00Z,247.8,248.3,247.49,247.74,83416,1396,247.832077,22.056977155655588,34.32923449457613,24.436243520685576,251.59449999999998,256.1083265946237,247.0806734053763,BEARISH,,BELOW_MID,
AAPL,1H,2026-03-19T18:00:00Z,247.71,248.34,247.45,248.2,89201,1481,247.852786,28.690165802031828,33.232855535909025,26.563204661358704,251.28050000000002,255.82279469020312,246.7382053097969,NEUTRAL,,BELOW_MID,
AAPL,1H,2026-03-19T19:00:00Z,248.23,249.35,247.96,248.67,346373,4516,248.602164,35.0442805028399,32.79294391748105,30.8037425820993,251.00500000000002,255.474633212317,246.53536678768305,NEUTRAL,BULLISH_CROSS,BELOW_MID,
AAPL,1H,2026-03-19T20:00:00Z,248.79,248.79,248.79,248.79,100,1,248.79,36.665281851859795,32.614378171520016,33.734512216979546,250.73450000000003,255.04186199644707,246.42713800355298,NEUTRAL,,BELOW_MID,
AAPL,1H,2026-03-20T12:00:00Z,247.39,247.39,247.27,247.27,375,7,247.336667,27.046960062741405,31.65605071018719,30.390736139860476,250.40299999999996,254.7050930034741,246.10090699652582,BEARISH,BEARISH_CROSS,BELOW_MID,BEARISH_CONFIRMED
AAPL,1H,2026-03-20T13:00:00Z,247.45,248.45,246.44,247.5,186792,2340,247.321695,30.165498372465933,31.11811859722527,30.278117256163206,250.0645,254.1451370761663,245.98386292383373,BEARISH,,BELOW_MID,
AAPL,1H,2026-03-20T14:00:00Z,247.43,248.61,246.6,247.98,185729,2564,247.580274,36.53503259158098,31.268579264605716,33.40657492387209,249.782,253.59696554444173,245.9670344555583,NEUTRAL,BULLISH_CROSS,BELOW_MID,
AAPL,1H,2026-03-20T15:00:00Z,248.0,248.67,247.62,248.61,125686,1795,248.020009,44.067751322998596,32.199356485284795,38.737163123435344,249.5125,252.79757870610084,246.22742129389914,NEUTRAL,,BELOW_MID,
AAPL,1H,2026-03-20T16:00:00Z,248.64,248.78,247.9,248.19,121157,1571,248.314637,40.46557726947177,32.834679356509824,39.60137019645356,249.26549999999997,252.11998105708847,246.41101894291148,NEUTRAL,,BELOW_MID,
AAPL,1H,2026-03-20T17:00:00Z,248.27,248.52,247.31,247.94,71821,1242,247.983064,38.36553377661708,33.34212205403582,38.983451986535314,249.05,251.58913371054257,246.51086628945745,NEUTRAL,,BELOW_MID,
AAPL,1H,2026-03-20T18:00:00Z,247.99,248.51,247.38,248.16,101486,1592,247.938464,41.377447107717764,34.1567666802593,40.18044954712654,248.88150000000002,251.1617610653891,246.60123893461093,NEUTRAL,,BELOW_MID,
AAPL,1H,2026-03-20T19:00:00Z,248.28,248.96,245.83,247.95,305865,4517,247.60548,39.31435272000305,34.77306478780655,39.74740113356479,248.74049999999997,250.87303962757346,246.60796037242648,NEUTRAL,,BELOW_MID,
AAPL,1H,2026-03-20T20:00:00Z,248.75,248.75,248.75,248.75,100,1,248.75,49.998941629005685,36.33767580640674,44.87317138128524,248.62199999999999,250.43765821036212,246.80634178963786,NEUTRAL,,ABOVE_MID,
AAPL,1H,2026-03-23T12:00:00Z,250.44,252.65,250.44,252.65,1657,11,251.601117,74.56198543853901,40.04691365952269,59.71757840991212,248.77200000000002,251.30086161199958,246.24313838800046,BULLISH,,ABOVE_MID,
AAPL,1H,2026-03-23T13:00:00Z,253.23,254.26,251.13,251.71,207988,2837,252.741421,65.79746930413864,42.783880409521515,62.75752385702538,248.87250000000003,251.69890091021725,246.0460990897828,BULLISH,,ABOVE_MID,
AAPL,1H,2026-03-23T14:00:00Z,251.81,252.76,250.85,251.88,173532,2985,251.883732,66.59634293737415,45.42211885477265,64.67693339719976,248.9665,252.06293785153758,245.8700621484624,BULLISH,,ABOVE_MID,
AAPL,1H,2026-03-23T15:00:00Z,251.89,252.66,251.33,251.43,142649,2708,252.217467,62.26539737296476,47.49460384951585,63.47116538508226,249.01399999999998,252.2348426488164,245.79315735118357,NEUTRAL,,ABOVE_MID,
AAPL,1H,2026-03-23T16:00:00Z,251.35,252.14,250.45,250.85,157274,2509,251.376613,56.899878968103835,48.94360376572479,60.18552217659305,249.073,252.3863420876039,245.7596579123961,NEUTRAL,,ABOVE_MID,
AAPL,1H,2026-03-23T17:00:00Z,250.81,251.72,250.07,251.72,103012,1847,250.848105,62.37160562106816,50.80471083491429,61.278563898830605,249.19099999999997,252.70914484606706,245.6728551539329,BULLISH,,ABOVE_MID,
AAPL,1H,2026-03-23T18:00:00Z,251.67,252.16,250.96,252.09,119979,2118,251.47569,64.52630798824597,52.72901407785489,62.90243594353829,249.404,253.08715882733588,245.7208411726641,BULLISH,,ABOVE_MID,
AAPL,1H,2026-03-23T19:00:00Z,252.07,252.29,250.75,251.23,183595,2856,251.616971,56.12280733605815,53.73917208757999,59.512621639798226,249.57850000000002,253.26041183176025,245.8965881682398,NEUTRAL,,ABOVE_MID,
AAPL,1H,2026-03-24T13:00:00Z,249.83,251.92,249.44,251.38,99121,1491,251.159308,57.216131145741976,54.702822126234096,58.3643763927701,249.7375,253.44333536999252,246.0316646300075,NEUTRAL,,ABOVE_MID,
AAPL,1H,2026-03-24T14:00:00Z,251.41,253.07,251.36,251.87,154352,2508,252.356239,60.805305835388396,55.840556643210675,59.584841114079246,249.89749999999998,253.68470213350355,246.1102978664964,BULLISH,,ABOVE_MID,
AAPL,1H,2026-03-24T15:00:00Z,251.87,254.44,251.84,253.65,93647,1639,253.486814,70.81208060930442,57.748971377584986,65.19846086169183,250.14049999999997,254.23934438142894,246.041655618571,BULLISH,,ABOVE_MID,
AAPL,1H,2026-03-24T16:00:00Z,253.68,254.59,253.16,253.38,116020,1744,253.623576,67.85577097526198,59.23379172918287,66.52711591847691,250.446,254.5547962124938,246.33720378750618,BULLISH,,ABOVE_MID,
AAPL,1H,2026-03-24T17:00:00Z,253.45,253.6,252.06,252.97,93049,1649,252.733404,63.33843388605803,60.17292131023235,64.93277490226747,250.7195,254.7296475232102,246.70935247678983,NEUTRAL,,ABOVE_MID,
AAPL,1H,2026-03-24T18:00:00Z,252.97,253.27,252.01,252.2,86454,1589,252.451146,55.528126575376554,60.244917006660046,60.230450738822015,250.9305,254.77436578987096,247.08663421012903,NEUTRAL,BEARISH_CROSS,ABOVE_MID,
AAPL,1H,2026-03-24T19:00:00Z,252.32,252.9,251.04,251.53,151968,2686,251.608412,49.547346874261,59.66341053024646,54.888898806541505,251.07649999999998,254.76805665354465,247.38494334645532,BEARISH,,ABOVE_MID,
AAPL,1H,2026-03-25T12:00:00Z,254.57,254.57,254.57,254.57,250,4,254.57,67.44547069124233,60.65267585415291,61.16718474889192,251.39550000000003,255.1390838443949,247.65191615560516,BULLISH,BULLISH_CROSS,ABOVE_MID,BULLISH_CONFIRMED
AAPL,1H,2026-03-25T13:00:00Z,254.26,254.61,251.63,251.66,79229,1343,253.259394,48.801804836041974,59.84586021560286,54.98449479246695,251.5815,254.95339795063373,248.20960204936628,BEARISH,BEARISH_CROSS,ABOVE_MID,
AAPL,1H,2026-03-25T14:00:00Z,251.67,253.42,251.37,253.17,111960,1953,252.552179,55.915579970827174,59.64966384226457,55.450037381647064,251.83200000000002,254.860556022094,248.80344397790606,NEUTRAL,,ABOVE_MID,
AAPL,1H,2026-03-25T15:00:00Z,253.2,254.22,252.87,253.31,114417,1895,253.573995,56.545354802804106,59.43474550042979,55.99769609222558,252.1,254.58133240947882,249.61866759052117,NEUTRAL,,ABOVE_MID,
AAPL,1H,2026-03-25T16:00:00Z,253.17,254.42,252.92,254.02,83666,1524,253.712087,59.8201999974652,59.451878420035676,57.90894804484539,252.36350000000002,254.4318609071242,250.29513909287584,BULLISH,BULLISH_CROSS,ABOVE_MID,BULLISH_CONFIRMED
AAPL,1H,2026-03-25T17:00:00Z,254.01,254.28,253.52,253.75,60083,1162,253.865179,57.95176008626415,59.210383264261985,57.930354065554766,252.4185,254.57553768603185,250.26146231396814,NEUTRAL,BEARISH_CROSS,ABOVE_MID,
AAPL,1H,2026-03-25T18:00:00Z,253.74,253.98,252.49,252.57,96149,1306,253.267207,50.236948993104825,58.23311385994454,54.0836515293298,252.46149999999997,254.59320823519874,250.3297917648012,NEUTRAL,,ABOVE_MID,
AAPL,1H,2026-03-25T19:00:00Z,252.51,252.82,251.78,252.38,225464,2333,252.160226,49.054023433139214,57.25360895643297,51.56883748123451,252.48650000000004,254.60115338705492,250.37184661294515,BEARISH,,BELOW_MID,
AAPL,1H,2026-03-26T12:00:00Z,251.71,251.71,251.71,251.71,140,2,251.71,44.863210869927045,55.96560354228738,48.21602417558078,252.50050000000002,254.5892515787927,250.41174842120734,BEARISH,,BELOW_MID,
AAPL,1H,2026-03-26T13:00:00Z,251.74,253.58,250.65,253.55,125492,1668,251.875659,56.37734407405148,55.81842033313775,52.296684124816124,252.6355,254.62158289433552,250.6494171056645,BULLISH,BULLISH_CROSS,ABOVE_MID,BULLISH_CONFIRMED
AAPL,1H,2026-03-26T14:00:00Z,253.29,256.61,253.23,256.2,255217,4243,255.265247,67.40572344764574,56.699306475262524,59.85120378623093,252.85950000000003,255.3558339435879,250.36316605641215,BULLISH,,ABOVE_MID,
AAPL,1H,2026-03-26T15:00:00Z,256.31,256.75,255.34,256.27,151107,2760,256.082852,67.64877311867002,57.556808195794105,63.74998845245048,253.0685,255.96191375504935,250.17508624495065,BULLISH,,ABOVE_MID,
AAPL,1H,2026-03-26T16:00:00Z,256.26,256.44,255.33,256.04,146652,2398,255.832641,65.83414673467715,58.226499000475236,64.79206759356381,253.30899999999997,256.3545897363432,250.26341026365674,BULLISH,,ABOVE_MID,
AAPL,1H,2026-03-26T17:00:00Z,256.03,256.2,253.44,253.59,166120,2828,254.598147,49.819498082006,57.434651015318586,57.3057828377849,253.41949999999997,256.3276697988531,250.51133020114685,BEARISH,BEARISH_CROSS,ABOVE_MID,
AAPL,1H,2026-03-26T18:00:00Z,253.56,254.88,253.2,254.03,178108,2703,253.904073,52.17023261480085,56.88379322255477,54.73800772629288,253.5275,256.35262691843695,250.70237308156302,NEUTRAL,,ABOVE_MID,
AAPL,1H,2026-03-26T19:00:00Z,254.11,254.25,251.87,252.64,270592,4355,252.890114,44.72418707623782,55.677865915596655,49.731097401265345,253.477,256.32888838639155,250.62511161360845,BEARISH,,BELOW_MID,
AAPL,1H,2026-03-26T20:00:00Z,254.21,254.21,254.2,254.2,540,12,254.205,53.164201095153366,55.30882784308174,51.44764924820936,253.51799999999997,256.38753948258585,250.6484605174141,NEUTRAL,,ABOVE_MID,
AAPL,1H,2026-03-27T13:00:00Z,253.67,255.04,252.62,254.76,210010,2822,254.187296,55.884491503657046,55.263486645427115,53.6660703759332,253.6075,256.51646165233416,250.69853834766582,BULLISH,BULLISH_CROSS,ABOVE_MID,BULLISH_CONFIRMED
AAPL,1H,2026-03-27T14:00:00Z,254.61,255.22,251.57,253.05,275152,3912,253.964265,46.58883987287738,54.424909929267,50.12745512440529,253.65,256.49654545943775,250.80345454056229,BEARISH,BEARISH_CROSS,BELOW_MID,BEARISH_CONFIRMED
AAPL,1H,2026-03-27T15:00:00Z,253.0,253.2,251.76,252.5,110464,1756,252.434318,43.94395496565022,53.418398195623816,47.035705045027754,253.69850000000002,256.42341255292104,250.97358744707898,BEARISH,,BELOW_MID,
AAPL,1H,2026-03-27T16:00:00Z,252.51,252.65,251.46,252.18,96981,1433,252.148575,42.36954268010411,52.31890600143197,44.70262386256593,253.579,256.3521866526688,250.80581334733122,BEARISH,,BELOW_MID,
AAPL,1H,2026-03-27T17:00:00Z,252.25,252.38,249.12,249.58,129392,1933,250.430353,31.917084573648708,50.30026308844615,38.30985421810732,253.475,256.6744506107362,250.27554938926377,BEARISH,,BELOW_MID,
AAPL,1H,2026-03-27T18:00:00Z,249.53,249.71,248.39,248.44,117114,1931,248.87367,28.454505304392313,48.12064277919717,33.382179761249816,253.2385,257.15238499952255,249.32461500047742,BEARISH,,BELOW_MID,
AAPL,1H,2026-03-27T19:00:00Z,248.44,249.12,247.87,248.47,246228,3743,248.499283,28.683557840593807,46.04992897554074,31.03286880092181,252.99650000000003,257.4527210802208,248.54027891977927,BEARISH,,BELOW_MID,
AAPL,1H,2026-03-30T13:00:00Z,249.81,250.5,246.79,247.38,132954,2099,247.712626,25.364350883462578,43.795356626561706,28.198609842192194,252.6645,257.74528102160366,247.58371897839632,BEARISH,,BELOW_MID,
AAPL,1H,2026-03-30T14:00:00Z,247.43,248.03,245.82,246.25,111615,1812,246.909545,22.348228962603585,41.401574076635946,25.27341940239789,252.2895,258.08919318607855,246.48980681392146,BEARISH,,BELOW_MID,
AAPL,1H,2026-03-30T15:00:00Z,246.29,246.96,245.95,246.63,146894,2429,246.461913,25.691129655941523,39.47390791456713,25.482274529169707,251.9925,258.31639245556,245.66860754444005,NEUTRAL,,BELOW_MID,
AAPL,1H,2026-03-30T16:00:00Z,246.63,247.18,245.73,247.12,101155,1708,246.421467,30.058992569297914,38.08297660795635,27.77063354923381,251.7295,258.4128318983253,245.0461681016747,NEUTRAL,,BELOW_MID,
AAPL,1H,2026-03-30T17:00:00Z,247.08,247.22,245.75,246.77,99869,1743,246.413498,28.70323012330988,36.65614463060124,28.236931836271843,251.4825,258.52438932483125,244.44061067516873,NEUTRAL,,BELOW_MID,
AAPL,1H,2026-03-30T18:00:00Z,246.7,246.92,245.96,246.49,108634,1732,246.381168,27.583530479386198,35.215620448862715,27.91023115782902,251.1295,258.4377836202284,243.82121637977158,BEARISH,,BELOW_MID,
AAPL,1H,2026-03-30T19:00:00Z,246.5,246.8,245.32,246.49,196130,3323,246.129087,27.583530479386198,33.849900078338656,27.746880818607607,250.644,257.82296166073695,243.4650383392631,BEARISH,,BELOW_MID,
AAPL,1H,2026-03-31T13:00:00Z,247.95,249.0,247.45,248.59,106582,1611,248.1882,47.15228843524578,34.38780624750168,37.44958462692669,250.26000000000005,256.97872481635545,243.54127518364467,NEUTRAL,BULLISH_CROSS,BELOW_MID,
AAPL,1H,2026-03-31T14:00:00Z,248.6,248.87,246.9,247.03,127650,2067,248.012131,38.46556727412309,34.223687700772174,37.95757595052489,249.8095,256.09040665597473,243.5285933440253,NEUTRAL,,BELOW_MID,
AAPL,1H,2026-03-31T15:00:00Z,247.05,248.8,247.05,248.38,83242,1363,248.108123,47.82367947544722,35.03664085132558,42.89062771298606,249.54900000000004,255.59758539355883,243.50041460644124,NEUTRAL,,BELOW_MID,
AAPL,1H,2026-03-31T16:00:00Z,248.33,253.02,248.33,252.98,160965,2570,250.772979,67.03898262519697,37.67440713349791,54.96480516909151,249.49649999999997,255.3977550850613,243.59524491493863,BULLISH,,ABOVE_MID,
AAPL,1H,2026-03-31T17:00:00Z,253.0,253.73,252.2,252.32,102902,1918,252.954067,63.27747817374253,39.895675242407336,59.12114167141702,249.48050000000003,255.34750488459017,243.6134951154099,BULLISH,,ABOVE_MID,
AAPL,1H,2026-03-31T18:00:00Z,252.32,253.71,252.32,253.51,133355,2069,252.955217,67.02988700259368,42.4099881125589,63.07551433700535,249.446,255.20324129843766,243.68875870156234,BULLISH,,ABOVE_MID,
AAPL,1H,2026-03-31T19:00:00Z,253.55,255.17,253.06,253.5,302136,4430,253.775065,66.96519771506215,44.82185866684673,65.02035602603375,249.38299999999998,254.9187140936225,243.84728590637746,BULLISH,,ABOVE_MID,
AAPL,1H,2026-04-01T12:00:00Z,254.64,254.64,254.64,254.64,100,1,254.64,70.60363494170423,47.504751667626245,67.811995483869,249.4625,255.2594570057342,243.66554299426582,BULLISH,,ABOVE_MID,
AAPL,1H,2026-04-01T13:00:00Z,253.81,255.74,253.63,254.39,139288,2242,254.769165,68.73590320601556,49.95413163858968,68.27394934494228,249.55700000000002,255.6180511508027,243.49594884919733,BULLISH,,ABOVE_MID,
AAPL,1H,2026-04-01T14:00:00Z,254.22,254.91,253.13,253.81,185949,2767,254.059253,64.29658905814343,51.90406286306633,66.28526920154286,249.63849999999996,255.88893417439425,243.38806582560568,NEUTRAL,,ABOVE_MID,
AAPL,1H,2026-04-01T15:00:00Z,253.86,254.56,253.6,254.41,111567,1823,253.984629,66.79258077280105,53.992795784146075,66.53892498717195,249.87999999999997,256.4841454286016,243.2758545713983,BULLISH,,ABOVE_MID,
AAPL,1H,2026-04-01T16:00:00Z,254.42,254.72,253.86,254.38,102279,1657,254.361251,66.53095548555332,55.952017150572566,66.53494023636264,250.177,257.0377536796365,243.31624632036343,NEUTRAL,,ABOVE_MID,
AAPL,1H,2026-04-01T17:00:00Z,254.35,255.16,254.28,254.58,108109,1683,254.856938,67.48612721370372,57.84822871344606,67.01053372503318,250.4825,257.56380489015856,243.40119510984144,BULLISH,,ABOVE_MID,
AAPL,1H,2026-04-01T18:00:00Z,254.57,254.68,253.75,254.1,120627,1875,254.288524,62.6580027533355,59.13655181061805,64.83426823918434,250.8185,257.91766310857275,243.71933689142725,NEUTRAL,,ABOVE_MID,
AAPL,1H,2026-04-01T19:00:00Z,254.19,255.89,254.18,255.19,344505,3800,255.290099,68.42831702345511,60.8023734132436,66.63129263131972,251.26549999999997,258.2787760570682,244.25222394293175,BULLISH,,ABOVE_MID,
AAPL,1H,2026-04-02T12:00:00Z,252.6,252.6,252.6,252.6,200,2,252.6,48.425152402945464,60.4633014090696,57.52822251713259,251.564,258.24696624970915,244.8810337502908,BEARISH,BEARISH_CROSS,ABOVE_MID,
AAPL,1H,2026-04-02T13:00:00Z,253.17,254.49,250.44,252.3,143538,2029,251.518062,46.64821592818577,59.84980261091163,52.08821922265918,251.823,258.17405660500793,245.47194339499205,BEARISH,,ABOVE_MID,
AAPL,1H,2026-04-02T14:00:00Z,252.26,255.12,250.97,255.12,191922,2929,252.697337,61.56334132747764,60.50150098640253,56.82578027506841,252.24050000000003,258.28327550381357,246.1977244961865,BULLISH,BULLISH_CROSS,ABOVE_MID,BULLISH_CONFIRMED
AAPL,1H,2026-04-02T15:00:00Z,255.13,255.45,254.16,254.38,102814,1577,254.763016,56.869858393561486,60.59013663301715,56.84781933431495,252.635,258.09959417282744,247.17040582717257,NEUTRAL,BEARISH_CROSS,ABOVE_MID,
AAPL,1H,2026-04-02T16:00:00Z,254.33,254.64,253.82,254.22,88119,1229,254.112179,55.83443968529663,60.46270985043776,56.34112950980579,253.02149999999997,257.6918331336172,248.35116686638278,NEUTRAL,,ABOVE_MID,
AAPL,1H,2026-04-02T17:00:00Z,254.22,255.24,253.95,254.36,54926,1074,254.620205,56.612052734523466,60.283676854991946,56.47659112216463,253.31,257.5176571803539,249.1023428196461,NEUTRAL,,ABOVE_MID,
AAPL,1H,2026-04-02T18:00:00Z,254.48,255.19,254.43,255.06,90109,1319,254.850999,60.52188994518337,60.33441900746267,58.499240533674,253.71149999999997,256.7721450988424,250.65085490115757,BULLISH,BULLISH_CROSS,ABOVE_MID,BULLISH_CONFIRMED
AAPL,1H,2026-04-02T19:00:00Z,255.06,255.89,254.6,255.65,168758,2510,255.339248,63.62962406591221,60.609805380822436,61.064432299793104,254.075,255.97713730203813,252.17286269796185,BULLISH,,ABOVE_MID,
AAPL,1H,2026-04-06T13:00:00Z,256.33,259.76,256.29,259.67,70471,1100,257.815773,77.31688921433148,62.02055327506971,69.19066075706229,254.40950000000004,257.4892571674634,251.32974283253668,BULLISH,,ABOVE_MID,
AAPL,1H,2026-04-06T14:00:00Z,259.42,261.91,258.74,259.68,105031,1826,260.219984,77.34075308197907,63.30579437919454,73.26570691952068,254.77749999999997,258.4981953226818,251.05680467731818,BULLISH,,ABOVE_MID,
AAPL,1H,2026-04-06T15:00:00Z,259.7,259.87,258.74,259.22,59806,1122,259.272457,73.34743850393505,64.18341047641155,73.30657271172787,255.06300000000002,259.22437679646066,250.90162320353937,BULLISH,,ABOVE_MID,
AAPL,1H,2026-04-06T16:00:00Z,259.29,259.36,258.5,258.77,35370,679,258.991323,69.40364118516412,64.65890664278707,71.355106948446,255.32650000000004,259.7314315664695,250.9215684335306,NEUTRAL,,ABOVE_MID,
AAPL,1H,2026-04-06T17:00:00Z,258.79,258.8,257.68,257.95,44518,845,258.274214,62.51308285314145,64.49771242321002,66.93409490079372,255.49200000000002,260.0348931194507,250.94910688054932,NEUTRAL,BEARISH_CROSS,ABOVE_MID,
AAPL,1H,2026-04-06T18:00:00Z,257.94,259.14,257.64,258.99,52851,853,258.544046,67.16452356098276,64.77864967431083,67.04930923088824,255.72199999999998,260.4901734337954,250.95382656620453,BULLISH,BULLISH_CROSS,ABOVE_MID,BULLISH_CONFIRMED
AAPL,1H,2026-04-06T19:00:00Z,258.96,258.99,257.81,258.63,112098,2103,258.425237,64.06870572733158,64.79303686858934,65.55900747910991,255.96300000000002,260.81084531627636,251.11515468372372,NEUTRAL,BEARISH_CROSS,ABOVE_MID,
AAPL,1H,2026-04-07T13:00:00Z,256.25,256.25,248.81,249.12,152342,2366,250.590801,27.03517269777926,61.460943560089014,46.297090088444584,255.69850000000002,261.4044203787327,249.99257962126734,BEARISH,,BELOW_MID,
AAPL,1H,2026-04-07T14:00:00Z,248.98,249.43,245.8,245.9,266869,3999,248.12473,22.156715916105696,57.846659013256286,34.22690300227514,255.2745,262.461108818894,248.087891181106,BEARISH,,BELOW_MID,
AAPL,1H,2026-04-07T15:00:00Z,245.95,248.28,245.47,248.2,203793,3468,247.083353,32.0147932978232,55.32179217150045,33.12084815004917,254.95550000000003,262.8074980025211,247.103501997479,BEARISH,,BELOW_MID,
AAPL,1H,2026-04-07T16:00:00Z,248.31,250.11,248.28,249.76,151235,2644,249.46772,38.00544291725674,53.49095045613351,35.56314553365296,254.7385,262.9228940713901,246.5541059286099,NEUTRAL,,BELOW_MID,
AAPL,1H,2026-04-07T17:00:00Z,249.71,253.1,249.5,251.47,200966,3223,251.593259,44.081717048702046,52.34011930811202,39.8224312911775,254.5525,262.86181975175214,246.2431802482479,NEUTRAL,,BELOW_MID,
AAPL,1H,2026-04-07T18:00:00Z,251.51,251.74,249.91,250.13,127136,2077,251.004133,40.57572225527973,50.95097818192068,40.19907677322861,254.429,262.93168044423976,245.92631955576022,NEUTRAL,,BELOW_MID,
AAPL,1H,2026-04-07T19:00:00Z,250.14,253.36,249.98,253.36,223494,3650,252.153567,51.118349913532,50.64083175525954,45.658713343380306,254.48199999999997,262.94191066271196,246.02208933728798,BULLISH,BULLISH_CROSS,BELOW_MID,
AAPL,1H,2026-04-07T20:00:00Z,252.96,252.96,252.78,252.9,417,7,252.88,49.705496185628945,50.190585216925,47.68210476450463,254.371,262.85388903120895,245.88811096879107,NEUTRAL,BEARISH_CROSS,BELOW_MID,BEARISH_CONFIRMED
AAPL,1H,2026-04-08T12:00:00Z,258.65,258.65,258.65,258.65,195,4,258.65,63.78229346266365,51.0068125424878,55.732199113584144,254.5845,263.28060069907406,245.88839930092593,BULLISH,BULLISH_CROSS,ABOVE_MID,BULLISH_CONFIRMED
AAPL,1H,2026-04-08T13:00:00Z,258.71,258.71,256.31,258.3,185892,2705,257.529021,62.582818549790154,51.704390840753945,59.15750883168715,254.78850000000003,263.63865676340583,245.93834323659422,BULLISH,,ABOVE_MID,
AAPL,1H,2026-04-08T14:00:00Z,258.26,259.39,257.4,258.61,224516,3637,258.336701,63.27106743474951,52.43980579022319,61.21428813321833,255.00099999999998,264.01049417354676,245.9915058264532,BULLISH,,ABOVE_MID,
AAPL,1H,2026-04-08T15:00:00Z,258.74,259.25,257.14,257.33,178618,3299,257.961351,58.29056127191924,52.69025425844185,59.75242470256879,255.1145,264.184117237906,246.04488276209403,NEUTRAL,,ABOVE_MID,
AAPL,1H,2026-04-08T16:00:00Z,257.4,258.44,256.88,258.19,141848,2894,257.624443,60.632864614836514,53.14637312347378,60.19264465870265,255.2415,264.4132490153196,246.0697509846804,BULLISH,,ABOVE_MID,
AAPL,1H,2026-04-08T17:00:00Z,258.16,258.38,257.19,257.46,144254,2750,257.668001,57.546787268243605,53.321459092626476,58.869715963473126,255.131,264.1297201429171,246.1322798570829,NEUTRAL,,ABOVE_MID,
AAPL,1H,2026-04-08T18:00:00Z,257.45,257.68,256.66,257.16,132147,2501,257.210703,56.223757835431684,53.40260228562599,57.546736899452405,255.00500000000002,263.80388150786735,246.2061184921327,NEUTRAL,,ABOVE_MID,
AAPL,1H,2026-04-08T19:00:00Z,257.14,258.73,256.87,258.73,230143,3727,257.822554,61.44273676648475,54.049510365772754,59.49473683296858,254.98049999999998,263.7325691688799,246.2284308311201,BULLISH,,ABOVE_MID,
AAPL,1H,2026-04-08T20:00:00Z,258.21,258.63,258.21,258.63,353,8,258.42,60.92229018956007,54.71792770219692,60.20851351126433,254.97349999999997,263.7130225089375,246.2339774910624,BULLISH,,ABOVE_MID,
AAPL,1H,2026-04-09T12:00:00Z,257.3,257.3,257.3,257.3,100,1,257.3,54.06957441291312,54.817159397949155,57.13904396208872,254.94099999999997,263.6386509835469,246.24334901645307,NEUTRAL,BEARISH_CROSS,ABOVE_MID,
AAPL,1H,2026-04-09T13:00:00Z,259.13,259.75,255.89,255.95,140547,1952,257.637547,47.915067639900904,54.423271719411346,52.527055800994816,254.789,263.29280694933715,246.28519305066285,BEARISH,,ABOVE_MID,
AAPL,1H,2026-04-09T14:00:00Z,255.9,257.99,255.86,257.37,123520,1981,257.205596,54.097805707832826,54.65464600901122,53.312430754413825,254.72599999999997,263.12805338311097,246.32394661688895,NEUTRAL,,ABOVE_MID,
AAPL,1H,2026-04-09T15:00:00Z,257.42,258.47,257.13,258.45,128737,2163,257.655936,58.33012898675332,55.32734283848333,55.821279870583574,255.19250000000002,263.31540296824943,247.06959703175065,BULLISH,BULLISH_CROSS,ABOVE_MID,BULLISH_CONFIRMED
AAPL,1H,2026-04-09T16:00:00Z,258.43,259.38,258.42,259.19,79706,1330,258.880675,61.09521646918197,56.27625358081941,58.45824816988277,255.85700000000003,262.87892985919007,248.83507014081002,BULLISH,,ABOVE_MID,
AAPL,1H,2026-04-09T17:00:00Z,259.3,260.28,259.3,259.69,75153,1198,259.826392,62.96335536008262,57.247549054486704,60.7108017649827,256.43149999999997,262.64984053002763,250.21315946997234,BULLISH,,ABOVE_MID,
AAPL,1H,2026-04-09T18:00:00Z,259.65,259.81,259.12,259.66,60104,966,259.493633,62.759935934842275,58.02369973432706,61.73536884991249,256.92650000000003,262.4455703832034,251.40742961679663,BULLISH,,ABOVE_MID,
AAPL,1H,2026-04-09T19:00:00Z,259.64,260.79,259.63,260.2,158305,2987,260.159996,65.04668226835324,58.87464058891507,63.39102555913286,257.363,262.4271655414881,252.29883445851195,BULLISH,,ABOVE_MID,
AAPL,1H,2026-04-10T13:00:00Z,259.74,260.42,258.88,260.06,104078,1588,259.716052,63.902197121251916,59.504475697008615,63.64661134019239,257.85949999999997,261.74861287408635,253.9703871259136,BULLISH,,ABOVE_MID,
AAPL,1H,2026-04-10T14:00:00Z,260.03,261.94,259.97,261.46,115728,2026,261.299461,69.86681437112512,60.5907457928718,66.75671285565875,258.2645,261.8563707924269,254.67262920757307,BULLISH,,ABOVE_MID,
AAPL,1H,2026-04-10T15:00:00Z,261.5,261.57,260.54,260.63,132535,1879,261.179932,62.93140906751655,60.919723232927076,64.84406096158764,258.65099999999995,261.36983798708485,255.93216201291503,NEUTRAL,,ABOVE_MID,
AAPL,1H,2026-04-10T16:00:00Z,260.67,260.76,259.57,260.01,95979,1330,260.246988,58.08591713309921,60.75706262200077,61.46498904734342,258.719,261.50493384136036,255.93306615863963,NEUTRAL,BEARISH_CROSS,ABOVE_MID,
AAPL,1H,2026-04-10T17:00:00Z,260.03,260.03,258.79,259.45,86257,1205,259.226821,53.87113253059091,60.17496089592232,57.66806078896717,258.7765,261.57347035342,255.97952964657995,NEUTRAL,,ABOVE_MID,
AAPL,1H,2026-04-10T18:00:00Z,259.38,259.94,259.18,259.5,76665,1101,259.666219,54.20491071176614,59.66610809944019,55.93648575036666,258.821,261.6350841269763,256.00691587302373,NEUTRAL,,ABOVE_MID,
AAPL,1H,2026-04-10T19:00:00Z,259.5,260.28,259.08,260.19,196050,2905,259.653784,58.829784646125184,59.6139663871986,57.383135198245924,258.96400000000006,261.7495899875903,256.1784100124098,NEUTRAL,,ABOVE_MID,
AAPL,1H,2026-04-13T13:00:00Z,259.49,259.89,256.98,257.27,202812,1829,258.161292,39.72829613295184,57.84455205163227,48.55571566559888,258.918,261.78655621120765,256.04944378879236,BEARISH,,BELOW_MID,
AAPL,1H,2026-04-13T14:00:00Z,257.33,257.76,256.46,257.54,149334,1834,257.013452,41.69749949939491,56.33451233006711,45.126607582496895,258.92199999999997,261.78220683830915,256.0617931616908,BEARISH,,BELOW_MID,
AAPL,1H,2026-04-13T15:00:00Z,257.56,257.62,256.65,256.79,161153,2086,257.176597,37.83457692030659,54.55526910614086,41.480592251401745,258.9035,261.8160013666164,255.99099863338367,BEARISH,,BELOW_MID,
AAPL,1H,2026-04-13T16:00:00Z,256.78,258.08,256.57,257.63,170501,2283,257.376094,44.332549423689656,53.4520848991799,42.9065708375457,258.8485,261.81582574977523,255.8811742502248,NEUTRAL,,BELOW_MID,
AAPL,1H,2026-04-13T17:00:00Z,257.62,257.96,257.29,257.34,103332,1408,257.557987,42.602971621802396,52.24314343928434,42.75477122967405,258.784,261.8264533037138,255.74154669628618,BEARISH,,BELOW_MID,
AAPL,1H,2026-04-13T18:00:00Z,257.37,258.22,257.36,258.13,129114,1713,257.812937,48.73267764956008,51.67300540678096,45.74372443961707,258.82550000000003,261.80470847842355,255.84629152157652,NEUTRAL,,BELOW_MID,
AAPL,1H,2026-04-13T19:00:00Z,258.11,259.33,257.36,258.89,237887,3792,258.361622,54.04431598557608,51.63851247209723,49.89402021259657,258.97249999999997,261.6267111525123,256.3182888474876,BULLISH,BULLISH_CROSS,BELOW_MID,
AAPL,1H,2026-04-13T20:00:00Z,258.98,258.98,258.98,258.98,130,4,258.98,54.66999994433232,51.66100924114173,52.282010078464445,259.053,261.5979814392902,256.5080185607098,BULLISH,,BELOW_MID,
AAPL,1H,2026-04-14T13:00:00Z,259.34,261.65,258.99,259.22,168671,2418,260.622168,56.44883947904275,51.815976563971866,54.3654247787536,259.0915,261.6213244166272,256.5616755833728,BULLISH,,ABOVE_MID,
AAPL,1H,2026-04-14T14:00:00Z,259.18,260.12,257.44,257.6,199665,2958,258.83626,43.48929546893235,50.782625886873305,48.92736012384297,259.012,261.627279797855,256.396720202145,BEARISH,BEARISH_CROSS,BELOW_MID,BEARISH_CONFIRMED
AAPL,1H,2026-04-14T15:00:00Z,257.58,258.13,257.38,257.5,141875,2266,257.689944,42.80682288956979,49.75147828055919,45.86709150670638,258.9025,261.5808803039612,256.22411969603877,BEARISH,,BELOW_MID,
AAPL,1H,2026-04-14T16:00:00Z,257.5,259.47,256.97,259.04,98405,1643,258.125254,55.03254204797877,49.910930223622586,50.449816777342576,258.87149999999997,261.52722093493014,256.2157790650698,BULLISH,BULLISH_CROSS,ABOVE_MID,BULLISH_CONFIRMED
AAPL,1H,2026-04-14T17:00:00Z,259.14,259.51,257.51,258.12,103446,1600,258.338052,48.11947593158864,49.476254135811125,49.28464635446561,258.76750000000004,261.36647044393294,256.16852955606714,BEARISH,BEARISH_CROSS,BELOW_MID,BEARISH_CONFIRMED
AAPL,1H,2026-04-14T18:00:00Z,258.2,258.73,257.7,257.78,81721,1395,258.143923,45.73108060756342,48.88782981509372,47.50786348101451,258.6535,261.21348581410854,256.0935141858915,BEARISH,,BELOW_MID,
AAPL,1H,2026-04-14T19:00:00Z,257.73,258.56,257.53,258.54,242389,3163,258.171713,51.75309735386467,48.93047888542875,49.630480417439585,258.50750000000005,260.70028121884064,256.31471878115946,BULLISH,BULLISH_CROSS,ABOVE_MID,BULLISH_CONFIRMED
AAPL,1H,2026-04-14T20:00:00Z,258.47,258.47,258.47,258.47,100,1,258.47,51.16479713276284,48.97223962296833,50.397638775101214,258.39950000000005,260.3516914811215,256.4473085188786,BULLISH,,ABOVE_MID,
AAPL,1H,2026-04-15T13:00:00Z,257.85,260.04,257.59,258.36,193450,2464,259.096124,50.15684469373402,49.003329434182184,50.277241734417615,258.317,260.11607695631756,256.51792304368246,NEUTRAL,,ABOVE_MID,
AAPL,1H,2026-04-15T14:00:00Z,258.41,263.04,258.41,262.72,264567,3659,260.717146,73.46575140784974,51.20871190933634,61.871496571133676,258.4805,261.1139805866032,255.8470194133968,BULLISH,,ABOVE_MID,
AAPL,1H,2026-04-15T15:00:00Z,262.82,264.49,262.23,264.16,362594,4824,263.24957,77.39376621481102,53.70460727051404,69.63263139297234,258.7135,262.3574959269743,255.06950407302568,BULLISH,,ABOVE_MID,
AAPL,1H,2026-04-15T16:00:00Z,264.08,265.26,264.0,265.13,365028,4486,264.672053,79.67400298521744,56.305967300498295,74.65331718909489,258.9605,263.5681616971958,254.3528383028042,BULLISH,,ABOVE_MID,
AAPL,1H,2026-04-15T17:00:00Z,265.22,265.52,264.17,264.2,143769,1999,264.914215,71.8562813091059,58.086369549219384,73.25479924910039,259.307,264.3964818265884,254.2175181734116,NEUTRAL,,ABOVE_MID,
AAPL,1H,2026-04-15T18:00:00Z,264.15,265.62,264.06,265.43,131570,1818,265.064823,75.44167604486742,60.13632501347297,74.3482376469839,259.7015,265.40089341186183,254.00210658813822,BULLISH,,ABOVE_MID,
AAPL,1H,2026-04-15T19:00:00Z,265.36,266.3,265.01,266.06,351363,4827,265.654765,77.12116575617361,62.18435798433053,75.73470170157876,260.165,266.35415350049163,253.97584649950844,BULLISH,,ABOVE_MID,
AAPL,1H,2026-04-16T13:00:00Z,266.45,266.84,261.86,262.12,154034,2384,263.387521,52.06819072694896,61.80149856613832,63.901446214263856,260.3895,266.516910288378,254.26208971162197,NEUTRAL,BEARISH_CROSS,ABOVE_MID,
AAPL,1H,2026-04-16T14:00:00Z,262.1,262.33,261.03,261.63,185455,2934,261.707604,49.804551885157885,61.151236422906045,56.852999049710874,260.604,266.5804217423238,254.6275782576762,BEARISH,,ABOVE_MID,
AAPL,1H,2026-04-16T15:00:00Z,261.67,263.39,261.65,263.28,178928,2452,262.383914,56.90241994423745,61.122546689973326,56.87770949697416,260.8615,266.8328853633734,254.89011463662658,NEUTRAL,,ABOVE_MID,
AAPL,1H,2026-04-16T16:00:00Z,263.28,264.15,262.94,262.94,136154,1865,263.622559,55.09635263695326,60.8677666463246,55.98703106696371,261.064,267.02856342426844,255.0994365757316,NEUTRAL,,ABOVE_MID,
AAPL,1H,2026-04-16T17:00:00Z,262.98,263.57,262.89,263.57,86423,1318,263.214979,57.88295645279523,60.83876584572907,56.93499375987947,261.2935,267.27363650610033,255.31336349389963,NEUTRAL,,ABOVE_MID,
AAPL,1H,2026-04-16T18:00:00Z,263.6,264.13,263.09,264.13,138918,1973,263.671159,60.34391044987919,61.016870644577445,58.639452104879325,261.539,267.56369619238524,255.51430380761474,NEUTRAL,,ABOVE_MID,
AAPL,1H,2026-04-16T19:00:00Z,264.13,264.3,263.08,263.08,297345,3840,263.527788,53.72243054677407,60.56846034182083,56.180941325826694,261.813,267.57618661853104,256.04981338146894,NEUTRAL,,ABOVE_MID,
AAPL,1H,2026-04-17T13:00:00Z,267.34,269.52,266.53,268.74,210244,3128,267.978921,72.21281195731038,61.81279643972885,64.19687664156854,262.375,268.54508914036217,256.20491085963783,BULLISH,BULLISH_CROSS,ABOVE_MID,BULLISH_CONFIRMED
AAPL,1H,2026-04-17T14:00:00Z,268.73,270.18,268.25,269.99,222070,3326,269.099952,74.72216258488896,63.16091109473978,69.45951961322875,262.9225,269.7543661240438,256.0906338759562,BULLISH,,ABOVE_MID,
AAPL,1H,2026-04-17T15:00:00Z,270.02,272.03,269.98,270.7,239490,3364,271.290877,76.1012529956667,64.49623596157328,72.78038630444772,263.5515,270.8238854770172,256.27911452298275,BULLISH,,ABOVE_MID,
AAPL,1H,2026-04-17T16:00:00Z,270.65,271.48,270.53,270.73,167712,2224,271.106523,76.16307150730394,65.745974152202,74.47172890587584,264.19899999999996,271.6123816418984,256.7856183581015,BULLISH,,ABOVE_MID,
AAPL,1H,2026-04-17T17:00:00Z,270.71,271.2,269.91,270.02,119580,1893,270.415754,71.2556608518347,66.42818325477629,72.86369487885527,264.773,272.1189164452823,257.42708355471774,NEUTRAL,,ABOVE_MID,
AAPL,1H,2026-04-17T18:00:00Z,270.04,270.55,269.55,269.87,135753,1973,270.032182,70.18089883295771,66.90219070089739,71.52229685590649,265.34299999999996,272.39282896395855,258.2931710360414,NEUTRAL,,ABOVE_MID,
AAPL,1H,2026-04-17T19:00:00Z,269.87,270.26,269.3,269.96,294789,3980,269.826217,70.48143171794939,67.32374528600434,71.00186428692794,265.923,272.44263544347433,259.4033645565257,NEUTRAL,,ABOVE_MID,
AAPL,1H,2026-04-20T12:00:00Z,269.98,269.98,269.98,269.98,175,5,269.98,70.55562077704538,67.66842253628803,70.77874253198667,266.28599999999994,272.8629370570691,259.7090629429308,NEUTRAL,,ABOVE_MID,
AAPL,1H,2026-04-20T13:00:00Z,269.71,273.84,269.71,273.69,271252,4322,272.234686,80.68580926394078,68.84571962268211,75.73227589796372,266.7625,274.0350116923803,259.4899883076197,BULLISH,,ABOVE_MID,
AAPL,1H,2026-04-20T14:00:00Z,273.69,274.02,271.87,272.15,269452,5166,273.176236,69.51703091210369,68.97641756083085,72.62465340503371,267.1135,274.72403086190565,259.50296913809433,NEUTRAL,,ABOVE_MID,
AAPL,1H,2026-04-20T15:00:00Z,272.13,272.7,271.51,272.54,156087,2337,272.104715,70.67357974713184,69.2463547233878,71.64911657608278,267.53049999999996,275.37908679870844,259.6819132012915,NEUTRAL,,ABOVE_MID,
AAPL,1H,2026-04-20T16:00:00Z,272.49,272.87,271.92,272.11,105435,1623,272.331218,67.49708530277599,69.26648253489113,69.57310093942938,267.8645,275.90296142649714,259.8260385735029,NEUTRAL,BEARISH_CROSS,ABOVE_MID,
AAPL,1H,2026-04-20T17:00:00Z,272.13,272.7,271.6,272.68,108452,1570,272.138338,69.53880830955009,69.49109250721087,69.55595462448974,268.1955,276.46302295367195,259.927977046328,NEUTRAL,BULLISH_CROSS,ABOVE_MID,BULLISH_CONFIRMED
AAPL,1H,2026-04-20T18:00:00Z,272.72,273.4,272.57,272.74,120103,1804,273.052343,69.76373015811939,69.76170346028933,69.65984239130457,268.72650000000004,276.710342301471,260.7426576985291,BULLISH,,ABOVE_MID,
AAPL,1H,2026-04-20T19:00:00Z,272.75,273.01,272.03,272.81,196327,3079,272.522898,70.05394769075703,70.09054819598012,69.8568950410308,269.2855,276.7242080796841,261.8467919203159,NEUTRAL,BEARISH_CROSS,ABOVE_MID,
AAPL,1H,2026-04-20T20:00:00Z,272.32,272.32,270.98,270.98,291,9,271.65,54.63175410873712,68.9395149135487,62.24432457488396,269.67050000000006,276.57860500331776,262.76239499668236,NEUTRAL,,ABOVE_MID,
AAPL,1H,2026-04-21T13:00:00Z,271.36,272.55,270.38,271.52,168798,2016,271.203865,57.72153670417085,68.04847397865207,59.98293063952741,270.0995,276.27447999144596,263.924520008554,NEUTRAL,,ABOVE_MID,
AAPL,1H,2026-04-21T14:00:00Z,271.64,271.8,268.51,268.58,152061,2522,269.853379,40.73099993451567,65.60929283196889,50.35696528702154,270.35,275.77001747909594,264.9299825209041,BEARISH,,BELOW_MID,
AAPL,1H,2026-04-21T15:00:00Z,268.62,268.81,266.33,266.43,153422,2295,267.661813,32.7903077764159,62.51041825404043,41.57363653171872,270.46500000000003,275.4057499963404,265.5242500036597,BEARISH,,BELOW_MID,
AAPL,1H,2026-04-21T16:00:00Z,266.56,266.93,265.18,266.09,225431,2646,265.917936,31.69113965424502,59.42024548611539,36.63238809298187,270.6155,274.72202100163435,266.50897899836565,BEARISH,,BELOW_MID,
AAPL,1H,2026-04-21T17:00:00Z,266.1,266.73,265.57,266.11,154498,2009,266.128381,31.842334483708697,56.467855671499315,34.237361288345284,270.48400000000004,274.99218857309097,265.9758114269091,BEARISH,,BELOW_MID,
AAPL,1H,2026-04-21T18:00:00Z,266.18,267.61,266.01,267.61,106003,1654,266.694092,42.56807027141013,54.585251777250335,38.40271577987771,270.36499999999995,275.0502624484171,265.67973755158283,NEUTRAL,,BELOW_MID,
AAPL,1H,2026-04-21T19:00:00Z,267.62,267.94,265.63,265.92,307060,3709,266.80445,35.48930039874317,52.187455564213,36.94600808931044,270.126,275.2100075365404,265.04199246345956,BEARISH,,BELOW_MID,
AAPL,1H,2026-04-22T13:00:00Z,266.95,268.83,266.63,268.25,169317,2243,267.87863,48.71662880695326,51.16198298216511,42.83131844813185,270.002,275.144616986876,264.85938301312405,NEUTRAL,,BELOW_MID,
AAPL,1H,2026-04-22T14:00:00Z,268.27,272.3,268.19,271.04,326746,4166,270.716986,59.81591947319688,51.26408498098227,51.32361896066436,270.053,275.2165569136033,264.8894430863967,BULLISH,BULLISH_CROSS,ABOVE_MID,BULLISH_CONFIRMED
AAPL,1H,2026-04-22T15:00:00Z,271.06,272.97,270.98,272.76,209120,2872,272.193897,65.06051419634473,51.91373521018995,58.192066578504544,270.1975,275.49939191654806,264.8956080834519,BULLISH,,ABOVE_MID,
AAPL,1H,2026-04-22T16:00:00Z,272.77,273.24,272.15,272.26,180710,2548,272.632312,62.39723131438992,52.34808763045583,60.29464894644723,270.3125,275.691910552724,264.933089447276,BULLISH,,ABOVE_MID,
AAPL,1H,2026-04-22T17:00:00Z,272.24,273.45,272.23,273.21,171917,2176,272.964533,65.42272783696905,53.09118071952139,62.85868839170814,270.47400000000005,276.003234838091,264.9447651619091,BULLISH,,ABOVE_MID,
AAPL,1H,2026-04-22T18:00:00Z,273.22,273.48,271.86,272.15,153165,2118,272.532425,59.421310317769674,53.310589548750556,61.139999354738904,270.397,275.7785830189169,265.0154169810831,NEUTRAL,,ABOVE_MID,
AAPL,1H,2026-04-22T19:00:00Z,272.14,272.99,272.02,272.89,265561,3880,272.535994,62.14833200906799,53.82610991900372,61.644165681903445,270.434,275.87616443009875,264.9918355699013,BULLISH,,ABOVE_MID,
AAPL,1H,2026-04-22T20:00:00Z,272.81,272.81,272.81,272.81,130,7,272.81,61.644488559529215,54.37607515858396,61.644327120716326,270.4475,275.91295081686775,264.98204918313223,BULLISH,,ABOVE_MID,
AAPL,1H,2026-04-23T13:00:00Z,274.8,275.46,272.9,273.45,93349,1755,274.130524,64.25275092669791,55.19723542874047,62.94853902370712,270.5145,276.0973552400721,264.9316447599279,BULLISH,,ABOVE_MID,
AAPL,1H,2026-04-23T14:00:00Z,273.43,274.31,273.11,273.71,116609,1759,273.821387,65.33025769597347,56.144146655499675,64.1393983598403,270.56600000000003,276.2510326111198,264.88096738888026,BULLISH,,ABOVE_MID,
AAPL,1H,2026-04-23T15:00:00Z,273.74,274.09,272.8,273.05,82735,1249,273.383655,60.152363332254154,56.6297204189199,62.14588084604723,270.58149999999995,276.2931179844262,264.8698820155737,NEUTRAL,,ABOVE_MID,
AAPL,1H,2026-04-23T16:00:00Z,273.18,273.4,272.72,272.8,109883,1401,273.041131,58.18712901316195,56.97727047790878,60.166504929604585,270.581,276.2917982666285,264.8702017333715,NEUTRAL,,ABOVE_MID,
AAPL,1H,2026-04-23T17:00:00Z,272.71,272.78,271.45,272.71,117063,2003,272.103544,57.42726685781798,57.305857315610794,58.796885893711284,270.66749999999996,276.45562895866414,264.8793710413358,NEUTRAL,,ABOVE_MID,
AAPL,1H,2026-04-23T18:00:00Z,272.75,273.97,272.68,273.66,129251,1692,273.432256,63.142880849446385,58.208706381265785,60.96988337157883,270.7745,276.706321323215,264.842678676785,BULLISH,,ABOVE_MID,
AAPL,1H,2026-04-23T19:00:00Z,273.64,274.29,272.87,273.24,116673,2201,273.581192,59.190476215150746,58.715401230206844,60.08017979336479,271.00750000000005,276.9424628651365,265.0725371348636,NEUTRAL,,ABOVE_MID,
AAPL,1H,2026-04-24T13:00:00Z,272.23,272.74,269.88,271.37,151016,2051,271.24221,45.062074685465674,57.93133689458354,52.57112723941523,271.2545,276.78471737462,265.72428262538,BEARISH,BEARISH_CROSS,ABOVE_MID,
AAPL,1H,2026-04-24T14:00:00Z,271.42,272.27,270.66,271.21,207761,2746,271.572405,44.04998759799299,57.03651540057117,48.31055741870411,271.5105,276.4796658730321,266.54133412696785,BEARISH,,BELOW_MID,
AAPL,1H,2026-04-24T15:00:00Z,271.23,271.37,269.6,270.82,198667,2777,270.424377,41.49438578143969,55.860623265999486,44.9024716000719,271.746,276.03778112945906,267.4542188705409,BEARISH,,BELOW_MID,
AAPL,1H,2026-04-24T16:00:00Z,270.7,271.4,269.83,270.2,113814,1683,270.645839,37.59369099399184,54.2876842194642,41.248081297031874,271.8755,275.78070017682523,267.97029982317474,BEARISH,,BELOW_MID,
AAPL,1H,2026-04-24T17:00:00Z,270.24,270.3,269.41,269.54,157804,2038,269.768292,33.78968225504438,52.34402854943028,37.51888177603813,272.0565,275.02197342453155,269.0910265754685,BEARISH,,BELOW_MID,
AAPL,1H,2026-04-24T18:00:00Z,269.56,270.12,269.49,269.84,117862,1712,269.788331,37.047090469080494,50.734502578578706,37.28298612255931,272.136,274.7343265869893,269.53767341301074,BEARISH,,BELOW_MID,
AAPL,1H,2026-04-24T19:00:00Z,269.87,271.09,269.67,270.79,210852,2985,270.54748,46.435250175698215,49.97170199200695,41.85911814912876,272.12350000000004,274.74631708735245,269.5006829126476,NEUTRAL,,BELOW_MID,
AAPL,1H,2026-04-24T20:00:00Z,270.76,270.79,270.58,270.58,535,12,270.69,44.7747237588838,49.06782055642287,43.31692095400628,272.0145,274.70622982925624,269.32277017074375,NEUTRAL,,BELOW_MID,
AAPL,1H,2026-04-27T13:00:00Z,265.99,268.1,264.86,267.89,273462,3066,266.922826,29.54788133861227,46.84479412035658,36.432401146309275,271.796,275.05377062938874,268.53822937061125,BEARISH,,BELOW_MID,
AAPL,1H,2026-04-27T14:00:00Z,267.87,267.95,266.44,266.95,152416,2293,267.140748,26.063414433347944,44.45873230700536,31.24790778982861,271.483,275.32013215278266,267.64586784721735,BEARISH,,BELOW_MID,
AAPL,1H,2026-04-27T15:00:00Z,266.95,267.39,266.42,266.56,115914,1633,266.865879,24.70365972811271,42.106345680109136,27.97578375897066,271.20349999999996,275.60841722845015,266.7985827715498,BEARISH,,BELOW_MID,
AAPL,1H,2026-04-27T16:00:00Z,266.57,266.76,266.02,266.17,119702,1504,266.342231,23.33412424458413,39.80572884955384,25.654954001777398,270.86749999999995,275.7319700041295,266.0030299958704,BEARISH,,BELOW_MID,
AAPL,1H,2026-04-27T17:00:00Z,266.14,266.8,266.13,266.25,100094,1387,266.424967,24.302560597874773,37.74937327221192,24.978757299826086,270.5395,275.7264450495828,265.35255495041713,BEARISH,,BELOW_MID,
AAPL,1H,2026-04-27T18:00:00Z,266.23,266.38,265.86,266.17,106692,1281,266.049779,23.96203852594674,35.825895651150105,24.470397912886412,270.17549999999994,275.52177258249515,264.82922741750474,BEARISH,,BELOW_MID,
AAPL,1H,2026-04-27T19:00:00Z,266.19,267.71,266.08,267.3,260357,3616,267.180235,37.80918952441343,35.32437742836267,31.139793718649923,269.85499999999996,275.0761896204462,264.6338103795537,NEUTRAL,BULLISH_CROSS,BELOW_MID,
AAPL,1H,2026-04-28T13:00:00Z,270.22,272.82,268.45,269.67,246320,2731,269.989673,56.50040672169046,36.63653506074885,43.82010022017019,269.68600000000004,274.6858711562371,264.68612884376296,BULLISH,,BELOW_MID,
AAPL,1H,2026-04-28T14:00:00Z,269.63,271.44,269.44,270.82,245989,3428,270.680527,62.63127110872635,38.54426846413951,53.22568566444827,269.587,274.40225689318777,264.7717431068122,BULLISH,,ABOVE_MID,
AAPL,1H,2026-04-28T15:00:00Z,270.9,271.58,269.24,269.37,179855,2380,270.767531,52.19614650570324,39.49262297385071,52.71091608507575,269.42,274.00540017194425,264.8345998280558,NEUTRAL,,BELOW_MID,
AAPL,1H,2026-04-28T16:00:00Z,269.43,269.92,269.11,269.65,63345,1067,269.535924,53.86596922590111,40.61871453824422,53.28844265548843,269.21950000000004,273.3526597445185,265.08634025548156,BULLISH,,ABOVE_MID,
AAPL,1H,2026-04-28T17:00:00Z,269.73,270.36,269.29,270.31,49437,893,269.73631,57.77703082426985,42.11577402990031,55.53273673987914,269.073,272.7932099544632,265.3527900455368,BULLISH,,ABOVE_MID,
AAPL,1H,2026-04-28T18:00:00Z,270.32,270.68,269.64,269.8,79583,1259,270.185852,53.81128070117519,43.27553957108103,54.67200872052717,268.99449999999996,272.5742352151451,265.4147647848548,NEUTRAL,,ABOVE_MID,
AAPL,1H,2026-04-28T19:00:00Z,269.83,270.68,269.75,270.53,184059,2572,270.245114,58.40835412204236,44.8765074384617,56.540181421284764,268.9605,272.46373444533356,265.4572655546665,BULLISH,,ABOVE_MID,
AAPL,1H,2026-04-29T12:00:00Z,268.09,268.09,267.73,267.73,300,6,267.91,40.860136083858016,44.82440665545948,48.70015875257139,268.806,272.23571780334044,265.37628219665953,BEARISH,BEARISH_CROSS,BELOW_MID,BEARISH_CONFIRMED
AAPL,1H,2026-04-29T13:00:00Z,267.33,269.28,266.8,268.99,100990,1498,268.11543,48.66767292865473,45.495890830270525,48.68391584061306,268.7455,272.11381974354583,265.37718025645415,NEUTRAL,BULLISH_CROSS,ABOVE_MID,BULLISH_CONFIRMED
AAPL,1H,2026-04-29T14:00:00Z,269.08,270.03,268.82,269.07,79227,1310,269.245533,49.147208123392765,46.17991592258063,48.91556198200291,268.72200000000004,272.0734967591123,265.3705032408878,NEUTRAL,,ABOVE_MID,
AAPL,1H,2026-04-29T15:00:00Z,269.05,269.11,267.98,268.38,151610,2053,268.634458,45.062539552691945,46.442592282795,46.98905076734743,268.649,271.9613367487117,265.3366632512883,BEARISH,BEARISH_CROSS,BELOW_MID,BEARISH_CONFIRMED
AAPL,1H,2026-04-29T16:00:00Z,268.4,270.78,268.4,270.69,104638,1657,269.593804,58.15949386732036,47.84710060538836,52.57427231733389,268.644,271.94300399642754,265.3449960035725,BULLISH,BULLISH_CROSS,ABOVE_MID,BULLISH_CONFIRMED
AAPL,1H,2026-04-29T17:00:00Z,270.62,270.62,269.71,269.89,66231,1337,270.03675,53.216619776392406,48.71086105219071,52.89544604686315,268.6095,271.8369120315009,265.38208796849915,BULLISH,,ABOVE_MID,
AAPL,1H,2026-04-29T18:00:00Z,269.98,270.0,269.18,269.84,59025,1102,269.618684,52.90050030385215,49.51652678676777,52.89797317535765,268.707,271.96060431716205,265.45339568283794,BULLISH,,ABOVE_MID,
AAPL,1H,2026-04-29T19:00:00Z,269.85,270.2,269.4,269.9,137327,2253,269.711304,53.27520157644812,50.32107975155931,53.08658737590288,268.85450000000003,272.039474427729,265.6695255722711,BULLISH,,ABOVE_MID,
AAPL,1H,2026-04-29T20:00:00Z,270.28,270.28,269.38,269.38,242,8,269.83,49.44029700886283,50.6742893563633,51.263442192382854,268.99550000000005,271.9971870694965,265.9938129305036,BEARISH,BEARISH_CROSS,ABOVE_MID,
AAPL,1H,2026-04-30T13:00:00Z,271.27,271.27,267.91,270.34,178645,2446,269.266761,56.01603167467328,51.524094395827476,53.63973693352807,269.204,271.947523665888,266.460476334112,BULLISH,BULLISH_CROSS,ABOVE_MID,BULLISH_CONFIRMED
AAPL,1H,2026-04-30T14:00:00Z,270.33,271.96,270.33,270.62,277458,3657,271.176433,57.81624639739595,52.40200392546748,55.727991665462014,269.4225,271.85374291367356,266.99125708632647,BULLISH,,ABOVE_MID,
AAPL,1H,2026-04-30T15:00:00Z,270.66,271.71,270.53,271.71,190379,2262,271.120705,64.22821641763795,53.713546564511255,59.97810404154998,269.6995,271.81193411607603,267.58706588392397,BULLISH,,ABOVE_MID,
AAPL,1H,2026-04-30T16:00:00Z,271.62,273.48,271.46,271.71,191174,2540,272.553691,64.22821641763795,54.852250866672925,62.10316022959397,269.91999999999996,271.89395675311874,267.9460432468812,BULLISH,,ABOVE_MID,
AAPL,1H,2026-04-30T17:00:00Z,271.65,273.57,271.44,273.4,168310,2679,272.70626,72.44660441022378,56.56376889157318,67.27488231990887,270.1065,272.6137801367689,267.59921986323104,BULLISH,,ABOVE_MID,
AAPL,1H,2026-04-30T18:00:00Z,273.34,273.94,272.79,272.86,141235,2138,273.474379,66.91996265928074,57.62291942012879,67.0974224895948,270.2085,272.9890813477769,267.4279186522231,NEUTRAL,,ABOVE_MID,
AAPL,1H,2026-04-30T19:00:00Z,272.78,275.66,270.11,270.9,756203,8610,273.035452,51.02551307583384,57.192013683792716,59.061467782714324,270.28499999999997,273.05260584355665,267.5173941564433,NEUTRAL,BEARISH_CROSS,ABOVE_MID,
AAPL,1H,2026-04-30T20:00:00Z,271.43,271.72,268.05,268.05,825,22,270.385,36.74770983554639,55.513367211469024,47.90458880913036,270.205,273.1374787431409,267.2725212568591,BEARISH,,BELOW_MID,
AAPL,1H,2026-05-01T13:00:00Z,278.53,284.47,278.13,283.69,675669,10348,281.571574,76.80943858279932,57.54357242902614,62.35701369596484,270.87399999999997,277.58189448493926,264.1661055150607,BULLISH,BULLISH_CROSS,ABOVE_MID,BULLISH_CONFIRMED
AAPL,1H,2026-05-01T14:00:00Z,283.69,286.95,281.76,282.38,601164,10913,284.596233,72.48350650933835,59.08118871628206,67.4202601026516,271.50300000000004,279.92667615711974,263.07932384288034,BULLISH,,ABOVE_MID,
AAPL,1H,2026-05-01T15:00:00Z,282.39,285.18,281.24,284.41,359217,6462,283.645951,74.94364864872054,60.77878989203129,71.18195437568608,272.197,282.3853650875851,262.0086349124149,BULLISH,,ABOVE_MID,
AAPL,1H,2026-05-01T16:00:00Z,284.44,284.73,282.16,282.85,303759,5930,283.565398,69.56654247074506,61.896081121092074,70.37424842321556,272.953,283.9569688533885,261.94903114661145,NEUTRAL,,ABOVE_MID,
AAPL,1H,2026-05-01T17:00:00Z,282.86,283.21,281.17,281.23,241931,4380,282.151041,64.1863318776092,62.47595845056605,67.28029015041238,273.565,284.9942081965475,262.1357918034525,NEUTRAL,,ABOVE_MID,
AAPL,1H,2026-05-01T18:00:00Z,281.23,281.27,279.91,280.2,261840,5066,280.590052,60.821739728185044,62.648984563885655,64.05101493929871,274.12149999999997,285.7118921644759,262.53110783552404,NEUTRAL,BEARISH_CROSS,ABOVE_MID,
AAPL,1H,2026-05-01T19:00:00Z,280.21,280.62,279.44,279.85,473473,8226,279.930411,59.6268843869621,62.66077245657662,61.83894966313041,274.695,286.2241347189826,263.1658652810174,NEUTRAL,,ABOVE_MID,
AAPL,1H,2026-05-04T12:00:00Z,278.7,279.21,278.23,279.21,866,25,278.843684,57.31078444402182,62.41663924508876,59.574867053576114,275.121,286.65666716068625,263.5853328393137,NEUTRAL,,ABOVE_MID,
AAPL,1H,2026-05-04T13:00:00Z,278.88,280.34,275.18,275.22,279980,4461,277.172967,45.040295822898095,61.00398436288691,52.30758143823711,275.3875,286.6575457664988,264.1174542335012,BEARISH,,BELOW_MID,
AAPL,1H,2026-05-04T14:00:00Z,275.17,277.71,274.63,277.07,317110,4784,276.104897,50.56159534035497,60.15005886558124,51.43458838929604,275.749,286.72992681353634,264.7680731864637,NEUTRAL,,ABOVE_MID,
AAPL,1H,2026-05-04T15:00:00Z,277.09,277.59,276.22,276.6,158495,3046,276.866545,49.150351053244954,59.17933204536095,50.29246972127049,276.08399999999995,286.7168931548349,265.451106845165,BEARISH,,ABOVE_MID,
AAPL,1H,2026-05-04T16:00:00Z,276.58,276.79,275.29,276.58,110112,2240,276.119646,49.08476480283247,58.21887725107984,49.68861726205148,276.44399999999996,286.59795054050284,266.2900494594971,BEARISH,,ABOVE_MID,
AAPL,1H,2026-05-04T17:00:00Z,276.61,277.07,276.47,276.84,98075,1889,276.767049,50.059386172476344,57.36516481842702,49.87400171726391,276.769,286.5079438528237,267.0300561471763,NEUTRAL,,ABOVE_MID,
AAPL,1H,2026-05-04T18:00:00Z,276.83,277.14,276.02,276.41,143858,2140,276.648296,48.33782327285579,56.35226662795755,49.105912495059854,277.0585,286.36232892316974,267.7546710768302,BEARISH,,BELOW_MID,
AAPL,1H,2026-05-04T19:00:00Z,276.42,277.4,276.25,276.62,280827,5469,276.687735,49.295864327989435,55.45970207627433,49.200888411524645,277.30400000000003,286.26645126243994,268.3415487375601,NEUTRAL,,BELOW_MID,
AAPL,1H,2026-05-04T20:00:00Z,276.44,276.44,276.44,276.44,120,1,276.44,48.42983981482483,54.525292794257574,48.81536411317474,277.5405,286.1229949752407,268.9580050247593,BEARISH,,BELOW_MID,
AAPL,1H,2026-05-05T13:00:00Z,276.03,279.69,276.03,279.36,174717,2993,278.585575,60.94986293197108,54.7974586726862,54.88261352257291,277.83849999999995,286.2273654900742,269.4496345099257,BULLISH,BULLISH_CROSS,ABOVE_MID,BULLISH_CONFIRMED
AAPL,1H,2026-05-05T14:00:00Z,279.33,282.92,278.66,280.26,325665,5338,280.853289,63.98193299506092,55.35945929055443,59.43227325881692,278.2085,286.32102773898634,270.0959722610137,BULLISH,,ABOVE_MID,
AAPL,1H,2026-05-05T15:00:00Z,280.26,280.74,279.47,279.93,156521,2869,279.953504,61.996267158456135,55.77758843156755,60.71427020863653,278.65999999999997,286.0311328844373,271.28886711556265,BULLISH,,ABOVE_MID,
AAPL,1H,2026-05-05T16:00:00Z,279.85,282.43,279.76,282.31,203041,3393,281.472677,69.6408522981196,56.91199455714238,65.17756125337806,279.373,284.9675014358586,273.7784985641414,BULLISH,,ABOVE_MID,
AAPL,1H,2026-05-05T17:00:00Z,282.28,284.29,281.44,283.02,233001,3799,282.587767,71.5607567492071,58.14035156691873,68.36915900129259,279.3395,284.8322568574233,273.84674314257666,BULLISH,,ABOVE_MID,
AAPL,1H,2026-05-05T18:00:00Z,283.11,284.01,282.99,283.45,138819,2718,283.519319,72.73551879773963,59.324799295766596,70.55233889951612,279.393,285.0294158077566,273.75658419224334,BULLISH,,ABOVE_MID,
AAPL,1H,2026-05-05T19:00:00Z,283.47,284.18,283.22,283.92,293043,6023,283.76609,74.05345195355773,60.64669514607439,72.30289542653692,279.3685,284.9166633755811,273.82033662441887,BULLISH,,ABOVE_MID,
AAPL,1H,2026-05-06T12:00:00Z,281.85,281.85,281.49,281.73,2608,72,281.669946,59.082379754896905,60.600788132243224,65.69263759071691,279.31250000000006,284.73386465632746,273.89113534367266,NEUTRAL,BEARISH_CROSS,ABOVE_MID,
AAPL,1H,2026-05-06T13:00:00Z,281.52,285.94,280.83,285.86,235688,4397,283.006245,71.36445016636037,61.74009647570451,68.52854387853864,279.544,285.6609183848037,273.42708161519624,BULLISH,BULLISH_CROSS,ABOVE_MID,BULLISH_CONFIRMED
AAPL,1H,2026-05-06T14:00:00Z,285.92,286.43,284.36,284.61,289339,5143,285.419744,64.74696308459951,62.27003193426281,66.63775348156908,279.7645,286.28557345054503,273.24342654945497,NEUTRAL,,ABOVE_MID,
AAPL,1H,2026-05-06T15:00:00Z,284.62,285.67,283.63,285.33,241952,4094,284.506217,66.74517198939948,62.97919577288088,66.69146273548428,280.0385,287.01902712532535,273.05797287467465,BULLISH,,ABOVE_MID,
AAPL,1H,2026-05-06T16:00:00Z,285.36,286.87,284.95,285.98,104868,2163,285.628433,68.55536267925795,63.827279837584726,67.62341270737112,280.377,287.8290250868319,272.9249749131681,BULLISH,,ABOVE_MID,
AAPL,1H,2026-05-06T17:00:00Z,285.98,287.48,285.52,287.39,116210,2309,286.441417,72.24264191224499,64.97191968410861,69.93302730980805,280.98549999999994,288.6489785972534,273.3220214027465,BULLISH,,ABOVE_MID,
AAPL,1H,2026-05-06T18:00:00Z,287.44,287.59,286.42,287.03,132674,2803,286.834866,69.88866555707116,65.83792160454216,69.91084643343962,281.4835,289.36695442583687,273.6000455741631,NEUTRAL,,ABOVE_MID,
AAPL,1H,2026-05-06T19:00:00Z,287.02,287.73,286.79,287.2,255247,5523,287.269078,70.40103583917487,66.64293394138264,70.15594113630723,282.0135,289.93972369765703,274.087276302343,BULLISH,,ABOVE_MID,
AAPL,1H,2026-05-07T12:00:00Z,288.13,288.48,288.03,288.44,688,22,288.320204,74.02757020338635,67.69174619661973,72.09175566984679,282.6065,290.5954773405239,274.61752265947604,BULLISH,,ABOVE_MID,
AAPL,1H,2026-05-07T13:00:00Z,288.92,290.76,287.95,290.68,176481,3154,289.281303,79.20537079321277,69.10357400699198,75.64856323152978,283.2985,291.57674612749616,275.0202538725038,BULLISH,,ABOVE_MID,
AAPL,1H,2026-05-07T14:00:00Z,290.69,291.85,289.64,290.63,242619,3911,290.54638,78.81082888273872,70.34914213723287,77.22969605713425,284.0095,292.23914468121103,275.779855318789,BULLISH,,ABOVE_MID,
AAPL,1H,2026-05-07T15:00:00Z,290.68,291.11,288.87,289.04,138179,2887,290.127845,66.89063141922665,70.38659083265122,72.06016373818045,284.6305,292.3722785934184,276.88872140658157,NEUTRAL,BEARISH_CROSS,ABOVE_MID,
AAPL,1H,2026-05-07T16:00:00Z,289.02,289.41,288.01,288.32,114587,2309,288.936668,62.1052785990398,69.90869226672628,67.08272116861012,285.2245,292.0941632109309,278.35483678906905,NEUTRAL,,ABOVE_MID,
AAPL,1H,2026-05-07T17:00:00Z,288.37,289.31,287.72,288.83,93600,2148,288.518839,64.14908214812401,69.56114201361397,65.61590165836706,285.698,292.1590007372198,279.23699926278016,NEUTRAL,,ABOVE_MID,
AAPL,1H,2026-05-07T18:00:00Z,288.89,289.47,286.61,287.23,137239,2482,287.865788,53.890745426272616,68.21296702676929,59.75332354231984,286.04650000000004,292.004822883076,280.0881771169241,NEUTRAL,,ABOVE_MID,
AAPL,1H,2026-05-07T19:00:00Z,287.1,287.3,285.55,287.14,319015,6352,286.557247,53.350858310244995,66.84627034325413,56.55209092628242,286.407,291.6348126652738,281.1791873347262,NEUTRAL,,ABOVE_MID,
AAPL,1H,2026-05-07T20:00:00Z,287.4,287.4,287.4,287.4,120,2,287.4,54.8218183699492,65.6593192698628,55.68695464811581,286.66150000000005,291.53296049644877,281.7900395035513,NEUTRAL,,ABOVE_MID,
AAPL,1H,2026-05-08T12:00:00Z,290.54,290.54,290.54,290.54,125,1,290.54,68.37183966012446,65.7352465336238,62.02939715412013,287.0375,291.88632134349086,282.1886786565092,BULLISH,BULLISH_CROSS,ABOVE_MID,BULLISH_CONFIRMED
AAPL,1H,2026-05-08T13:00:00Z,290.26,294.26,289.8,293.67,285676,4306,292.81435,76.33224945825714,66.54034097660029,69.18082330618864,287.5485,292.9302440921809,282.1667559078191,BULLISH,,ABOVE_MID,
AAPL,1H,2026-05-08T14:00:00Z,293.65,294.49,292.27,293.3,368120,6248,293.551693,73.86006380791605,67.10003545695248,71.52044355705235,288.01750000000004,293.69459293658,282.34040706342006,BULLISH,,ABOVE_MID,
AAPL,1H,2026-05-08T15:00:00Z,293.22,293.93,291.93,292.04,191194,3221,292.774384,65.70724781130998,66.91369668648692,68.61384568418117,288.533,293.65103046000263,283.4149695399974,NEUTRAL,BEARISH_CROSS,ABOVE_MID,
AAPL,1H,2026-05-08T16:00:00Z,292.03,292.64,291.63,291.89,123367,2094,292.191013,64.75002912802805,66.67646878958553,66.68193740610461,288.8345,293.99975018500794,283.66924981499204,NEUTRAL,,ABOVE_MID,
AAPL,1H,2026-05-08T17:00:00Z,291.83,292.36,291.51,291.88,135043,2257,291.960888,64.67936079085754,66.40828121972434,65.68064909848107,289.198,294.1294270380509,284.26657296194907,NEUTRAL,,ABOVE_MID,
AAPL,1H,2026-05-08T18:00:00Z,291.82,292.69,291.82,292.62,126094,1929,292.366929,67.62126808161196,66.43647954805084,66.65095859004651,289.5625,294.3661515715748,284.7588484284252,BULLISH,BULLISH_CROSS,ABOVE_MID,BULLISH_CONFIRMED
AAPL,1H,2026-05-08T19:00:00Z,292.67,293.95,292.36,292.88,361487,5837,293.161723,68.65328453320778,66.54605467502016,67.65212156162715,289.90749999999997,294.6180162305139,285.19698376948605,BULLISH,,ABOVE_MID,
AAPL,1H,2026-05-08T20:00:00Z,292.58,292.58,292.58,292.58,117,3,292.58,65.92567741740704,66.3994052912725,66.78889948951709,290.16700000000003,294.8653809081358,285.46861909186424,NEUTRAL,BEARISH_CROSS,ABOVE_MID,
AAPL,1H,2026-05-11T12:00:00Z,293.06,293.06,293.03,293.03,195,4,293.040645,68.0666391514336,66.45877271131883,67.42776932047535,290.467,295.08757686077786,285.8464231392221,BULLISH,BULLISH_CROSS,ABOVE_MID,BULLISH_CONFIRMED
AAPL,1H,2026-05-11T13:00:00Z,292.19,292.8,290.25,291.62,219941,3272,290.948629,55.72458055349941,65.4142127383097,61.57617493698738,290.688,295.06714964108187,286.3088503589181,NEUTRAL,BEARISH_CROSS,ABOVE_MID,
AAPL,1H,2026-05-11T14:00:00Z,291.62,293.13,291.3,292.57,164159,3363,292.336965,61.074470417937015,64.9173227746372,61.3253226774622,290.8945,295.2164414497164,286.5725585502836,NEUTRAL,,ABOVE_MID,
AAPL,1H,2026-05-11T15:00:00Z,292.55,293.87,292.27,292.575,208357,3532,293.135137,61.1022998922317,64.4633375052566,61.21381128484695,290.98924999999997,295.3740230241968,286.60447697580315,NEUTRAL,,ABOVE_MID,
AAPL,1H,2026-05-11T16:00:00Z,292.4,292.69,290.63,290.79,134620,2520,291.68014,47.47143114411496,62.82613590081411,54.34262121448096,290.99725,295.3798465327031,286.61465346729693,BEARISH,,BELOW_MID,
AAPL,1H,2026-05-11T17:00:00Z,290.78,292.15,290.73,292.06,90939,1888,291.662622,55.42987028580266,62.04980512591507,54.88624575014181,291.14825,295.454342715412,286.84215728458804,NEUTRAL,,ABOVE_MID,
AAPL,1H,2026-05-11T18:00:00Z,292.085,292.96,291.19,291.44,108751,2136,292.050094,51.17188426809713,60.987600984025214,53.02906500911947,291.30425,295.3998436206249,287.20865637937516,NEUTRAL,,ABOVE_MID,
AAPL,1H,2026-05-11T19:00:00Z,291.44,292.74,290.87,292.66,207470,4637,291.962556,58.26841254716478,60.63858230105981,55.648738778142125,291.49575,295.46029454144383,287.53120545855614,NEUTRAL,,ABOVE_MID,
AAPL,1H,2026-05-12T13:00:00Z,292.13,294.16,292.13,294.04,107102,1869,293.252956,64.78190116495634,60.89830875673294,60.215319971549235,291.83625,295.40855409945556,288.26394590054446,BULLISH,BULLISH_CROSS,ABOVE_MID,BULLISH_CONFIRMED
AAPL,1H,2026-05-12T14:00:00Z,294.11,294.82,293.16,294.82,191792,3626,294.116259,67.96161081252151,61.44436024955773,64.08846539203537,292.22025,295.2815646041043,289.15893539589575,BULLISH,,ABOVE_MID,
AAPL,1H,2026-05-12T15:00:00Z,294.82,294.87,293.46,294.4,141179,2884,294.156187,64.43736232878878,61.609112679418736,64.26291386041208,292.57025,294.79838699617477,290.3421130038252,BULLISH,,ABOVE_MID,
AAPL,1H,2026-05-12T16:00:00Z,294.5,294.76,293.54,293.89,121085,2362,294.053931,60.174615043747416,61.33834910493162,62.21876445207975,292.73775,294.82230592899083,290.6531940710092,NEUTRAL,BEARISH_CROSS,ABOVE_MID,
AAPL,1H,2026-05-12T17:00:00Z,293.89,294.54,293.37,294.29,157940,2521,293.964922,62.37104007219872,61.24408825305785,62.29490226213923,292.76875,294.92875456871747,290.60874543128256,BULLISH,BULLISH_CROSS,ABOVE_MID,BULLISH_CONFIRMED
AAPL,1H,2026-05-12T18:00:00Z,294.27,294.65,293.87,294.45,104442,2175,294.262586,63.28230432330301,61.258647093223544,62.78860329272112,292.82624999999996,295.1038269095654,290.54867309043453,BULLISH,,ABOVE_MID,
AAPL,1H,2026-05-12T19:00:00Z,294.42,295.26,294.22,294.72,239634,4254,294.614896,64.89618968286632,61.4764160532411,63.84239648779372,292.96025,295.3553732799907,290.56512672000923,BULLISH,,ABOVE_MID,
AAPL,1H,2026-05-13T12:00:00Z,294.24,294.33,294.0,294.28,3149,87,294.138333,60.0566938621306,61.293035497629226,61.94954517496216,293.07975,295.4884895153211,290.6710104846789,NEUTRAL,BEARISH_CROSS,ABOVE_MID,
AAPL,1H,2026-05-13T13:00:00Z,294.42,297.47,293.5,295.43,179985,3884,296.144613,67.23997455920303,61.787141732440304,64.5947598670826,293.25725,295.8124829690956,290.7020170309044,BULLISH,BULLISH_CROSS,ABOVE_MID,BULLISH_CONFIRMED
AAPL,1H,2026-05-13T14:00:00Z,295.41,296.69,295.14,296.49,215849,4449,295.680643,72.38896476844563,62.73855900172288,68.49186231776412,293.45075,296.363860609141,290.53763939085906,BULLISH,,ABOVE_MID,
AAPL,1H,2026-05-13T15:00:00Z,296.555,298.005,296.29,296.955,123371,2614,297.001028,74.3765045066789,63.83728679276007,71.4341834122215,293.6545,296.94510048911803,290.36389951088194,BULLISH,,ABOVE_MID,
AAPL,1H,2026-05-13T16:00:00Z,296.92,299.405,296.79,299.13,135822,2754,298.582061,81.41587800726924,65.54671418157788,76.42503070974537,293.982,298.0372673998451,289.92673260015493,BULLISH,,ABOVE_MID,
AAPL,1H,2026-05-13T17:00:00Z,299.17,300.91,299.12,300.17,170690,3348,300.079628,83.80866909871848,67.41841871085619,80.11684990423193,294.339,299.2153819633686,289.4626180366314,BULLISH,,ABOVE_MID,
AAPL,1H,2026-05-13T18:00:00Z,300.13,300.495,299.225,299.4,165430,2777,299.762048,75.69124405411523,68.474759960403,77.90404697917359,294.72799999999995,299.9220263258592,289.5339736741407,NEUTRAL,,ABOVE_MID,
AAPL,1H,2026-05-13T19:00:00Z,299.425,299.515,298.615,298.95,268784,4849,299.138842,71.15978282937942,69.0861432418886,74.5319149042765,295.04699999999997,300.4619533700701,289.63204662992985,NEUTRAL,,ABOVE_MID,
AAPL,1H,2026-05-14T12:00:00Z,300.05,300.11,299.17,299.25,1788,50,299.600683,72.39908543006871,69.74337133869282,73.4655001671726,295.38075,300.97406958209086,289.7874304179091,NEUTRAL,,ABOVE_MID,
AAPL,1H,2026-05-14T13:00:00Z,299.15,300.45,297.2,297.39,133913,2550,298.186974,55.70338528498251,68.83378420580465,64.58444272607755,295.71075,300.92992343224216,290.4915765677579,NEUTRAL,BEARISH_CROSS,ABOVE_MID,
AAPL,1H,2026-05-14T14:00:00Z,297.32,298.87,297.08,298.61,208529,3521,298.185501,62.14499328513038,68.53316972490933,63.36471800560397,296.03824999999995,301.1128817211493,290.9636182788506,NEUTRAL,,ABOVE_MID,
AAPL,1H,2026-05-14T15:00:00Z,298.66,299.48,297.91,299.14,126356,2436,298.837815,64.6568646254234,68.3973852700103,64.01079131551369,296.42325,301.1878986312192,291.6586013687808,NEUTRAL,,ABOVE_MID,
AAPL,1H,2026-05-14T16:00:00Z,299.19,299.19,295.43,297.61,158321,3216,297.361528,53.19374740299218,67.17955555099577,58.60226935925293,296.67075,301.11585644594936,292.22564355405063,NEUTRAL,,ABOVE_MID,
AAPL,1H,2026-05-14T17:00:00Z,297.64,298.63,297.37,298.19,96767,2197,297.941138,56.483978203791516,66.25208506869942,57.543123781522226,296.87825000000004,301.1917847271277,292.5647152728724,NEUTRAL,,ABOVE_MID,
AAPL,1H,2026-05-14T18:00:00Z,298.17,298.76,297.55,298.585,57067,1520,298.292921,58.70785906379318,65.5345103976732,58.1254914226577,297.0665,301.330155584988,292.80284441501203,NEUTRAL,,ABOVE_MID,
AAPL,1H,2026-05-14T19:00:00Z,298.59,299.19,297.885,298.25,168196,3500,298.561363,55.97836127998047,64.5950941190327,57.05192635131908,297.259,301.3603073653768,293.15769263462323,NEUTRAL,,ABOVE_MID,
AAPL,1H,2026-05-14T20:00:00Z,298.22,298.23,298.22,298.23,206,4,298.225025,55.8041042308821,63.69171182957604,56.42801529110059,297.476,301.27487324015516,293.67712675984484,NEUTRAL,,ABOVE_MID,
AAPL,1H,2026-05-15T12:00:00Z,294.64,295.16,294.22,295.15,865,20,294.806115,36.25252978456947,61.048287093042966,46.340272537835034,297.519,301.18310842175094,293.85489157824907,BEARISH,,BELOW_MID,
AAPL,1H,2026-05-15T13:00:00Z,295.1,298.66,295.1,298.11,239816,3518,297.501325,53.765952393706684,60.100550495259064,50.05311246577086,297.702,301.0747318304351,294.3292681695649,NEUTRAL,,ABOVE_MID,
AAPL,1H,2026-05-15T14:00:00Z,298.09,301.235,297.575,300.96,189960,3372,299.944434,64.36920780069804,60.15399766901331,57.21116013323444,298.014,301.37971350064896,294.64828649935106,BULLISH,BULLISH_CROSS,ABOVE_MID,BULLISH_CONFIRMED
AAPL,1H,2026-05-15T15:00:00Z,300.99,302.77,300.7,301.015,178164,3420,301.783307,64.5457368258212,60.21878772610168,60.87844847952782,298.35075,301.4830390150357,295.21846098496434,BULLISH,,ABOVE_MID,
AAPL,1H,2026-05-15T16:00:00Z,301.19,302.6,300.83,302.0,145874,3405,301.692748,67.76357083111321,60.577625259242794,64.32100965532052,298.67925,301.89864398514806,295.459856014852,BULLISH,,ABOVE_MID,
AAPL,1H,2026-05-15T17:00:00Z,301.93,303.19,301.77,302.23,128542,3134,302.641872,68.5142482763609,60.97134309273552,66.41762896584072,298.96625,302.3813555697679,295.5511444302321,BULLISH,,ABOVE_MID,
AAPL,1H,2026-05-15T18:00:00Z,302.245,302.47,300.52,301.67,107733,2267,301.579503,64.40609961343142,60.986076529524,65.41186428963607,299.202,302.6828519828259,295.7211480171741,NEUTRAL,,ABOVE_MID,
AAPL,1H,2026-05-15T19:00:00Z,301.73,301.76,299.64,300.19,248244,4887,300.267399,54.66132840929269,60.14947953284105,60.03659634946438,299.255,302.76340644588123,295.74659355411876,NEUTRAL,BEARISH_CROSS,ABOVE_MID,
AAPL,1H,2026-05-15T20:00:00Z,299.68,300.0,299.68,300.0,1585,32,299.957084,53.492417844682,59.291965022047975,56.76450709707319,299.2465,302.7463858628045,295.74661413719554,NEUTRAL,,ABOVE_MID,
AAPL,1H,2026-05-18T12:00:00Z,298.83,300.4,298.8,300.4,1531,36,299.821212,55.734371592123296,58.759145268219655,56.249439344598244,299.29650000000004,302.83398959455803,295.75901040544204,NEUTRAL,,ABOVE_MID,
AAPL,1H,2026-05-18T13:00:00Z,300.19,300.625,297.38,298.09,127446,2934,298.491209,42.44198216600883,57.13946023109343,49.345710755303536,299.25350000000003,302.8294225530331,295.67757744696695,BEARISH,,BELOW_MID,
AAPL,1H,2026-05-18T14:00:00Z,298.07,298.55,296.73,298.38,184413,3834,297.81707,44.31756691118893,55.83421909672433,46.83163883324623,299.21000000000004,302.80720505539426,295.6127949446058,BEARISH,,BELOW_MID,
AAPL,1H,2026-05-18T15:00:00Z,298.235,298.25,295.29,295.84,153766,3058,296.134643,33.54635740547482,53.66597716710931,40.18899811936053,299.1325,302.9545640607188,295.3104359392812,BEARISH,,BELOW_MID,
AAPL,1H,2026-05-18T16:00:00Z,295.81,296.78,294.92,295.9,132068,2750,295.716109,33.972820414363696,51.704698229750846,37.08090926686211,298.997,303.08028221951884,294.9137177804812,BEARISH,,BELOW_MID,
AAPL,1H,2026-05-18T17:00:00Z,295.885,296.62,295.46,296.345,95641,2301,296.013278,37.32859873145018,50.14256175788775,37.20475399915614,298.85725,303.10781587564367,294.6066841243564,NEUTRAL,,BELOW_MID,
AAPL,1H,2026-05-18T18:00:00Z,296.335,296.68,295.45,295.98,164235,3136,295.872544,35.656379783931555,48.53583566115793,36.43056689154385,298.77575,303.18649796736423,294.3650020326358,BEARISH,,BELOW_MID,
AAPL,1H,2026-05-18T19:00:00Z,296.03,297.9,295.84,297.85,223576,4926,297.094099,48.860493355508275,48.2550267499026,42.64553012352606,298.75875,303.1816079412468,294.33589205875325,NEUTRAL,BULLISH_CROSS,BELOW_MID,
AAPL,1H,2026-05-18T20:00:00Z,297.44,297.44,297.44,297.44,106,2,297.44,46.506464116466184,47.778973856082764,44.57599711999612,298.7015,303.1632981978036,294.2397018021964,NEUTRAL,BEARISH_CROSS,BELOW_MID,BEARISH_CONFIRMED
AAPL,1H,2026-05-19T13:00:00Z,297.145,300.51,296.36,299.1,185994,3354,299.347776,56.13297563216918,48.22125107445811,50.35448637608265,298.744,303.2038826984843,294.2841173015158,BULLISH,BULLISH_CROSS,ABOVE_MID,BULLISH_CONFIRMED
AAPL,1H,2026-05-19T14:00:00Z,299.07,299.08,296.53,297.51,220006,4751,297.545731,47.01592840667749,47.845852499310936,48.68520739138007,298.70799999999997,303.1968814689334,294.21911853106656,BEARISH,BEARISH_CROSS,BELOW_MID,BEARISH_CONFIRMED
AAPL,1H,2026-05-19T15:00:00Z,297.5,297.75,296.89,297.255,141498,2756,297.295488,45.677383527634966,47.38756643677594,47.18129545950752,298.81325,303.04205009733096,294.584449902669,BEARISH,,BELOW_MID,
AAPL,1H,2026-05-19T16:00:00Z,297.29,298.71,296.39,298.57,87775,1886,297.445981,53.37786945365938,47.67316316709704,50.27958245658345,298.83625,303.05393441708645,294.61856558291356,BULLISH,BULLISH_CROSS,BELOW_MID,
AAPL,1H,2026-05-19T17:00:00Z,298.555,298.73,297.86,298.37,110400,2091,298.348158,52.1138681358909,47.769715017148755,51.196725296237176,298.70675,302.8072958879247,294.6062041120753,BULLISH,,BELOW_MID,
AAPL,1H,2026-05-19T18:00:00Z,298.41,298.42,297.51,297.65,86424,1982,298.047154,47.55327099755676,47.45881900725587,49.37499814689697,298.5385,302.51451506404374,294.56248493595626,NEUTRAL,,BELOW_MID,
AAPL,1H,2026-05-19T19:00:00Z,297.67,299.22,297.53,299.14,214462,4476,298.45223,56.43015780515294,48.02770897036152,52.90257797602496,298.39549999999997,302.0391576475653,294.75184235243466,BULLISH,,ABOVE_MID,
AAPL,1H,2026-05-20T12:00:00Z,298.55,299.15,298.55,299.15,407,13,298.933019,56.485766137395856,48.636786613111205,54.69417205671041,298.2415,301.4353659959412,295.04763400405875,BULLISH,,ABOVE_MID,
AAPL,1H,2026-05-20T13:00:00Z,298.09,302.34,298.09,300.22,191065,3578,300.704263,62.28076158130279,49.82150368882955,58.4874668190066,298.169,301.0892894593423,295.24871054065767,BULLISH,,ABOVE_MID,
AAPL,1H,2026-05-20T14:00:00Z,300.3,300.46,299.1,299.93,260423,4765,299.720829,59.85048246095207,50.81227108994918,59.16897463997934,298.15600000000006,301.0405041533263,295.2714958466738,BULLISH,,ABOVE_MID,
AAPL,1H,2026-05-20T15:00:00Z,299.935,300.53,298.67,299.125,160086,3451,299.383009,53.349446558194856,51.23175651355613,56.2592105990871,298.11225,300.9040452628199,295.3204547371801,NEUTRAL,,ABOVE_MID,
AAPL,1H,2026-05-20T16:00:00Z,299.215,300.81,298.94,300.69,187305,3503,299.864895,62.30462028205077,52.47102778154436,59.28191544056894,298.12675,300.9710930006406,295.2824069993594,BULLISH,,ABOVE_MID,
AAPL,1H,2026-05-20T17:00:00Z,300.7,301.655,300.08,301.515,180837,3298,301.040895,66.15739112616453,54.022402881952594,62.71965328336673,298.298,301.5203306374225,295.0756693625775,BULLISH,,ABOVE_MID,
AAPL,1H,2026-05-20T18:00:00Z,301.515,302.295,301.15,302.21,260433,4013,301.777842,69.14606793559051,55.80035457744266,65.93286060947862,298.4895,302.1568465238978,294.82215347610224,BULLISH,,ABOVE_MID,
AAPL,1H,2026-05-20T19:00:00Z,302.22,302.8,301.5,302.2,369631,5862,302.096234,69.04736502793855,57.453731178429386,67.49011281870858,298.8075,302.60806159285454,295.00693840714547,BULLISH,,ABOVE_MID,
AAPL,1H,2026-05-20T20:00:00Z,302.24,302.24,301.65,301.79,419,8,301.964377,64.78202778066212,58.612294444742716,66.13607029968534,299.102,302.8665834326098,295.33741656739016,NEUTRAL,,ABOVE_MID,
AAPL,1H,2026-05-21T12:00:00Z,301.3,301.75,301.3,301.4,962,26,301.532353,60.76510233020662,59.27046331783201,63.45058631494598,299.35474999999997,303.01734970225715,295.6921502977428,NEUTRAL,,ABOVE_MID,
AAPL,1H,2026-05-21T13:00:00Z,301.43,303.07,300.41,302.75,102733,2236,301.857789,68.3963869774457,60.50640143627271,65.92348664619584,299.69325,303.29344484122225,296.0930551587777,BULLISH,,ABOVE_MID,
AAPL,1H,2026-05-21T14:00:00Z,302.725,302.835,301.32,302.15,153598,2880,301.936526,62.33429927834277,61.056748083167285,64.1288929622693,299.90825,303.5582020905327,296.25829790946733,NEUTRAL,,ABOVE_MID,
AAPL,1H,2026-05-21T15:00:00Z,302.19,304.23,301.65,303.83,137508,2759,303.128538,70.55503445986241,62.23894546303804,67.34196371106586,300.22775,304.0810185715164,296.37448142848365,BULLISH,,ABOVE_MID,
AAPL,1H,2026-05-21T16:00:00Z,303.81,304.16,303.05,303.42,100076,2231,303.570968,66.56620470672159,62.964606193903144,66.95408420889373,300.44375,304.50931770814344,296.3781822918566,NEUTRAL,,ABOVE_MID,
AAPL,1H,2026-05-21T17:00:00Z,303.415,305.05,303.415,304.95,192000,3266,304.453195,72.97937746935531,64.18644392660829,69.96673083912452,300.81575000000004,305.1063447017588,296.52515529824126,BULLISH,,ABOVE_MID,
AAPL,1H,2026-05-21T18:00:00Z,304.93,305.075,303.92,304.23,179061,2948,304.546274,66.25152122626112,64.72373021800536,68.10912603269281,301.1645,305.3694931472529,296.95950685274704,NEUTRAL,,ABOVE_MID,
AAPL,1H,2026-05-21T19:00:00Z,304.25,305.53,304.22,305.07,324616,4966,304.894464,69.89423859299725,65.50890166906424,69.00168231284503,301.4895,305.85197985970575,297.1270201402943,BULLISH,,ABOVE_MID,
AAPL,1H,2026-05-21T20:00:00Z,304.7,304.7,304.7,304.7,90,2,304.7,66.34562645059935,65.86663714585592,67.6736543817222,301.806,306.13390042691424,297.47809957308573,NEUTRAL,,ABOVE_MID,
AAPL,1H,2026-05-22T12:00:00Z,305.4,306.2,305.37,306.08,777,21,305.835882,72.25601331131102,66.70554304289873,69.96483384651661,302.2275,306.49271857279376,297.9622814272063,BULLISH,,ABOVE_MID,
AAPL,1H,2026-05-22T13:00:00Z,306.07,308.945,305.83,308.7,196567,3264,308.006796,79.824048592308,68.14525671364507,74.8944412194123,302.7055,307.6088467625392,297.80215323746074,BULLISH,,ABOVE_MID,
AAPL,1H,2026-05-22T14:00:00Z,308.67,310.41,308.07,310.33,303163,5073,309.092825,83.05852717393617,69.73931355590413,78.97648419667424,303.2645,308.948181997847,297.580818002153,BULLISH,,ABOVE_MID,
AAPL,1H,2026-05-22T15:00:00Z,310.335,311.39,309.86,309.975,162061,3938,310.721623,79.91935248506874,70.93271655472164,79.4479183408715,303.75225,309.9837315970806,297.52076840291943,BULLISH,,ABOVE_MID,
AAPL,1H,2026-05-22T16:00:00Z,309.92,310.52,308.83,309.02,159686,3220,309.67976,71.71627992826053,71.27894158799522,75.58209913456602,304.20674999999994,310.5885854685297,297.8249145314702,NEUTRAL,,ABOVE_MID,
AAPL,1H,2026-05-22T17:00:00Z,309.04,310.145,309.0,309.45,128596,2885,309.537689,73.11414745247706,71.7113990873363,74.34812329352154,304.72299999999996,311.04413197724097,298.40186802275895,NEUTRAL,,ABOVE_MID,
AAPL,1H,2026-05-22T18:00:00Z,309.44,309.57,308.95,309.36,87148,2075,309.293668,72.27307655924689,72.00997713321695,73.31059992638421,305.1565,311.50220065809276,298.8107993419072,NEUTRAL,,ABOVE_MID,
AAPL,1H,2026-05-22T19:00:00Z,309.3,309.4,307.98,308.81,236915,4686,308.816337,66.97614871536118,71.74509580800387,70.1433743208727,305.52124999999995,311.8241197515715,299.2183802484284,NEUTRAL,BEARISH_CROSS,ABOVE_MID,
AAPL,1H,2026-05-26T12:00:00Z,310.77,310.97,310.77,310.97,300,7,310.867333,75.05394609191492,72.19433663203027,72.59866020639382,305.95925,312.5060356918298,299.4124643081702,BULLISH,BULLISH_CROSS,ABOVE_MID,BULLISH_CONFIRMED
AAPL,1H,2026-05-26T13:00:00Z,310.49,311.47,309.375,310.93,215909,4213,310.367863,74.6734151187946,72.57047050626755,73.6360376625942,306.39575,313.05043040673627,299.7410695932638,BULLISH,,ABOVE_MID,
AAPL,1H,2026-05-26T14:00:00Z,310.87,311.82,309.88,311.55,234893,4725,311.10254,76.73065467430806,73.10969824839484,75.18334616845112,306.88375,313.5477640227003,300.21973597729976,BULLISH,,ABOVE_MID,
AAPL,1H,2026-05-26T15:00:00Z,311.57,311.8,310.005,310.16,140522,3026,311.210585,63.68362516325856,72.42957140446836,69.43348566585485,307.32175,313.6090565733568,301.03444342664324,NEUTRAL,BEARISH_CROSS,ABOVE_MID,
AAPL,1H,2026-05-26T16:00:00Z,310.19,310.76,309.75,310.07,149541,2808,310.149843,62.90450450726196,71.68337039968249,66.1689950865584,307.68775,313.7007433652493,301.6747566347507,NEUTRAL,,ABOVE_MID,
AAPL,1H,2026-05-26T17:00:00Z,310.09,310.29,309.08,309.8,154741,3213,309.478425,60.410136458010875,70.70114718186056,63.28956577228463,308.07025,313.54959348257205,302.5909065174279,NEUTRAL,,ABOVE_MID,
AAPL,1H,2026-05-26T18:00:00Z,309.81,310.18,309.17,309.21,115990,2389,309.664603,55.04436213996466,69.26569881183286,59.16696395612465,308.33925,313.4585080414295,303.21999195857046,NEUTRAL,,ABOVE_MID,
AAPL,1H,2026-05-26T19:00:00Z,309.2,309.2,307.67,308.33,354286,6722,308.395777,47.904610825973606,67.21274030996344,53.535787391049126,308.58475,313.15186296000843,304.01763703999154,BEARISH,,BELOW_MID,
AAPL,1H,2026-05-27T12:00:00Z,308.7,308.7,308.7,308.7,168,7,308.7,50.91609720596404,65.53160707914896,52.22594229850658,308.77225,313.0068623603121,304.5376376396879,NEUTRAL,,BELOW_MID,
AAPL,1H,2026-05-27T13:00:00Z,308.29,312.3,307.79,311.885,315965,5033,310.676453,68.53215831602508,65.51968333236927,60.37905030726583,309.15500000000003,313.02944936665057,305.2805506333495,BULLISH,BULLISH_CROSS,ABOVE_MID,BULLISH_CONFIRMED
AAPL,1H,2026-05-27T14:00:00Z,311.895,313.2,310.83,313.06,373848,5494,312.048911,72.61173576473458,65.89788229371179,66.4953930360002,309.55449999999996,313.30104212504506,305.80795787495487,BULLISH,,ABOVE_MID,
AAPL,1H,2026-05-27T15:00:00Z,313.08,313.22,310.705,311.72,267848,4293,311.882932,62.25665556820596,65.30717693182672,64.37602430210308,309.90549999999996,312.99480055105295,306.816199448947,NEUTRAL,BEARISH_CROSS,ABOVE_MID,
AAPL,1H,2026-05-27T16:00:00Z,311.72,311.82,310.41,310.59,172572,3167,311.262016,54.83756040848131,64.07507150358049,59.60679235529219,310.131,312.6503996778679,307.61160032213206,NEUTRAL,,ABOVE_MID,
AAPL,1H,2026-05-27T17:00:00Z,310.66,310.99,310.34,310.895,106119,2109,310.668029,56.4147314676408,63.036163730245384,58.010761911466496,310.24075,312.6878778008479,307.7936221991521,NEUTRAL,,ABOVE_MID,
AAPL,1H,2026-05-27T18:00:00Z,310.93,310.99,310.43,310.575,90773,1945,310.709532,54.18139454531413,61.86280230528607,56.09607822839031,310.25300000000004,312.7044579979653,307.8015420020348,NEUTRAL,,ABOVE_MID,
AAPL,1H,2026-05-27T19:00:00Z,310.485,311.09,309.52,310.93,353237,5665,310.250643,56.33859415570355,60.99655709619329,56.21733619204693,310.30075,312.76656954989204,307.83493045010795,NEUTRAL,,ABOVE_MID,
AAPL,1H,2026-05-27T20:00:00Z,310.99,310.99,310.46,310.68,463,9,310.671219,54.31271220534122,60.06181150641059,55.26502419869408,310.38375,312.77878845700326,307.9887115429968,NEUTRAL,,ABOVE_MID,
AAPL,1H,2026-05-28T12:00:00Z,310.35,310.35,309.98,309.98,143,3,310.244286,48.78660529117324,58.735543817416634,52.025814744933655,310.41025,312.7733021632655,308.04719783673454,BEARISH,,BELOW_MID,
AAPL,1H,2026-05-28T13:00:00Z,309.96,312.105,309.635,311.07,170704,3499,310.64162,56.533890471211755,58.212837441920044,54.2798526080727,310.49575,312.8222614498565,308.16923855014346,NEUTRAL,,ABOVE_MID,
AAPL,1H,2026-05-28T14:00:00Z,311.01,312.72,310.685,311.835,214172,3925,311.538207,61.17159417091943,58.183516497917516,57.72572338949607,310.64700000000005,312.9043584935536,308.3896415064465,BULLISH,BULLISH_CROSS,ABOVE_MID,BULLISH_CONFIRMED
AAPL,1H,2026-05-28T15:00:00Z,311.835,311.95,310.41,310.725,190909,3192,311.483472,52.097857740751465,57.377368789217165,54.911790565123766,310.63475,312.8873823198468,308.3821176801532,NEUTRAL,BEARISH_CROSS,ABOVE_MID,
AAPL,1H,2026-05-28T16:00:00Z,310.645,310.94,309.57,310.555,191048,3486,310.379588,50.79955861355856,56.51760207317291,52.85567458934116,310.616,312.8645237262181,308.36747627378185,NEUTRAL,,BELOW_MID,
AAPL,1H,2026-05-28T17:00:00Z,310.58,311.61,310.125,310.385,211159,4612,310.774728,49.4142093663437,55.636891864863905,51.13494197784243,310.55775,312.76436559144736,308.35113440855264,BEARISH,,BELOW_MID,
AAPL,1H,2026-05-28T18:00:00Z,310.4,311.345,310.23,310.88,178511,3766,310.823991,53.562568302141514,55.24265240722246,52.34875513999197,310.59375,312.7965326301719,308.3909673698281,NEUTRAL,,ABOVE_MID,
AAPL,1H,2026-05-28T19:00:00Z,310.87,312.55,310.26,312.45,357136,6244,311.569019,64.07478184250749,55.90436347217778,58.21176849124973,310.71275,313.04947392126405,308.376026078736,BULLISH,BULLISH_CROSS,ABOVE_MID,BULLISH_CONFIRMED
AAPL,1H,2026-05-28T20:00:00Z,312.33,312.33,312.33,312.33,50,1,312.33,62.85136401302918,56.45316141549546,60.531566252139456,310.83925,313.24094517983417,308.4375548201658,BULLISH,,ABOVE_MID,
AAPL,1H,2026-05-29T12:00:00Z,311.4,311.55,311.4,311.55,199,6,311.49434,55.15106714880955,56.30216241658637,57.84131670047451,310.95625,313.2492872297105,308.66321277028953,NEUTRAL,BEARISH_CROSS,ABOVE_MID,
AAPL,1H,2026-05-29T13:00:00Z,311.915,315.0,311.88,313.48,225650,4179,313.941365,66.55665549100829,57.21080161895598,62.1989860957414,311.21375,313.4200373673581,309.00746263264193,BULLISH,BULLISH_CROSS,ABOVE_MID,BULLISH_CONFIRMED
AAPL,1H,2026-05-29T14:00:00Z,313.5,314.04,311.15,311.42,335778,5944,313.054873,50.98676740282613,56.65415968191924,56.59287674928376,311.34975,313.2121352136991,309.4873647863008,NEUTRAL,BEARISH_CROSS,ABOVE_MID,
AAPL,1H,2026-05-29T15:00:00Z,311.36,312.0,310.43,310.59,252633,4588,311.11422,46.098609557721566,55.63979708980003,51.34574315350267,311.28499999999997,313.1590415093968,309.41095849060315,BEARISH,,BELOW_MID,
AAPL,1H,2026-05-29T16:00:00Z,310.61,311.68,310.45,311.09,133569,2900,311.163897,49.38707735926288,54.94524104088692,50.36641025638278,311.1865,312.86456310652164,309.5084368934784,BEARISH,,BELOW_MID,
AAPL,1H,2026-05-29T17:00:00Z,311.09,311.1,309.54,309.58,118278,2640,310.20079,40.90779395947933,53.562720184879915,45.63710210793106,311.0795,312.88258186462014,309.27641813537986,BEARISH,,BELOW_MID,
AAPL,1H,2026-05-29T18:00:00Z,309.56,310.77,309.54,310.57,194772,3750,310.25353,47.54986077046546,52.92127008573853,46.59348143919826,311.07849999999996,312.8827467447068,309.2742532552931,NEUTRAL,,BELOW_MID,
AAPL,1H,2026-05-29T19:00:00Z,310.605,313.02,310.585,312.01,358101,6474,311.954139,55.69828125432222,53.08425126347479,51.145881346760234,311.13425,312.98298007622327,309.28551992377675,BULLISH,BULLISH_CROSS,ABOVE_MID,BULLISH_CONFIRMED
AAPL,1H,2026-05-29T20:00:00Z,311.85,311.96,311.48,311.48,410,11,311.772245,52.33192993623131,52.93747443893508,51.738905641495776,311.17949999999996,313.0148485256271,309.34415147437284,NEUTRAL,BEARISH_CROSS,ABOVE_MID,
AAPL,1H,2026-06-01T12:00:00Z,310.13,310.86,310.13,310.86,351,11,310.551429,48.47613463971054,52.457845234761045,50.10752014060316,311.17600000000004,313.0136174505953,309.3383825494048,BEARISH,,BELOW_MID,
AAPL,1H,2026-06-01T13:00:00Z,310.39,310.94,308.55,310.045,238939,4517,309.857358,43.713164024652066,51.56991679677479,46.91034208262761,311.14425,313.0390052959616,309.2494947040384,BEARISH,,BELOW_MID,
AAPL,1H,2026-06-01T14:00:00Z,310.05,310.24,306.56,306.84,352635,6249,308.293048,30.46886147729512,49.532616396176216,38.689601779961365,310.98725,313.6520724489085,308.32242755109155,BEARISH,,BELOW_MID,
AAPL,1H,2026-06-01T15:00:00Z,307.0,307.53,306.36,306.83,204884,3666,306.866284,30.4364919815021,47.59559344716377,34.56304688073173,310.77525,314.02318290538636,307.5273170946137,BEARISH,,BELOW_MID,
AAPL,1H,2026-06-01T16:00:00Z,306.85,306.945,305.5,306.19,175234,2788,306.237307,28.273792060583176,45.54139913438671,31.418419470657454,310.493,314.28818309661597,306.697816903384,BEARISH,,BELOW_MID,
AAPL,1H,2026-06-01T17:00:00Z,306.18,308.37,305.03,307.75,192439,3624,306.682374,39.970497650398784,44.672879781768756,35.69445856052812,310.34425,314.3295892842422,306.35891071575776,NEUTRAL,,BELOW_MID,
AAPL,1H,2026-06-01T18:00:00Z,307.76,308.31,307.29,307.56,200251,3928,307.763273,39.09690377968721,43.81672244315763,37.395681170107665,310.1945,314.36716909404754,306.02183090595247,NEUTRAL,,BELOW_MID,
AAPL,1H,2026-06-01T19:00:00Z,307.53,308.05,305.91,306.265,424231,7290,307.14476,33.4852346195275,42.50669454869244,35.440457894817584,309.9885,314.5134950276215,305.4635049723785,BEARISH,,BELOW_MID,
AAPL,1H,2026-06-01T20:00:00Z,306.21,306.35,306.17,306.35,140,4,306.237692,34.18280930894056,41.335036318606925,34.81163360187907,309.762,314.5452354168106,304.9787645831894,BEARISH,,BELOW_MID,
AAPL,1H,2026-06-02T12:00:00Z,306.09,306.09,306.08,306.08,260,5,306.085263,32.94800226309198,40.11705969932048,33.87981793248552,309.4435,314.32050954533247,304.5664904546675,BEARISH,,BELOW_MID,
AAPL,1H,2026-06-02T13:00:00Z,307.36,309.8,306.73,309.1,174650,2762,308.767038,53.902074261880074,40.89323926191108,43.8909460971828,309.28200000000004,313.96667310548617,304.5973268945139,BULLISH,BULLISH_CROSS,BELOW_MID,
AAPL,1H,2026-06-02T14:00:00Z,309.11,310.73,308.54,310.55,203725,3341,309.703816,60.55958358738857,42.31868464015669,52.22526484228568,309.23199999999997,313.8353916558168,304.62860834418314,BULLISH,,ABOVE_MID,
AAPL,1H,2026-06-02T15:00:00Z,310.53,313.145,310.465,312.425,175196,3311,312.409027,67.40717966407453,44.3765598800302,59.81622225318011,309.17925,313.5981654122991,304.7603345877009,BULLISH,,ABOVE_MID,
AAPL,1H,2026-06-02T16:00:00Z,312.47,314.455,311.915,314.295,140090,2606,312.647115,72.72111345817356,46.864463246141,66.26866785567684,309.323,314.21098785423607,304.4350121457639,BULLISH,,ABOVE_MID,
AAPL,1H,2026-06-02T17:00:00Z,314.285,315.44,314.095,314.705,232616,3624,314.778941,73.77572485925218,49.42155441076039,70.02219635746451,309.52875,314.95777518631894,304.09972481368106,BULLISH,,ABOVE_MID,
AAPL,1H,2026-06-02T18:00:00Z,314.715,314.93,313.76,314.67,115404,2402,314.397563,73.50282296408942,51.855182816700825,71.76250966077697,309.70775,315.5721317594912,303.84336824050877,BULLISH,,ABOVE_MID,
AAPL,1H,2026-06-02T19:00:00Z,314.66,315.43,314.03,315.195,249246,4645,314.918238,75.05964671635844,54.311707696196564,73.4110781885677,309.9885,316.3441738845157,303.63282611548425,BULLISH,,ABOVE_MID,
AAPL,1H,2026-06-03T12:00:00Z,314.19,314.19,313.94,313.94,490,7,314.029286,64.8179466035217,55.72603226518726,69.1145123960447,310.15700000000004,316.7517773594756,303.56222264052445,NEUTRAL,,ABOVE_MID,
AAPL,1H,2026-06-03T13:00:00Z,314.38,316.92,314.17,314.875,246553,4477,316.023072,68.4285551381567,57.365086819387024,68.77153376710069,310.30025,317.18269408469445,303.41780591530556,NEUTRAL,,ABOVE_MID,
AAPL,1H,2026-06-03T14:00:00Z,314.825,315.935,311.17,311.5,370773,5516,313.426193,48.29972392721612,57.08386366883594,58.53562884715841,310.30125000000004,317.18442160295956,303.4180783970405,BEARISH,BEARISH_CROSS,ABOVE_MID,
AAPL,1H,2026-06-03T15:00:00Z,311.46,312.16,310.4,311.42,313266,5120,311.292378,47.92379897073321,56.80049390893839,53.22971390894581,310.32925,317.2265334278583,303.4319665721417,BEARISH,,ABOVE_MID,
AAPL,1H,2026-06-03T16:00:00Z,311.54,311.815,309.335,310.26,249116,5146,310.273347,42.52473304658756,56.04538279215098,47.87722347776669,310.34000000000003,317.2360881359613,303.44391186403874,BEARISH,,BELOW_MID,
AAPL,1H,2026-06-03T17:00:00Z,310.3,310.3,308.865,309.335,157872,3056,309.476379,38.621432138712784,54.9611897815443,43.24932780823974,310.46475,317.1822044638339,303.74729553616606,BEARISH,,BELOW_MID,
AAPL,1H,2026-06-03T18:00:00Z,309.31,309.97,309.025,309.82,159341,3001,309.571379,41.773968854805,54.185633147231464,42.511648331522366,310.61424999999997,317.12088165749475,304.1076183425052,BEARISH,,BELOW_MID,
AAPL,1H,2026-06-03T19:00:00Z,309.83,311.09,309.5,310.22,468112,7401,310.366094,44.42254715445911,53.60191649956462,43.46709774299074,310.81575000000004,316.98642110143646,304.6450788985636,NEUTRAL,,BELOW_MID,
AAPL,1H,2026-06-03T20:00:00Z,310.17,310.94,310.17,310.7,402,11,310.538529,47.63802426021448,53.24997025903156,45.55256100160261,310.96325,316.9640580815484,304.96244191845165,NEUTRAL,,BELOW_MID,
AAPL,1H,2026-06-04T12:00:00Z,312.77,312.99,312.61,312.99,645,19,312.817931,60.044972800694936,53.942100586249424,52.798766901148774,311.23474999999996,317.0764769211295,305.39302307887044,BULLISH,BULLISH_CROSS,ABOVE_MID,BULLISH_CONFIRMED
AAPL,1H,2026-06-04T13:00:00Z,312.99,313.38,310.445,312.37,232045,4757,311.765699,56.00321187807686,54.179895612492054,54.40098938961282,311.54,316.9070387797326,306.17296122026744,BULLISH,,ABOVE_MID,
AAPL,1H,2026-06-04T14:00:00Z,312.255,312.37,309.81,310.445,235657,5047,310.769851,45.3424047885785,53.375338876925795,49.87169708909566,311.74474999999995,316.56245252626434,306.92704747373557,BEARISH,BEARISH_CROSS,BELOW_MID,BEARISH_CONFIRMED
AAPL,1H,2026-06-04T15:00:00Z,310.42,311.345,309.675,310.385,113774,2591,310.455347,45.041751843759855,52.492120314475365,47.45672446642776,311.96,316.040288947456,307.87971105254394,BEARISH,,BELOW_MID,
AAPL,1H,2026-06-04T16:00:00Z,310.405,311.77,310.26,311.425,180925,3440,311.127785,51.334196722726034,52.13393378632567,49.395460594576896,312.07624999999996,315.940197906099,308.2123020939009,NEUTRAL,,BELOW_MID,
AAPL,1H,2026-06-04T17:00:00Z,311.385,311.975,310.965,311.22,115185,2186,311.34245,50.06310364561696,51.58059942666549,49.729282120096926,312.10975,315.92934556277265,308.2901544372274,NEUTRAL,,BELOW_MID,
AAPL,1H,2026-06-04T18:00:00Z,311.22,311.99,310.99,311.73,79817,1865,311.566007,53.29949475491948,51.33810136099497,51.5143884375082,312.075,315.89516533122446,308.2548346687755,BULLISH,BULLISH_CROSS,BELOW_MID,
AAPL,1H,2026-06-04T19:00:00Z,311.71,312.07,311.05,311.21,270970,4882,311.486946,49.61136399619788,50.79174763687995,50.56287621685304,311.92075,315.6103902263629,308.2311097736371,BEARISH,BEARISH_CROSS,BELOW_MID,BEARISH_CONFIRMED
AAPL,1H,2026-06-04T20:00:00Z,311.28,311.28,311.28,311.28,40,1,311.28,50.13392336305369,50.36993747281621,50.34839978995336,311.7495,315.2055654538142,308.29343454618584,NEUTRAL,,BELOW_MID,
AAPL,1H,2026-06-05T12:00:00Z,311.7,313.2,311.52,312.51,3259,77,312.316875,58.61750591144336,50.81714212958062,54.48295285069836,311.6415,314.83859094745696,308.44440905254305,BULLISH,BULLISH_CROSS,ABOVE_MID,BULLISH_CONFIRMED
AAPL,1H,2026-06-05T13:00:00Z,312.57,314.47,312.2,313.62,258540,4261,313.650075,64.71240524551618,51.884048539433074,59.59767904810727,311.56275,314.4542866066097,308.6712133933903,BULLISH,,ABOVE_MID,
AAPL,1H,2026-06-05T14:00:00Z,313.64,315.14,312.265,312.98,316484,5325,313.640913,59.06926362085563,52.47599583067387,59.333471334481445,311.51475,314.2687279363095,308.76077206369047,NEUTRAL,,ABOVE_MID,
AAPL,1H,2026-06-05T15:00:00Z,313.025,314.115,312.65,313.44,217672,3768,313.449208,61.76527521958113,53.382257523078,60.549373277031286,311.443,313.8855275950595,309.00047240494047,BULLISH,,ABOVE_MID,
AAPL,1H,2026-06-05T16:00:00Z,313.41,313.54,310.7,310.89,264230,4572,311.761956,43.781005683232436,52.66680064890474,52.16518948013186,311.4125,313.8672344159048,308.9577655840952,BEARISH,BEARISH_CROSS,BELOW_MID,BEARISH_CONFIRMED
AAPL,1H,2026-06-05T17:00:00Z,310.87,312.64,309.61,312.52,206356,4191,311.140599,53.51444617093804,52.942901349176246,52.83981782553495,311.4675,313.97173535971314,308.9632646402868,BULLISH,BULLISH_CROSS,ABOVE_MID,BULLISH_CONFIRMED
AAPL,1H,2026-06-05T18:00:00Z,312.54,312.8,309.5,309.5,350801,6385,311.215334,39.3235965434834,51.9063502554206,46.08170718450917,311.42949999999996,314.03202084272874,308.8269791572712,BEARISH,BEARISH_CROSS,BELOW_MID,BEARISH_CONFIRMED
AAPL,1H,2026-06-05T19:00:00Z,309.415,309.68,307.16,307.59,570455,10473,308.307364,33.08185038296581,50.33959800606489,39.58177878373749,311.34225,314.32905867358915,308.3554413264108,BEARISH,,BELOW_MID,
AAPL,1H,2026-06-05T20:00:00Z,307.51,307.51,307.2,307.23,176,7,307.327353,32.00467133174239,48.715798668345215,35.79322505773994,311.21275,314.66567625708086,307.7598237429192,BEARISH,,BELOW_MID,
AAPL,1H,2026-06-08T12:00:00Z,308.5,308.62,308.33,308.46,825,18,308.486541,39.56811195190147,47.80822882772648,37.6806685048207,311.12475,314.7686352529736,307.48086474702643,NEUTRAL,,BELOW_MID,
AAPL,1H,2026-06-08T13:00:00Z,308.62,315.115,307.86,310.92,276200,4891,312.272912,51.66524292324784,48.00994733040287,44.67295571403427,311.13575000000003,314.7755624228702,307.49593757712984,BULLISH,BULLISH_CROSS,BELOW_MID,
AAPL,1H,2026-06-08T14:00:00Z,310.935,315.34,309.92,315.275,318748,5590,312.160179,65.44253059354227,49.43279286904202,55.05774315378827,311.25,315.2595465027719,307.2404534972281,BULLISH,,ABOVE_MID,
AAPL,1H,2026-06-08T15:00:00Z,315.26,315.36,313.33,313.605,225457,4233,314.187045,58.27650259401863,50.12710553182261,56.66712287390345,311.31174999999996,315.43047652137653,307.1930234786234,BULLISH,,ABOVE_MID,
AAPL,1H,2026-06-08T16:00:00Z,313.64,314.98,312.9,313.5,238012,4186,313.722665,57.82859706574142,50.78835522539478,57.247859969822436,311.4645,315.6734902527048,307.25550974729515,BULLISH,,ABOVE_MID,
AAPL,1H,2026-06-08T17:00:00Z,313.48,317.38,307.66,308.455,582464,10086,312.353361,40.85531302817296,49.898676996990325,49.05158649899769,311.36800000000005,315.7654782247145,306.9705217752856,BEARISH,BEARISH_CROSS,BELOW_MID,BEARISH_CONFIRMED
AAPL,1H,2026-06-08T18:00:00Z,308.52,308.98,302.725,303.9,531538,10733,304.732636,31.47248109720077,48.175438687243826,40.26203379809923,310.99175,316.5128313919774,305.47066860802266,BEARISH,,BELOW_MID,
AAPL,1H,2026-06-08T19:00:00Z,303.87,304.87,301.18,301.57,588671,10500,302.476026,27.79857545588142,46.17695038736248,34.03030462699033,310.50924999999995,317.45038996022015,303.56811003977975,BEARISH,,BELOW_MID,
AAPL,1H,2026-06-08T20:00:00Z,300.72,300.72,300.72,300.72,40,1,300.72,26.52767445152763,44.16481143888988,30.27898953925898,309.95875,318.1296926596548,301.78780734034524,BEARISH,,BELOW_MID,
AAPL,1H,2026-06-09T12:00:00Z,299.61,300.2,298.78,300.05,2807,73,299.408607,25.494110290586207,42.16059708701605,27.886549914922593,309.40075,318.6632478301013,300.13825216989875,BEARISH,,BELOW_MID,
AAPL,1H,2026-06-09T13:00:00Z,300.47,301.49,295.96,296.22,259129,5204,298.02735,20.38612687160247,39.81239023585944,24.136338393262534,308.64775,319.56737283665217,297.7281271633478,BEARISH,,BELOW_MID,
AAPL,1H,2026-06-09T14:00:00Z,296.17,296.17,291.8,293.09,522420,8952,293.39687,17.21499313219367,37.302414677330574,20.6756657627281,307.67674999999997,320.447201615886,294.90629838411394,BEARISH,,BELOW_MID,
AAPL,1H,2026-06-09T15:00:00Z,293.255,293.72,290.91,291.175,387161,6449,292.082513,15.550087453158397,34.78359024854681,18.11287660794325,306.5545,320.965370860131,292.14362913986906,BEARISH,,BELOW_MID,
AAPL,1H,2026-06-09T16:00:00Z,291.17,291.49,287.79,289.25,448410,7878,289.794603,14.017046447943983,32.311837496597605,16.064961527943616,305.368,321.3709649884344,289.36503501156557,BEARISH,,BELOW_MID,
AAPL,1H,2026-06-09T17:00:00Z,289.23,291.12,289.2,289.665,254153,5103,290.122817,16.02494207069047,30.24208113804775,16.044951799317044,304.17925,321.1598284648229,287.19867153517714,BEARISH,,BELOW_MID,
AAPL,1H,2026-06-09T18:00:00Z,289.695,291.795,289.36,291.36,194676,3976,290.487373,24.162378447517142,29.098430777175484,20.103665123417095,303.20275000000004,320.79367573339744,285.61182426660264,NEUTRAL,,BELOW_MID,
AAPL,1H,2026-06-09T19:00:00Z,291.33,291.92,288.85,290.36,421873,8129,290.669989,22.702256465183424,27.984825157182243,21.40296079430026,302.09475000000003,320.00337758119997,284.1861224188001,NEUTRAL,,BELOW_MID,
AAPL,1H,2026-06-09T20:00:00Z,290.94,290.94,290.73,290.73,170,8,290.814,24.598881555670644,27.13488999657551,23.00092117498545,301.15625,319.39512775720084,282.91737224279916,NEUTRAL,,BELOW_MID,
AAPL,1H,2026-06-10T12:00:00Z,289.9,290.97,289.85,290.9,943,26,290.320462,25.543200622474245,26.49597762825511,24.272060898729848,300.32175,318.8462081638214,281.7972918361786,NEUTRAL,,BELOW_MID,
AAPL,1H,2026-06-10T13:00:00Z,290.89,290.99,287.38,289.42,277692,4983,289.292484,22.75237315298716,25.663009065396952,23.512217025858504,299.43125,318.267124471478,280.59537552852197,BEARISH,,BELOW_MID,
AAPL,1H,2026-06-10T14:00:00Z,289.47,291.13,288.46,289.675,325475,5658,289.820874,24.35440919037312,25.020396493946095,23.93331310811581,298.492,317.30563206770466,279.6783679322954,NEUTRAL,,BELOW_MID,
AAPL,1H,2026-06-10T15:00:00Z,289.74,291.525,289.13,291.295,261843,4599,290.328599,34.11940388693921,25.298628731020152,29.02635849752751,297.51075000000003,315.62942407574786,279.3920759242522,NEUTRAL,BULLISH_CROSS,BELOW_MID,
AAPL,1H,2026-06-10T16:00:00Z,291.32,292.97,290.545,292.3,209795,3422,291.851626,39.56425308694514,26.095434739804546,34.29530579223633,296.36199999999997,312.54874551991026,280.1752544800897,NEUTRAL,,BELOW_MID,
AAPL,1H,2026-06-10T17:00:00Z,292.31,294.06,291.73,294.02,214280,3494,292.760614,47.8609686598577,27.69887285624031,41.07813722604701,295.38275000000004,309.4018067574443,281.36369324255577,NEUTRAL,,BELOW_MID,
AAPL,1H,2026-06-10T18:00:00Z,294.02,294.74,292.74,292.88,198956,3533,293.967798,43.416720969470376,28.97439911308971,42.2474290977587,294.35175000000004,305.4996179930065,283.2038820069936,NEUTRAL,,BELOW_MID,
AAPL,1H,2026-06-10T19:00:00Z,292.88,293.36,291.48,291.48,354245,6329,292.278754,38.48011121848852,29.865470724285125,40.36377015812361,293.503,302.50877382046036,284.4972261795396,NEUTRAL,,BELOW_MID,
AAPL,1H,2026-06-10T20:00:00Z,291.24,292.02,290.92,292.02,315,4,291.366032,41.3727204329065,31.10326648851098,40.86824529551505,292.909,300.4802583950251,285.3377416049749,NEUTRAL,,BELOW_MID,
AAPL,1H,2026-06-11T12:00:00Z,292.2,292.46,292.2,292.46,169,5,292.365,43.79519436873501,32.55904729709902,42.33171983212503,292.4535,298.83320226990725,286.0737977300928,NEUTRAL,,ABOVE_MID,
AAPL,1H,2026-06-11T13:00:00Z,292.36,294.06,290.43,291.63,160120,3004,292.34357,40.264503778458874,33.64051115474623,41.29811180529195,291.99899999999997,297.05738709471984,286.9406129052801,NEUTRAL,,BELOW_MID,
AAPL,1H,2026-06-11T14:00:00Z,291.59,291.76,289.62,289.9,251537,4638,290.494551,33.86303521072681,34.08605826674429,37.58057350800938,291.4915,294.9243338761265,288.0586661238734,BEARISH,BEARISH_CROSS,BELOW_MID,BEARISH_CONFIRMED
AAPL,1H,2026-06-11T15:00:00Z,289.915,293.54,289.83,293.45,166274,3221,291.73324,51.61967605614083,36.1140906471168,44.600124782075106,291.353,294.1465647854589,288.5594352145411,BULLISH,BULLISH_CROSS,ABOVE_MID,BULLISH_CONFIRMED
AAPL,1H,2026-06-11T16:00:00Z,293.445,294.49,292.56,293.755,129435,2775,293.612432,52.84339886396071,38.140272868176154,48.72176182301791,291.38625,294.2808672822251,288.49163271777496,BULLISH,,ABOVE_MID,
AAPL,1H,2026-06-11T17:00:00Z,293.62,296.995,293.065,295.79,228172,4082,295.418988,60.3679109524416,40.709993971771176,54.54483638772975,291.617,295.1138503121084,288.1201496878916,BULLISH,,ABOVE_MID,
AAPL,1H,2026-06-11T18:00:00Z,295.86,296.415,295.14,295.19,106955,2454,295.706391,57.33343851458876,42.81704477659929,55.939137451159255,291.914,295.5697749556482,288.2582250443518,BULLISH,,ABOVE_MID,
AAPL,1H,2026-06-11T19:00:00Z,295.185,296.17,294.7,295.48,329707,5784,295.406355,58.468587898031515,44.84641067229696,57.203862674595385,292.20475,296.02849640620633,288.38100359379365,BULLISH,,ABOVE_MID,
AAPL,1H,2026-06-11T20:00:00Z,295.56,295.56,295.56,295.56,40,1,295.56,58.80869479440473,46.714264461387494,58.00627873450006,292.41475,296.4958237428727,288.33367625712737,BULLISH,,ABOVE_MID,
AAPL,1H,2026-06-12T12:00:00Z,296.65,296.65,295.93,295.95,1218,28,296.307726,60.57917701455709,48.55786012883075,59.29272787452857,292.69425,296.9449617360726,288.4435382639274,BULLISH,,ABOVE_MID,
AAPL,1H,2026-06-12T13:00:00Z,296.0,297.11,291.04,291.1,234671,4221,293.981258,37.830447431644224,48.17574099190949,48.5615876530864,292.71275,296.9305599517998,288.49494004820025,BEARISH,BEARISH_CROSS,BELOW_MID,BEARISH_CONFIRMED
AAPL,1H,2026-06-12T14:00:00Z,291.12,293.21,290.03,291.72,260305,4666,291.531941,41.015900465856085,48.01771849027821,44.78874405947124,292.75374999999997,296.91289955249596,288.594600447504,BEARISH,,BELOW_MID,
AAPL,1H,2026-06-12T15:00:00Z,291.765,292.98,291.02,291.33,222593,3638,292.078281,39.580732500931425,47.65815682772225,42.18473828020133,292.84925,296.7667885330488,288.9317114669512,BEARISH,,BELOW_MID,
AAPL,1H,2026-06-12T16:00:00Z,291.265,292.15,290.75,291.18,157809,3689,291.281182,38.99041251675712,47.18416117578914,40.587575398479224,292.92449999999997,296.6378059465466,289.2111940534533,BEARISH,,BELOW_MID,
AAPL,1H,2026-06-12T17:00:00Z,291.125,292.23,289.815,289.88,165004,3670,291.086494,34.04043351629254,46.18987289020442,37.31400445738588,292.85375,296.7473248355499,288.9601751644501,BEARISH,,BELOW_MID,
AAPL,1H,2026-06-12T18:00:00Z,289.935,290.725,289.635,290.47,154634,3259,290.263301,38.05564516207362,45.5186730039075,37.68482480972975,292.76225,296.79417062761604,288.73032937238395,NEUTRAL,,BELOW_MID,
AAPL,1H,2026-06-12T19:00:00Z,290.44,291.64,290.205,291.085,260212,5273,290.856787,42.18291149108873,45.205639142000976,39.93386815040924,292.6155,296.6682663067181,288.56273369328187,NEUTRAL,,BELOW_MID,
AAPL,1H,2026-06-15T12:00:00Z,293.0,293.0,292.17,293.0,1986,55,292.752821,53.12393789962978,45.875907860939556,46.52890302501951,292.62149999999997,296.676269900672,288.5667300993279,BULLISH,BULLISH_CROSS,ABOVE_MID,BULLISH_CONFIRMED
AAPL,1H,2026-06-15T13:00:00Z,293.0,295.895,291.75,295.38,246193,4817,294.33195,62.93161598805602,47.415000262203606,54.73025950653776,292.8165,297.0127716534444,288.6202283465556,BULLISH,,ABOVE_MID,
AAPL,1H,2026-06-15T14:00:00Z,295.265,296.7,295.1,296.47,253878,5392,295.886043,66.53872772081876,49.197531846885084,60.63449361367826,293.039,297.51971493355876,288.5582850664412,BULLISH,,ABOVE_MID,
AAPL,1H,2026-06-15T15:00:00Z,296.57,297.78,296.17,297.49,203540,3756,296.745903,69.64806946511631,51.14126499056189,65.14128153939728,293.29049999999995,298.180359431843,288.4006405681569,BULLISH,,ABOVE_MID,
AAPL,1H,2026-06-15T16:00:00Z,297.475,297.765,296.56,296.945,159943,3021,297.123718,65.96356586410275,52.62763915305472,65.55242370175002,293.55625000000003,298.64000314631403,288.47249685368604,BULLISH,,ABOVE_MID,
AAPL,1H,2026-06-15T17:00:00Z,296.91,297.18,295.63,295.745,216746,3667,296.578566,58.32110983860029,53.32327760978602,61.936766770175154,293.8485,298.7146203610727,288.9823796389273,NEUTRAL,,ABOVE_MID,
AAPL,1H,2026-06-15T18:00:00Z,295.78,296.395,294.985,296.375,163822,3212,295.616344,60.99049412048418,54.1834202390689,61.46363044532967,293.99475,298.9846866887687,289.0048133112313,NEUTRAL,,ABOVE_MID,
AAPL,1H,2026-06-15T19:00:00Z,296.375,296.66,295.61,296.53,326929,6045,296.139338,61.6699757477277,54.987899038318716,61.56680309652869,294.1335,299.2481323631862,289.01886763681387,BULLISH,,ABOVE_MID,
AAPL,1H,2026-06-16T12:00:00Z,295.8,295.98,295.19,295.98,1978,53,295.653986,57.66065886074671,55.384386693333944,59.6137309786377,294.143,299.27127497415563,289.0147250258443,NEUTRAL,,ABOVE_MID,
AAPL,1H,2026-06-16T13:00:00Z,295.66,297.93,293.99,297.11,155430,2999,295.677024,63.19174155566818,56.26284610850746,61.40273626715294,294.23900000000003,299.51942621884416,288.9585737811559,BULLISH,,ABOVE_MID,
AAPL,1H,2026-06-16T14:00:00Z,297.115,298.0,296.755,297.51,280234,3637,297.478781,65.01194498064729,57.29455418740969,63.20734062390011,294.3405,299.7964884048364,288.88451159516364,BULLISH,,ABOVE_MID,
AAPL,1H,2026-06-16T15:00:00Z,297.5,298.555,297.22,298.18,191277,3174,297.981415,67.9943626989309,58.5641508620604,65.6008516614155,294.4715,300.1711482809328,288.7718517190672,BULLISH,,ABOVE_MID,
AAPL,1H,2026-06-16T16:00:00Z,298.265,299.77,298.07,299.49,91970,1908,298.938301,73.04784923287461,60.25191828308305,69.32435044714506,294.64849999999996,300.74735675223104,288.54964324776887,BULLISH,,ABOVE_MID,
AAPL,1H,2026-06-16T17:00:00Z,299.47,300.445,299.14,299.57,144687,2690,299.898447,73.33707938554181,61.90433799314269,71.33071491634344,295.072,301.3081175506309,288.8358824493691,BULLISH,,ABOVE_MID,
AAPL,1H,2026-06-16T18:00:00Z,299.58,299.73,298.59,299.18,110706,2366,299.196876,69.26079252834904,63.130957156137235,70.29575372234623,295.445,301.72916053934284,289.16083946065714,NEUTRAL,,ABOVE_MID,
AAPL,1H,2026-06-16T19:00:00Z,299.16,299.47,298.24,299.26,252893,4807,298.928822,69.65008544658218,64.25690448443997,69.97291958446421,295.8415,302.0324518866795,289.6505481133205,NEUTRAL,,ABOVE_MID,
AAPL,1H,2026-06-17T13:00:00Z,300.845,301.95,299.245,300.31,184676,3072,300.682459,74.4313564516461,65.69355530246398,72.20213801805515,296.298,302.38729206843936,290.20870793156064,BULLISH,,ABOVE_MID,
AAPL,1H,2026-06-17T14:00:00Z,300.22,300.965,298.35,298.54,170452,3098,299.70509,57.30955630076057,65.42281033209272,64.75584715940786,296.731,302.0860483805392,291.3759516194608,NEUTRAL,BEARISH_CROSS,ABOVE_MID,
AAPL,1H,2026-06-17T15:00:00Z,298.575,298.74,296.655,298.54,221419,3629,297.474793,57.30955630076057,65.07276170897686,61.03270173008421,297.1345,301.65415753244054,292.61484246755947,NEUTRAL,,ABOVE_MID,
AAPL,1H,2026-06-17T16:00:00Z,298.56,299.16,298.095,298.165,83223,1666,298.531797,53.979977950970536,64.31929201170487,57.506339840527374,297.48850000000004,301.0125184897087,293.96448151029136,NEUTRAL,,ABOVE_MID,
AAPL,1H,2026-06-17T17:00:00Z,298.21,298.21,296.46,297.48,121017,2285,296.984963,48.22260117055957,62.973487919724995,52.86447050554347,297.7125,300.5349205736842,294.89007942631576,BEARISH,,BELOW_MID,
AAPL,1H,2026-06-17T18:00:00Z,297.49,297.49,294.405,294.65,154517,3244,295.83239,32.24029754787992,60.148601292005964,42.55238402671169,297.67600000000004,300.6407216963589,294.71127830364117,BEARISH,,BELOW_MID,
AAPL,1H,2026-06-17T19:00:00Z,294.59,296.21,294.39,296.07,259881,5222,295.293543,42.919336859104504,58.3849417893409,42.7358604429081,297.656,300.66011226926275,294.65188773073726,NEUTRAL,,BELOW_MID,
AAPL,1H,2026-06-18T12:00:00Z,296.87,296.91,296.49,296.49,2042,62,296.709723,45.76357041201482,56.96648221628653,44.24971542746146,297.606,300.654702226059,294.557297773941,NEUTRAL,,BELOW_MID,
AAPL,1H,2026-06-18T13:00:00Z,296.75,300.4,295.635,298.34,216393,3812,297.810464,56.503580999581644,56.61432298802741,50.37664821352155,297.67575,300.7246087597429,294.62689124025707,NEUTRAL,,ABOVE_MID,
AAPL,1H,2026-06-18T14:00:00Z,298.335,300.56,298.035,299.21,333821,5657,299.144176,60.62832978129897,56.69404346921247,55.50248899741026,297.849,300.8289198152437,294.8690801847563,BULLISH,BULLISH_CROSS,ABOVE_MID,BULLISH_CONFIRMED
AAPL,1H,2026-06-18T15:00:00Z,299.2,299.2,295.98,297.39,182709,3760,297.261723,49.566293024843425,55.7912205053639,52.53439101112684,297.89975,300.80767469858665,294.9918253014133,BEARISH,BEARISH_CROSS,BELOW_MID,BEARISH_CONFIRMED
AAPL,1H,2026-06-18T16:00:00Z,297.425,297.72,296.71,297.135,96148,2154,297.169868,48.180643478919954,54.80032904086323,50.3575172450234,297.93,300.7901232951005,295.0698767048995,BEARISH,,BELOW_MID,
AAPL,1H,2026-06-18T17:00:00Z,297.19,298.345,297.04,297.56,92182,1897,297.798339,50.7615518861492,54.09951951226465,50.559534565586304,298.009,300.72604289721045,295.2919571027896,NEUTRAL,,BELOW_MID,
AAPL,1H,2026-06-18T18:00:00Z,297.575,298.065,297.02,297.73,93463,2076,297.458815,51.84092410330568,53.54405734479966,51.20022933444599,298.04,300.72784593857097,295.3521540614291,NEUTRAL,,BELOW_MID,
AAPL,1H,2026-06-18T19:00:00Z,297.69,299.22,297.04,297.86,261497,5029,298.059056,52.73233508533687,53.094826196296125,51.96628220989143,298.0575,300.7353555835471,295.3796444164529,NEUTRAL,,BELOW_MID,
AAPL,1H,2026-06-22T12:00:00Z,296.0,296.41,296.0,296.33,568,18,296.28625,42.35271050132144,51.74727162877098,47.159496355606436,297.96500000000003,300.750675766076,295.1793242339241,BEARISH,,BELOW_MID,
AAPL,1H,2026-06-22T13:00:00Z,296.74,302.05,296.0,301.72,193786,3371,300.575755,67.61583960661287,52.79445708587979,57.38766798110965,298.0765,301.26812407099345,294.88487592900657,BULLISH,BULLISH_CROSS,ABOVE_MID,BULLISH_CONFIRMED
AAPL,1H,2026-06-22T14:00:00Z,301.8,302.415,299.4,299.825,235803,4626,300.871771,57.62715304272414,52.93521875619493,57.507410511916895,298.08925,301.30791803932726,294.8705819606727,BULLISH,,ABOVE_MID,
AAPL,1H,2026-06-22T15:00:00Z,299.81,301.42,299.05,300.89,180500,3430,300.032365,61.24675588353172,53.47179149078325,59.3770831977243,298.17475,301.59965641439834,294.7498435856017,BULLISH,,ABOVE_MID,
AAPL,1H,2026-06-22T16:00:00Z,300.91,300.95,299.925,299.97,179059,3352,300.470116,56.552010263718145,53.633908231804156,57.964546730721224,298.21025,301.6966860855988,294.72381391440115,NEUTRAL,,ABOVE_MID,
AAPL,1H,2026-06-22T17:00:00Z,299.93,300.125,299.29,299.31,164114,3029,299.671375,53.25730341210886,53.55152254157324,55.61092507141504,298.16025,301.547155861669,294.773344138331,NEUTRAL,BEARISH_CROSS,ABOVE_MID,
AAPL,1H,2026-06-22T18:00:00Z,299.31,299.33,298.6,299.05,124941,2652,298.911372,51.916828107173295,53.41823988437623,53.76387658929417,298.18575,301.5923168394437,294.7791831605563,NEUTRAL,,ABOVE_MID,
AAPL,1H,2026-06-22T19:00:00Z,299.08,299.34,296.82,296.85,539901,7601,297.59605,41.882019109980114,52.47016735446674,47.822947849637146,298.10125,301.55434148293125,294.64815851706874,BEARISH,,BELOW_MID,
AAPL,1H,2026-06-22T20:00:00Z,296.64,296.64,296.64,296.64,120,3,296.64,41.03037992784815,51.51145895601182,44.42666388874265,298.025,301.5389766047835,294.51102339521645,BEARISH,,BELOW_MID,
AAPL,1H,2026-06-23T12:00:00Z,294.28,295.04,294.28,295.04,165,5,294.635,34.94048066070479,50.06959597644392,39.68357227472372,297.903,301.65781921914225,294.1481807808578,BEARISH,,BELOW_MID,
AAPL,1H,2026-06-23T13:00:00Z,295.04,301.635,295.03,299.0,219496,3749,298.555987,53.96520925035344,50.43967584394481,46.824390762538584,298.1205,301.57376527400515,294.66723472599483,BULLISH,BULLISH_CROSS,ABOVE_MID,BULLISH_CONFIRMED
AAPL,1H,2026-06-23T14:00:00Z,299.05,300.85,298.81,300.04,320902,5191,299.80529,57.62617731243992,51.11771121457999,52.22528403748925,298.319,301.73215813010046,294.9058418698996,BULLISH,,ABOVE_MID,
AAPL,1H,2026-06-23T15:00:00Z,300.16,300.31,297.37,298.06,188893,4034,298.503478,49.239205607374345,50.92339902863103,50.732244822431795,298.39750000000004,301.70409389068465,295.0909061093154,BEARISH,BEARISH_CROSS,BELOW_MID,BEARISH_CONFIRMED
AAPL,1H,2026-06-23T16:00:00Z,298.07,299.275,297.96,299.005,166102,3225,298.613745,52.918423462708006,51.03620245399694,51.8253341425699,298.43075000000005,301.74826535910734,295.11323464089276,BULLISH,BULLISH_CROSS,ABOVE_MID,BULLISH_CONFIRMED
AAPL,1H,2026-06-23T17:00:00Z,298.945,300.085,297.895,298.975,213254,3945,299.198118,52.78179122304087,51.10561137683601,52.303562682805385,298.419,301.7265441676674,295.1114558323326,BULLISH,,ABOVE_MID,
AAPL,1H,2026-06-23T18:00:00Z,299.0,299.35,297.48,297.53,149073,3097,298.292528,46.30351626019911,50.60219785619828,49.30353947150225,298.426,301.72495613474405,295.1270438652559,BEARISH,BEARISH_CROSS,BELOW_MID,BEARISH_CONFIRMED
AAPL,1H,2026-06-23T19:00:00Z,297.52,297.87,294.27,294.28,522633,8910,295.833949,35.33113522208858,49.16330733002281,42.31733734679541,298.28325,302.03361457877133,294.5328854212287,BEARISH,,BELOW_MID,
AAPL,1H,2026-06-24T12:00:00Z,295.8,296.0,295.12,295.12,868,24,295.622532,39.499756839275804,48.165006465162,40.90854709303561,298.16125,302.1611248335703,294.1613751664297,BEARISH,,BELOW_MID,
AAPL,1H,2026-06-24T13:00:00Z,295.35,296.41,293.24,294.79,153007,2677,295.219844,38.405601493417365,47.104816528338496,39.657074293226486,298.01425,302.2876047465068,293.7408952534932,BEARISH,,BELOW_MID,
AAPL,1H,2026-06-24T14:00:00Z,294.775,297.25,294.25,297.08,182667,3362,295.65479,49.35717563782503,47.09371320374568,44.50712496552576,297.97525,302.26872175801367,293.68177824198636,NEUTRAL,BULLISH_CROSS,BELOW_MID,
AAPL,1H,2026-06-24T15:00:00Z,297.115,299.675,296.7,299.455,175458,3369,298.296589,58.058078271243055,47.88435318550465,51.282601618384405,298.1315,302.4002494779246,293.86275052207543,BULLISH,,ABOVE_MID,
AAPL,1H,2026-06-24T16:00:00Z,299.44,299.475,296.885,297.34,180884,3388,298.093649,49.53229779970377,47.87686704999856,50.40744970904409,297.9125,301.8420232066496,293.9829767933504,NEUTRAL,,BELOW_MID,
AAPL,1H,2026-06-24T17:00:00Z,297.3,297.37,295.59,295.59,215302,4112,296.328945,43.575726733872095,47.29679398946714,46.99158822145809,297.70075,301.65269991844707,293.748800081553,BEARISH,BEARISH_CROSS,BELOW_MID,BEARISH_CONFIRMED
AAPL,1H,2026-06-24T18:00:00Z,295.62,296.49,294.17,295.15,472462,6896,295.472094,42.14224338235027,46.6904740133114,44.56691580190418,297.41375,301.22157279967223,293.60592720032776,BEARISH,,BELOW_MID,
AAPL,1H,2026-06-24T19:00:00Z,295.18,295.41,292.94,293.32,858447,13466,294.664455,36.520896560438466,45.64015674884495,40.54390618117132,297.08125,301.1044967577448,293.0580032422552,BEARISH,,BELOW_MID,
AAPL,1H,2026-06-24T20:00:00Z,293.22,293.22,293.22,293.22,85,2,293.22,36.22385390658496,44.669873958803485,38.383880043878136,296.77675,301.00630674547324,292.54719325452675,BEARISH,,BELOW_MID,
AAPL,1H,2026-06-25T12:00:00Z,291.21,293.94,290.83,290.92,2643,92,291.485186,29.925834266565516,43.21504460563095,34.154857155221826,296.37025,301.20003639061486,291.54046360938514,BEARISH,,BELOW_MID,
AAPL,1H,2026-06-25T13:00:00Z,291.02,291.02,277.71,278.9,706555,9789,280.984833,14.798606717321093,40.48601477891475,24.47673193627146,295.47275,304.6456141426204,286.29988585737965,BEARISH,,BELOW_MID,
AAPL,1H,2026-06-25T14:00:00Z,278.95,280.17,277.49,277.595,826194,11819,279.084224,13.938060900932967,37.839438455426674,19.207396418602215,294.52049999999997,306.6581985159124,282.38280148408757,BEARISH,,BELOW_MID,
AAPL,1H,2026-06-25T15:00:00Z,277.665,279.63,276.44,277.87,585814,9422,277.704321,15.108349172414592,35.42022149085707,17.157872795508403,293.662,307.8932962756116,279.43070372438837,BEARISH,,BELOW_MID,
AAPL,1H,2026-06-25T16:00:00Z,277.9,278.18,273.79,275.13,639911,9566,275.3662,13.11006614464209,32.93155901621044,15.133969470075247,292.4685,308.6807010908622,276.2562989091378,BEARISH,,BELOW_MID,
AAPL,1H,2026-06-25T17:00:00Z,275.14,278.39,275.13,276.79,628209,9140,277.039257,20.295194645882674,31.190594000620592,17.71458205797896,291.306,308.5346669307453,274.0773330692547,NEUTRAL,,BELOW_MID,
AAPL,1H,2026-06-25T18:00:00Z,276.78,280.18,276.225,279.425,639864,8917,278.937166,30.550719217163604,30.52770703958213,24.13265063757128,290.37424999999996,308.0741254901963,272.6743745098036,NEUTRAL,BULLISH_CROSS,BELOW_MID,
AAPL,1H,2026-06-25T19:00:00Z,279.405,279.405,273.9,275.21,1828439,23564,276.343291,24.806743321041353,29.45985022692769,24.469696979306317,289.18449999999996,307.62507936639884,270.7439206336011,NEUTRAL,BEARISH_CROSS,BELOW_MID,BEARISH_CONFIRMED
AAPL,1H,2026-06-26T12:00:00Z,276.22,277.68,276.22,277.42,2186,71,277.421406,32.313314937780376,29.18017725080075,28.39150595854335,288.10675000000003,306.65727709564754,269.5562229043525,NEUTRAL,BULLISH_CROSS,BELOW_MID,
AAPL,1H,2026-06-26T13:00:00Z,276.6,278.17,274.25,275.74,489918,7314,276.478672,29.7715590083683,28.75863515782218,29.081532483455824,287.01725,305.79561618502754,268.23888381497244,NEUTRAL,,BELOW_MID,
AAPL,1H,2026-06-26T14:00:00Z,275.71,280.22,275.545,279.825,638600,10521,278.366568,42.207039621813664,29.567202697298264,35.64428605263474,286.29449999999997,305.0084801105747,267.58051988942526,NEUTRAL,,BELOW_MID,
AAPL,1H,2026-06-26T15:00:00Z,279.86,280.455,277.025,277.17,613547,10843,278.530334,37.36883637265571,29.953667242861226,36.506561212645224,285.397,304.0504541460553,266.7435458539447,NEUTRAL,,BELOW_MID,
AAPL,1H,2026-06-26T16:00:00Z,277.18,279.36,275.25,278.925,627442,10989,276.889742,42.28840905535928,30.778544451567953,39.39748513400225,284.60375,302.9216580841396,266.2858419158604,NEUTRAL,,BELOW_MID,
AAPL,1H,2026-06-26T17:00:00Z,278.895,279.86,278.445,279.19,373303,6313,279.055715,43.048323482041155,31.66043270245751,41.222904308021704,283.70925,301.19001605421363,266.22848394578637,NEUTRAL,,BELOW_MID,
AAPL,1H,2026-06-26T18:00:00Z,279.22,281.8,278.905,280.715,774530,11135,280.765525,47.52191298104024,32.928912544214406,44.37240864453097,282.77225,298.6332854991503,266.91121450084967,NEUTRAL,,BELOW_MID,
AAPL,1H,2026-06-26T19:00:00Z,280.72,285.95,279.435,281.31,1597024,18950,282.455397,49.27097721066313,34.36434308501402,46.821692927597056,281.97075,296.275993159141,267.665506840859,NEUTRAL,,BELOW_MID,
AAPL,1H,2026-06-26T20:00:00Z,281.28,283.15,281.28,282.12,508,15,282.202705,51.73465416299673,36.06178365637461,49.278173545296895,281.29724999999996,294.09121382139654,268.5032861786034,BULLISH,,ABOVE_MID,
AAPL,1H,2026-06-29T13:00:00Z,286.69,288.35,283.535,283.96,310054,4582,285.25541,57.06356630320389,38.234136775705146,53.1708699242504,280.73775,291.8490237793669,269.6264762206331,BULLISH,,ABOVE_MID,
AAPL,1H,2026-06-29T14:00:00Z,283.975,283.99,280.345,281.81,520694,6844,281.840663,49.83124030470905,39.69061679746978,51.501055114479726,280.16225000000003,289.59511108017836,270.7293889198217,NEUTRAL,,ABOVE_MID,
AAPL,1H,2026-06-29T15:00:00Z,281.83,283.0,280.72,281.485,278589,4218,282.004532,48.77986658955039,41.01823168962103,50.14046085201505,279.57550000000003,286.786733123256,272.36426687674407,NEUTRAL,,ABOVE_MID,
AAPL,1H,2026-06-29T16:00:00Z,281.55,281.61,279.875,280.29,351691,5092,280.577804,44.864310224781676,41.9368177779227,47.502385538398364,279.044,283.9251545226241,274.16284547737587,NEUTRAL,,ABOVE_MID,
AAPL,1H,2026-06-29T17:00:00Z,280.36,282.295,279.85,282.02,276065,4327,281.302462,51.2389628885363,43.39751317194146,49.37067421346733,279.2,284.2580014776014,274.1419985223986,BULLISH,,ABOVE_MID,
AAPL,1H,2026-06-29T18:00:00Z,282.045,282.335,280.96,282.055,225890,4226,281.719651,51.366939256569225,44.77757815516681,50.36880673501828,279.423,284.5754438759472,274.2705561240528,BULLISH,,ABOVE_MID,
AAPL,1H,2026-06-29T19:00:00Z,282.075,283.05,281.495,281.69,422467,7672,282.177148,49.832509721621705,45.85984507443914,50.10065822831999,279.61400000000003,284.8070992673017,274.4209007326984,NEUTRAL,,ABOVE_MID,
AAPL,1H,2026-06-29T20:00:00Z,281.4,281.4,281.4,281.4,121,4,281.4,48.536554894925324,46.66891069422527,49.31860656162266,279.9275,284.72261209462806,275.13238790537196,NEUTRAL,,ABOVE_MID,
AAPL,1H,2026-06-30T12:00:00Z,281.45,282.0,281.44,282.0,599,17,281.86717,51.473921000438025,47.60029874904715,50.39626378103034,280.188,284.82903822323425,275.5469617767657,BULLISH,,ABOVE_MID,
AAPL,1H,2026-06-30T13:00:00Z,282.15,285.28,280.7,285.28,171546,2843,283.437222,64.08194765521776,49.511793751464594,57.23910571812405,280.48075,285.62996790178346,275.33153209821654,BULLISH,,ABOVE_MID,
AAPL,1H,2026-06-30T14:00:00Z,285.3,287.06,284.75,286.97,250150,4242,285.855135,68.7833140248882,51.66113265324891,63.011209871506125,281.06875,286.3673753182505,275.77012468174956,BULLISH,,ABOVE_MID,
AAPL,1H,2026-06-30T15:00:00Z,286.98,289.37,286.63,288.735,255603,4094,288.255141,72.94417019150812,54.023222138112416,67.97769003150712,281.6345,287.65927070977057,275.60972929022944,BULLISH,,ABOVE_MID,
AAPL,1H,2026-06-30T16:00:00Z,288.84,289.21,287.81,289.185,166342,3032,288.626952,73.94045401592419,56.26749575043163,70.95907202371566,282.30675,288.5583411869273,276.05515881307275,BULLISH,,ABOVE_MID,
AAPL,1H,2026-06-30T17:00:00Z,289.2,289.655,288.21,288.39,147529,2844,288.796109,68.89806462126522,57.87316626159941,69.92856832249043,282.735,289.4285986702177,276.04140132978233,NEUTRAL,,ABOVE_MID,
AAPL,1H,2026-06-30T18:00:00Z,288.39,289.19,286.69,286.98,173039,2900,288.100521,60.64602817288339,58.55927282891908,65.28729824768692,283.2255,289.6337060056283,276.8172939943717,NEUTRAL,,ABOVE_MID,
AAPL,1H,2026-06-30T19:00:00Z,286.98,289.9,286.98,289.24,411387,6852,288.367519,67.63577142752247,59.800988139945886,66.46153483760469,283.74125,290.34936612218297,277.133133877817,BULLISH,,ABOVE_MID,
AAPL,1H,2026-06-30T20:00:00Z,288.87,288.87,288.87,288.87,64,3,288.87,65.49329858814659,60.7169074999694,65.97741671287564,284.22525,290.84776778722784,277.6027322127722,NEUTRAL,,ABOVE_MID,
AAPL,1H,2026-07-01T12:00:00Z,288.88,293.25,288.58,293.25,3243,93,290.98845,75.73121899394974,62.46309282964262,70.85431785341268,284.852,292.3856748564129,277.31832514358706,BULLISH,,ABOVE_MID,
AAPL,1H,2026-07-01T13:00:00Z,293.45,294.0,289.195,292.41,268481,4783,291.385514,71.17510957639686,63.653601997928284,71.01471371490477,285.40700000000004,293.45958141023516,277.3544185897649,BULLISH,,ABOVE_MID,
AAPL,1H,2026-07-01T14:00:00Z,292.62,295.05,291.68,294.68,361081,6104,293.554202,75.6320539693507,65.1468931387537,73.32338384212773,286.03499999999997,294.9238552338568,277.14614476614315,BULLISH,,ABOVE_MID,
AAPL,1H,2026-07-01T15:00:00Z,294.53,296.57,294.27,295.245,315137,4829,295.234609,76.64329847418865,66.61799838279515,74.9833411581582,286.59925,296.326657982226,276.871842017774,BULLISH,,ABOVE_MID,
AAPL,1H,2026-07-01T16:00:00Z,295.25,295.7,294.12,294.19,185896,3125,294.899089,70.49764076262568,67.42257784218721,72.74049096039194,287.21825,297.23377546116274,277.2027245388373,NEUTRAL,,ABOVE_MID,
AAPL,1H,2026-07-01T17:00:00Z,294.255,294.99,293.18,293.74,268130,4157,294.120216,67.88557412086706,67.931540531292,70.31303254062951,287.831,297.86913654336297,277.79286345663706,NEUTRAL,BEARISH_CROSS,ABOVE_MID,
AAPL,1H,2026-07-01T18:00:00Z,293.74,295.515,292.79,294.735,359793,5395,294.702785,70.5956665218893,68.60871796760593,70.4543495312594,288.55325,298.38333822308954,278.72316177691044,BULLISH,BULLISH_CROSS,ABOVE_MID,BULLISH_CONFIRMED
AAPL,1H,2026-07-01T19:00:00Z,294.73,295.23,293.77,294.42,665844,9750,294.320232,68.53578923042167,69.00419313962047,69.49506938084053,289.17325,298.83100296683756,279.51549703316243,NEUTRAL,BEARISH_CROSS,ABOVE_MID,
AAPL,1H,2026-07-01T20:00:00Z,293.88,294.34,293.88,294.18,369,12,294.133333,66.86352167340112,69.14517005318017,68.17929552712083,289.7795,299.071150977882,280.487849022118,NEUTRAL,,ABOVE_MID,
AAPL,1H,2026-07-02T12:00:00Z,294.75,295.29,294.25,294.65,2599,62,294.777369,68.55393826735093,69.37218241993499,68.36661689723587,290.42749999999995,299.1328991111406,281.7221008888593,NEUTRAL,,ABOVE_MID,
AAPL,1H,2026-07-02T13:00:00Z,294.6,302.75,293.89,302.75,337414,4514,300.460702,84.19057152148908,70.94630430758214,76.27859420936247,291.495,300.75761302225436,282.23238697774565,BULLISH,BULLISH_CROSS,ABOVE_MID,BULLISH_CONFIRMED
AAPL,1H,2026-07-02T14:00:00Z,302.92,307.025,302.645,306.9,895065,12045,305.055192,87.71234612471429,72.69185132452736,81.99547016703838,292.74,303.24002005010783,282.2399799498922,BULLISH,,ABOVE_MID,
AAPL,1H,2026-07-02T15:00:00Z,306.88,307.8,305.29,305.625,636354,9440,306.51738,81.44177326018453,73.69775409305306,81.71862171361145,293.75725,305.12076663276787,282.39373336723213,NEUTRAL,,ABOVE_MID,
AAPL,1H,2026-07-02T16:00:00Z,305.675,308.51,305.63,308.33,597387,8019,307.589099,84.14680784410632,74.81983813431735,82.9327147788589,294.82525,307.4481279248354,282.2023720751646,BULLISH,,ABOVE_MID,
AAPL,1H,2026-07-02T17:00:00Z,308.31,308.42,306.31,307.32,476446,6576,307.893409,79.29199684486383,75.41371485448646,81.11235581186136,295.7545,309.1991897754439,282.3098102245561,NEUTRAL,,ABOVE_MID,
AAPL,1H,2026-07-02T18:00:00Z,307.275,308.09,306.86,307.645,394141,6183,307.536749,79.71564984888796,76.00061335069252,80.41400283037467,296.6775,310.7434766813411,282.6115233186589,NEUTRAL,,ABOVE_MID,
AAPL,1H,2026-07-02T19:00:00Z,307.66,309.415,307.2,308.235,473082,8403,308.220878,80.52918688556943,76.63215599457358,80.47159485797205,297.66974999999996,312.07002429380674,283.2694757061932,BULLISH,,ABOVE_MID,
AAPL,1H,2026-07-02T20:00:00Z,308.43,308.43,308.43,308.43,114,3,308.43,80.81527961843393,77.26118441559971,80.64343723820299,298.74225,312.98454892553303,284.499951074467,BULLISH,,ABOVE_MID,
AAPL,1H,2026-07-06T12:00:00Z,306.99,307.97,306.8,307.46,1196,25,307.274404,74.67500697734948,77.28041655757848,77.65922210777623,299.65325,313.6653696694721,285.6411303305279,NEUTRAL,BEARISH_CROSS,ABOVE_MID,
AAPL,1H,2026-07-06T13:00:00Z,306.83,309.95,306.83,309.585,206373,4666,308.94726,78.6692929029891,77.60203409191209,78.16425750538266,300.689,314.4042871297927,286.97371287020735,BULLISH,BULLISH_CROSS,ABOVE_MID,BULLISH_CONFIRMED
AAPL,1H,2026-07-06T14:00:00Z,309.585,312.57,308.875,312.515,346211,7507,310.797879,82.86212906145452,78.25705438751108,80.51319328341859,301.65225,315.86474838216986,287.4397516178301,BULLISH,,ABOVE_MID,
AAPL,1H,2026-07-06T15:00:00Z,312.55,314.19,312.47,313.65,218923,4784,313.332937,84.214344884414,78.95981365197952,82.3637690839163,302.71425,317.1907043038186,288.23779569618137,BULLISH,,ABOVE_MID,
AAPL,1H,2026-07-06T16:00:00Z,313.64,313.78,311.9,312.53,134417,2645,312.727487,77.43193630211182,79.00926682935355,79.89785269301406,303.60675000000003,318.19813436309596,289.0153656369041,NEUTRAL,BEARISH_CROSS,ABOVE_MID,
AAPL,1H,2026-07-06T17:00:00Z,312.49,312.89,312.13,312.695,117096,2730,312.574057,77.72920693029636,79.05865877930835,78.8135298116552,304.47925,319.0522435063755,289.9062564936245,NEUTRAL,,ABOVE_MID,
AAPL,1H,2026-07-06T18:00:00Z,312.76,313.47,312.42,313.28,95776,2285,313.05018,78.84088647592223,79.20003392189172,78.82720814378871,305.43375,319.66589148734505,291.2016085126549,NEUTRAL,,ABOVE_MID,
AAPL,1H,2026-07-06T19:00:00Z,313.29,313.735,312.37,312.73,314707,5859,313.085631,74.88712525515308,78.97246285825048,76.8571666994709,306.38325,319.84345461055153,292.9230453894484,NEUTRAL,,ABOVE_MID,
AAPL,1H,2026-07-07T13:00:00Z,315.06,315.47,310.18,311.58,193311,3301,312.595415,66.9853211984016,78.00754387389794,71.92124394893625,307.2255,319.68789011459836,294.76310988540166,NEUTRAL,,ABOVE_MID,
AAPL,1H,2026-07-07T14:00:00Z,311.455,313.415,311.07,312.81,369735,5898,312.353141,70.70474885374063,77.38465187519296,71.31299640133844,308.14500000000004,319.2713012249078,297.0186987750923,NEUTRAL,,ABOVE_MID,
AAPL,1H,2026-07-07T15:00:00Z,312.77,314.72,312.675,314.3,249848,3884,313.87625,74.60389748561155,77.11575571604398,72.958446943475,309.15099999999995,318.44894917965155,299.85305082034836,NEUTRAL,,ABOVE_MID,
AAPL,1H,2026-07-07T16:00:00Z,314.27,314.36,312.7,313.61,170110,2841,313.563495,69.76625967794973,76.38080543474744,71.36235331071236,310.09900000000005,316.6246728630697,303.5733271369304,NEUTRAL,,ABOVE_MID,
AAPL,1H,2026-07-07T17:00:00Z,313.615,313.615,311.91,311.91,119811,2004,312.817448,59.13740540754177,74.66702970893525,65.24987935912706,310.557,316.12670319534396,304.98729680465607,NEUTRAL,,ABOVE_MID,
AAPL,1H,2026-07-07T18:00:00Z,311.87,313.17,311.86,312.0,171978,2780,312.399629,59.50484855327643,73.0274221169769,62.37736395620175,310.812,316.1384122416909,305.4855877583091,NEUTRAL,,ABOVE_MID,
AAPL,1H,2026-07-07T19:00:00Z,312.035,312.49,310.35,310.69,298461,5758,311.626243,51.867527216621134,70.80037718691658,57.122445586411445,311.06525,315.8022904651464,306.32820953485356,NEUTRAL,,BELOW_MID,
AAPL,1H,2026-07-08T12:00:00Z,309.84,310.53,309.72,309.9,1112,30,310.085459,47.712893138873724,68.35081062601387,52.417669362642584,311.14375,315.7398775175857,306.54762248241434,BEARISH,,BELOW_MID,
AAPL,1H,2026-07-08T13:00:00Z,309.9,311.92,307.11,309.07,130148,2667,309.164485,43.586307716363386,65.67211240384962,48.00198853950299,311.23125,315.58089230229433,306.88160769770565,BEARISH,,BELOW_MID,
AAPL,1H,2026-07-08T14:00:00Z,309.16,310.66,308.44,308.9,157920,3161,309.633933,42.73466248697098,63.09157846874384,45.36832551323698,311.294,315.45805369296653,307.12994630703344,BEARISH,,BELOW_MID,
AAPL,1H,2026-07-08T15:00:00Z,308.91,310.835,308.76,310.22,182577,2967,309.927151,51.08375512892599,61.42830981432614,48.226040321081484,311.39324999999997,315.33922366411736,307.4472763358826,NEUTRAL,,BELOW_MID,
AAPL,1H,2026-07-08T16:00:00Z,310.25,313.33,310.08,313.15,213315,3449,311.392874,64.13968408293165,61.07589138828111,56.18286220200657,311.62925,315.3892125908011,307.86928740919893,BULLISH,BULLISH_CROSS,ABOVE_MID,BULLISH_CONFIRMED
AAPL,1H,2026-07-08T17:00:00Z,313.09,314.63,313.04,314.36,313626,4567,314.044137,68.09583072404007,61.154072885465126,62.139346463023315,311.97425,315.37227152188154,308.5762284781184,BULLISH,,ABOVE_MID,
AAPL,1H,2026-07-08T18:00:00Z,314.38,314.805,313.75,313.9,207138,3533,314.3209,65.02764746289233,61.00839118096208,63.583496962957824,312.18999999999994,315.4959802272805,308.8840197727194,BULLISH,,ABOVE_MID,
AAPL,1H,2026-07-08T19:00:00Z,313.93,314.2,312.755,313.33,343213,6711,313.678719,61.18462749807088,60.55510748621319,62.38406223051435,312.23075,315.573484895106,308.888015104894,NEUTRAL,,ABOVE_MID,
AAPL,1H,2026-07-09T13:00:00Z,310.45,312.04,308.19,310.98,198183,3546,310.760596,48.02157705640649,58.980874034451176,55.20281964346042,312.09725,315.4144959645745,308.78000403542546,BEARISH,BEARISH_CROSS,BELOW_MID,BEARISH_CONFIRMED
AAPL,1H,2026-07-09T14:00:00Z,311.0,312.4,310.195,311.555,210311,4058,311.349049,50.927631523021425,57.82165225283617,53.065225583240924,312.0485,315.36762496395176,308.7293750360482,NEUTRAL,,BELOW_MID,
AAPL,1H,2026-07-09T15:00:00Z,311.59,315.005,311.57,314.79,192535,3648,313.534255,63.7539124775448,57.972554338781265,58.40956903039286,312.15325,315.6837848856738,308.62271511432624,BULLISH,BULLISH_CROSS,ABOVE_MID,BULLISH_CONFIRMED
AAPL,1H,2026-07-09T16:00:00Z,314.83,315.5,314.1,314.71,183895,3442,314.850407,63.29366417873709,58.140827894638065,60.851616604564974,312.22475000000003,315.9060648037383,308.5434351962618,BULLISH,,ABOVE_MID,
AAPL,1H,2026-07-09T17:00:00Z,314.685,315.17,314.32,314.98,130347,2517,314.810541,64.27294855336521,58.46061882979683,62.562282578965096,312.33725,316.2158111480237,308.45868885197626,BULLISH,,ABOVE_MID,
AAPL,1H,2026-07-09T18:00:00Z,314.97,315.305,314.24,314.47,239424,3536,314.667016,60.824638846101315,58.52999173062665,61.69346071253321,312.48175000000003,316.4556904744848,308.50780952551526,NEUTRAL,,ABOVE_MID,
AAPL,1H,2026-07-09T19:00:00Z,314.415,316.53,314.41,316.16,285989,5431,315.828196,67.35407989601633,59.25382674599008,64.52377030427476,312.64925,316.9503787074332,308.3481212925668,BULLISH,,ABOVE_MID,
AAPL,1H,2026-07-10T12:00:00Z,314.15,314.15,313.98,313.98,214,3,314.04385,54.235934615105876,58.783506741454254,59.37985245969032,312.63325000000003,316.91083942814765,308.3556605718524,NEUTRAL,BEARISH_CROSS,ABOVE_MID,
AAPL,1H,2026-07-10T13:00:00Z,314.72,316.38,313.23,314.37,242724,3737,314.843743,55.96215110672319,58.54140907701623,57.671001783206755,312.67125,316.99858767064694,308.34391232935303,NEUTRAL,,ABOVE_MID,
AAPL,1H,2026-07-10T14:00:00Z,314.3,314.75,312.17,313.77,261829,4953,313.319748,52.532589276339024,58.06823326513587,55.101795529772886,312.76425,317.1026359174158,308.4258640825842,NEUTRAL,,ABOVE_MID,
AAPL,1H,2026-07-10T15:00:00Z,313.78,314.11,312.34,313.24,214769,4069,313.341452,49.51697700339899,57.39551551676147,52.30938626658594,312.82624999999996,317.154077794756,308.4984222052439,BEARISH,,ABOVE_MID,
AAPL,1H,2026-07-10T16:00:00Z,313.26,314.775,313.1,314.72,107132,2314,314.066842,57.229995292821954,57.465628125452106,54.76969077970395,313.02775,317.3118361888732,308.74366381112685,NEUTRAL,,ABOVE_MID,
AAPL,1H,2026-07-10T17:00:00Z,314.73,314.73,313.925,314.13,72198,1852,314.344513,53.560024613013226,57.21195488559065,54.16485769635859,313.23924999999997,317.28415878825126,309.1943412117487,NEUTRAL,,ABOVE_MID,
AAPL,1H,2026-07-10T18:00:00Z,314.13,315.4,314.025,315.25,109845,2457,314.696685,59.15384592336746,57.4594840272056,56.659351809863026,313.54825,317.1746724432421,309.9218275567579,BULLISH,BULLISH_CROSS,ABOVE_MID,BULLISH_CONFIRMED
AAPL,1H,2026-07-10T19:00:00Z,315.27,316.91,314.78,315.32,317427,5298,316.042106,59.496880283658236,57.68867017653315,58.07811604676063,313.86925,316.8406580925781,310.89784190742193,BULLISH,,ABOVE_MID,
AAPL,1H,2026-07-13T12:00:00Z,315.93,316.35,315.93,316.35,320,4,316.073333,64.44038756832481,58.298389141491455,61.25925180754272,314.17575,316.8074300217443,311.54406997825566,BULLISH,,ABOVE_MID,
AAPL,1H,2026-07-13T13:00:00Z,317.19,323.395,316.51,321.14,192772,3379,320.928106,78.29817258066223,60.07394256609361,69.77871219410247,314.57525,318.60550071049903,310.54499928950094,BULLISH,,ABOVE_MID,
AAPL,1H,2026-07-13T14:00:00Z,321.22,321.745,318.37,319.04,174000,3528,320.047546,65.67488624325128,60.58411317451671,67.72679921867687,314.80925,319.3036070174168,310.3148929825832,NEUTRAL,,ABOVE_MID,
AAPL,1H,2026-07-13T15:00:00Z,319.11,319.22,316.1,317.115,173328,3405,317.247363,56.31244411265042,60.23650678335999,62.01962166566365,314.97,319.5564640663132,310.38353593368686,NEUTRAL,BEARISH_CROSS,ABOVE_MID,
AAPL,1H,2026-07-13T16:00:00Z,317.09,317.865,315.95,316.605,151338,3067,317.057654,54.01727620289758,59.73125909569496,58.01844893428061,315.13375,319.70751255913785,310.5599874408622,NEUTRAL,,ABOVE_MID,
AAPL,1H,2026-07-13T17:00:00Z,316.6,316.71,315.79,316.16,149105,2882,316.344927,51.9392633522901,59.08476509373225,54.978856143285356,315.39275000000004,319.5432001658193,311.24229983418076,NEUTRAL,,ABOVE_MID,
AAPL,1H,2026-07-13T18:00:00Z,316.14,317.48,316.0,317.16,130187,2700,316.71753,56.199083443515505,58.86555068510942,55.58896979340043,315.673,319.4746248603654,311.8713751396346,NEUTRAL,,ABOVE_MID,
AAPL,1H,2026-07-13T19:00:00Z,317.21,317.75,316.08,317.47,403271,6142,317.093356,57.51242297175057,58.73033031850317,56.550696382575495,315.80699999999996,319.6660718818744,311.9479281181255,NEUTRAL,,ABOVE_MID,
AAPL,1H,2026-07-13T20:00:00Z,317.44,317.44,317.34,317.34,214,4,317.39,56.71021077701394,58.49367597987008,56.63045357979472,315.9385,319.8193546264423,312.05764537355765,NEUTRAL,,ABOVE_MID,
AAPL,1H,2026-07-14T12:00:00Z,314.79,314.8,314.28,314.28,340,8,314.623612,41.41344670370362,56.896898940635324,49.02195014174917,315.9035,319.83307222795776,311.97392777204226,BEARISH,,BELOW_MID,
AAPL,1H,2026-07-14T13:00:00Z,313.76,315.63,311.955,314.49,138765,2598,313.829916,42.608632088894126,55.50349467440506,45.81529111532165,315.9045,319.8325461193562,311.97645388064376,BEARISH,,BELOW_MID,
AAPL,1H,2026-07-14T14:00:00Z,314.455,316.145,313.15,314.98,169981,3246,314.575011,45.52577491961303,54.46907013072702,45.670533017467335,315.8455,319.79278807637536,311.8982119236247,BEARISH,,BELOW_MID,
AAPL,1H,2026-07-14T15:00:00Z,315.0,316.045,313.21,313.29,214363,3793,314.569793,38.02619214361794,52.81909418285241,41.84836258054264,315.81100000000004,319.8381925705137,311.7838074294864,BEARISH,,BELOW_MID,
AAPL,1H,2026-07-14T16:00:00Z,313.23,314.23,312.87,314.06,158393,2953,313.504674,42.85166504024531,51.73475814225733,42.350013810393975,315.7955,319.8483494199826,311.7426505800174,NEUTRAL,,BELOW_MID,
AAPL,1H,2026-07-14T17:00:00Z,314.115,315.23,313.9,315.19,176732,3109,314.674397,49.36127147968695,51.291487057519994,45.85564264504046,315.8665,319.8184403628571,311.9145596371429,NEUTRAL,,BELOW_MID,
AAPL,1H,2026-07-14T18:00:00Z,315.24,315.58,314.855,315.48,102111,2355,315.175735,50.97359890697995,51.02336642992632,48.41462077601021,315.97850000000005,319.73937069985834,312.21762930014177,NEUTRAL,,BELOW_MID,
AAPL,1H,2026-07-14T19:00:00Z,315.445,315.86,314.61,314.93,252368,5434,315.258888,47.73103520406386,50.467216159943575,48.072827990037034,315.98900000000003,319.7362243762972,312.2417756237029,BEARISH,,BELOW_MID,
AAPL,1H,2026-07-14T20:00:00Z,314.76,314.84,314.76,314.84,139,8,314.804045,47.17855062970558,49.868571369345275,47.625689309871305,316.0245,319.7105232457787,312.3384767542213,BEARISH,,BELOW_MID,
AAPL,1H,2026-07-15T13:00:00Z,316.9,321.77,316.9,320.69,146036,2625,320.200636,71.39248366229359,51.51470596553255,59.509086486082445,316.29650000000004,320.5073757683932,312.08562423160686,BULLISH,BULLISH_CROSS,ABOVE_MID,BULLISH_CONFIRMED
AAPL,1H,2026-07-15T14:00:00Z,320.79,325.665,320.79,323.91,301862,5792,324.336529,77.71761133982267,53.65865537634679,68.61334891295256,316.726,322.1071939586908,311.3448060413092,BULLISH,,ABOVE_MID,
AAPL,1H,2026-07-15T15:00:00Z,323.89,327.11,323.545,326.28,215052,4380,325.73294,81.16573488437334,56.035707943087914,74.88954189866294,317.22249999999997,324.08589221023936,310.35910778976057,BULLISH,,ABOVE_MID,
AAPL,1H,2026-07-15T16:00:00Z,326.33,328.52,326.31,327.96,328127,5338,327.698311,83.23466900950588,58.50704086492457,79.06210545408442,317.5635,325.7889509394859,309.33804906051404,BULLISH,,ABOVE_MID,
AAPL,1H,2026-07-15T17:00:00Z,327.975,328.05,326.0,327.59,227147,4307,327.155098,81.02928137256703,60.69652347586556,80.04569341332572,317.991,327.3501635928585,308.63183640714146,BULLISH,,ABOVE_MID,
AAPL,1H,2026-07-15T18:00:00Z,327.61,327.855,327.095,327.51,142466,3573,327.479317,80.5103936270639,62.827011491795865,80.27804352019481,318.51075000000003,328.7757894287444,308.24571057125564,BULLISH,,ABOVE_MID,
AAPL,1H,2026-07-15T19:00:00Z,327.49,328.705,325.73,327.58,360173,7074,327.158568,80.63247967147521,64.90437526334878,80.45526159583501,319.0595,330.0437882528202,308.0752117471798,BULLISH,,ABOVE_MID,
AAPL,1H,2026-07-15T20:00:00Z,327.45,327.45,327.45,327.45,80,1,327.45,79.59082492839457,66.7817616099514,80.02304326211478,319.62399999999997,331.12895984576306,308.11904015423687,NEUTRAL,,ABOVE_MID,
AAPL,1H,2026-07-16T12:00:00Z,328.83,328.83,328.44,328.44,345,11,328.592,81.62456638205498,68.73332554010976,80.82380482208488,320.188,332.27555880625715,308.1004411937428,BULLISH,,ABOVE_MID,
AAPL,1H,2026-07-16T13:00:00Z,328.52,331.015,326.885,331.015,249795,3884,328.616372,85.7729559038684,70.9335079851093,83.29838036297664,320.86524999999995,333.79975036672573,307.93074963327416,BULLISH,,ABOVE_MID,
AAPL,1H,2026-07-16T14:00:00Z,331.105,331.37,327.91,330.165,276408,4843,329.740762,79.13823713246569,72.40250875625686,81.21830874772117,321.5065,334.9661090112911,308.0468909887089,NEUTRAL,,ABOVE_MID,
AAPL,1H,2026-07-16T15:00:00Z,330.17,332.25,329.375,331.83,226886,3940,330.777952,82.17642601240478,74.0540902733698,81.69736738006297,322.38399999999996,336.1448700000355,308.6231299999644,BULLISH,,ABOVE_MID,
AAPL,1H,2026-07-16T16:00:00Z,331.86,332.075,329.87,332.075,200130,3894,331.189067,82.59600816353557,75.63357226640638,82.14668777179926,323.26324999999997,337.14702291168146,309.3794770883185,BULLISH,,ABOVE_MID,
AAPL,1H,2026-07-16T17:00:00Z,332.085,333.54,330.845,331.61,282701,6674,332.406861,78.64305231191997,76.67541514972969,80.39487004185962,324.09475000000003,337.88135008276464,310.3081499172354,NEUTRAL,,ABOVE_MID,
AAPL,1H,2026-07-16T18:00:00Z,331.73,333.51,329.39,333.205,369406,6877,331.637188,81.97241245179603,77.86393397553945,81.18364124682782,325.0905,338.4617794726915,311.71922052730855,BULLISH,,ABOVE_MID,
AAPL,1H,2026-07-16T19:00:00Z,333.18,334.65,330.805,333.23,759090,12220,333.217779,82.02183201126431,78.89916783691916,81.60273662904606,326.049,338.826141431395,313.27185856860496,BULLISH,,ABOVE_MID,
AAPL,1H,2026-07-16T20:00:00Z,332.76,332.85,332.76,332.85,174,4,332.81625,78.3490827241672,79.41005808402747,79.97590967660663,326.932,338.96882787378524,314.8951721262148,NEUTRAL,BEARISH_CROSS,ABOVE_MID,
AAPL,1H,2026-07-17T12:00:00Z,333.06,333.06,333.06,333.06,140,3,333.06,78.93549269210293,79.8205898533987,79.45570118435478,327.811,338.8530829461405,316.76891705385947,NEUTRAL,,ABOVE_MID,
AAPL,1H,2026-07-17T13:00:00Z,333.48,334.98,330.905,330.94,287488,4733,333.050638,60.36644169334175,78.41499914577254,69.91107143884827,328.6115,337.90451441094746,319.3184855890525,NEUTRAL,,ABOVE_MID,
AAPL,1H,2026-07-17T14:00:00Z,330.94,333.95,329.025,333.16,331584,6287,331.239962,68.96675404251741,77.75059335826032,69.43891274068284,329.52750000000003,336.4017704876091,322.65322951239096,NEUTRAL,,ABOVE_MID,
AAPL,1H,2026-07-17T15:00:00Z,333.18,334.86,332.03,332.415,277565,4742,333.557274,63.74459219984854,76.51951606626974,66.59175247026569,330.11375,335.6924037472358,324.53509625276416,NEUTRAL,,ABOVE_MID,
AAPL,1H,2026-07-17T16:00:00Z,332.365,333.35,330.04,330.53,276736,4666,331.347233,52.4415860630721,74.18917829617334,59.5166692666689,330.44475,335.1980773387641,325.6914226612359,NEUTRAL,,ABOVE_MID,
AAPL,1H,2026-07-17T17:00:00Z,330.5,331.885,329.17,331.82,203933,3980,330.367142,58.15418257505254,72.46020599945706,58.835425920860715,330.72175000000004,335.08266887347395,326.36083112652614,NEUTRAL,,ABOVE_MID,
AAPL,1H,2026-07-17T18:00:00Z,331.74,334.66,331.55,333.925,220809,3856,333.389816,65.71437958375915,71.50321450770879,62.274902752309934,331.02000000000004,335.40149577919755,326.63850422080253,NEUTRAL,,ABOVE_MID,
AAPL,1H,2026-07-17T19:00:00Z,333.92,334.59,332.27,333.75,650360,9754,333.614701,64.6224294422748,70.51384380526547,63.44866609729236,331.32800000000003,335.55769129145614,327.0983087085439,NEUTRAL,,ABOVE_MID,
