symbol,timeframe,timestamp,open,high,low,close,volume,trade_count,vwap
TSLA,1H,2025-07-18T13:00:00Z,321.985,329.59,321.6,328.46,147769,2181,326.027975
TSLA,1H,2025-07-18T14:00:00Z,328.75,330.655,325.54,327.06,167943,2692,328.118006
TSLA,1H,2025-07-18T15:00:00Z,326.92,329.1,326.59,328.455,125400,1674,328.234831
TSLA,1H,2025-07-18T16:00:00Z,328.69,328.705,325.15,325.38,69925,1138,327.238675
TSLA,1H,2025-07-18T17:00:00Z,325.29,328.135,324.88,328.015,78202,1142,326.641605
TSLA,1H,2025-07-18T18:00:00Z,328.1,330.8,328.1,329.9,84311,1309,329.884641
TSLA,1H,2025-07-18T19:00:00Z,330.025,330.87,328.2,329.68,121126,1966,329.242933
TSLA,1H,2025-07-21T13:00:00Z,334.37,337.91,328.98,329.33,124151,1658,332.62465
TSLA,1H,2025-07-21T14:00:00Z,329.23,331.13,327.86,329.785,130774,2152,329.435497
TSLA,1H,2025-07-21T15:00:00Z,329.66,330.1,328.01,328.22,73488,1249,329.05062
TSLA,1H,2025-07-21T16:00:00Z,328.16,329.865,327.05,329.29,46770,1098,328.670091
TSLA,1H,2025-07-21T17:00:00Z,329.225,330.255,329.13,329.385,50774,927,329.730528
TSLA,1H,2025-07-21T18:00:00Z,329.42,330.78,329.2,329.44,53579,958,329.916815
TSLA,1H,2025-07-21T19:00:00Z,329.38,329.855,327.97,328.56,87941,1685,328.823334
TSLA,1H,2025-07-22T13:00:00Z,329.305,330.39,321.61,323.92,111105,1705,326.441556
TSLA,1H,2025-07-22T14:00:00Z,323.64,331.55,323.26,329.465,127985,2190,327.753719
TSLA,1H,2025-07-22T15:00:00Z,329.525,332.29,327.41,331.22,89222,1497,329.916419
TSLA,1H,2025-07-22T16:00:00Z,331.57,331.925,329.78,330.56,62339,1136,330.681952
TSLA,1H,2025-07-22T17:00:00Z,330.87,332.54,330.65,331.71,68658,1219,331.711245
TSLA,1H,2025-07-22T18:00:00Z,331.71,335.19,329.87,335.115,134176,2164,333.253668
TSLA,1H,2025-07-22T19:00:00Z,335.35,335.35,332.16,332.195,140520,2267,333.706083
TSLA,1H,2025-07-23T13:00:00Z,330.815,334.2,329.22,332.85,113489,1556,331.839604
TSLA,1H,2025-07-23T14:00:00Z,332.855,334.525,332.26,333.75,114577,1624,333.390716
TSLA,1H,2025-07-23T15:00:00Z,333.76,336.04,332.11,333.725,105930,1587,333.84855
TSLA,1H,2025-07-23T16:00:00Z,333.56,334.9,332,332.045,97746,1494,333.44559
TSLA,1H,2025-07-23T17:00:00Z,332.06,332.55,328.7,330.98,115736,1813,330.578988
TSLA,1H,2025-07-23T18:00:00Z,330.97,335.59,330.86,333.075,144066,2187,332.949448
TSLA,1H,2025-07-23T19:00:00Z,333.05,334.295,332.08,333.04,184319,2832,332.866245
TSLA,1H,2025-07-23T20:00:00Z,336.8,336.8,328.06,332.76,1538,26,331.702222
TSLA,1H,2025-07-24T12:00:00Z,311.69,311.69,310.57,310.57,310,4,311.143333
TSLA,1H,2025-07-24T13:00:00Z,310.73,310.93,301.01,306.96,604328,6766,304.809405
TSLA,1H,2025-07-24T14:00:00Z,306.965,307.72,302.64,303.52,387780,5206,304.790164
TSLA,1H,2025-07-24T15:00:00Z,303.535,303.935,301.34,302.89,234943,3154,302.595856
TSLA,1H,2025-07-24T16:00:00Z,302.84,302.96,300.49,302.745,178291,2673,301.866955
TSLA,1H,2025-07-24T17:00:00Z,302.94,305.715,302.36,303.025,116220,1810,303.916593
TSLA,1H,2025-07-24T18:00:00Z,303.03,304.66,302.2,304.47,133863,2016,303.707968
TSLA,1H,2025-07-24T19:00:00Z,304.47,307.46,304.335,305.16,322795,4778,306.064945
TSLA,1H,2025-07-25T13:00:00Z,307.09,312.68,307.09,311.78,165076,2346,310.526133
TSLA,1H,2025-07-25T14:00:00Z,311.91,315.1,311.91,315.045,116073,1999,313.395628
TSLA,1H,2025-07-25T15:00:00Z,315.115,320.805,314.195,319.76,123087,1982,318.376414
TSLA,1H,2025-07-25T16:00:00Z,319.69,323.57,319.66,320.63,181433,2519,321.586731
TSLA,1H,2025-07-25T17:00:00Z,320.545,320.545,316.57,316.85,111098,1798,318.576646
TSLA,1H,2025-07-25T18:00:00Z,316.68,318.5,314.77,314.88,121888,2003,316.542424
TSLA,1H,2025-07-25T19:00:00Z,315.02,316.64,312.83,316.07,206218,3094,315.204433
TSLA,1H,2025-07-25T20:00:00Z,316.75,316.75,316.75,316.75,105,2,316.75
TSLA,1H,2025-07-28T13:00:00Z,317.71,322.46,315.87,321.91,108942,1568,318.595823
TSLA,1H,2025-07-28T14:00:00Z,321.99,328.12,319.96,328.05,134104,2200,323.968309
TSLA,1H,2025-07-28T15:00:00Z,328.075,329.485,326.75,328.78,167940,2395,327.935295
TSLA,1H,2025-07-28T16:00:00Z,328.66,330.46,327.055,328.61,77105,1298,328.912538
TSLA,1H,2025-07-28T17:00:00Z,328.47,329.42,326.615,327.35,78996,1248,327.860915
TSLA,1H,2025-07-28T18:00:00Z,327.405,328.255,326.225,327.88,73057,1191,327.26387
TSLA,1H,2025-07-28T19:00:00Z,327.83,328.135,325.465,325.47,152514,2445,326.542139
TSLA,1H,2025-07-29T13:00:00Z,325.74,325.74,319.56,320.43,91730,1580,321.319219
TSLA,1H,2025-07-29T14:00:00Z,320.14,322.39,318.32,322.21,123953,1911,320.355429
TSLA,1H,2025-07-29T15:00:00Z,322.19,322.57,318.395,320.09,129799,1835,320.185639
TSLA,1H,2025-07-29T16:00:00Z,320.09,322.09,319.66,320.97,85090,1165,320.745154
TSLA,1H,2025-07-29T17:00:00Z,321.03,321.76,320.145,321.71,56911,940,320.855638
TSLA,1H,2025-07-29T18:00:00Z,321.65,323.8,321.39,322.815,97690,1539,322.984571
TSLA,1H,2025-07-29T19:00:00Z,322.81,324.005,320.865,321.25,82543,1573,322.053976
TSLA,1H,2025-07-30T13:00:00Z,322.245,324.22,320.14,321.38,71665,1400,322.108768
TSLA,1H,2025-07-30T14:00:00Z,321.425,323.37,318.825,319.19,84351,1453,321.559256
TSLA,1H,2025-07-30T15:00:00Z,319.02,319.74,316.955,319.14,122020,1907,318.171019
TSLA,1H,2025-07-30T16:00:00Z,319,319.095,317.36,318.19,57160,994,318.229122
TSLA,1H,2025-07-30T17:00:00Z,318.19,318.84,317.685,318.47,41398,791,318.214187
TSLA,1H,2025-07-30T18:00:00Z,318.4,318.81,312.465,312.65,128065,2413,315.817442
TSLA,1H,2025-07-30T19:00:00Z,312.58,319.15,311.745,319.15,224764,3712,315.82016
TSLA,1H,2025-07-30T20:00:00Z,318.43,318.64,318.12,318.12,451,15,318.3825
TSLA,1H,2025-07-31T13:00:00Z,319.605,321.235,317.885,318.23,98001,1725,319.467863
TSLA,1H,2025-07-31T14:00:00Z,318.2,319.09,313.12,313.18,149929,2353,316.444922
TSLA,1H,2025-07-31T15:00:00Z,313.33,314.85,311.5,312.23,116967,1787,312.754724
TSLA,1H,2025-07-31T16:00:00Z,312.27,314.05,312.03,312.85,94225,1317,312.926116
TSLA,1H,2025-07-31T17:00:00Z,312.825,312.86,307.88,308.355,146292,2124,310.545936
TSLA,1H,2025-07-31T18:00:00Z,308.28,310.04,306.14,309.415,157717,2357,308.182349
TSLA,1H,2025-07-31T19:00:00Z,309.56,310.95,307.97,308.665,180333,2715,309.570753
TSLA,1H,2025-08-01T12:00:00Z,305.59,307.5,305.59,305.93,1587,15,307.202
TSLA,1H,2025-08-01T13:00:00Z,304.93,308.54,299.62,300.34,114147,2007,303.540048
TSLA,1H,2025-08-01T14:00:00Z,300.32,307.3,297.86,305.385,189628,2966,303.357199
TSLA,1H,2025-08-01T15:00:00Z,305.505,309.075,303.9,307.875,105675,1741,305.936388
TSLA,1H,2025-08-01T16:00:00Z,307.94,309.235,304.015,304.17,69809,1386,306.863113
TSLA,1H,2025-08-01T17:00:00Z,304.24,304.88,302.485,303.2,78488,1341,303.752646
TSLA,1H,2025-08-01T18:00:00Z,303.73,304.6,301.48,302.565,84155,1542,302.808148
TSLA,1H,2025-08-01T19:00:00Z,302.555,303.605,301.22,302.68,180794,2434,302.640747
TSLA,1H,2025-08-04T12:00:00Z,309.8,309.8,309.8,309.8,100,1,309.8
TSLA,1H,2025-08-04T13:00:00Z,308.73,310.52,305.65,308.84,130830,2238,308.02062
TSLA,1H,2025-08-04T14:00:00Z,308.945,312.07,303.265,304.345,221735,3741,307.813629
TSLA,1H,2025-08-04T15:00:00Z,304.425,308.81,303.61,308.71,94210,1636,306.094327
TSLA,1H,2025-08-04T16:00:00Z,308.43,309.7,306.885,308.475,68191,1247,308.40058
TSLA,1H,2025-08-04T17:00:00Z,308.39,308.69,306.83,308.58,71436,1156,307.867134
TSLA,1H,2025-08-04T18:00:00Z,308.74,310.25,308.51,309.56,57501,1256,309.574338
TSLA,1H,2025-08-04T19:00:00Z,309.65,310.81,308.09,309.22,175750,2699,309.328499
TSLA,1H,2025-08-05T13:00:00Z,309.04,312.34,305.64,311.72,94926,1424,308.44741
TSLA,1H,2025-08-05T14:00:00Z,310.89,311.225,305.64,307.25,131275,2377,308.066119
TSLA,1H,2025-08-05T15:00:00Z,307.01,308.05,306.48,307.36,46511,1007,307.202371
TSLA,1H,2025-08-05T16:00:00Z,307.5,308.07,306.13,306.28,55283,976,307.073652
TSLA,1H,2025-08-05T17:00:00Z,306.68,310.36,306.635,309.89,53477,1072,308.601627
TSLA,1H,2025-08-05T18:00:00Z,309.81,310.815,308.8,309.51,38423,776,309.537212
TSLA,1H,2025-08-05T19:00:00Z,309.56,310.6,308.635,308.635,95654,1435,309.489944
TSLA,1H,2025-08-06T13:00:00Z,307.97,317.14,307.09,313.54,137522,3042,313.110445
TSLA,1H,2025-08-06T14:00:00Z,313.945,318.28,313.715,316.94,100531,1868,316.001329
TSLA,1H,2025-08-06T15:00:00Z,316.745,319.515,316.55,318.84,102065,1700,318.333078
TSLA,1H,2025-08-06T16:00:00Z,318.69,318.855,316.75,317.22,78405,1478,317.612908
TSLA,1H,2025-08-06T17:00:00Z,317.19,319.7,316.28,318.8,58577,1148,318.105465
TSLA,1H,2025-08-06T18:00:00Z,318.73,319.965,318.425,319.68,82875,1568,319.263862
TSLA,1H,2025-08-06T19:00:00Z,319.59,320.43,318.455,319.95,139580,2596,319.390075
TSLA,1H,2025-08-06T20:00:00Z,320.35,320.35,320.35,320.35,100,1,320.35
TSLA,1H,2025-08-07T13:00:00Z,320.69,321.76,318.4,321.35,92087,1391,320.002338
TSLA,1H,2025-08-07T14:00:00Z,321.43,322.4,317.735,318.12,105301,2088,319.480257
TSLA,1H,2025-08-07T15:00:00Z,318.33,319.34,317.645,318.78,81268,1338,318.48049
TSLA,1H,2025-08-07T16:00:00Z,318.76,321.025,318.13,318.67,54912,1202,319.652919
TSLA,1H,2025-08-07T17:00:00Z,318.85,319.23,317.49,318.38,43357,915,318.307399
TSLA,1H,2025-08-07T18:00:00Z,318.35,318.8,316.195,318.41,56019,1021,317.516402
TSLA,1H,2025-08-07T19:00:00Z,318.12,322.32,318.1,322.31,77761,1594,320.692917
TSLA,1H,2025-08-07T20:00:00Z,322.15,322.15,322.15,322.15,125,6,322.15
TSLA,1H,2025-08-08T12:00:00Z,321.43,321.43,321.13,321.13,290,8,321.28
TSLA,1H,2025-08-08T13:00:00Z,321.595,333.62,321.455,332.91,122251,1693,329.203021
TSLA,1H,2025-08-08T14:00:00Z,332.91,335,329.66,333.035,173624,2596,332.612521
TSLA,1H,2025-08-08T15:00:00Z,333.055,334.13,330.505,330.64,104040,1564,332.537647
TSLA,1H,2025-08-08T16:00:00Z,330.91,331.86,328.67,329.64,78072,1169,330.508535
TSLA,1H,2025-08-08T17:00:00Z,329.73,330.34,328.225,329.635,80564,1200,329.294533
TSLA,1H,2025-08-08T18:00:00Z,329.61,330.83,328.9,330.51,52589,889,329.871063
TSLA,1H,2025-08-08T19:00:00Z,330.425,330.425,327.29,329.69,133432,2085,328.746237
TSLA,1H,2025-08-11T12:00:00Z,335.95,335.98,335.09,335.09,375,8,335.673333
TSLA,1H,2025-08-11T13:00:00Z,334.675,343.09,334.47,340.1,149799,2002,340.626045
TSLA,1H,2025-08-11T14:00:00Z,340.33,343.14,338.88,342.73,102734,1626,341.197438
TSLA,1H,2025-08-11T15:00:00Z,342.46,345.53,341.9,345.2,106016,1633,343.631551
TSLA,1H,2025-08-11T16:00:00Z,345.26,346.59,344.02,344.24,62103,1057,345.396544
TSLA,1H,2025-08-11T17:00:00Z,344.265,344.81,341.965,342.375,53762,935,342.7519
TSLA,1H,2025-08-11T18:00:00Z,342.59,343.905,340.81,343.765,89007,1523,342.168321
TSLA,1H,2025-08-11T19:00:00Z,343.78,343.78,338.81,339.185,185039,2958,340.931678
TSLA,1H,2025-08-11T20:00:00Z,338.59,338.59,338.44,338.44,510,7,338.518
TSLA,1H,2025-08-12T12:00:00Z,341.17,345.01,341.11,345.01,493,12,343.015
TSLA,1H,2025-08-12T13:00:00Z,344.25,345.105,335.775,335.925,88136,1396,340.512181
TSLA,1H,2025-08-12T14:00:00Z,335.935,336.08,333.02,334.81,123603,2264,334.639221
TSLA,1H,2025-08-12T15:00:00Z,334.815,338.97,334.775,338.02,97391,1592,337.234495
TSLA,1H,2025-08-12T16:00:00Z,337.52,340.04,336.97,339.18,35470,703,338.509527
TSLA,1H,2025-08-12T17:00:00Z,339.36,339.78,337.83,338.35,36611,667,338.642536
TSLA,1H,2025-08-12T18:00:00Z,338.21,340.9,337.18,340.72,37586,889,339.01487
TSLA,1H,2025-08-12T19:00:00Z,340.72,342.29,340.43,340.785,76132,1420,341.093563
TSLA,1H,2025-08-12T20:00:00Z,340.63,340.63,340.27,340.27,273,10,340.45
TSLA,1H,2025-08-13T12:00:00Z,342.49,342.49,342.49,342.49,145,4,342.49
TSLA,1H,2025-08-13T13:00:00Z,341.71,348.9,340.56,345.96,79471,1319,345.798656
TSLA,1H,2025-08-13T14:00:00Z,346,346.08,342.95,343.675,75020,1355,344.936553
TSLA,1H,2025-08-13T15:00:00Z,343.16,343.55,338.56,341.3,64305,1350,340.922867
TSLA,1H,2025-08-13T16:00:00Z,341.235,341.945,339.26,339.74,32610,665,340.875109
TSLA,1H,2025-08-13T17:00:00Z,339.87,341.8,339.42,340.95,41598,792,340.516345
TSLA,1H,2025-08-13T18:00:00Z,340.99,341.44,338.275,339.89,41799,778,339.997439
TSLA,1H,2025-08-13T19:00:00Z,339.835,341.455,339.2,339.305,43949,828,340.331497
TSLA,1H,2025-08-14T12:00:00Z,337.42,337.42,337.42,337.42,929,19,337.42
TSLA,1H,2025-08-14T13:00:00Z,335.1,338.05,334.93,337.19,52609,859,336.512834
TSLA,1H,2025-08-14T14:00:00Z,337.92,340.425,335.895,338.19,80339,1589,337.452756
TSLA,1H,2025-08-14T15:00:00Z,337.985,338.25,330.575,332.13,139552,2475,333.030442
TSLA,1H,2025-08-14T16:00:00Z,331.66,332.39,330.88,332.18,47269,822,331.702808
TSLA,1H,2025-08-14T17:00:00Z,332.06,334.54,331.855,334.49,60689,1083,333.251194
TSLA,1H,2025-08-14T18:00:00Z,334.4,334.4,332.91,334.13,42194,872,333.551592
TSLA,1H,2025-08-14T19:00:00Z,334.39,336.01,333.82,335.67,100681,1860,334.81106
TSLA,1H,2025-08-14T20:00:00Z,335.14,335.14,335.14,335.14,120,5,335.14
TSLA,1H,2025-08-15T13:00:00Z,337.54,339.06,332.16,332.98,91048,1772,334.742208
TSLA,1H,2025-08-15T14:00:00Z,332.72,334.2,331.875,332.055,89930,1726,332.700418
TSLA,1H,2025-08-15T15:00:00Z,332.19,333.745,329.43,329.73,65200,1370,331.930212
TSLA,1H,2025-08-15T16:00:00Z,329.725,330.24,327.04,330.085,105053,1711,328.44357
TSLA,1H,2025-08-15T17:00:00Z,330.06,331.645,329.79,331.355,61866,1216,330.828739
TSLA,1H,2025-08-15T18:00:00Z,331.23,331.32,328.725,328.82,46209,1016,329.813331
TSLA,1H,2025-08-15T19:00:00Z,328.6,330.65,328.09,330.62,132167,2160,329.49786
TSLA,1H,2025-08-18T13:00:00Z,329.86,333.64,329.86,332.16,120414,1646,331.622233
TSLA,1H,2025-08-18T14:00:00Z,332.27,334.2,330.755,333.435,78049,1053,332.609272
TSLA,1H,2025-08-18T15:00:00Z,333.35,333.92,332.74,333.105,28047,500,333.295125
TSLA,1H,2025-08-18T16:00:00Z,333.32,335.265,333.24,333.395,64264,916,334.457199
TSLA,1H,2025-08-18T17:00:00Z,333.37,335.73,333.37,334.575,30310,512,334.696463
TSLA,1H,2025-08-18T18:00:00Z,334.52,335.5,333.74,335.21,24242,434,334.571438
TSLA,1H,2025-08-18T19:00:00Z,335.42,336.26,333.88,335.09,81361,1371,334.979107
TSLA,1H,2025-08-19T12:00:00Z,335.59,335.59,335.59,335.59,159,4,335.59
TSLA,1H,2025-08-19T13:00:00Z,335.655,339.43,333.41,338.865,92670,1428,336.215258
TSLA,1H,2025-08-19T14:00:00Z,338.47,340.5,331.8,332.52,145883,2506,336.725194
TSLA,1H,2025-08-19T15:00:00Z,332.37,333.8,330.765,332.92,78242,1498,332.025214
TSLA,1H,2025-08-19T16:00:00Z,332.91,333.96,330.175,330.23,59531,848,332.122612
TSLA,1H,2025-08-19T17:00:00Z,330.37,330.95,327.93,330.45,101628,1564,329.274098
TSLA,1H,2025-08-19T18:00:00Z,330.37,330.42,328,329.13,46403,683,329.279664
TSLA,1H,2025-08-19T19:00:00Z,328.83,330.56,328.01,329.32,68300,1091,329.50722
TSLA,1H,2025-08-19T20:00:00Z,328.99,328.99,328.24,328.24,305,4,328.67
TSLA,1H,2025-08-20T13:00:00Z,329.58,331.34,319.31,321.255,84362,1391,323.877944
TSLA,1H,2025-08-20T14:00:00Z,321.295,322.755,314.61,315.96,162965,2576,317.912891
TSLA,1H,2025-08-20T15:00:00Z,316.135,321,315.745,318.115,95089,1708,318.890799
TSLA,1H,2025-08-20T16:00:00Z,317.995,322.04,317.995,320.2,51096,907,320.704054
TSLA,1H,2025-08-20T17:00:00Z,320.15,323.96,320.15,322.665,51130,1026,322.080944
TSLA,1H,2025-08-20T18:00:00Z,322.75,322.775,319.6,321.1,44629,809,321.135798
TSLA,1H,2025-08-20T19:00:00Z,321.75,324.74,321.3,323.91,113332,1614,323.533407
TSLA,1H,2025-08-21T12:00:00Z,322.73,322.73,322.73,322.73,130,3,322.73
TSLA,1H,2025-08-21T13:00:00Z,322.125,324.72,320.61,320.64,45443,918,322.643484
TSLA,1H,2025-08-21T14:00:00Z,320.59,324.44,319.965,323.28,53806,978,323.034279
TSLA,1H,2025-08-21T15:00:00Z,323.28,323.39,320.8,321.265,59869,893,321.959814
TSLA,1H,2025-08-21T16:00:00Z,321.06,321.36,319.32,319.68,39280,679,320.541513
TSLA,1H,2025-08-21T17:00:00Z,319.695,321.27,318.785,320.87,39625,734,320.00913
TSLA,1H,2025-08-21T18:00:00Z,320.76,322.04,319.925,321.94,33154,550,321.060044
TSLA,1H,2025-08-21T19:00:00Z,321.89,322.55,320.04,320.08,62008,1278,321.397945
TSLA,1H,2025-08-22T12:00:00Z,321.21,321.21,321.21,321.21,1777,27,321.21
TSLA,1H,2025-08-22T13:00:00Z,321.53,326.595,319.97,325.65,83198,1372,324.592481
TSLA,1H,2025-08-22T14:00:00Z,325.84,337.63,325.84,336.16,250433,3855,334.579478
TSLA,1H,2025-08-22T15:00:00Z,336.165,337.14,334.9,335.16,48192,984,335.927888
TSLA,1H,2025-08-22T16:00:00Z,335.23,338.225,333.78,336.44,57995,1154,336.182323
TSLA,1H,2025-08-22T17:00:00Z,336.675,338.66,336.635,337.95,56032,934,337.855305
TSLA,1H,2025-08-22T18:00:00Z,338.13,339.04,337.16,338.78,59295,921,338.269722
TSLA,1H,2025-08-22T19:00:00Z,338.74,340.23,337.36,340,160938,2246,339.104777
TSLA,1H,2025-08-25T13:00:00Z,339.29,341.01,335.05,339,62418,1100,338.100456
TSLA,1H,2025-08-25T14:00:00Z,339.265,342.11,338.58,340.87,69082,1245,340.550988
TSLA,1H,2025-08-25T15:00:00Z,340.8,345.89,339.74,345.065,87062,1174,343.626806
TSLA,1H,2025-08-25T16:00:00Z,345.06,347.085,344.35,346.9,53120,868,345.73886
TSLA,1H,2025-08-25T17:00:00Z,346.895,348.675,346.26,347.84,60613,992,347.727176
TSLA,1H,2025-08-25T18:00:00Z,347.905,348.14,346.12,347.215,47015,777,347.057396
TSLA,1H,2025-08-25T19:00:00Z,347.2,349.53,346.51,346.6,151707,2426,348.240776
TSLA,1H,2025-08-25T20:00:00Z,346.21,346.27,346.12,346.21,633,12,346.214221
TSLA,1H,2025-08-26T13:00:00Z,344.82,348.98,344.42,347.43,138765,1783,347.427159
TSLA,1H,2025-08-26T14:00:00Z,347.96,348.385,345.16,345.57,91326,1504,346.386684
TSLA,1H,2025-08-26T15:00:00Z,345.56,347.68,343.73,345.025,53706,1014,345.801747
TSLA,1H,2025-08-26T16:00:00Z,345.115,346.77,344.39,346.46,37788,750,345.67994
TSLA,1H,2025-08-26T17:00:00Z,346.34,347.24,345.15,345.62,25937,540,346.250751
TSLA,1H,2025-08-26T18:00:00Z,345.6,348.56,345.6,348.28,46861,837,347.473702
TSLA,1H,2025-08-26T19:00:00Z,348.25,351.84,347.77,351.7,127742,2216,349.970397
TSLA,1H,2025-08-26T20:00:00Z,352.31,353.5,352.3,353.5,7349,112,352.933793
TSLA,1H,2025-08-27T13:00:00Z,351.83,355.285,349.94,350.75,91414,1501,352.187111
TSLA,1H,2025-08-27T14:00:00Z,350.6,353.17,350.07,352.31,69393,1185,351.624419
TSLA,1H,2025-08-27T15:00:00Z,352.27,354.055,351.52,352.77,48821,941,352.941102
TSLA,1H,2025-08-27T16:00:00Z,352.56,352.62,349.29,351.03,35335,613,350.879638
TSLA,1H,2025-08-27T17:00:00Z,350.71,351.34,350.35,350.73,18515,382,350.740982
TSLA,1H,2025-08-27T18:00:00Z,350.77,352,350.61,350.765,28104,507,351.453689
TSLA,1H,2025-08-27T19:00:00Z,350.78,351.35,349.36,349.47,105650,1822,350.088817
TSLA,1H,2025-08-27T20:00:00Z,347.67,348.09,346.21,347.32,643,11,347.366364
TSLA,1H,2025-08-28T13:00:00Z,351.07,353.29,349.02,350.58,56268,922,351.04303
TSLA,1H,2025-08-28T14:00:00Z,350.76,351.43,343.65,345.56,80511,1361,347.104583
TSLA,1H,2025-08-28T15:00:00Z,345.5,345.705,340.28,341.25,85815,1260,342.477002
TSLA,1H,2025-08-28T16:00:00Z,341.29,343.93,341.195,343.54,53621,881,342.573599
TSLA,1H,2025-08-28T17:00:00Z,343.44,345,343.01,344.76,32560,639,344.066073
TSLA,1H,2025-08-28T18:00:00Z,344.79,345.12,343.7,344.17,33265,665,344.441366
TSLA,1H,2025-08-28T19:00:00Z,344.33,346.85,344.32,345.9,88530,1568,345.992765
TSLA,1H,2025-08-29T13:00:00Z,347.6,348.63,343.24,343.895,46751,880,345.635031
TSLA,1H,2025-08-29T14:00:00Z,343.375,344.46,337.535,338.09,191034,3019,339.051914
TSLA,1H,2025-08-29T15:00:00Z,338.54,339.65,334.88,335.69,110844,1581,337.343314
TSLA,1H,2025-08-29T16:00:00Z,335.785,336.91,335.33,335.55,67208,905,335.978036
TSLA,1H,2025-08-29T17:00:00Z,335.22,335.22,332.77,333.55,86236,1220,333.875358
TSLA,1H,2025-08-29T18:00:00Z,333.6,333.94,331.745,332.48,60887,959,332.650379
TSLA,1H,2025-08-29T19:00:00Z,332.595,334.465,331.92,333.86,168244,2585,333.094596
TSLA,1H,2025-09-02T12:00:00Z,327,327,327,327,220,4,327
TSLA,1H,2025-09-02T13:00:00Z,327,332.63,325.95,331.98,105631,2020,329.770572
TSLA,1H,2025-09-02T14:00:00Z,332.11,333.19,330.365,330.73,103873,1666,331.62857
TSLA,1H,2025-09-02T15:00:00Z,330.94,331.18,327.1,328.32,149262,2089,328.266956
TSLA,1H,2025-09-02T16:00:00Z,328.535,329.85,328.535,329.47,89027,1425,329.221244
TSLA,1H,2025-09-02T17:00:00Z,329.395,330.6,328.66,328.74,58958,998,329.551514
TSLA,1H,2025-09-02T18:00:00Z,328.82,329.35,327.9,328.59,55945,1008,328.445178
TSLA,1H,2025-09-02T19:00:00Z,328.68,329.85,328.485,329.31,123772,2202,329.2614
TSLA,1H,2025-09-03T13:00:00Z,335.03,335.03,328.52,330.94,115848,1674,330.646694
TSLA,1H,2025-09-03T14:00:00Z,331.12,341.44,331.04,341.31,210658,3021,337.048563
TSLA,1H,2025-09-03T15:00:00Z,341.27,342.39,339.37,341.455,158389,2247,341.28297
TSLA,1H,2025-09-03T16:00:00Z,341.44,343.33,340.56,341.42,104608,1597,341.59617
TSLA,1H,2025-09-03T17:00:00Z,341.26,342.48,339.22,339.29,80576,1274,341.096112
TSLA,1H,2025-09-03T18:00:00Z,339.17,339.38,334.73,335.02,102914,1555,336.552297
TSLA,1H,2025-09-03T19:00:00Z,334.98,337.11,334.015,334.07,155607,2219,335.547565
TSLA,1H,2025-09-04T13:00:00Z,335.52,337.54,333.21,334.56,172049,2491,335.371982
TSLA,1H,2025-09-04T14:00:00Z,334.22,334.9,331.57,332.98,149005,2273,333.057978
TSLA,1H,2025-09-04T15:00:00Z,332.935,336.04,332.73,334.425,93832,1384,334.340552
TSLA,1H,2025-09-04T16:00:00Z,334.49,334.595,332.9,333.57,54016,928,333.937338
TSLA,1H,2025-09-04T17:00:00Z,333.59,335.58,333.59,334.86,55755,871,334.782306
TSLA,1H,2025-09-04T18:00:00Z,335.11,336.6,334.93,336.36,49198,798,335.804848
TSLA,1H,2025-09-04T19:00:00Z,336.48,338.86,336.09,338.62,109592,1778,337.651355
TSLA,1H,2025-09-05T13:00:00Z,346.49,355.82,346.49,354.48,408061,6089,352.43283
TSLA,1H,2025-09-05T14:00:00Z,354.18,354.715,344.79,346.64,340184,4392,349.116395
TSLA,1H,2025-09-05T15:00:00Z,346.56,349.43,345.2,346.97,129464,2033,347.737017
TSLA,1H,2025-09-05T16:00:00Z,346.94,348.9,345.86,348.9,100546,1517,347.461444
TSLA,1H,2025-09-05T17:00:00Z,348.94,352.92,348.59,350.11,188059,2400,350.713368
TSLA,1H,2025-09-05T18:00:00Z,350.155,352.03,347.905,348.755,175644,2034,350.1345
TSLA,1H,2025-09-05T19:00:00Z,348.72,351.19,348.015,350.82,246451,2904,349.431855
TSLA,1H,2025-09-08T13:00:00Z,354.4,358.33,350.84,353.89,199282,3069,354.473991
TSLA,1H,2025-09-08T14:00:00Z,353.82,353.92,347.91,347.985,189674,2715,351.163222
TSLA,1H,2025-09-08T15:00:00Z,347.87,350.3,346.635,348.56,148538,2222,348.427903
TSLA,1H,2025-09-08T16:00:00Z,348.06,348.29,345.89,345.98,85910,1182,347.466459
TSLA,1H,2025-09-08T17:00:00Z,346.08,347.68,344.92,345.55,101693,1342,346.410318
TSLA,1H,2025-09-08T18:00:00Z,345.565,347.2,344.9,346.49,79197,1075,346.265023
TSLA,1H,2025-09-08T19:00:00Z,346.45,346.94,345.495,346.34,125741,1725,346.3361
TSLA,1H,2025-09-09T12:00:00Z,347.77,347.77,347.77,347.77,120,2,347.77
TSLA,1H,2025-09-09T13:00:00Z,348.58,350.64,347.18,348.16,89809,1395,349.060826
TSLA,1H,2025-09-09T14:00:00Z,348.58,348.9,343.86,345.89,116467,1777,346.156005
TSLA,1H,2025-09-09T15:00:00Z,346.12,347.93,344.98,347.67,82576,1181,346.587305
TSLA,1H,2025-09-09T16:00:00Z,347.795,348.48,346.235,346.28,73839,1113,347.433258
TSLA,1H,2025-09-09T17:00:00Z,346.31,347.8,346.31,347.25,71404,1027,347.017275
TSLA,1H,2025-09-09T18:00:00Z,347.275,347.275,345.98,346.76,53320,902,346.547361
TSLA,1H,2025-09-09T19:00:00Z,346.88,347.145,345.715,347.07,93467,1472,346.66634
TSLA,1H,2025-09-10T13:00:00Z,351.21,352,346.24,347.67,111637,1828,348.523077
TSLA,1H,2025-09-10T14:00:00Z,347.705,355.42,347.705,355.42,146771,2117,351.05785
TSLA,1H,2025-09-10T15:00:00Z,355.48,356.285,353.56,355,108141,1613,354.965136
TSLA,1H,2025-09-10T16:00:00Z,354.735,355.03,352.74,354.215,74642,1063,354.147519
TSLA,1H,2025-09-10T17:00:00Z,354.235,356.25,353.94,354.72,62816,962,354.94812
TSLA,1H,2025-09-10T18:00:00Z,354.58,354.72,351.05,351.3,75915,1065,353.32339
TSLA,1H,2025-09-10T19:00:00Z,351.34,351.44,347.21,347.84,161717,2207,348.692085
TSLA,1H,2025-09-11T12:00:00Z,351.35,351.35,351.35,351.35,100,1,351.35
TSLA,1H,2025-09-11T13:00:00Z,350.245,352.15,347.825,351.39,99041,1528,349.994644
TSLA,1H,2025-09-11T14:00:00Z,351.64,360.525,350.78,358.75,177968,3062,356.495398
TSLA,1H,2025-09-11T15:00:00Z,358.82,363.45,358.495,362.43,127401,2154,361.722465
TSLA,1H,2025-09-11T16:00:00Z,362.1,362.77,360.24,361.84,82822,1588,361.530222
TSLA,1H,2025-09-11T17:00:00Z,361.985,366.59,361.9,366.14,106873,1767,364.61358
TSLA,1H,2025-09-11T18:00:00Z,365.815,367.61,364.85,367.28,114472,1796,366.445415
TSLA,1H,2025-09-11T19:00:00Z,367.335,368.85,365.8,368.85,157186,2287,367.190158
TSLA,1H,2025-09-12T13:00:00Z,370.93,386.92,370.39,384.54,349539,5040,380.409962
TSLA,1H,2025-09-12T14:00:00Z,384.39,393.865,384.01,389.61,534508,7355,388.006467
TSLA,1H,2025-09-12T15:00:00Z,389.705,392.615,387.29,391.815,196429,3173,389.711334
TSLA,1H,2025-09-12T16:00:00Z,391.725,395.935,389.57,393.55,203924,3103,392.566317
TSLA,1H,2025-09-12T17:00:00Z,393.3,395.3,391.24,394.91,136150,2145,393.51741
TSLA,1H,2025-09-12T18:00:00Z,394.88,395.45,392.645,393.79,139146,2159,394.082161
TSLA,1H,2025-09-12T19:00:00Z,393.75,396.62,391.99,396,375396,4671,394.853345
TSLA,1H,2025-09-15T13:00:00Z,422.49,425.56,414.83,418.71,577282,8656,419.479747
TSLA,1H,2025-09-15T14:00:00Z,419.05,423,414.44,421.6,267250,3742,418.805424
TSLA,1H,2025-09-15T15:00:00Z,421.63,424.1,418.91,419.75,158387,2697,421.686712
TSLA,1H,2025-09-15T16:00:00Z,419.515,421.13,415.82,416.39,178855,3278,418.646659
TSLA,1H,2025-09-15T17:00:00Z,416.25,418.3,416.025,416.29,130277,2450,417.299593
TSLA,1H,2025-09-15T18:00:00Z,416.08,416.46,402.46,406.93,316243,4938,408.398036
TSLA,1H,2025-09-15T19:00:00Z,407.11,411.19,406.42,410.21,298157,4621,408.847713
TSLA,1H,2025-09-16T12:00:00Z,414.47,414.74,414.41,414.74,417,6,414.539098
TSLA,1H,2025-09-16T13:00:00Z,415.82,417.67,411.5,415.95,138456,2009,414.562641
TSLA,1H,2025-09-16T14:00:00Z,415.895,421.045,413.54,418.44,124679,2057,417.215107
TSLA,1H,2025-09-16T15:00:00Z,418.05,420.825,416.63,419.06,110284,1586,419.045595
TSLA,1H,2025-09-16T16:00:00Z,419.805,422.08,418.305,418.685,87707,1262,419.84169
TSLA,1H,2025-09-16T17:00:00Z,418.595,420.665,417.63,417.94,54688,830,418.913534
TSLA,1H,2025-09-16T18:00:00Z,417.98,420.165,417.84,420.14,64199,987,419.041192
TSLA,1H,2025-09-16T19:00:00Z,420.18,423.22,419.52,421.545,185114,2566,421.636547
TSLA,1H,2025-09-17T13:00:00Z,415.71,417.025,409.83,416.2,106954,1428,414.282238
TSLA,1H,2025-09-17T14:00:00Z,416.21,416.345,411.935,413.685,90521,1345,414.580466
TSLA,1H,2025-09-17T15:00:00Z,414.58,419.38,414.58,418.05,62310,1158,417.724657
TSLA,1H,2025-09-17T16:00:00Z,418.37,420.315,416.74,418.975,69191,971,418.557646
TSLA,1H,2025-09-17T17:00:00Z,419.02,420.54,418.81,420.5,38184,695,419.568609
TSLA,1H,2025-09-17T18:00:00Z,420.63,424.59,411.89,419.675,146031,2320,417.294377
TSLA,1H,2025-09-17T19:00:00Z,419.585,428.125,419.585,425.62,171646,2803,425.675659
TSLA,1H,2025-09-18T13:00:00Z,428.805,431.49,422.02,427.76,140740,1780,427.368688
TSLA,1H,2025-09-18T14:00:00Z,427.905,431.975,426.56,429.045,110590,1569,428.332095
TSLA,1H,2025-09-18T15:00:00Z,429.215,430.135,423.97,425.14,78265,1188,426.451155
TSLA,1H,2025-09-18T16:00:00Z,425.24,425.745,420.85,425.11,59307,899,423.51278
TSLA,1H,2025-09-18T17:00:00Z,425.09,426.21,422.01,423.54,70519,955,423.774137
TSLA,1H,2025-09-18T18:00:00Z,423.56,424.77,422.675,424.315,50085,742,423.492781
TSLA,1H,2025-09-18T19:00:00Z,424.365,424.4,416.67,416.685,158431,2072,419.800252
TSLA,1H,2025-09-19T12:00:00Z,421.39,421.39,421.39,421.39,145,4,421.39
TSLA,1H,2025-09-19T13:00:00Z,421.1,428.55,421.1,427.6,97724,1409,426.193441
TSLA,1H,2025-09-19T14:00:00Z,427.75,429.4,424.42,424.76,90795,1726,426.717262
TSLA,1H,2025-09-19T15:00:00Z,424.675,424.99,422.6,423.77,88505,1286,423.815632
TSLA,1H,2025-09-19T16:00:00Z,423.68,424.85,421.97,423.89,54504,868,423.344325
TSLA,1H,2025-09-19T17:00:00Z,423.955,424.72,423.035,424.05,45733,780,423.912375
TSLA,1H,2025-09-19T18:00:00Z,423.97,426.17,423.83,424.25,85013,1412,425.162659
TSLA,1H,2025-09-19T19:00:00Z,424.15,426.98,423.715,425.995,114407,1842,425.709608
TSLA,1H,2025-09-22T12:00:00Z,428.72,429.67,428.72,429.67,425,9,429.16
TSLA,1H,2025-09-22T13:00:00Z,431.085,441.185,429.19,440.855,189281,2796,437.127522
TSLA,1H,2025-09-22T14:00:00Z,441.02,444.89,440.45,441.47,170118,2508,442.485491
TSLA,1H,2025-09-22T15:00:00Z,441.395,442.68,439.93,440.595,85375,1441,441.327223
TSLA,1H,2025-09-22T16:00:00Z,440.695,441.56,433.19,433.19,124920,1941,437.824275
TSLA,1H,2025-09-22T17:00:00Z,433.275,435.015,429.94,433.555,99178,1682,432.751381
TSLA,1H,2025-09-22T18:00:00Z,433.37,434.61,432.79,433.49,54365,958,433.570274
TSLA,1H,2025-09-22T19:00:00Z,433.265,436.28,433.26,434.13,110553,2014,434.480042
TSLA,1H,2025-09-23T13:00:00Z,439.55,440.68,433.98,437.325,92077,1534,437.264904
TSLA,1H,2025-09-23T14:00:00Z,437.31,438.185,431.35,432.2,75363,1405,434.385053
TSLA,1H,2025-09-23T15:00:00Z,432.05,434.58,431,433.09,56466,952,432.939812
TSLA,1H,2025-09-23T16:00:00Z,433.315,435.97,432.835,434.93,60433,992,434.775569
TSLA,1H,2025-09-23T17:00:00Z,434.87,435.78,424.85,428.18,123534,1923,430.844258
TSLA,1H,2025-09-23T18:00:00Z,428.59,429.14,423.77,425.85,97669,1461,426.065322
TSLA,1H,2025-09-23T19:00:00Z,425.82,429.39,425.69,425.695,121134,1996,427.837882
TSLA,1H,2025-09-24T13:00:00Z,429.815,438.39,429.14,437.46,124436,1968,434.806804
TSLA,1H,2025-09-24T14:00:00Z,437,440.425,434.5,438.24,128286,2001,438.011622
TSLA,1H,2025-09-24T15:00:00Z,438.39,440.405,434.58,435.05,92403,1555,438.297574
TSLA,1H,2025-09-24T16:00:00Z,435.105,438.48,433.49,438.2,75304,1548,436.241304
TSLA,1H,2025-09-24T17:00:00Z,438.32,440.475,438.32,439.385,70343,1459,439.401789
TSLA,1H,2025-09-24T18:00:00Z,439.325,443.48,437.85,442.715,94361,1645,440.94859
TSLA,1H,2025-09-24T19:00:00Z,442.455,444.155,441.01,442.88,201640,3178,442.973186
TSLA,1H,2025-09-25T13:00:00Z,435.24,435.24,423.48,425.19,181401,2759,427.05234
TSLA,1H,2025-09-25T14:00:00Z,425.39,431.19,425.24,429.04,157811,2540,429.239857
TSLA,1H,2025-09-25T15:00:00Z,428.975,429.45,425.98,429.42,122643,1801,427.838863
TSLA,1H,2025-09-25T16:00:00Z,429.12,429.9,427.65,428.88,76603,1290,428.888069
TSLA,1H,2025-09-25T17:00:00Z,428.83,429.61,421.22,421.81,90167,1589,425.595076
TSLA,1H,2025-09-25T18:00:00Z,422.22,426.955,419.13,426.38,124767,2058,423.064286
TSLA,1H,2025-09-25T19:00:00Z,426.33,426.505,423.09,423.34,156666,2532,424.812826
TSLA,1H,2025-09-26T12:00:00Z,429.57,429.57,429.57,429.57,130,3,429.57
TSLA,1H,2025-09-26T13:00:00Z,428.285,434.51,424.91,426.75,82577,1368,428.83324
TSLA,1H,2025-09-26T14:00:00Z,426.91,427.965,421.14,426.59,128270,2269,424.256002
TSLA,1H,2025-09-26T15:00:00Z,426.32,430.295,425.715,428.52,54805,1053,428.496125
TSLA,1H,2025-09-26T16:00:00Z,427.95,432.05,427.38,431.54,78051,1450,430.051272
TSLA,1H,2025-09-26T17:00:00Z,431.43,436.02,431.265,436,85244,1441,433.115975
TSLA,1H,2025-09-26T18:00:00Z,435.9,440.12,435.71,438.54,152944,2219,438.314408
TSLA,1H,2025-09-26T19:00:00Z,438.435,440.44,437.515,440.4,163385,2264,438.968598
TSLA,1H,2025-09-29T13:00:00Z,444.355,450.89,441.61,444.21,204449,3357,447.073957
TSLA,1H,2025-09-29T14:00:00Z,444.645,446.46,441,442.74,164824,2900,443.892073
TSLA,1H,2025-09-29T15:00:00Z,442.68,444.815,439.57,440.66,92916,1812,441.782499
TSLA,1H,2025-09-29T16:00:00Z,440.655,442.71,439.89,441.46,78697,1448,441.660162
TSLA,1H,2025-09-29T17:00:00Z,441.6,442.48,439.705,442.38,83444,1265,441.606767
TSLA,1H,2025-09-29T18:00:00Z,442.4,443.81,441.9,442.47,89553,1510,442.929957
TSLA,1H,2025-09-29T19:00:00Z,442.33,443.6,440.455,443.385,122650,2390,442.131522
TSLA,1H,2025-09-30T13:00:00Z,442.225,443.45,436.83,438.175,152817,2468,439.111905
TSLA,1H,2025-09-30T14:00:00Z,438.68,440.1,436.81,439.84,139716,2311,438.562416
TSLA,1H,2025-09-30T15:00:00Z,440.1,440.75,433.33,435.45,140776,2224,436.614135
TSLA,1H,2025-09-30T16:00:00Z,435.515,436.99,434.54,436.82,113188,1687,435.461792
TSLA,1H,2025-09-30T17:00:00Z,436.68,439.74,436.29,438.42,65566,1077,437.621659
TSLA,1H,2025-09-30T18:00:00Z,438.39,444.4,438.26,442.05,160743,2114,442.027605
TSLA,1H,2025-09-30T19:00:00Z,442.01,445,441.3,444.66,223865,3288,443.661495
TSLA,1H,2025-10-01T13:00:00Z,443.88,449.48,440.825,445.7,117389,1663,445.941198
TSLA,1H,2025-10-01T14:00:00Z,445.655,458.73,445.32,458.73,252512,3354,453.693779
TSLA,1H,2025-10-01T15:00:00Z,458.675,458.78,452.555,455.59,112998,1685,455.179449
TSLA,1H,2025-10-01T16:00:00Z,455.545,458.465,454.22,456.95,73508,1222,456.262644
TSLA,1H,2025-10-01T17:00:00Z,456.96,460.25,456.96,458.2,73396,1182,458.409047
TSLA,1H,2025-10-01T18:00:00Z,458.165,461.15,458.165,460.105,84852,1309,460.067183
TSLA,1H,2025-10-01T19:00:00Z,460.14,462.18,459.05,459.44,176317,2660,460.509995
TSLA,1H,2025-10-02T12:00:00Z,466.51,467.01,465.67,467.01,735,22,466.396667
TSLA,1H,2025-10-02T13:00:00Z,471.41,476.53,453.575,456.545,249750,3840,460.908411
TSLA,1H,2025-10-02T14:00:00Z,456.75,459.215,451.815,452.965,206288,3372,455.457673
TSLA,1H,2025-10-02T15:00:00Z,452.95,454.31,444.94,447.59,206057,3266,449.624765
TSLA,1H,2025-10-02T16:00:00Z,447.535,448.99,441.57,443.99,162407,2411,445.713478
TSLA,1H,2025-10-02T17:00:00Z,444.08,446.67,439.61,440.965,156839,2307,443.159705
TSLA,1H,2025-10-02T18:00:00Z,441.03,443.21,438.5,441.085,130587,2166,441.203719
TSLA,1H,2025-10-02T19:00:00Z,441.155,444.17,435.6,435.975,302302,4815,439.770529
TSLA,1H,2025-10-03T13:00:00Z,440.95,446.735,436.37,438.09,93835,1564,441.089104
TSLA,1H,2025-10-03T14:00:00Z,438.075,438.075,424.87,427.35,206967,3101,429.890867
TSLA,1H,2025-10-03T15:00:00Z,427.465,431.65,426.1,430.25,132654,1917,429.478228
TSLA,1H,2025-10-03T16:00:00Z,430.25,430.34,423.99,424.33,99925,1635,427.183113
TSLA,1H,2025-10-03T17:00:00Z,423.46,423.46,416.81,419.52,175693,2624,420.540444
TSLA,1H,2025-10-03T18:00:00Z,419.62,424.48,417.66,423.21,132441,1851,421.671315
TSLA,1H,2025-10-03T19:00:00Z,423.245,430.205,423,429.86,242241,3554,427.620972
TSLA,1H,2025-10-06T13:00:00Z,440.86,446.76,436.84,439.955,207857,2848,442.028499
TSLA,1H,2025-10-06T14:00:00Z,440.23,447.4,439.54,444.68,182434,2810,443.689116
TSLA,1H,2025-10-06T15:00:00Z,445.255,447.91,444.445,446.85,126271,2012,446.420937
TSLA,1H,2025-10-06T16:00:00Z,446.985,449.055,444.82,448.66,98308,1585,447.448552
TSLA,1H,2025-10-06T17:00:00Z,448.6,449.99,447.315,448.3,92808,1530,448.565928
TSLA,1H,2025-10-06T18:00:00Z,448.15,450.665,447.945,450.665,101173,1686,449.514126
TSLA,1H,2025-10-06T19:00:00Z,450.605,453.52,449.96,453.27,189729,3160,452.190164
TSLA,1H,2025-10-07T13:00:00Z,447.82,451.96,442.33,451.33,110126,1866,448.014189
TSLA,1H,2025-10-07T14:00:00Z,450.55,452.54,445.87,447.385,101652,1989,448.078642
TSLA,1H,2025-10-07T15:00:00Z,447.42,448.055,436.36,441.13,148166,2473,441.864386
TSLA,1H,2025-10-07T16:00:00Z,441.11,446.64,440.23,446.315,74206,1210,443.984262
TSLA,1H,2025-10-07T17:00:00Z,446.08,450.08,445.99,447.41,71788,1269,448.014409
TSLA,1H,2025-10-07T18:00:00Z,447.275,449.97,437.81,440.88,187577,2571,443.62309
TSLA,1H,2025-10-07T19:00:00Z,441.065,442.075,432.475,433.09,294560,4107,435.548081
TSLA,1H,2025-10-08T12:00:00Z,434.79,434.79,434.79,434.79,140,3,434.79
TSLA,1H,2025-10-08T13:00:00Z,437.075,437.085,425.4,431.73,144838,2362,430.556762
TSLA,1H,2025-10-08T14:00:00Z,432.53,435.58,430.62,432.29,128650,1938,432.787894
TSLA,1H,2025-10-08T15:00:00Z,432.235,436.095,431.67,434.91,85785,1519,434.235449
TSLA,1H,2025-10-08T16:00:00Z,434.61,435.915,433.09,435.63,53845,1067,434.694713
TSLA,1H,2025-10-08T17:00:00Z,435.62,437.065,434.16,436.25,63983,1248,435.731714
TSLA,1H,2025-10-08T18:00:00Z,436.06,441.29,436.06,437.2,74983,1398,438.510531
TSLA,1H,2025-10-08T19:00:00Z,437.47,440.06,435.925,438.61,135906,2388,438.35768
TSLA,1H,2025-10-09T13:00:00Z,431.74,434.09,427.6,430.78,201925,3456,430.975407
TSLA,1H,2025-10-09T14:00:00Z,430.73,433.34,426.33,430.19,231413,3826,430.040762
TSLA,1H,2025-10-09T15:00:00Z,430.25,431.35,428.75,429.72,158691,2490,429.901876
TSLA,1H,2025-10-09T16:00:00Z,429.75,433.98,429.415,431.865,135210,2127,431.319085
TSLA,1H,2025-10-09T17:00:00Z,431.83,432.225,427.46,430.85,162478,2234,430.174674
TSLA,1H,2025-10-09T18:00:00Z,430.85,434.2,429.85,433.79,130717,1516,431.968163
TSLA,1H,2025-10-09T19:00:00Z,433.79,436.33,433.6,435.35,158890,2258,435.21408
TSLA,1H,2025-10-10T13:00:00Z,436.24,443,436.16,437.95,194720,3129,438.174781
TSLA,1H,2025-10-10T14:00:00Z,437.87,440.24,433.36,434.98,214721,4141,437.024114
TSLA,1H,2025-10-10T15:00:00Z,435.05,435.05,416.13,424.625,376473,6318,424.433507
TSLA,1H,2025-10-10T16:00:00Z,424.155,424.19,417.375,418.71,213823,3823,420.6685
TSLA,1H,2025-10-10T17:00:00Z,418.41,420.285,415.565,418.46,281977,3644,417.611115
TSLA,1H,2025-10-10T18:00:00Z,418.05,419.85,415.81,416.86,180377,2988,417.912716
TSLA,1H,2025-10-10T19:00:00Z,416.75,418.5,411.495,413.48,331812,5381,414.880425
TSLA,1H,2025-10-10T20:00:00Z,412.25,412.25,412.25,412.25,611,9,412.25
TSLA,1H,2025-10-13T13:00:00Z,422.92,426.37,419.74,424.195,157873,3383,423.610689
TSLA,1H,2025-10-13T14:00:00Z,424.48,428.81,420.22,422.26,231874,5216,424.125848
TSLA,1H,2025-10-13T15:00:00Z,422.14,426.58,421.45,425.95,141219,3003,424.390812
TSLA,1H,2025-10-13T16:00:00Z,425.99,428.56,425.67,428.23,109585,2290,427.144965
TSLA,1H,2025-10-13T17:00:00Z,428.22,431.48,427.08,431.42,122874,2572,429.461369
TSLA,1H,2025-10-13T18:00:00Z,431.42,436.84,430.82,432.96,244470,4086,434.357654
TSLA,1H,2025-10-13T19:00:00Z,432.955,436.3,431.71,435.89,255496,4379,434.253688
TSLA,1H,2025-10-13T20:00:00Z,435.43,435.43,435.1,435.1,214,4,435.265
TSLA,1H,2025-10-14T12:00:00Z,425.79,425.79,425.79,425.79,368,7,425.79
TSLA,1H,2025-10-14T13:00:00Z,426.57,426.57,418.12,419.995,185849,3459,420.888871
TSLA,1H,2025-10-14T14:00:00Z,419.55,425.32,418.94,423.7,244528,4389,422.848869
TSLA,1H,2025-10-14T15:00:00Z,423.84,429.26,422.52,427.34,194333,3242,425.678311
TSLA,1H,2025-10-14T16:00:00Z,427.43,434.175,426.245,430.42,238714,3709,430.669882
TSLA,1H,2025-10-14T17:00:00Z,430.12,433.355,429.02,431.95,112639,1881,431.742774
TSLA,1H,2025-10-14T18:00:00Z,431.985,433.99,430.535,430.75,110169,1861,432.593083
TSLA,1H,2025-10-14T19:00:00Z,430.75,433.14,426.9,429.18,241994,3978,429.31859
TSLA,1H,2025-10-15T13:00:00Z,434.715,438.55,429.79,435.58,113860,2528,433.501868
TSLA,1H,2025-10-15T14:00:00Z,435.665,440.445,434.19,436.98,222891,4681,437.909617
TSLA,1H,2025-10-15T15:00:00Z,436.96,438.11,431.48,433.24,181306,3700,435.398829
TSLA,1H,2025-10-15T16:00:00Z,433.6,435.545,432.545,433.32,64978,1419,433.789271
TSLA,1H,2025-10-15T17:00:00Z,433.07,433.08,426.36,432.93,164354,2720,430.563097
TSLA,1H,2025-10-15T18:00:00Z,432.83,434.44,430.55,434.42,101677,1781,432.797083
TSLA,1H,2025-10-15T19:00:00Z,434.35,435.4,431.97,435.19,185663,3367,433.835334
TSLA,1H,2025-10-16T13:00:00Z,435.79,437.03,431.93,435.13,100320,1439,434.074756
TSLA,1H,2025-10-16T14:00:00Z,435.18,439.27,434.47,436.13,102014,2001,436.83181
TSLA,1H,2025-10-16T15:00:00Z,436.31,438.36,432.34,432.92,84020,1431,435.642604
TSLA,1H,2025-10-16T16:00:00Z,432.9,432.97,426.065,431.44,112207,2016,429.205987
TSLA,1H,2025-10-16T17:00:00Z,431.14,431.88,427.47,428.03,86320,1580,429.803262
TSLA,1H,2025-10-16T18:00:00Z,428.25,428.655,421.47,426.845,154380,2540,424.52965
TSLA,1H,2025-10-16T19:00:00Z,426.99,430.4,423.81,428.65,191540,3131,427.544128
TSLA,1H,2025-10-17T12:00:00Z,426.98,426.99,425.99,425.99,475,6,426.602308
TSLA,1H,2025-10-17T13:00:00Z,425.53,434,423.84,432.91,103234,2001,429.637739
TSLA,1H,2025-10-17T14:00:00Z,432.85,440.68,431.31,434.04,233385,4367,436.926994
TSLA,1H,2025-10-17T15:00:00Z,434.04,436.39,431,435.25,104315,2070,433.988896
TSLA,1H,2025-10-17T16:00:00Z,435.735,439.16,435.57,436.34,66588,1379,437.493133
TSLA,1H,2025-10-17T17:00:00Z,436.225,439.795,434.95,438.915,62970,1323,437.34215
TSLA,1H,2025-10-17T18:00:00Z,438.89,440.34,437.26,437.69,78026,1519,438.874084
TSLA,1H,2025-10-17T19:00:00Z,438.29,441.42,437.23,439.31,190807,3281,439.081137
TSLA,1H,2025-10-20T12:00:00Z,444.23,444.56,444.23,444.56,301,4,444.41
TSLA,1H,2025-10-20T13:00:00Z,444.78,448.84,441.25,447.79,186989,3533,444.943242
TSLA,1H,2025-10-20T14:00:00Z,448.01,449.64,442.74,443.37,241689,4895,445.676976
TSLA,1H,2025-10-20T15:00:00Z,443.49,444.5,440.75,444.12,154163,3120,442.944774
TSLA,1H,2025-10-20T16:00:00Z,444.19,447.2,443.09,443.74,126819,2514,444.790582
TSLA,1H,2025-10-20T17:00:00Z,443.76,444.47,441.91,443.46,163424,2803,443.254706
TSLA,1H,2025-10-20T18:00:00Z,443.55,446.67,443.13,446.36,227952,3512,444.760212
TSLA,1H,2025-10-20T19:00:00Z,446.32,447.96,445,447.46,212306,4038,446.653873
TSLA,1H,2025-10-20T20:00:00Z,446.87,446.87,446.54,446.54,627,15,446.69
TSLA,1H,2025-10-21T13:00:00Z,445.85,448.74,442.22,443.04,141821,2643,445.177341
TSLA,1H,2025-10-21T14:00:00Z,443.01,446.57,442.1,445.62,200556,3551,444.749707
TSLA,1H,2025-10-21T15:00:00Z,445.66,448.345,444.75,448.31,177632,2823,446.581307
TSLA,1H,2025-10-21T16:00:00Z,448.235,449.125,445.56,446.15,148434,2285,447.933438
TSLA,1H,2025-10-21T17:00:00Z,445.92,447.45,444.86,446.37,103811,1747,446.053646
TSLA,1H,2025-10-21T18:00:00Z,446.39,446.4,444.35,445.8,101455,1854,445.426846
TSLA,1H,2025-10-21T19:00:00Z,445.76,446.55,442.53,442.53,202531,3032,444.998198
TSLA,1H,2025-10-22T13:00:00Z,443.445,445.38,439.69,441.57,75585,1405,442.146611
TSLA,1H,2025-10-22T14:00:00Z,441.48,441.78,432.535,437.58,187576,3659,435.48101
TSLA,1H,2025-10-22T15:00:00Z,437.55,438.01,431.9,435.25,101301,1884,434.938031
TSLA,1H,2025-10-22T16:00:00Z,435.17,436.36,429.13,434.21,127769,2073,433.404502
TSLA,1H,2025-10-22T17:00:00Z,434.12,435.005,429.59,431.18,59849,1257,432.038128
TSLA,1H,2025-10-22T18:00:00Z,431.37,436.4,430.35,436.29,88727,1474,433.31895
TSLA,1H,2025-10-22T19:00:00Z,436.45,439.56,435.16,438.92,201047,3011,438.165993
TSLA,1H,2025-10-22T20:00:00Z,442.24,442.24,431.43,432.36,3978,87,434.838995
TSLA,1H,2025-10-23T13:00:00Z,419.79,424.76,414,422.32,341853,5161,418.372504
TSLA,1H,2025-10-23T14:00:00Z,422.46,426.13,420.53,424.865,239413,4672,423.971994
TSLA,1H,2025-10-23T15:00:00Z,424.82,433.86,424.55,433.86,244485,4031,430.336007
TSLA,1H,2025-10-23T16:00:00Z,433.48,445.25,432.96,445.17,200834,3381,438.679471
TSLA,1H,2025-10-23T17:00:00Z,445.03,449.39,442.64,446.89,208165,3667,446.42058
TSLA,1H,2025-10-23T18:00:00Z,446.76,448.55,441.82,443.36,160006,2727,444.555085
TSLA,1H,2025-10-23T19:00:00Z,443.39,449.3,443.03,449.01,235937,4195,447.111413
TSLA,1H,2025-10-23T20:00:00Z,447.74,447.74,447.56,447.56,485,10,447.65
TSLA,1H,2025-10-24T12:00:00Z,446.57,446.57,445.31,446.27,1150,24,446.224
TSLA,1H,2025-10-24T13:00:00Z,447.24,451.66,439.82,441.16,208216,3047,444.370725
TSLA,1H,2025-10-24T14:00:00Z,440.96,444.03,437.98,438.635,166480,3049,440.837934
TSLA,1H,2025-10-24T15:00:00Z,438.45,441.485,437.17,438.49,108298,2088,439.748747
TSLA,1H,2025-10-24T16:00:00Z,438.125,439.01,435.67,436.71,99823,1662,437.181202
TSLA,1H,2025-10-24T17:00:00Z,436.69,436.9,433.73,435.24,121131,1912,435.14335
TSLA,1H,2025-10-24T18:00:00Z,435.29,435.29,430.56,432.51,183016,2887,432.650798
TSLA,1H,2025-10-24T19:00:00Z,432.525,434.1,430.27,433.67,185731,3303,432.747383
TSLA,1H,2025-10-24T20:00:00Z,433.46,433.46,433.4,433.4,200,2,433.43
TSLA,1H,2025-10-27T13:00:00Z,439.825,446.74,438.76,445.95,201658,3634,443.808495
TSLA,1H,2025-10-27T14:00:00Z,445.9,450.435,445.32,447.01,316756,6170,447.838892
TSLA,1H,2025-10-27T15:00:00Z,446.975,457.17,446.04,455.925,419425,7826,453.659375
TSLA,1H,2025-10-27T16:00:00Z,455.88,459.16,454.97,457.71,295180,5205,457.056052
TSLA,1H,2025-10-27T17:00:00Z,457.78,459.98,456.94,459.65,232371,4224,458.538762
TSLA,1H,2025-10-27T18:00:00Z,459.47,460.12,454.53,455.185,340520,5104,457.440256
TSLA,1H,2025-10-27T19:00:00Z,455.195,456.47,447.32,452.33,486762,8091,451.374813
TSLA,1H,2025-10-27T20:00:00Z,452,452,452,452,100,1,452
TSLA,1H,2025-10-28T13:00:00Z,454.71,461.38,451.97,458.21,136843,2793,456.57392
TSLA,1H,2025-10-28T14:00:00Z,459.19,464.72,458.26,461.02,205239,4665,461.800707
TSLA,1H,2025-10-28T15:00:00Z,461.19,466.03,461.155,465.39,234443,4597,463.63874
TSLA,1H,2025-10-28T16:00:00Z,465.4,467,464.04,465.32,191599,3730,465.419529
TSLA,1H,2025-10-28T17:00:00Z,465.39,465.68,458.56,460.355,307559,5748,462.591938
TSLA,1H,2025-10-28T18:00:00Z,460.48,463.79,459,461.66,206278,3777,461.342935
TSLA,1H,2025-10-28T19:00:00Z,461.68,463.12,458.7,460.6,232388,4384,460.830015
TSLA,1H,2025-10-29T12:00:00Z,465.59,465.59,465.59,465.59,130,2,465.59
TSLA,1H,2025-10-29T13:00:00Z,462.605,464.36,458.115,463.94,93631,1930,461.905683
TSLA,1H,2025-10-29T14:00:00Z,464.12,465.03,458.18,458.7,100277,2281,461.40373
TSLA,1H,2025-10-29T15:00:00Z,458.73,460.315,456.8,459.12,63319,1487,458.758842
TSLA,1H,2025-10-29T16:00:00Z,459.27,460.06,457.56,459.99,43663,1078,458.994097
TSLA,1H,2025-10-29T17:00:00Z,460.07,461.97,458.67,461.295,89022,1551,460.336
TSLA,1H,2025-10-29T18:00:00Z,461.39,462.93,452.755,459.11,133383,3076,458.636755
TSLA,1H,2025-10-29T19:00:00Z,459.62,462,458.13,461.36,93947,2072,460.826179
TSLA,1H,2025-10-30T13:00:00Z,453.17,455.04,448.705,451.63,108916,2109,451.633815
TSLA,1H,2025-10-30T14:00:00Z,451.705,452.88,441.81,442.88,187229,3677,446.166219
TSLA,1H,2025-10-30T15:00:00Z,442.68,444.64,439.75,441.1,111380,2481,442.17183
TSLA,1H,2025-10-30T16:00:00Z,441.31,446.7,441.31,446.275,80582,1832,444.573194
TSLA,1H,2025-10-30T17:00:00Z,446.165,446.345,443.475,444.7,68185,1420,444.935051
TSLA,1H,2025-10-30T18:00:00Z,444.73,444.76,441.98,443,79044,1596,443.188676
TSLA,1H,2025-10-30T19:00:00Z,443.27,443.76,440.06,440.06,162738,3111,441.841363
TSLA,1H,2025-10-31T13:00:00Z,446.705,450.38,446.185,449.805,132447,2479,448.434749
TSLA,1H,2025-10-31T14:00:00Z,449.85,457.04,449.075,456.83,271640,4591,454.175833
TSLA,1H,2025-10-31T15:00:00Z,456.8,457.72,453.48,453.8,256024,4531,456.001924
TSLA,1H,2025-10-31T16:00:00Z,453.77,454.42,448.72,449.39,236146,3738,451.800233
TSLA,1H,2025-10-31T17:00:00Z,449.3,449.405,443.84,448.42,234708,4280,446.728024
TSLA,1H,2025-10-31T18:00:00Z,448.49,453.7,448.395,451.91,254905,3993,451.790934
TSLA,1H,2025-10-31T19:00:00Z,451.4,458,450.8,456.51,333181,5744,454.504636
TSLA,1H,2025-11-03T14:00:00Z,456.085,473.55,453.91,473.455,246374,5188,464.571308
TSLA,1H,2025-11-03T15:00:00Z,473.56,473.68,466.82,470.75,200422,4839,470.440525
TSLA,1H,2025-11-03T16:00:00Z,470.84,471.375,465.41,467,100131,2525,468.504105
TSLA,1H,2025-11-03T17:00:00Z,466.84,470.255,466.27,469.105,77006,2110,468.388883
TSLA,1H,2025-11-03T18:00:00Z,469.105,470.73,467.28,467.455,76012,2026,468.720612
TSLA,1H,2025-11-03T19:00:00Z,467.41,469.79,464.705,469.32,102184,2825,466.990609
TSLA,1H,2025-11-03T20:00:00Z,469.38,470.71,468.23,468.23,174339,4237,469.116499
TSLA,1H,2025-11-04T14:00:00Z,454.49,457.605,447.81,457.5,188564,4651,452.643235
TSLA,1H,2025-11-04T15:00:00Z,457.48,460.145,453.21,453.625,105930,2827,457.128915
TSLA,1H,2025-11-04T16:00:00Z,453.71,455.59,451.2,452.67,79775,2447,452.75791
TSLA,1H,2025-11-04T17:00:00Z,452.775,452.89,448.295,450.48,98529,2718,450.373985
TSLA,1H,2025-11-04T18:00:00Z,450.43,451.43,446.36,450.34,143322,3807,448.593335
TSLA,1H,2025-11-04T19:00:00Z,450.14,450.94,443.88,446.5,132639,3562,447.595048
TSLA,1H,2025-11-04T20:00:00Z,446.44,449.41,443.815,443.97,189589,4536,446.731497
TSLA,1H,2025-11-05T14:00:00Z,451.995,455.36,444.37,447.51,183908,3906,447.570983
TSLA,1H,2025-11-05T15:00:00Z,447.55,447.55,440.77,446.83,145011,4096,444.142848
TSLA,1H,2025-11-05T16:00:00Z,446.83,453.06,445.87,451.22,88123,2801,450.302666
TSLA,1H,2025-11-05T17:00:00Z,451.23,454.47,450.07,453.82,72913,2317,452.650196
TSLA,1H,2025-11-05T18:00:00Z,453.75,464.7,453.71,463.88,147060,4022,459.033442
TSLA,1H,2025-11-05T19:00:00Z,463.67,466.26,460.575,465.77,141770,4005,463.404235
TSLA,1H,2025-11-05T20:00:00Z,465.875,466.08,459.68,462.2,221206,6287,462.546793
TSLA,1H,2025-11-06T14:00:00Z,461.9,467.44,457.85,459.37,167285,3866,461.627272
TSLA,1H,2025-11-06T15:00:00Z,459.48,459.48,442.87,443.42,290147,6968,451.06351
TSLA,1H,2025-11-06T16:00:00Z,443.3,445.33,435.26,437.64,290711,6907,440.72703
TSLA,1H,2025-11-06T17:00:00Z,437.65,446.245,437.65,445.57,198937,4915,442.156251
TSLA,1H,2025-11-06T18:00:00Z,445.56,449.29,441.67,448.14,191631,4037,446.720678
TSLA,1H,2025-11-06T19:00:00Z,448.055,451.43,446.845,448.93,155896,3895,449.167021
TSLA,1H,2025-11-06T20:00:00Z,449.28,450.58,444.2,445.895,236500,5458,447.291547
TSLA,1H,2025-11-06T21:00:00Z,446.3,460.47,445.94,456.95,6501,198,456.653616
TSLA,1H,2025-11-07T13:00:00Z,442.71,443.66,440.09,441.32,603,16,441.757951
TSLA,1H,2025-11-07T14:00:00Z,440.42,440.57,423.58,431.99,359292,7216,429.408633
TSLA,1H,2025-11-07T15:00:00Z,431.87,436,426.95,429.12,228422,4951,431.811553
TSLA,1H,2025-11-07T16:00:00Z,429.21,431.15,421.9,424.075,191135,4567,426.709757
TSLA,1H,2025-11-07T17:00:00Z,424.27,429.39,423.36,426.88,140803,3494,426.44577
TSLA,1H,2025-11-07T18:00:00Z,426.93,433.185,426.55,432.77,115137,2943,429.422089
TSLA,1H,2025-11-07T19:00:00Z,432.24,437.38,431.41,437.31,140962,3402,434.404867
TSLA,1H,2025-11-07T20:00:00Z,437.205,437.5,428.23,429.39,269717,5939,431.899893
TSLA,1H,2025-11-07T21:00:00Z,430.56,430.56,430.11,430.14,1874,54,430.331472
TSLA,1H,2025-11-10T14:00:00Z,439.63,443.275,433.44,439.215,151242,3764,438.110323
TSLA,1H,2025-11-10T15:00:00Z,439.44,446.815,438.755,444.03,270359,6376,444.01702
TSLA,1H,2025-11-10T16:00:00Z,443.9,449.655,442.275,446.51,193790,5045,446.662583
TSLA,1H,2025-11-10T17:00:00Z,446.39,449.4,446.08,448.2,112073,3035,447.500926
TSLA,1H,2025-11-10T18:00:00Z,448.18,448.68,442.44,442.56,137379,3534,445.853896
TSLA,1H,2025-11-10T19:00:00Z,442.44,447.13,442.1,445.7,143267,3730,445.536196
TSLA,1H,2025-11-10T20:00:00Z,445.73,446.61,443.62,445.21,197660,5025,445.154761
TSLA,1H,2025-11-11T13:00:00Z,441.05,441.05,441.05,441.05,110,3,441.05
TSLA,1H,2025-11-11T14:00:00Z,440.27,442.41,436.89,439.09,75120,2117,439.942801
TSLA,1H,2025-11-11T15:00:00Z,438.84,439.35,432.78,433.475,150792,4282,435.164529
TSLA,1H,2025-11-11T16:00:00Z,433.7,436.38,432.485,433.06,141330,3949,434.086763
TSLA,1H,2025-11-11T17:00:00Z,433.23,435.76,432.92,435.24,111449,3369,434.212103
TSLA,1H,2025-11-11T18:00:00Z,435.26,437,434.12,436.915,95082,2792,435.739717
TSLA,1H,2025-11-11T19:00:00Z,436.97,437.82,435.7,436.2,108979,2755,437.035632
TSLA,1H,2025-11-11T20:00:00Z,436.27,440.445,436.035,439.47,220756,5396,438.033651
TSLA,1H,2025-11-11T21:00:00Z,440.09,440.09,440.03,440.03,135,6,440.06913
TSLA,1H,2025-11-12T14:00:00Z,442.105,442.22,433,433.62,97309,2457,437.64614
TSLA,1H,2025-11-12T15:00:00Z,433.74,435.67,427.95,430.075,111140,3180,431.771882
TSLA,1H,2025-11-12T16:00:00Z,429.88,431.83,426.605,428.72,98965,3027,429.191311
TSLA,1H,2025-11-12T17:00:00Z,428.64,432.29,428.41,431.49,46162,1469,430.521172
TSLA,1H,2025-11-12T18:00:00Z,431.69,432,430,431.55,56685,1640,431.277004
TSLA,1H,2025-11-12T19:00:00Z,431.67,431.855,429.045,430.2,53139,1532,430.342467
TSLA,1H,2025-11-12T20:00:00Z,429.95,432.71,429.03,430.625,113696,3209,430.89296
TSLA,1H,2025-11-13T13:00:00Z,426.54,426.54,425.03,425.03,422,12,425.605211
TSLA,1H,2025-11-13T14:00:00Z,423.93,424.36,414.47,414.59,205950,4550,418.874027
TSLA,1H,2025-11-13T15:00:00Z,414.54,415.94,404.84,407.88,348433,8187,410.288684
TSLA,1H,2025-11-13T16:00:00Z,407.71,408.5,400.96,401.78,231879,6019,405.221622
TSLA,1H,2025-11-13T17:00:00Z,401.79,404.51,398.71,400.48,207700,5473,401.83582
TSLA,1H,2025-11-13T18:00:00Z,400.81,401.62,396.535,398.825,183392,4659,398.414687
TSLA,1H,2025-11-13T19:00:00Z,399.205,403.475,396.81,400.26,214460,5114,400.042613
TSLA,1H,2025-11-13T20:00:00Z,400.21,404.32,399.37,401.94,252302,5920,402.161102
TSLA,1H,2025-11-14T13:00:00Z,383.41,385.97,381.11,383.54,4183,81,384.154976
TSLA,1H,2025-11-14T14:00:00Z,384.96,398.66,382.83,398.14,211967,5118,391.666124
TSLA,1H,2025-11-14T15:00:00Z,398.165,405.68,391.21,405.14,239131,5673,398.42469
TSLA,1H,2025-11-14T16:00:00Z,405.42,412.17,401.71,409.04,215493,4684,408.293613
TSLA,1H,2025-11-14T17:00:00Z,409.02,410.36,406.805,408.78,90571,2496,408.863506
TSLA,1H,2025-11-14T18:00:00Z,408.97,410.525,404.61,407.31,142452,3467,406.953271
TSLA,1H,2025-11-14T19:00:00Z,407.47,410.4,405.36,409.66,85930,2247,408.198164
TSLA,1H,2025-11-14T20:00:00Z,409.75,410.18,403.59,404.32,202449,4868,405.800587
TSLA,1H,2025-11-14T21:00:00Z,404.93,404.93,404.33,404.33,140,10,404.63
TSLA,1H,2025-11-17T13:00:00Z,401.5,401.58,401.5,401.5,160,3,401.52
TSLA,1H,2025-11-17T14:00:00Z,398.86,416.83,398.86,416.615,191296,4819,409.995446
TSLA,1H,2025-11-17T15:00:00Z,416.83,417.74,411.18,416.355,150990,4384,415.049584
TSLA,1H,2025-11-17T16:00:00Z,416.54,423.4,412.95,423.31,154074,4100,418.405858
TSLA,1H,2025-11-17T17:00:00Z,423.39,423.94,413.73,413.84,140950,3353,419.387408
TSLA,1H,2025-11-17T18:00:00Z,413.59,414.04,408.41,409.1,104414,2827,411.939812
TSLA,1H,2025-11-17T19:00:00Z,409.1,409.95,405.64,405.845,124350,3235,407.67853
TSLA,1H,2025-11-17T20:00:00Z,405.675,409.76,404.87,409.02,202524,4590,407.686383
TSLA,1H,2025-11-18T13:00:00Z,405.54,405.56,405.2,405.2,195,5,405.380645
TSLA,1H,2025-11-18T14:00:00Z,405.47,408.8,396.42,396.43,185357,4618,401.29888
TSLA,1H,2025-11-18T15:00:00Z,396.245,400.14,393.84,398.66,225492,5843,397.064159
TSLA,1H,2025-11-18T16:00:00Z,398.425,405.49,396.805,405.08,180696,4952,402.44439
TSLA,1H,2025-11-18T17:00:00Z,404.87,408.57,401.42,406.92,120718,3542,405.28116
TSLA,1H,2025-11-18T18:00:00Z,407.2,407.58,402.27,402.58,131555,3392,405.20404
TSLA,1H,2025-11-18T19:00:00Z,402.81,406.5,402.05,405.64,115811,3197,403.945249
TSLA,1H,2025-11-18T20:00:00Z,405.6,405.83,400.82,401.12,197989,5066,402.445065
TSLA,1H,2025-11-18T21:00:00Z,400.58,400.58,399.53,400.25,674,26,400.007179
TSLA,1H,2025-11-19T13:00:00Z,406.08,406.08,405.54,405.54,120,3,405.727826
TSLA,1H,2025-11-19T14:00:00Z,406.17,408.4,400.41,408.27,97831,2693,404.057899
TSLA,1H,2025-11-19T15:00:00Z,407.8,411.67,403.76,404.55,163626,4688,408.961094
TSLA,1H,2025-11-19T16:00:00Z,404.72,409.42,404,406.065,141407,3810,406.30114
TSLA,1H,2025-11-19T17:00:00Z,405.7,406.05,398.63,402.9,137811,3635,402.432845
TSLA,1H,2025-11-19T18:00:00Z,402.79,403.75,399.96,402.88,87640,2609,402.205496
TSLA,1H,2025-11-19T19:00:00Z,403,403.785,400.255,402.2,74391,2129,401.60928
TSLA,1H,2025-11-19T20:00:00Z,402.1,405.97,401.29,404.07,162778,4376,403.786493
TSLA,1H,2025-11-19T21:00:00Z,404.69,408.36,404.69,408.36,1804,117,406.772826
TSLA,1H,2025-11-20T13:00:00Z,413.4,413.72,413.4,413.58,310,12,413.502705
TSLA,1H,2025-11-20T14:00:00Z,412.8,425.75,412.8,425.73,255598,6914,421.230354
TSLA,1H,2025-11-20T15:00:00Z,425.79,428.92,422.7,423.595,287449,7503,425.943945
TSLA,1H,2025-11-20T16:00:00Z,423.66,423.9,407.66,408.76,366766,8949,417.21452
TSLA,1H,2025-11-20T17:00:00Z,408.52,411.16,398.58,404.02,317717,7922,404.006269
TSLA,1H,2025-11-20T18:00:00Z,404.08,408.135,397.6,399.69,169042,4742,403.389664
TSLA,1H,2025-11-20T19:00:00Z,399.69,404.5,397.46,404.41,133203,4061,400.647295
TSLA,1H,2025-11-20T20:00:00Z,404.18,404.29,394.76,395.05,240761,6199,398.544999
TSLA,1H,2025-11-20T21:00:00Z,395.82,395.91,392.22,393.81,891,53,393.657686
TSLA,1H,2025-11-21T13:00:00Z,397.69,402.09,397.69,401.58,1988,65,400.846156
TSLA,1H,2025-11-21T14:00:00Z,400.14,402.72,394.79,395.15,153871,4326,398.938635
TSLA,1H,2025-11-21T15:00:00Z,395.72,398.28,384.37,385.67,316604,8960,389.798751
TSLA,1H,2025-11-21T16:00:00Z,386.17,399.33,383.825,398.7,275499,6969,391.627503
TSLA,1H,2025-11-21T17:00:00Z,399.045,402.21,397.54,398.835,251111,5692,399.811606
TSLA,1H,2025-11-21T18:00:00Z,398.945,402.28,393.22,399.34,235025,5815,397.551609
TSLA,1H,2025-11-21T19:00:00Z,399.37,402,396.285,397.32,160987,4032,399.956762
TSLA,1H,2025-11-21T20:00:00Z,397.18,398.77,390.58,390.98,280380,6440,394.783001
TSLA,1H,2025-11-21T21:00:00Z,390.44,393.51,390.44,393.51,1037,34,392.280081
TSLA,1H,2025-11-24T13:00:00Z,399.6,399.92,398.9,398.9,255,5,399.428627
TSLA,1H,2025-11-24T14:00:00Z,399.59,412.06,399.59,411.79,335104,7781,408.366098
TSLA,1H,2025-11-24T15:00:00Z,411.74,417.355,411.52,414.9,362015,9452,414.726484
TSLA,1H,2025-11-24T16:00:00Z,415.08,420.33,414.66,418.935,243115,6084,418.243938
TSLA,1H,2025-11-24T17:00:00Z,418.975,420.45,417.92,419.05,137526,3800,419.105896
TSLA,1H,2025-11-24T18:00:00Z,419.045,419.92,418.055,419.4,118098,3261,419.111437
TSLA,1H,2025-11-24T19:00:00Z,419.275,421.72,416.95,417.55,161241,4225,419.047318
TSLA,1H,2025-11-24T20:00:00Z,417.59,421.405,416.02,417.67,333096,7763,418.113839
TSLA,1H,2025-11-25T13:00:00Z,418.11,418.11,417.72,417.72,117,4,417.893333
TSLA,1H,2025-11-25T14:00:00Z,415.17,415.71,407.44,412.34,206344,5243,412.06449
TSLA,1H,2025-11-25T15:00:00Z,412.17,412.32,406.01,411.04,223641,6097,409.356358
TSLA,1H,2025-11-25T16:00:00Z,411.06,415.35,408.55,414.29,210175,4996,412.684579
TSLA,1H,2025-11-25T17:00:00Z,414.3,420.47,414.3,417.56,237619,5011,418.284054
TSLA,1H,2025-11-25T18:00:00Z,417.58,419.56,416.54,417.18,124092,2967,418.291601
TSLA,1H,2025-11-25T19:00:00Z,417.04,417.53,414.65,417.34,119850,2938,416.184632
TSLA,1H,2025-11-25T20:00:00Z,417.39,420.13,416.585,419.42,204577,5182,418.441982
TSLA,1H,2025-11-25T21:00:00Z,419.33,419.33,418.44,418.98,728,20,418.841828
TSLA,1H,2025-11-26T13:00:00Z,425.04,425.07,425.04,425.07,290,10,425.055
TSLA,1H,2025-11-26T14:00:00Z,424.025,425.415,417.18,417.295,184570,4250,421.215102
TSLA,1H,2025-11-26T15:00:00Z,417.335,421.26,416.98,419.24,203154,4719,418.751785
TSLA,1H,2025-11-26T16:00:00Z,419.27,421,418.32,420.64,124493,3090,419.796024
TSLA,1H,2025-11-26T17:00:00Z,420.845,423,419.62,422.48,126394,2910,421.482107
TSLA,1H,2025-11-26T18:00:00Z,422.45,424.08,421.35,423.2,128442,3267,422.980465
TSLA,1H,2025-11-26T19:00:00Z,423.18,426.4,423.07,424.2,160560,3539,424.785989
TSLA,1H,2025-11-26T20:00:00Z,424.25,426.935,423.86,426.51,235913,5564,425.44594
TSLA,1H,2025-11-28T13:00:00Z,428.52,428.81,428.52,428.81,220,6,428.665
TSLA,1H,2025-11-28T14:00:00Z,426.6,432.85,426.6,429.04,120728,3152,429.94045
TSLA,1H,2025-11-28T15:00:00Z,429.07,430.375,426.245,430.18,173649,4171,428.154795
TSLA,1H,2025-11-28T16:00:00Z,430.17,432.39,428.54,429.42,164718,3895,430.232476
TSLA,1H,2025-11-28T17:00:00Z,429.23,430.5,428.25,430.14,217107,4490,429.512003
TSLA,1H,2025-12-01T13:00:00Z,423.87,424.23,423.47,423.99,845,16,423.875517
TSLA,1H,2025-12-01T14:00:00Z,424.38,431.41,424.38,428.88,142309,3308,427.963699
TSLA,1H,2025-12-01T15:00:00Z,429.44,433.56,426.32,429.39,167349,4334,429.056603
TSLA,1H,2025-12-01T16:00:00Z,429.63,429.63,425.81,428.02,94296,2429,427.426648
TSLA,1H,2025-12-01T17:00:00Z,428.14,431.08,427.46,429.29,100860,2527,429.126744
TSLA,1H,2025-12-01T18:00:00Z,429.26,430.25,427.78,428.58,64746,2245,429.028153
TSLA,1H,2025-12-01T19:00:00Z,428.47,428.61,426.37,426.57,102960,2657,427.233954
TSLA,1H,2025-12-01T20:00:00Z,426.51,430.3,426.35,430.3,160843,4257,428.87476
TSLA,1H,2025-12-01T21:00:00Z,430.53,430.53,429.84,429.84,383,15,430.210645
TSLA,1H,2025-12-02T13:00:00Z,432.18,432.18,431.97,432.15,515,18,432.078947
TSLA,1H,2025-12-02T14:00:00Z,432.75,433.34,427.81,428.98,137793,3342,430.456902
TSLA,1H,2025-12-02T15:00:00Z,428.99,436.69,428.97,429.77,245995,5635,432.14963
TSLA,1H,2025-12-02T16:00:00Z,429.76,429.76,422.16,424.23,203706,5020,425.20315
TSLA,1H,2025-12-02T17:00:00Z,424.31,426.21,423.45,423.45,97327,2497,424.837357
TSLA,1H,2025-12-02T18:00:00Z,423.19,426.26,423.08,426.24,104040,3290,424.707237
TSLA,1H,2025-12-02T19:00:00Z,426.14,429.38,425.42,429.215,108799,2643,427.388128
TSLA,1H,2025-12-02T20:00:00Z,429.25,431.04,428.78,429.06,189384,4273,429.787514
TSLA,1H,2025-12-02T21:00:00Z,428.76,428.76,428.37,428.37,152,10,428.548043
TSLA,1H,2025-12-03T13:00:00Z,430.5,434.63,430.5,434.4,800,29,433.300294
TSLA,1H,2025-12-03T14:00:00Z,433.08,438.79,431.13,437.27,219993,5993,436.57309
TSLA,1H,2025-12-03T15:00:00Z,437.165,444.365,437.035,440.63,318408,7479,441.35259
TSLA,1H,2025-12-03T16:00:00Z,440.64,442.28,437.75,440.26,210493,4994,440.059239
TSLA,1H,2025-12-03T17:00:00Z,440.16,442.1,439.485,441.185,82814,1894,441.101103
TSLA,1H,2025-12-03T18:00:00Z,441.265,447.48,441.08,446.425,143384,2840,444.339695
TSLA,1H,2025-12-03T19:00:00Z,446.34,447.885,445.13,445.48,148084,3204,446.62318
TSLA,1H,2025-12-03T20:00:00Z,445.59,447.76,445.32,446.82,233851,4722,446.698404
TSLA,1H,2025-12-03T21:00:00Z,446.7,446.7,445.47,445.47,338,18,446.188636
TSLA,1H,2025-12-04T13:00:00Z,447.81,448.38,447.65,448.1,650,25,448.077273
TSLA,1H,2025-12-04T14:00:00Z,448.08,454.585,445.9,450.975,258548,6848,451.114383
TSLA,1H,2025-12-04T15:00:00Z,450.81,452.565,445.47,448.43,178245,5645,449.51788
TSLA,1H,2025-12-04T16:00:00Z,448.355,450.155,446.945,449.72,105439,3422,448.827973
TSLA,1H,2025-12-04T17:00:00Z,449.665,450.78,448.02,448.51,79191,2595,449.620124
TSLA,1H,2025-12-04T18:00:00Z,448.35,449.36,446.6,448.77,64666,2254,448.331259
TSLA,1H,2025-12-04T19:00:00Z,448.74,450.14,446.25,449.63,99762,3271,448.68836
TSLA,1H,2025-12-04T20:00:00Z,449.505,454.605,448.86,454.595,186826,4777,452.005538
TSLA,1H,2025-12-04T21:00:00Z,454.65,454.65,453.69,453.75,538,27,454.089767
TSLA,1H,2025-12-05T14:00:00Z,453.245,458.455,453.245,455.145,126985,2863,455.385728
TSLA,1H,2025-12-05T15:00:00Z,455.32,458.78,454.105,456.405,142973,3052,456.509318
TSLA,1H,2025-12-05T16:00:00Z,456.7,457.025,451.665,455,103574,2662,454.34841
TSLA,1H,2025-12-05T17:00:00Z,455.02,455.185,453.07,454.68,74209,1708,454.056922
TSLA,1H,2025-12-05T18:00:00Z,454.6,455.58,453.935,454.56,61206,1476,454.721059
TSLA,1H,2025-12-05T19:00:00Z,454.44,455.74,453.835,455.24,70143,1524,454.630498
TSLA,1H,2025-12-05T20:00:00Z,455.29,455.73,454.33,454.94,163523,3382,455.051083
TSLA,1H,2025-12-05T21:00:00Z,454.94,454.94,454.94,454.94,40,1,454.94
TSLA,1H,2025-12-08T14:00:00Z,447.19,449.705,443.96,445.13,147527,3714,446.118971
TSLA,1H,2025-12-08T15:00:00Z,444.99,445.52,439.81,439.985,150271,3857,443.272101
TSLA,1H,2025-12-08T16:00:00Z,439.77,440.46,437.755,438.38,109329,3100,438.945966
TSLA,1H,2025-12-08T17:00:00Z,438.17,439.37,436.59,439.035,71951,2358,437.74222
TSLA,1H,2025-12-08T18:00:00Z,439.07,439.32,435.34,435.96,69878,2292,437.150725
TSLA,1H,2025-12-08T19:00:00Z,436.04,438.375,435.52,437.25,64342,2025,436.998158
TSLA,1H,2025-12-08T20:00:00Z,437.255,439.645,437.11,439.59,90854,2828,438.246832
TSLA,1H,2025-12-08T21:00:00Z,439.52,439.52,439.52,439.52,50,1,439.52
TSLA,1H,2025-12-09T14:00:00Z,436.35,444.58,435.8,444.58,111564,2357,440.402978
TSLA,1H,2025-12-09T15:00:00Z,444.22,448.13,442.72,447.835,101356,2657,445.273776
TSLA,1H,2025-12-09T16:00:00Z,447.755,449.21,446.225,448.9,83032,2415,447.837236
TSLA,1H,2025-12-09T17:00:00Z,448.91,451.765,448.78,451.765,81302,2264,450.240754
TSLA,1H,2025-12-09T18:00:00Z,451.695,452.36,448.275,448.99,66894,1817,450.264727
TSLA,1H,2025-12-09T19:00:00Z,448.93,449.51,447.785,448.815,44090,1462,448.674403
TSLA,1H,2025-12-09T20:00:00Z,448.81,448.825,445.08,445.195,92029,2551,446.823067
TSLA,1H,2025-12-09T21:00:00Z,444.93,444.93,444.93,444.93,270,6,444.93
TSLA,1H,2025-12-10T13:00:00Z,447.24,447.51,447.24,447.51,235,10,447.367895
TSLA,1H,2025-12-10T14:00:00Z,447.03,450.08,443.705,445.175,97390,1970,446.505569
TSLA,1H,2025-12-10T15:00:00Z,445.08,446.925,443.935,444.95,88891,1932,445.277927
TSLA,1H,2025-12-10T16:00:00Z,444.9,447.105,444.475,446.11,60154,1480,445.798396
TSLA,1H,2025-12-10T17:00:00Z,446.04,446.39,444.605,445.93,53114,1192,445.640233
TSLA,1H,2025-12-10T18:00:00Z,445.93,446.605,444.32,445.14,39497,1078,445.562021
TSLA,1H,2025-12-10T19:00:00Z,445.35,452.11,445.12,451.885,202135,4410,448.742631
TSLA,1H,2025-12-10T20:00:00Z,451.93,456.875,451.18,451.435,258053,5350,453.900081
TSLA,1H,2025-12-10T21:00:00Z,451.86,451.86,448.74,450.93,424,30,450.375
TSLA,1H,2025-12-11T14:00:00Z,448.895,449.185,441.14,441.675,122827,2481,444.882528
TSLA,1H,2025-12-11T15:00:00Z,441.595,446.445,440.4,442.15,160602,3759,443.348261
TSLA,1H,2025-12-11T16:00:00Z,441.99,445.2,440.945,443.01,100706,2708,442.910545
TSLA,1H,2025-12-11T17:00:00Z,442.89,446.785,442.89,446.305,90041,2235,444.961058
TSLA,1H,2025-12-11T18:00:00Z,446.24,447.7,445.68,446.4,82408,1971,446.741063
TSLA,1H,2025-12-11T19:00:00Z,446.47,448.02,445.805,446.66,68547,1680,447.001642
TSLA,1H,2025-12-11T20:00:00Z,446.7,446.99,444.22,446.91,131699,3311,445.874127
TSLA,1H,2025-12-11T21:00:00Z,447.53,447.74,447.32,447.32,485,16,447.519362
TSLA,1H,2025-12-12T13:00:00Z,447.06,447.69,447.05,447.69,430,9,447.33169
TSLA,1H,2025-12-12T14:00:00Z,448.44,463.01,447.45,460.87,224562,4430,458.113941
TSLA,1H,2025-12-12T15:00:00Z,460.82,461.015,447.48,448,268456,5805,452.972412
TSLA,1H,2025-12-12T16:00:00Z,447.79,449.79,441.805,443.38,196367,4676,445.03651
TSLA,1H,2025-12-12T17:00:00Z,443.325,451.67,443.19,450.8,140512,3160,448.121086
TSLA,1H,2025-12-12T18:00:00Z,450.79,456.37,450.64,453.745,201447,4073,454.658585
TSLA,1H,2025-12-12T19:00:00Z,453.69,453.94,450.155,452.35,95177,2317,452.143384
TSLA,1H,2025-12-12T20:00:00Z,452.4,459.165,452.06,459.16,456608,8337,456.525315
TSLA,1H,2025-12-12T21:00:00Z,459,459,457.32,457.32,654,27,458.089149
TSLA,1H,2025-12-15T13:00:00Z,465.3,470.41,465.18,470.41,1867,47,467.314716
TSLA,1H,2025-12-15T14:00:00Z,469.25,481.28,467.77,477.645,419782,7128,477.177865
TSLA,1H,2025-12-15T15:00:00Z,477.535,480.145,470.73,478.57,347038,6564,475.487171
TSLA,1H,2025-12-15T16:00:00Z,478.325,481.73,475.94,477.16,189354,4180,478.524267
TSLA,1H,2025-12-15T17:00:00Z,477.13,477.71,474.51,477.39,96734,2429,476.417268
TSLA,1H,2025-12-15T18:00:00Z,477.25,478.415,474.66,477.15,92926,2330,476.461492
TSLA,1H,2025-12-15T19:00:00Z,477.185,478.85,475.565,478.78,118108,2600,477.138118
TSLA,1H,2025-12-15T20:00:00Z,478.71,480.64,475.06,475.155,249551,5176,477.640834
TSLA,1H,2025-12-15T21:00:00Z,473.74,473.88,473.16,473.16,838,31,473.602566
TSLA,1H,2025-12-16T13:00:00Z,472.65,473.85,471.9,471.9,1020,30,472.7355
TSLA,1H,2025-12-16T14:00:00Z,470.73,478.33,465.94,478.16,245997,6303,471.743248
TSLA,1H,2025-12-16T15:00:00Z,477.78,482.01,472.62,476.23,195177,5928,476.712698
TSLA,1H,2025-12-16T16:00:00Z,476.28,479.58,474.55,479.49,102419,3001,476.722395
TSLA,1H,2025-12-16T17:00:00Z,479.425,481.25,476.26,476.46,114687,3703,479.664679
TSLA,1H,2025-12-16T18:00:00Z,476.805,480.29,475.67,479.82,81797,2771,478.203124
TSLA,1H,2025-12-16T19:00:00Z,479.75,486.29,477.6,485.305,155233,4336,481.921679
TSLA,1H,2025-12-16T20:00:00Z,485.205,491.475,484.895,489.79,334777,8598,488.910052
TSLA,1H,2025-12-16T21:00:00Z,489.98,491.01,488.37,489.21,2298,112,489.972696
TSLA,1H,2025-12-17T14:00:00Z,488.215,495.225,486.27,492.97,186129,5276,490.493738
TSLA,1H,2025-12-17T15:00:00Z,492.92,493.18,477.3,477.69,201662,5734,487.174892
TSLA,1H,2025-12-17T16:00:00Z,477.96,480.44,474.21,477.01,186015,4999,477.27337
TSLA,1H,2025-12-17T17:00:00Z,476.675,479.38,472.76,474.8,95368,2796,476.157569
TSLA,1H,2025-12-17T18:00:00Z,474.975,477.11,467.505,467.895,97429,2960,471.666229
TSLA,1H,2025-12-17T19:00:00Z,468.12,470.83,466.23,470.83,94673,2916,468.158236
TSLA,1H,2025-12-17T20:00:00Z,470.79,471.2,466.95,467.2,158449,4249,469.095834
TSLA,1H,2025-12-17T21:00:00Z,468.15,468.26,468.15,468.26,230,7,468.205
TSLA,1H,2025-12-18T13:00:00Z,474.44,478.27,474.44,477.36,1081,43,477.090862
TSLA,1H,2025-12-18T14:00:00Z,477.14,482.13,473.23,480.92,192996,4948,477.992603
TSLA,1H,2025-12-18T15:00:00Z,480.96,486.91,477.63,486.5,215976,6003,482.712974
TSLA,1H,2025-12-18T16:00:00Z,486.37,490.86,485.65,489.08,190283,4924,489.037783
TSLA,1H,2025-12-18T17:00:00Z,489.09,490.04,484.605,489.48,131645,3587,487.678638
TSLA,1H,2025-12-18T18:00:00Z,489.33,489.53,487.365,488.355,68528,2247,488.456352
TSLA,1H,2025-12-18T19:00:00Z,488.37,488.45,483.39,484.35,91616,2646,485.682712
TSLA,1H,2025-12-18T20:00:00Z,484.09,488.86,483.19,483.31,178874,5028,485.990524
TSLA,1H,2025-12-18T21:00:00Z,482.67,483.48,482.58,482.82,410,17,482.853088
TSLA,1H,2025-12-19T14:00:00Z,488.37,490.49,481.68,484.81,157187,4145,484.638779
TSLA,1H,2025-12-19T15:00:00Z,484.865,486.28,477.77,478.22,140155,4107,481.33713
TSLA,1H,2025-12-19T16:00:00Z,478.13,481.86,474.98,475.46,111360,3842,478.558343
TSLA,1H,2025-12-19T17:00:00Z,475.485,480.39,475.455,478.15,103805,2339,478.557126
TSLA,1H,2025-12-19T18:00:00Z,478.14,482.99,477.86,481.64,63856,1981,481.226039
TSLA,1H,2025-12-19T19:00:00Z,481.795,483.905,480.67,482.155,86205,2207,482.690975
TSLA,1H,2025-12-19T20:00:00Z,482.17,484,480.62,481.07,161322,4422,482.103953
TSLA,1H,2025-12-22T13:00:00Z,487.65,487.9,487.65,487.9,273,11,487.753333
TSLA,1H,2025-12-22T14:00:00Z,489.88,498.8,487.865,493.86,155640,3683,495.005205
TSLA,1H,2025-12-22T15:00:00Z,493.85,494.3,485.39,491.36,135948,3377,489.02184
TSLA,1H,2025-12-22T16:00:00Z,491.175,494.585,490.935,494.27,66537,1820,492.58386
TSLA,1H,2025-12-22T17:00:00Z,494.01,495.57,493.26,494.94,48903,1546,494.619172
TSLA,1H,2025-12-22T18:00:00Z,494.96,496.24,492.835,496.185,53967,1504,494.613528
TSLA,1H,2025-12-22T19:00:00Z,496.09,496.32,492.04,493.08,78519,1938,494.147364
TSLA,1H,2025-12-22T20:00:00Z,493.085,493.37,487.545,488.775,104760,2711,489.121733
TSLA,1H,2025-12-23T13:00:00Z,489.93,489.93,487.27,487.38,350,7,487.956829
TSLA,1H,2025-12-23T14:00:00Z,487.29,491.705,485.7,487.37,82790,2140,488.489176
TSLA,1H,2025-12-23T15:00:00Z,487.48,488.61,485.06,488.115,63651,1703,487.009457
TSLA,1H,2025-12-23T16:00:00Z,487.81,489.33,484.335,486.31,55040,1496,486.500502
TSLA,1H,2025-12-23T17:00:00Z,486.24,487.19,483.76,484.09,45365,1211,485.407896
TSLA,1H,2025-12-23T18:00:00Z,484.07,486.145,482.88,483.12,45784,1228,484.600149
TSLA,1H,2025-12-23T19:00:00Z,483.295,486.53,483.15,486.475,43829,1170,484.443046
TSLA,1H,2025-12-23T20:00:00Z,486.425,487.36,484.59,485.66,82020,2145,485.821399
TSLA,1H,2025-12-23T21:00:00Z,485.09,485.55,485.09,485.55,170,6,485.345556
TSLA,1H,2025-12-24T13:00:00Z,486.93,486.93,486.93,486.93,65,2,486.93
TSLA,1H,2025-12-24T14:00:00Z,488.28,490.85,479.6,480.47,87396,1995,482.373776
TSLA,1H,2025-12-24T15:00:00Z,480.49,481.21,476.855,478.77,149774,2773,479.467659
TSLA,1H,2025-12-24T16:00:00Z,478.77,482.795,478.48,482.21,67082,1626,481.061189
TSLA,1H,2025-12-24T17:00:00Z,482.11,485.41,481.275,485.4,76629,1721,483.402722
TSLA,1H,2025-12-26T13:00:00Z,485.76,485.76,485.76,485.76,41,2,485.76
TSLA,1H,2025-12-26T14:00:00Z,485.97,489.045,482.02,482.55,71456,1895,485.315423
TSLA,1H,2025-12-26T15:00:00Z,482.555,482.555,473.86,478.13,161171,3251,477.895086
TSLA,1H,2025-12-26T16:00:00Z,478.14,479.38,477.11,478.335,49382,1119,478.336122
TSLA,1H,2025-12-26T17:00:00Z,478.19,480.47,476.67,480.155,47162,1047,479.003363
TSLA,1H,2025-12-26T18:00:00Z,480.145,480.28,477.735,478.45,40194,1058,478.653479
TSLA,1H,2025-12-26T19:00:00Z,478.455,479.07,477.78,478.5,26730,793,478.458906
TSLA,1H,2025-12-26T20:00:00Z,478.555,478.72,474.98,475.16,91106,2307,476.4926
TSLA,1H,2025-12-29T13:00:00Z,469.35,469.35,469.35,469.35,40,1,469.35
TSLA,1H,2025-12-29T14:00:00Z,468.15,469.12,462.37,462.74,128201,3326,465.388158
TSLA,1H,2025-12-29T15:00:00Z,462.775,467.78,461.345,466.67,108592,3141,464.784364
TSLA,1H,2025-12-29T16:00:00Z,466.75,469.16,466.13,467.945,55232,1636,467.705645
TSLA,1H,2025-12-29T17:00:00Z,467.845,468.115,465.445,465.95,55108,1882,466.496296
TSLA,1H,2025-12-29T18:00:00Z,465.62,465.71,462.57,462.9,72819,2348,463.797297
TSLA,1H,2025-12-29T19:00:00Z,462.81,464.29,461.97,464.015,65694,1894,462.832796
TSLA,1H,2025-12-29T20:00:00Z,463.95,464.11,459.38,459.68,113601,3365,460.781448
TSLA,1H,2025-12-30T13:00:00Z,462.87,463.29,462.72,462.72,275,8,462.96
TSLA,1H,2025-12-30T14:00:00Z,461.11,461.96,453.86,458.86,111407,3473,457.036222
TSLA,1H,2025-12-30T15:00:00Z,458.75,461.68,457.74,461.655,78988,2401,459.905255
TSLA,1H,2025-12-30T16:00:00Z,461.625,462.65,460.31,461.62,47512,1418,461.439175
TSLA,1H,2025-12-30T17:00:00Z,461.17,463,459.7,460.025,49873,1343,461.270849
TSLA,1H,2025-12-30T18:00:00Z,459.99,460.71,458.28,458.98,42070,1400,459.47004
TSLA,1H,2025-12-30T19:00:00Z,458.98,459.575,457.06,457.885,43445,1410,458.229613
TSLA,1H,2025-12-30T20:00:00Z,457.775,458.27,454.11,454.11,118652,3383,455.819311
TSLA,1H,2025-12-31T13:00:00Z,456.87,458.01,456.87,458.01,240,9,457.44
TSLA,1H,2025-12-31T14:00:00Z,456.05,456.49,452.785,454.795,71347,1798,454.672692
TSLA,1H,2025-12-31T15:00:00Z,454.51,455.22,452.35,454,63339,1728,454.253605
TSLA,1H,2025-12-31T16:00:00Z,454.05,454.4,452.6,454.1,55056,1701,453.495499
TSLA,1H,2025-12-31T17:00:00Z,453.86,455.825,453.2,453.6,50130,1518,454.314849
TSLA,1H,2025-12-31T18:00:00Z,453.56,455.29,453.495,453.845,43139,1225,454.428634
TSLA,1H,2025-12-31T19:00:00Z,453.865,453.92,451.41,451.72,55463,1467,452.718819
TSLA,1H,2025-12-31T20:00:00Z,451.76,451.83,449.39,449.81,114262,3034,450.157427
TSLA,1H,2026-01-02T13:00:00Z,456.87,456.87,455.67,456.12,635,19,456.051489
TSLA,1H,2026-01-02T14:00:00Z,458.5,458.5,449.52,452.585,168163,3798,453.609104
TSLA,1H,2026-01-02T15:00:00Z,452.64,454.295,442.65,443.065,195120,4452,447.329168
TSLA,1H,2026-01-02T16:00:00Z,443.07,445.325,440.93,442.46,86907,2262,442.992278
TSLA,1H,2026-01-02T17:00:00Z,442.38,443.05,439.66,439.96,88776,2183,441.340552
TSLA,1H,2026-01-02T18:00:00Z,439.92,440.68,435.325,435.8,95240,2190,437.953418
TSLA,1H,2026-01-02T19:00:00Z,435.89,441.525,435.645,440.25,75729,1960,439.037821
TSLA,1H,2026-01-02T20:00:00Z,440.31,441.355,437.62,438.1,119808,3015,439.173717
TSLA,1H,2026-01-05T13:00:00Z,445.35,445.35,443.64,445.16,655,19,444.672402
TSLA,1H,2026-01-05T14:00:00Z,445.44,454.47,444.75,452.385,209454,4667,451.174051
TSLA,1H,2026-01-05T15:00:00Z,452.665,456.57,451.32,454.99,204292,4162,454.639154
TSLA,1H,2026-01-05T16:00:00Z,454.92,456.51,453.34,455.8,106911,2471,454.982589
TSLA,1H,2026-01-05T17:00:00Z,455.765,457.525,455.07,455.35,64645,1786,456.06664
TSLA,1H,2026-01-05T18:00:00Z,455.3,456.965,453.81,456.95,76206,1859,455.286408
TSLA,1H,2026-01-05T19:00:00Z,457.08,457.08,453.96,455.24,59407,1616,455.518555
TSLA,1H,2026-01-05T20:00:00Z,455.15,456.15,450.885,451.49,152717,3911,453.123805
TSLA,1H,2026-01-05T21:00:00Z,451.83,451.83,451.83,451.83,49,1,451.83
TSLA,1H,2026-01-06T13:00:00Z,449.58,449.58,448.04,448.04,585,23,449.281316
TSLA,1H,2026-01-06T14:00:00Z,446.35,448.11,436.18,436.795,245278,5900,439.528111
TSLA,1H,2026-01-06T15:00:00Z,436.75,439.43,434.43,434.715,187854,5023,437.276634
TSLA,1H,2026-01-06T16:00:00Z,434.635,434.65,430.02,431.21,150532,4083,432.464207
TSLA,1H,2026-01-06T17:00:00Z,431.205,432.54,429.62,430.16,116255,3082,431.0012
TSLA,1H,2026-01-06T18:00:00Z,430.165,432.25,428.8,431.06,113283,2900,430.213708
TSLA,1H,2026-01-06T19:00:00Z,431.085,434.65,430.63,431.05,103221,2659,432.679881
TSLA,1H,2026-01-06T20:00:00Z,430.995,433.37,430.095,432.95,205594,4553,431.781682
TSLA,1H,2026-01-06T21:00:00Z,434.43,434.73,434.43,434.73,302,17,434.540526
TSLA,1H,2026-01-07T13:00:00Z,434.28,435.45,434.28,434.94,240,7,434.87
TSLA,1H,2026-01-07T14:00:00Z,434.45,438.07,431.68,433.71,130359,3553,434.637744
TSLA,1H,2026-01-07T15:00:00Z,433.845,437.19,432.37,435.81,117837,2992,434.643105
TSLA,1H,2026-01-07T16:00:00Z,435.83,438.315,435.15,437.3,83539,2161,436.737641
TSLA,1H,2026-01-07T17:00:00Z,437.01,437.7,435.91,437.4,53832,1398,436.690151
TSLA,1H,2026-01-07T18:00:00Z,437.37,437.6,434.775,434.795,49451,1243,436.517336
TSLA,1H,2026-01-07T19:00:00Z,434.705,437.315,434.25,436.78,51253,1431,435.78332
TSLA,1H,2026-01-07T20:00:00Z,436.87,437.46,431.37,431.39,134186,3348,434.144876
TSLA,1H,2026-01-07T21:00:00Z,431.31,432.15,430.8,431.49,923,50,431.307859
TSLA,1H,2026-01-08T13:00:00Z,427.74,427.83,427.74,427.83,120,3,427.78
TSLA,1H,2026-01-08T14:00:00Z,427.86,431.905,424.485,429.25,132335,3524,428.425358
TSLA,1H,2026-01-08T15:00:00Z,429.71,435.16,428.87,434.695,109358,2993,432.649467
TSLA,1H,2026-01-08T16:00:00Z,434.41,436.065,433.19,435.275,75873,1766,434.430507
TSLA,1H,2026-01-08T17:00:00Z,435.38,436.89,433.93,436.01,55375,1438,435.304702
TSLA,1H,2026-01-08T18:00:00Z,435.93,436.41,432.64,433,39225,1209,434.41591
TSLA,1H,2026-01-08T19:00:00Z,432.95,435.33,432.43,434.965,32797,1037,434.189825
TSLA,1H,2026-01-08T20:00:00Z,434.81,436.23,434.41,435.71,88001,2781,435.464795
TSLA,1H,2026-01-08T21:00:00Z,436.05,436.05,436.05,436.05,70,3,436.05
TSLA,1H,2026-01-09T13:00:00Z,437.58,437.84,437.3,437.3,380,9,437.540029
TSLA,1H,2026-01-09T14:00:00Z,438.18,438.18,430.46,437.345,119129,3215,434.336159
TSLA,1H,2026-01-09T15:00:00Z,437.435,443.86,435.23,442.8,181233,4361,440.823741
TSLA,1H,2026-01-09T16:00:00Z,442.95,444.63,442.13,443.495,79211,1975,443.402919
TSLA,1H,2026-01-09T17:00:00Z,443.5,448.125,443.38,447.385,65860,1683,445.235223
TSLA,1H,2026-01-09T18:00:00Z,447.44,449.04,446.49,447.64,54711,1529,447.633284
TSLA,1H,2026-01-09T19:00:00Z,447.41,447.835,445.16,445.65,51431,1477,446.285311
TSLA,1H,2026-01-09T20:00:00Z,445.69,445.94,444.38,445.02,100277,3008,445.196001
TSLA,1H,2026-01-12T13:00:00Z,442.01,442.25,441.1,441.1,821,21,441.52747
TSLA,1H,2026-01-12T14:00:00Z,440.65,450.1,438,448.51,159861,3572,444.086237
TSLA,1H,2026-01-12T15:00:00Z,448.475,450.09,446.97,447.695,151043,3216,448.772194
TSLA,1H,2026-01-12T16:00:00Z,447.625,451.305,447.34,450.8,117246,2715,449.502009
TSLA,1H,2026-01-12T17:00:00Z,450.86,454.23,450.86,452.14,114356,2491,452.998731
TSLA,1H,2026-01-12T18:00:00Z,452.05,452.11,450,451.06,82933,1819,451.040306
TSLA,1H,2026-01-12T19:00:00Z,450.89,452.05,449.49,450.45,84562,2018,450.934694
TSLA,1H,2026-01-12T20:00:00Z,450.34,451.49,448.29,448.86,169286,3834,449.700183
TSLA,1H,2026-01-12T21:00:00Z,449.01,449.07,448.47,448.6,309,7,448.801541
TSLA,1H,2026-01-13T13:00:00Z,448.97,450.92,448.31,450.92,588,16,449.662714
TSLA,1H,2026-01-13T14:00:00Z,451.1,451.65,446.9,448.23,102530,2529,449.091883
TSLA,1H,2026-01-13T15:00:00Z,448.28,451.28,445.49,451.14,154143,3164,448.643308
TSLA,1H,2026-01-13T16:00:00Z,451.2,451.77,448.985,450.62,84824,1845,450.768522
TSLA,1H,2026-01-13T17:00:00Z,450.63,451.075,446.71,446.98,59824,1360,449.010483
TSLA,1H,2026-01-13T18:00:00Z,446.58,448.765,444.84,444.93,82218,1785,447.063613
TSLA,1H,2026-01-13T19:00:00Z,444.86,447.12,443.99,446.845,78425,1672,445.384965
TSLA,1H,2026-01-13T20:00:00Z,446.68,447.78,445.15,447.18,113416,2578,446.723671
TSLA,1H,2026-01-13T21:00:00Z,447.09,447.09,446.91,446.91,104,3,447.01
TSLA,1H,2026-01-14T13:00:00Z,445.14,445.14,445.14,445.14,50,1,445.14
TSLA,1H,2026-01-14T14:00:00Z,442.505,442.505,438.56,438.75,114698,2899,440.058282
TSLA,1H,2026-01-14T15:00:00Z,438.38,443.81,435.89,436.85,224043,5208,439.363848
TSLA,1H,2026-01-14T16:00:00Z,436.91,439.35,434.32,434.455,165466,3995,436.82182
TSLA,1H,2026-01-14T17:00:00Z,434.48,436.56,434.24,435.33,118492,2883,435.458615
TSLA,1H,2026-01-14T18:00:00Z,435.33,436.71,434.93,436.42,112766,2630,435.877146
TSLA,1H,2026-01-14T19:00:00Z,436.285,437.505,435.73,436.85,97658,2472,436.519336
TSLA,1H,2026-01-14T20:00:00Z,436.97,439.45,435.07,439.21,245848,5639,437.353021
TSLA,1H,2026-01-14T21:00:00Z,439.71,439.71,438.42,438.48,261,10,438.879545
TSLA,1H,2026-01-15T13:00:00Z,441.45,441.72,441.06,441.06,338,10,441.329125
TSLA,1H,2026-01-15T14:00:00Z,441.17,444.57,441.145,441.905,84994,1985,442.832708
TSLA,1H,2026-01-15T15:00:00Z,441.84,445.33,439.53,443.31,156580,3239,443.002089
TSLA,1H,2026-01-15T16:00:00Z,443.255,444.3,442.21,442.6,102299,2007,443.171003
TSLA,1H,2026-01-15T17:00:00Z,442.58,443.44,441.12,441.53,77842,1464,442.4806
TSLA,1H,2026-01-15T18:00:00Z,441.5,443.785,441.37,442.82,86242,1655,442.803935
TSLA,1H,2026-01-15T19:00:00Z,442.75,442.75,439.495,440.25,84500,1729,441.18064
TSLA,1H,2026-01-15T20:00:00Z,440.14,440.46,437.65,438.52,152662,3168,438.604621
TSLA,1H,2026-01-16T14:00:00Z,440.54,447.105,439.435,443.2,135288,2814,444.428241
TSLA,1H,2026-01-16T15:00:00Z,443.14,443.54,435.305,436.86,168244,3317,438.312007
TSLA,1H,2026-01-16T16:00:00Z,436.84,439.7,436.485,439.06,117476,2528,438.5096
TSLA,1H,2026-01-16T17:00:00Z,439.04,439.53,437.93,438.15,71259,1516,438.726939
TSLA,1H,2026-01-16T18:00:00Z,438.12,440.82,437.85,440.1,76892,1698,439.752307
TSLA,1H,2026-01-16T19:00:00Z,439.98,440.8,439.11,440.16,77901,1738,440.106093
TSLA,1H,2026-01-16T20:00:00Z,440.095,440.6,437.44,437.53,160319,3275,439.088651
TSLA,1H,2026-01-16T21:00:00Z,437.31,438.34,437.31,438.34,455,26,437.656667
TSLA,1H,2026-01-20T13:00:00Z,427.41,427.41,427.05,427.05,243,11,427.21
TSLA,1H,2026-01-20T14:00:00Z,426.36,430.49,423.54,424.77,115242,3443,426.499664
TSLA,1H,2026-01-20T15:00:00Z,424.61,427.87,423.75,426.12,140475,3837,425.669718
TSLA,1H,2026-01-20T16:00:00Z,426.1,426.94,423.92,425.14,140342,3637,425.212885
TSLA,1H,2026-01-20T17:00:00Z,424.79,427.35,423.91,424.89,139117,3307,425.760154
TSLA,1H,2026-01-20T18:00:00Z,424.91,425.45,422.5,423,106098,3085,424.169973
TSLA,1H,2026-01-20T19:00:00Z,423.01,423.65,420.745,421.635,127614,3596,421.882551
TSLA,1H,2026-01-20T20:00:00Z,421.4,421.4,417.48,419.23,248586,6390,419.28562
TSLA,1H,2026-01-20T21:00:00Z,419.34,419.34,419.34,419.34,77,2,419.34
TSLA,1H,2026-01-21T13:00:00Z,419.93,420.13,419.92,420.13,4495,165,419.991803
TSLA,1H,2026-01-21T14:00:00Z,423.67,424.11,419.71,423.825,66152,1744,422.061271
TSLA,1H,2026-01-21T15:00:00Z,424.015,429.5,423.77,429.285,107506,2645,426.893827
TSLA,1H,2026-01-21T16:00:00Z,429.315,429.755,422.49,423.08,101296,2418,426.804469
TSLA,1H,2026-01-21T17:00:00Z,422.945,424.73,420.09,424.65,56658,1907,422.908818
TSLA,1H,2026-01-21T18:00:00Z,424.56,427.24,422.86,426.92,61105,2008,425.389679
TSLA,1H,2026-01-21T19:00:00Z,426.9,438.085,426,437.48,133959,3595,434.516181
TSLA,1H,2026-01-21T20:00:00Z,437.5,437.5,430.31,431.37,199106,4326,433.086367
TSLA,1H,2026-01-22T14:00:00Z,436.88,436.88,432.68,434.03,83063,1781,434.147842
TSLA,1H,2026-01-22T15:00:00Z,434.05,439.11,432.755,437.42,119544,2670,435.718659
TSLA,1H,2026-01-22T16:00:00Z,437.195,439.16,436.525,437.87,66455,1856,437.938919
TSLA,1H,2026-01-22T17:00:00Z,437.805,445.78,437.145,445.5,87146,2190,440.675348
TSLA,1H,2026-01-22T18:00:00Z,445.57,448.245,444.28,446.185,196270,4051,446.277135
TSLA,1H,2026-01-22T19:00:00Z,446.11,449.12,446.07,446.39,99334,2465,447.746936
TSLA,1H,2026-01-22T20:00:00Z,446.13,449.415,445.545,449.33,182513,4354,447.953264
TSLA,1H,2026-01-23T13:00:00Z,449.05,449.05,447.49,447.5,483,13,447.665876
TSLA,1H,2026-01-23T14:00:00Z,447.49,450.34,444.13,449.65,104356,2336,446.6792
TSLA,1H,2026-01-23T15:00:00Z,449.98,452.02,445.82,452.02,118966,2621,448.407166
TSLA,1H,2026-01-23T16:00:00Z,452.08,452.43,448.625,448.86,85130,1882,450.077636
TSLA,1H,2026-01-23T17:00:00Z,448.655,449.175,445.47,445.595,36625,1067,447.430479
TSLA,1H,2026-01-23T18:00:00Z,445.65,447.47,445.41,447.365,44644,1273,446.648976
TSLA,1H,2026-01-23T19:00:00Z,447.4,448.525,447.045,448.4,47311,1419,447.793073
TSLA,1H,2026-01-23T20:00:00Z,448.49,449.28,446.935,449.11,98753,2599,448.086413
TSLA,1H,2026-01-26T14:00:00Z,444.895,444.895,437.7,439.06,80334,2005,440.062991
TSLA,1H,2026-01-26T15:00:00Z,439.075,441.375,436.73,438.44,76675,1874,438.933631
TSLA,1H,2026-01-26T16:00:00Z,438.725,440.14,438.01,439.36,35423,1134,439.129777
TSLA,1H,2026-01-26T17:00:00Z,439.41,440.235,438.095,438.275,23769,676,439.134612
TSLA,1H,2026-01-26T18:00:00Z,438.08,438.81,437.86,438.475,30492,932,438.26329
TSLA,1H,2026-01-26T19:00:00Z,438.405,438.62,436.55,436.55,32755,1084,437.520743
TSLA,1H,2026-01-26T20:00:00Z,436.6,436.665,434.29,435.34,87813,2265,435.411102
TSLA,1H,2026-01-27T14:00:00Z,437.29,437.29,431.855,434.38,50021,1659,433.561854
TSLA,1H,2026-01-27T15:00:00Z,434.19,436.18,433.72,434.63,51174,1754,435.101923
TSLA,1H,2026-01-27T16:00:00Z,434.66,435.76,433.77,435.255,35060,1122,434.699788
TSLA,1H,2026-01-27T17:00:00Z,435.27,435.27,433.24,433.3,21702,775,434.294587
TSLA,1H,2026-01-27T18:00:00Z,433.175,433.41,431.86,431.86,23550,887,432.728371
TSLA,1H,2026-01-27T19:00:00Z,431.835,432.72,430.81,432.66,41183,1339,431.541295
TSLA,1H,2026-01-27T20:00:00Z,432.495,433.805,430.745,430.92,69630,2169,431.795858
TSLA,1H,2026-01-28T14:00:00Z,431.76,438.2,431.295,437.45,66861,1924,435.469105
TSLA,1H,2026-01-28T15:00:00Z,437.4,437.75,432.245,433.05,62975,1734,434.054492
TSLA,1H,2026-01-28T16:00:00Z,433.2,434.28,432.12,433.41,60949,1540,433.146247
TSLA,1H,2026-01-28T17:00:00Z,433.425,435.59,432.46,432.735,54745,1333,433.633304
TSLA,1H,2026-01-28T18:00:00Z,432.545,435.495,432.51,434.795,56366,1249,434.771424
TSLA,1H,2026-01-28T19:00:00Z,434.505,435.96,431.785,434.455,100531,2063,433.870562
TSLA,1H,2026-01-28T20:00:00Z,434.315,436,430.24,430.35,120607,2392,434.06818
TSLA,1H,2026-01-28T21:00:00Z,430,447.26,425.57,444.55,4582,275,443.821163
TSLA,1H,2026-01-29T14:00:00Z,437.75,440.12,423.025,423.43,236772,4937,428.910146
TSLA,1H,2026-01-29T15:00:00Z,423.16,426.98,414.69,417.56,247945,6150,421.405341
TSLA,1H,2026-01-29T16:00:00Z,417.59,422.95,417.24,420.79,136591,3897,420.713188
TSLA,1H,2026-01-29T17:00:00Z,420.94,424.79,420.32,420.495,71467,2189,422.875609
TSLA,1H,2026-01-29T18:00:00Z,420.67,422.85,419.805,420.87,71986,2264,421.227106
TSLA,1H,2026-01-29T19:00:00Z,420.87,421.3,417.98,418.06,71380,2363,419.458243
TSLA,1H,2026-01-29T20:00:00Z,418.15,418.65,414.99,416.42,156697,4594,416.60691
TSLA,1H,2026-01-30T13:00:00Z,425.13,425.85,422.82,422.82,227,5,424.277736
TSLA,1H,2026-01-30T14:00:00Z,425.85,429.965,422.81,425.17,166363,4004,425.498531
TSLA,1H,2026-01-30T15:00:00Z,425.11,439.83,424.84,437.09,362491,8215,433.565662
TSLA,1H,2026-01-30T16:00:00Z,436.89,439.8,434.755,434.82,219090,5082,437.367148
TSLA,1H,2026-01-30T17:00:00Z,434.78,439.51,434,435.31,145260,3443,436.679069
TSLA,1H,2026-01-30T18:00:00Z,435.09,436.57,432.18,435.52,118343,3200,434.007479
TSLA,1H,2026-01-30T19:00:00Z,435.63,435.855,432.52,433.44,92605,2991,434.474085
TSLA,1H,2026-01-30T20:00:00Z,433.495,434.765,430.1,430.29,274878,5917,431.928852
TSLA,1H,2026-01-30T21:00:00Z,429.9,429.93,429.36,429.7,1645,25,429.613724
TSLA,1H,2026-02-02T14:00:00Z,420.99,421.62,414.545,417.31,184335,3579,417.376541
TSLA,1H,2026-02-02T15:00:00Z,417.28,422.475,416.48,420.18,151872,3843,420.021687
TSLA,1H,2026-02-02T16:00:00Z,420.1,420.26,418.35,420.11,157768,3874,419.610982
TSLA,1H,2026-02-02T17:00:00Z,420.1,424.86,419.84,424.635,144050,3393,422.309432
TSLA,1H,2026-02-02T18:00:00Z,424.54,427.12,424.29,426.67,122993,2704,426.024426
TSLA,1H,2026-02-02T19:00:00Z,426.62,426.69,423.14,423.2,108233,2488,425.197967
TSLA,1H,2026-02-02T20:00:00Z,423.26,425,421.78,421.83,178233,4410,423.227896
TSLA,1H,2026-02-03T14:00:00Z,423.825,425.41,420.165,420.52,66996,1634,422.741658
TSLA,1H,2026-02-03T15:00:00Z,420.465,428.53,419.76,425.36,115744,2921,424.113554
TSLA,1H,2026-02-03T16:00:00Z,425.42,427.71,422.08,425.74,93504,2121,424.849065
TSLA,1H,2026-02-03T17:00:00Z,425.575,425.86,417.74,417.75,115792,2506,420.316035
TSLA,1H,2026-02-03T18:00:00Z,417.75,419.38,416.175,416.175,104302,2217,417.664269
TSLA,1H,2026-02-03T19:00:00Z,416.1,419.2,413.745,418.88,153303,3063,415.903871
TSLA,1H,2026-02-03T20:00:00Z,418.61,422.2,417.43,422.08,125785,2908,420.31372
TSLA,1H,2026-02-03T21:00:00Z,422.41,422.41,420.01,420.01,161,5,421.21
TSLA,1H,2026-02-04T13:00:00Z,420.79,420.79,420.79,420.79,80,1,420.79
TSLA,1H,2026-02-04T14:00:00Z,420.46,423.81,417.63,419.19,118503,2381,421.234711
TSLA,1H,2026-02-04T15:00:00Z,418.895,419.165,411.88,412.135,143075,3146,415.430689
TSLA,1H,2026-02-04T16:00:00Z,412.11,412.575,403.83,406.36,150571,3272,407.60877
TSLA,1H,2026-02-04T17:00:00Z,406.34,407.49,399.315,402.54,116007,2549,403.43954
TSLA,1H,2026-02-04T18:00:00Z,402.465,406.48,401.29,405.03,97690,2187,404.369398
TSLA,1H,2026-02-04T19:00:00Z,405.2,409.15,402.935,409.045,100837,2128,405.414352
TSLA,1H,2026-02-04T20:00:00Z,408.97,409.19,405.375,405.85,136854,3055,407.24578
TSLA,1H,2026-02-04T21:00:00Z,407.22,407.23,407.22,407.22,880,8,407.220957
TSLA,1H,2026-02-05T13:00:00Z,398.85,398.85,395.04,395.16,2848,88,396.368607
TSLA,1H,2026-02-05T14:00:00Z,395.49,401.12,392.94,395.38,146828,2602,397.599944
TSLA,1H,2026-02-05T15:00:00Z,394.86,395.825,387.56,392.625,181966,3910,390.498108
TSLA,1H,2026-02-05T16:00:00Z,392.83,398.6,390.24,398.25,139526,3353,395.637153
TSLA,1H,2026-02-05T17:00:00Z,397.965,401.66,396.41,400.22,100250,2301,399.113455
TSLA,1H,2026-02-05T18:00:00Z,400.34,402,397.67,399.08,71296,2142,399.624182
TSLA,1H,2026-02-05T19:00:00Z,398.95,401.43,394.62,396.1,88131,2430,397.875021
TSLA,1H,2026-02-05T20:00:00Z,396.2,398.36,393.06,397.215,204350,4940,395.602027
TSLA,1H,2026-02-05T21:00:00Z,397.02,397.02,394.14,394.26,245,9,395.024444
TSLA,1H,2026-02-06T13:00:00Z,400.33,400.73,400.33,400.7,2629,100,400.664553
TSLA,1H,2026-02-06T14:00:00Z,402.35,408.78,397.83,407.12,111256,2640,405.219865
TSLA,1H,2026-02-06T15:00:00Z,406.79,412.18,405.53,409.06,136958,2979,409.118696
TSLA,1H,2026-02-06T16:00:00Z,409.05,412.38,408.71,410.505,130770,2356,410.344487
TSLA,1H,2026-02-06T17:00:00Z,410.495,414.53,410.15,413.28,71546,1696,413.086636
TSLA,1H,2026-02-06T18:00:00Z,413.325,413.83,411.32,411.35,64310,1588,412.540534
TSLA,1H,2026-02-06T19:00:00Z,411.3,414.53,411.1,413.55,67883,1676,413.198163
TSLA,1H,2026-02-06T20:00:00Z,413.545,414.545,410.69,411.09,149131,3449,412.754491
TSLA,1H,2026-02-06T21:00:00Z,410.25,410.25,410.25,410.25,243,3,410.25
TSLA,1H,2026-02-09T14:00:00Z,409.925,413.575,407.36,409.65,163274,3266,410.434987
TSLA,1H,2026-02-09T15:00:00Z,409.58,418.57,409.16,417.9,89050,2190,414.616512
TSLA,1H,2026-02-09T16:00:00Z,417.92,420.66,417.475,420.31,80153,1985,418.921358
TSLA,1H,2026-02-09T17:00:00Z,420.39,421.24,419.56,419.62,52614,1382,420.582532
TSLA,1H,2026-02-09T18:00:00Z,419.48,419.94,417.75,419.54,55039,1489,418.998775
TSLA,1H,2026-02-09T19:00:00Z,419.46,420.87,419.43,419.995,35248,1109,420.190925
TSLA,1H,2026-02-09T20:00:00Z,419.82,420.45,417.14,417.2,97165,2787,418.907807
TSLA,1H,2026-02-10T13:00:00Z,419.09,419.79,418.87,419.26,1068,55,419.290667
TSLA,1H,2026-02-10T14:00:00Z,418.245,425.1,417.02,422.645,80010,1802,422.384311
TSLA,1H,2026-02-10T15:00:00Z,422.14,425.32,419.99,424.82,104779,2241,423.439648
TSLA,1H,2026-02-10T16:00:00Z,425.19,425.19,420.875,423.73,72146,1977,422.862116
TSLA,1H,2026-02-10T17:00:00Z,423.54,427.22,422.88,425.115,89047,2213,425.509187
TSLA,1H,2026-02-10T18:00:00Z,425.13,426,422.385,424.55,61894,1888,424.282373
TSLA,1H,2026-02-10T19:00:00Z,424.73,425.95,423.895,425.85,50273,1619,424.99855
TSLA,1H,2026-02-10T20:00:00Z,425.78,427.09,423.75,425.25,150177,3756,425.396712
TSLA,1H,2026-02-11T13:00:00Z,423.77,427.2,423.77,427.2,537,22,425.888
TSLA,1H,2026-02-11T14:00:00Z,429,436.27,428.37,431.34,117693,2821,433.433777
TSLA,1H,2026-02-11T15:00:00Z,431.34,432.04,420.09,424.085,155013,3611,424.219584
TSLA,1H,2026-02-11T16:00:00Z,424.475,427.045,423.235,423.58,144961,2830,425.383595
TSLA,1H,2026-02-11T17:00:00Z,423.31,426.12,422.11,423.69,90422,2168,423.853338
TSLA,1H,2026-02-11T18:00:00Z,423.625,425.875,422.17,425.46,77536,1875,423.874296
TSLA,1H,2026-02-11T19:00:00Z,425.61,427.7,424.83,427.02,82580,1776,426.603901
TSLA,1H,2026-02-11T20:00:00Z,426.8,429.04,425.46,428.24,108592,2651,427.217458
TSLA,1H,2026-02-12T13:00:00Z,431.1,431.1,431.1,431.1,134,8,431.1
TSLA,1H,2026-02-12T14:00:00Z,430.315,436.19,428.18,428.605,94144,2195,432.339229
TSLA,1H,2026-02-12T15:00:00Z,428.345,430.95,424.64,425.06,111209,2903,427.482582
TSLA,1H,2026-02-12T16:00:00Z,425.19,425.59,418.16,418.705,204704,4626,421.090606
TSLA,1H,2026-02-12T17:00:00Z,418.555,420,414.57,414.67,155979,3664,417.761215
TSLA,1H,2026-02-12T18:00:00Z,414.33,417.82,414.09,416.68,121472,2771,416.34246
TSLA,1H,2026-02-12T19:00:00Z,416.55,416.85,414.31,415.23,88274,2084,415.620481
TSLA,1H,2026-02-12T20:00:00Z,415.29,417.41,414.57,417.07,171322,4038,416.041551
TSLA,1H,2026-02-12T21:00:00Z,416.87,416.87,416.87,416.87,80,2,416.87
TSLA,1H,2026-02-13T13:00:00Z,416.61,417.51,416.5,417.33,948,18,417.100079
TSLA,1H,2026-02-13T14:00:00Z,417.39,418.65,410.97,413.42,84730,2339,414.304743
TSLA,1H,2026-02-13T15:00:00Z,413.32,418.15,412.28,415.3,155951,3595,415.024822
TSLA,1H,2026-02-13T16:00:00Z,415.31,419.62,414.78,419.24,139408,3156,417.662031
TSLA,1H,2026-02-13T17:00:00Z,419.29,421.26,419.13,419.29,107987,2228,420.197622
TSLA,1H,2026-02-13T18:00:00Z,419.45,424.03,418.87,421.74,111146,2447,421.484796
TSLA,1H,2026-02-13T19:00:00Z,421.71,422.43,419.44,419.62,93494,2106,421.196863
TSLA,1H,2026-02-13T20:00:00Z,419.77,420.16,416.55,417.45,167161,4109,417.919774
TSLA,1H,2026-02-13T21:00:00Z,417.75,417.75,417.75,417.75,124,5,417.75
TSLA,1H,2026-02-17T13:00:00Z,411.39,413.04,411.39,413.04,208,6,412.399223
TSLA,1H,2026-02-17T14:00:00Z,412.3,413.56,402.81,403.12,109816,2924,407.863696
TSLA,1H,2026-02-17T15:00:00Z,402.775,405.37,400.54,404.57,183989,4278,402.454387
TSLA,1H,2026-02-17T16:00:00Z,404.71,409.57,404.34,407.72,139481,2871,407.607659
TSLA,1H,2026-02-17T17:00:00Z,407.545,407.62,403.43,405.38,116049,2324,405.405109
TSLA,1H,2026-02-17T18:00:00Z,405.46,412.64,404.6,412.42,90311,2304,408.491955
TSLA,1H,2026-02-17T19:00:00Z,412.46,413.115,410.74,410.88,53960,1573,412.132237
TSLA,1H,2026-02-17T20:00:00Z,410.83,411.83,409.69,410.72,83766,2810,410.461631
TSLA,1H,2026-02-17T21:00:00Z,410.22,410.22,410.22,410.22,54,2,410.22
TSLA,1H,2026-02-18T13:00:00Z,411.69,411.69,411.12,411.12,230,7,411.405
TSLA,1H,2026-02-18T14:00:00Z,410.67,414.07,409.98,412.55,40312,1341,411.353911
TSLA,1H,2026-02-18T15:00:00Z,412.5,415.63,411.64,415.35,81297,2355,414.174842
TSLA,1H,2026-02-18T16:00:00Z,415.27,416.28,413.985,413.985,60457,1854,415.067358
TSLA,1H,2026-02-18T17:00:00Z,413.995,416.58,413.845,416.27,42999,1340,415.609482
TSLA,1H,2026-02-18T18:00:00Z,416.2,416.85,412.55,413.535,50698,1453,414.398493
TSLA,1H,2026-02-18T19:00:00Z,413.3,413.97,409.96,410.41,47990,1641,411.728732
TSLA,1H,2026-02-18T20:00:00Z,410.52,412.08,410.07,411.36,84623,2916,411.217413
TSLA,1H,2026-02-19T14:00:00Z,407.43,409.48,404.195,408.46,52994,1341,406.3485
TSLA,1H,2026-02-19T15:00:00Z,408.125,412.91,408.125,412.91,127315,2683,410.424931
TSLA,1H,2026-02-19T16:00:00Z,412.9,414.93,411.23,412.99,159625,2855,413.400326
TSLA,1H,2026-02-19T17:00:00Z,413.04,415.19,409.32,409.59,120397,2168,412.537664
TSLA,1H,2026-02-19T18:00:00Z,409.58,410.905,408.59,410.8,96382,1761,409.636701
TSLA,1H,2026-02-19T19:00:00Z,410.85,411.14,408.55,410.01,90738,1648,409.876415
TSLA,1H,2026-02-19T20:00:00Z,410.01,411.88,409.86,411.69,138646,2809,410.853157
TSLA,1H,2026-02-20T13:00:00Z,411.3,411.5,410.83,411.5,242,9,411.25
TSLA,1H,2026-02-20T14:00:00Z,406,410.705,405.52,408.31,37131,1259,408.967625
TSLA,1H,2026-02-20T15:00:00Z,408.365,413.575,407.1,413.33,99824,2360,410.867588
TSLA,1H,2026-02-20T16:00:00Z,413.46,414.57,409.16,410.98,116220,2202,411.452358
TSLA,1H,2026-02-20T17:00:00Z,410.92,411.27,405.9,409.66,128650,2780,408.064516
TSLA,1H,2026-02-20T18:00:00Z,409.6,413.54,408.7,413.36,122703,2494,411.115073
TSLA,1H,2026-02-20T19:00:00Z,413.38,413.74,409.68,409.81,77314,1516,411.580618
TSLA,1H,2026-02-20T20:00:00Z,409.83,412.225,409.53,411.985,147346,3400,410.905222
TSLA,1H,2026-02-20T21:00:00Z,411.52,411.52,411.52,411.52,80,6,411.52
TSLA,1H,2026-02-23T13:00:00Z,407.96,407.96,407.4,407.4,313,7,407.68086
TSLA,1H,2026-02-23T14:00:00Z,407.52,407.52,402.35,402.79,109963,2419,404.168464
TSLA,1H,2026-02-23T15:00:00Z,402.69,405,400.655,400.92,153788,3329,402.789313
TSLA,1H,2026-02-23T16:00:00Z,400.96,401.37,396.655,398.36,235642,4628,398.583898
TSLA,1H,2026-02-23T17:00:00Z,398.33,399,394.29,395.1,190596,3652,396.500955
TSLA,1H,2026-02-23T18:00:00Z,394.98,396.77,394.2,394.36,128553,2721,395.923392
TSLA,1H,2026-02-23T19:00:00Z,394.5,396.02,394.08,395.385,131098,2284,394.768815
TSLA,1H,2026-02-23T20:00:00Z,395.22,400,394.45,399.575,276477,4543,397.058708
TSLA,1H,2026-02-23T21:00:00Z,400.17,400.17,399.6,399.6,1396,38,399.796067
TSLA,1H,2026-02-24T13:00:00Z,397.68,398.73,397.68,398.73,120,3,398.25
TSLA,1H,2026-02-24T14:00:00Z,398.67,403.6,397.7,402.55,104115,2285,401.238679
TSLA,1H,2026-02-24T15:00:00Z,402.6,407.7,401.15,404.685,185880,3889,405.299333
TSLA,1H,2026-02-24T16:00:00Z,404.59,405.68,402.28,404.64,129692,2561,403.686907
TSLA,1H,2026-02-24T17:00:00Z,404.59,405.65,403.71,404.73,72927,1534,404.596727
TSLA,1H,2026-02-24T18:00:00Z,404.72,406.78,404.66,406.64,68147,1346,405.802751
TSLA,1H,2026-02-24T19:00:00Z,406.6,409.53,406.6,408.76,108219,2237,408.631491
TSLA,1H,2026-02-24T20:00:00Z,408.655,410.8,408.04,409.42,164420,3513,409.604776
TSLA,1H,2026-02-24T21:00:00Z,409.11,409.11,409.11,409.11,50,1,409.11
TSLA,1H,2026-02-25T14:00:00Z,412.165,420.3,412.165,415.79,109758,2380,417.186705
TSLA,1H,2026-02-25T15:00:00Z,415.49,416.39,413.59,415.41,121092,2402,414.877855
TSLA,1H,2026-02-25T16:00:00Z,415.49,415.53,413.17,414.51,112514,2519,414.168541
TSLA,1H,2026-02-25T17:00:00Z,414.62,416.895,413.83,415.15,129380,2548,415.203405
TSLA,1H,2026-02-25T18:00:00Z,415.19,416.34,414.24,415.775,93726,1838,415.302232
TSLA,1H,2026-02-25T19:00:00Z,415.795,416.5,415.48,415.98,77028,1641,416.040435
TSLA,1H,2026-02-25T20:00:00Z,415.89,417.63,414.89,417.37,161891,3670,416.296476
TSLA,1H,2026-02-26T14:00:00Z,415.215,416.66,410.17,413.14,136486,2260,411.865452
TSLA,1H,2026-02-26T15:00:00Z,413.115,413.86,404.96,409.3,133626,2678,408.336245
TSLA,1H,2026-02-26T16:00:00Z,409.24,410.26,404.29,404.62,140068,2571,407.702113
TSLA,1H,2026-02-26T17:00:00Z,404.56,406.42,403.79,404.62,141128,2518,405.082513
TSLA,1H,2026-02-26T18:00:00Z,404.55,407.85,404.14,407.34,98427,1781,405.65996
TSLA,1H,2026-02-26T19:00:00Z,407.275,409.38,407.13,407.62,78074,1565,408.388217
TSLA,1H,2026-02-26T20:00:00Z,407.635,409.11,407.165,408.47,147883,2875,408.253455
TSLA,1H,2026-02-26T21:00:00Z,408.37,408.37,408.37,408.37,45,2,408.37
TSLA,1H,2026-02-27T14:00:00Z,402.96,405.51,400.96,403.35,86523,1962,403.508636
TSLA,1H,2026-02-27T15:00:00Z,403.15,407.09,402.82,403.26,82666,2094,404.886134
TSLA,1H,2026-02-27T16:00:00Z,403.21,403.8,400.87,402.11,125976,2503,402.336887
TSLA,1H,2026-02-27T17:00:00Z,402.21,403.01,399.055,399.62,146377,2939,400.719587
TSLA,1H,2026-02-27T18:00:00Z,399.64,400.45,398.14,398.49,130854,2918,399.481111
TSLA,1H,2026-02-27T19:00:00Z,398.44,400.4,398.44,398.88,83584,1962,399.572126
TSLA,1H,2026-02-27T20:00:00Z,398.9,403.2,398.75,402.43,209893,4570,400.765424
TSLA,1H,2026-03-02T13:00:00Z,392.41,393.61,392,392.55,6628,219,392.778707
TSLA,1H,2026-03-02T14:00:00Z,392.11,398.23,388.32,396,125790,2414,393.946908
TSLA,1H,2026-03-02T15:00:00Z,395.835,402.51,395.21,401.765,106828,2181,398.494876
TSLA,1H,2026-03-02T16:00:00Z,401.83,404.465,399.75,403.13,57903,1419,402.347593
TSLA,1H,2026-03-02T17:00:00Z,403.12,403.9,401,401.88,51993,1177,402.508849
TSLA,1H,2026-03-02T18:00:00Z,401.845,402.57,400.27,400.29,48977,1184,401.289542
TSLA,1H,2026-03-02T19:00:00Z,400.3,402.845,400.19,402.435,44111,1167,401.957587
TSLA,1H,2026-03-02T20:00:00Z,402.39,403.365,399.01,403.365,142547,3264,401.643391
TSLA,1H,2026-03-02T21:00:00Z,403.28,403.28,403.28,403.28,80,2,403.28
TSLA,1H,2026-03-03T14:00:00Z,395.09,396.22,389.65,390.64,124132,3090,392.517372
TSLA,1H,2026-03-03T15:00:00Z,390.5,392.43,385.4,387.55,217671,5577,388.399286
TSLA,1H,2026-03-03T16:00:00Z,387.57,393.545,387.43,391.745,103615,3205,391.266807
TSLA,1H,2026-03-03T17:00:00Z,391.565,392.53,389.155,391.15,57939,2029,391.154491
TSLA,1H,2026-03-03T18:00:00Z,391.175,394.65,391.14,392.7,61783,2076,393.214018
TSLA,1H,2026-03-03T19:00:00Z,392.9,394.68,391.13,393.64,73864,2332,392.803659
TSLA,1H,2026-03-03T20:00:00Z,393.525,394.41,391.755,392.625,113993,3309,392.702436
TSLA,1H,2026-03-04T13:00:00Z,399.49,400.84,399.49,400.32,343,9,400.414419
TSLA,1H,2026-03-04T14:00:00Z,400.23,403.32,394.63,397.98,149470,2712,400.106791
TSLA,1H,2026-03-04T15:00:00Z,398.32,407.84,398.26,405.13,240017,4566,404.291605
TSLA,1H,2026-03-04T16:00:00Z,405.15,406.94,401.45,406.545,114305,2581,404.560695
TSLA,1H,2026-03-04T17:00:00Z,406.425,407.09,403.41,404.225,72410,1622,405.482837
TSLA,1H,2026-03-04T18:00:00Z,404.2,406.12,403.39,406.11,66604,1505,404.6604
TSLA,1H,2026-03-04T19:00:00Z,406.07,406.83,404.94,405.39,76285,1824,405.862766
TSLA,1H,2026-03-04T20:00:00Z,405.555,408.32,404.75,405.96,146336,3607,406.474333
TSLA,1H,2026-03-04T21:00:00Z,405.78,405.81,404.97,404.97,347,19,405.540793
TSLA,1H,2026-03-05T13:00:00Z,403.83,403.83,402.41,402.41,2070,33,403.196955
TSLA,1H,2026-03-05T14:00:00Z,402,407.07,400.3,406.58,97098,1873,404.373895
TSLA,1H,2026-03-05T15:00:00Z,406.5,407.38,401.84,405.67,115163,2311,405.150572
TSLA,1H,2026-03-05T16:00:00Z,405.955,407.41,404.22,407.08,56929,1193,405.881982
TSLA,1H,2026-03-05T17:00:00Z,406.99,408.61,400.81,401.15,73086,1637,403.355088
TSLA,1H,2026-03-05T18:00:00Z,401.16,402.92,399.58,401.35,58499,1363,401.0869
TSLA,1H,2026-03-05T19:00:00Z,401.28,402.755,399.89,400.465,41168,995,401.120108
TSLA,1H,2026-03-05T20:00:00Z,400.41,405.88,400.28,405.59,121084,2913,403.856802
TSLA,1H,2026-03-05T21:00:00Z,405.06,405.3,404.46,404.46,477,24,404.904
TSLA,1H,2026-03-06T13:00:00Z,402.54,402.71,399.35,399.38,1950,36,400.537944
TSLA,1H,2026-03-06T14:00:00Z,398.33,398.33,394.25,396.24,103864,2461,395.830863
TSLA,1H,2026-03-06T15:00:00Z,396.06,399,395.435,398.325,113267,2829,397.491302
TSLA,1H,2026-03-06T16:00:00Z,398.35,401.34,397.7,399.73,83061,1842,399.355491
TSLA,1H,2026-03-06T17:00:00Z,399.595,400.065,397.41,398.32,53584,1291,398.825756
TSLA,1H,2026-03-06T18:00:00Z,398.31,402.325,397.96,398.56,50042,1313,400.624927
TSLA,1H,2026-03-06T19:00:00Z,398.68,400.23,398.33,400.04,29679,885,399.213832
TSLA,1H,2026-03-06T20:00:00Z,400.055,400.8,396.24,396.63,161214,3654,397.530844
TSLA,1H,2026-03-06T21:00:00Z,396.12,396.33,396.09,396.33,254,11,396.18
TSLA,1H,2026-03-09T12:00:00Z,389.7,390.05,389.7,390.05,275,4,389.943818
TSLA,1H,2026-03-09T13:00:00Z,389.915,392.94,383.16,384.77,167942,2764,386.715048
TSLA,1H,2026-03-09T14:00:00Z,384.48,386.33,381.42,385.67,131592,3100,384.198077
TSLA,1H,2026-03-09T15:00:00Z,385.88,389.91,385.88,389.53,74035,2002,387.883371
TSLA,1H,2026-03-09T16:00:00Z,389.56,390.975,388.24,390.06,57743,1315,389.9024
TSLA,1H,2026-03-09T17:00:00Z,390.01,390.615,388.55,390.11,53175,1311,389.562427
TSLA,1H,2026-03-09T18:00:00Z,390.08,393.71,389.67,392.355,63298,1635,391.581117
TSLA,1H,2026-03-09T19:00:00Z,392.285,401.535,391.74,398.63,182417,4469,398.091788
TSLA,1H,2026-03-09T20:00:00Z,398.1,398.1,398.1,398.1,40,1,398.1
TSLA,1H,2026-03-10T12:00:00Z,399.75,401.13,399.75,401.13,340,10,400.266667
TSLA,1H,2026-03-10T13:00:00Z,401.22,406.545,401.22,405.99,96939,2005,404.096205
TSLA,1H,2026-03-10T14:00:00Z,406.02,406.23,400.9,404.76,107259,2210,402.901454
TSLA,1H,2026-03-10T15:00:00Z,404.75,406.09,401.89,402.74,94323,2051,403.900461
TSLA,1H,2026-03-10T16:00:00Z,402.53,403.69,400.97,403.57,64989,1682,402.503165
TSLA,1H,2026-03-10T17:00:00Z,403.48,404.135,401.13,402.07,63197,1412,402.737929
TSLA,1H,2026-03-10T18:00:00Z,402.06,402.3,398.23,400.615,91871,2220,400.479573
TSLA,1H,2026-03-10T19:00:00Z,400.76,401.83,398.28,399.19,96107,2440,399.63806
TSLA,1H,2026-03-11T12:00:00Z,400.38,400.38,400.38,400.38,100,3,400.38
TSLA,1H,2026-03-11T13:00:00Z,400.68,412.395,400.62,412.37,173645,4035,409.040602
TSLA,1H,2026-03-11T14:00:00Z,412.5,416.26,409.65,410.48,189343,4182,412.794641
TSLA,1H,2026-03-11T15:00:00Z,410.61,411.5,406.4,407.04,102586,2284,408.878819
TSLA,1H,2026-03-11T16:00:00Z,406.84,408.55,406.295,407.345,59409,1139,407.151787
TSLA,1H,2026-03-11T17:00:00Z,407.3,408.285,404.82,405.93,42328,1120,406.484169
TSLA,1H,2026-03-11T18:00:00Z,405.93,406.76,404.03,406.16,41513,953,405.216668
TSLA,1H,2026-03-11T19:00:00Z,406.33,408.22,405.505,407.84,86017,2006,407.144979
TSLA,1H,2026-03-12T12:00:00Z,407.05,407.05,407.05,407.05,60,1,407.05
TSLA,1H,2026-03-12T13:00:00Z,407.52,408.2,400.42,400.845,70001,1873,403.547521
TSLA,1H,2026-03-12T14:00:00Z,400.83,402.35,394.81,395.65,146476,3753,398.219828
TSLA,1H,2026-03-12T15:00:00Z,395.82,399.02,395.4,398.25,80933,2025,396.898656
TSLA,1H,2026-03-12T16:00:00Z,398.31,400.875,397.01,399.73,82196,2057,399.48609
TSLA,1H,2026-03-12T17:00:00Z,399.84,400.95,396.33,397.25,51696,1399,399.332032
TSLA,1H,2026-03-12T18:00:00Z,397.335,398.53,396.78,397.06,65317,1474,397.652435
TSLA,1H,2026-03-12T19:00:00Z,396.98,398.1,395,395.03,121162,3034,396.762159
TSLA,1H,2026-03-12T20:00:00Z,395.38,395.38,395.38,395.38,40,1,395.38
TSLA,1H,2026-03-13T12:00:00Z,399.92,399.92,399.79,399.8,206,5,399.82512
TSLA,1H,2026-03-13T13:00:00Z,399.93,400.33,395.55,398.48,42264,1392,397.710138
TSLA,1H,2026-03-13T14:00:00Z,398.525,399.03,392.42,392.705,78241,2278,395.271664
TSLA,1H,2026-03-13T15:00:00Z,392.565,395.91,392.335,393.5,80796,1880,394.238193
TSLA,1H,2026-03-13T16:00:00Z,393.44,395.93,393.3,394.65,75400,1655,394.697996
TSLA,1H,2026-03-13T17:00:00Z,394.645,395.82,392.5,393.18,45309,1027,394.0676
TSLA,1H,2026-03-13T18:00:00Z,393.19,393.875,392.19,393.12,36778,973,393.012692
TSLA,1H,2026-03-13T19:00:00Z,393.18,393.18,390,391.13,118383,2547,391.259253
TSLA,1H,2026-03-16T12:00:00Z,395.48,396.53,395.48,396.53,4145,118,395.928818
TSLA,1H,2026-03-16T13:00:00Z,396.82,401.04,395.01,400.98,96008,2874,399.074149
TSLA,1H,2026-03-16T14:00:00Z,400.98,403.67,400,400.93,115490,3227,401.736057
TSLA,1H,2026-03-16T15:00:00Z,400.92,401.06,398.31,398.33,54252,1499,400.146782
TSLA,1H,2026-03-16T16:00:00Z,398.275,398.74,396.5,397.4,52044,1303,397.478366
TSLA,1H,2026-03-16T17:00:00Z,397.355,398.29,396.47,396.65,35170,1093,397.340843
TSLA,1H,2026-03-16T18:00:00Z,396.55,398.395,396.55,397.135,35892,1056,397.571042
TSLA,1H,2026-03-16T19:00:00Z,397.17,399.16,394.49,395.64,109864,3016,396.08997
TSLA,1H,2026-03-16T20:00:00Z,395.3,395.5,394.49,394.49,709,17,394.944375
TSLA,1H,2026-03-17T12:00:00Z,395.88,395.88,395.88,395.88,100,3,395.88
TSLA,1H,2026-03-17T13:00:00Z,396.18,397.91,393.06,397.57,56443,1374,396.167157
TSLA,1H,2026-03-17T14:00:00Z,397.9,400.09,396.475,398.905,55772,1505,398.29202
TSLA,1H,2026-03-17T15:00:00Z,398.925,399.32,395.82,397.11,35485,949,397.424226
TSLA,1H,2026-03-17T16:00:00Z,397.05,397.88,395.96,397.37,28356,814,397.180229
TSLA,1H,2026-03-17T17:00:00Z,397.455,399.54,396.94,399.19,30020,747,398.104321
TSLA,1H,2026-03-17T18:00:00Z,399.265,399.63,397.18,397.785,26869,834,398.391957
TSLA,1H,2026-03-17T19:00:00Z,397.775,399.3,397.775,399.275,59525,1632,398.539291
TSLA,1H,2026-03-17T20:00:00Z,399.1,399.1,399.06,399.06,93,3,399.08
TSLA,1H,2026-03-18T12:00:00Z,400.65,400.68,397.21,397.21,483,11,400.116842
TSLA,1H,2026-03-18T13:00:00Z,396.75,403,396.75,402.92,65826,1451,401.328771
TSLA,1H,2026-03-18T14:00:00Z,402.94,402.94,397.61,398.325,73095,1710,399.171531
TSLA,1H,2026-03-18T15:00:00Z,398.295,399.7,397.375,398.27,51073,1257,398.309218
TSLA,1H,2026-03-18T16:00:00Z,398.11,398.47,396.77,397.46,52831,1119,397.73544
TSLA,1H,2026-03-18T17:00:00Z,397.45,398.04,396.23,397.64,54190,1098,397.174459
TSLA,1H,2026-03-18T18:00:00Z,397.735,398.5,394.95,395.01,80193,1585,396.701066
TSLA,1H,2026-03-18T19:00:00Z,394.96,395.92,392.31,392.8,171127,3414,393.743767
TSLA,1H,2026-03-19T12:00:00Z,388.83,388.86,388.83,388.86,103,2,388.84835
TSLA,1H,2026-03-19T13:00:00Z,385.77,387.205,379.75,383.07,188744,3431,382.359564
TSLA,1H,2026-03-19T14:00:00Z,383.02,384.12,379.815,381.3,161829,3897,381.703473
TSLA,1H,2026-03-19T15:00:00Z,381.33,384.2,380.9,382.085,117921,2677,382.465669
TSLA,1H,2026-03-19T16:00:00Z,382.04,383.615,380.86,382.35,100466,2228,382.106323
TSLA,1H,2026-03-19T17:00:00Z,382.33,382.44,380.22,381.51,68863,1549,381.21033
TSLA,1H,2026-03-19T18:00:00Z,381.45,382.85,378.75,381.15,99188,2110,380.716194
TSLA,1H,2026-03-19T19:00:00Z,381.2,384.915,380.06,380.25,203488,4577,382.325023
TSLA,1H,2026-03-20T12:00:00Z,378.47,380.46,378.47,380.46,653,12,379.442391
TSLA,1H,2026-03-20T13:00:00Z,380.63,381.69,370.785,371.17,188199,3491,374.608223
TSLA,1H,2026-03-20T14:00:00Z,371.12,373.62,369.97,372.845,174801,3578,372.165548
TSLA,1H,2026-03-20T15:00:00Z,372.91,376.06,372.625,375.78,132092,2570,374.562131
TSLA,1H,2026-03-20T16:00:00Z,375.75,376.95,373.63,374.62,149539,2647,375.533562
TSLA,1H,2026-03-20T17:00:00Z,374.815,375.02,371.2,371.83,111599,2066,372.717311
TSLA,1H,2026-03-20T18:00:00Z,371.87,371.875,367.765,368.28,150273,2746,369.526357
TSLA,1H,2026-03-20T19:00:00Z,368.48,368.7,364.48,368.025,261437,4742,366.487174
TSLA,1H,2026-03-20T20:00:00Z,368.1,368.1,368.1,368.1,100,2,368.1
TSLA,1H,2026-03-23T12:00:00Z,368.54,371.49,368.2,371.49,1576,20,369.212633
TSLA,1H,2026-03-23T13:00:00Z,371.32,382.36,370.81,381.89,254263,4531,379.184539
TSLA,1H,2026-03-23T14:00:00Z,381.92,384.6,380.72,383.45,339006,5729,382.640203
TSLA,1H,2026-03-23T15:00:00Z,383.405,385.32,378.06,378.36,264655,4232,382.546427
TSLA,1H,2026-03-23T16:00:00Z,378.19,380.4,377.32,378.31,169603,2881,378.649129
TSLA,1H,2026-03-23T17:00:00Z,378.48,380.88,376.47,380.28,120971,2351,378.573006
TSLA,1H,2026-03-23T18:00:00Z,380.255,382.23,379.32,381.81,147363,2430,380.720006
TSLA,1H,2026-03-23T19:00:00Z,381.81,381.9,380.24,380.79,165900,3055,381.149499
TSLA,1H,2026-03-24T12:00:00Z,378.84,379.52,378.42,378.42,260,5,378.871163
TSLA,1H,2026-03-24T13:00:00Z,377.8,386.19,376.31,383.02,147752,2809,383.220178
TSLA,1H,2026-03-24T14:00:00Z,383.03,387.39,382.78,385.73,170394,3551,384.77805
TSLA,1H,2026-03-24T15:00:00Z,385.74,387.2,382.49,382.69,143071,2756,384.620098
TSLA,1H,2026-03-24T16:00:00Z,382.58,384.27,381.76,382.9,71960,1408,383.072503
TSLA,1H,2026-03-24T17:00:00Z,383.02,383.11,379.7,381.39,97439,1791,380.972041
TSLA,1H,2026-03-24T18:00:00Z,381.49,386.435,381.19,384.6,112562,2241,383.696898
TSLA,1H,2026-03-24T19:00:00Z,384.57,385.44,382.36,383.14,162903,3085,383.913527
TSLA,1H,2026-03-24T20:00:00Z,386.19,386.19,385.76,385.76,554,17,385.999847
TSLA,1H,2026-03-25T13:00:00Z,391,396.23,389.42,391.89,154862,2660,393.322037
TSLA,1H,2026-03-25T14:00:00Z,391.98,394.74,390.53,393.21,114748,2305,393.352881
TSLA,1H,2026-03-25T15:00:00Z,393.21,393.51,388.29,388.8,134887,2433,390.673919
TSLA,1H,2026-03-25T16:00:00Z,388.83,390.1,387.65,389.32,90501,1745,388.911555
TSLA,1H,2026-03-25T17:00:00Z,389.34,389.74,387.395,388.25,65410,1228,388.577471
TSLA,1H,2026-03-25T18:00:00Z,388.295,388.86,385.5,386.25,69617,1409,387.326134
TSLA,1H,2026-03-25T19:00:00Z,386.18,386.91,385.01,385.97,115761,2505,385.723431
TSLA,1H,2026-03-26T12:00:00Z,381.52,381.52,380.5,380.57,554,10,381.024504
TSLA,1H,2026-03-26T13:00:00Z,381.14,384.12,379.66,384.12,64767,1508,382.137703
TSLA,1H,2026-03-26T14:00:00Z,384.09,384.29,377.99,379.64,141821,2711,381.08227
TSLA,1H,2026-03-26T15:00:00Z,379.71,381.05,378.935,379.775,97696,1969,379.94133
TSLA,1H,2026-03-26T16:00:00Z,379.47,379.83,376.49,377.66,100024,1918,377.769389
TSLA,1H,2026-03-26T17:00:00Z,377.7,378.08,374.65,374.84,81320,1681,376.469515
TSLA,1H,2026-03-26T18:00:00Z,374.93,375.835,374.295,374.55,103296,2104,375.141848
TSLA,1H,2026-03-26T19:00:00Z,374.395,374.73,371.87,372.035,198465,3603,373.009318
TSLA,1H,2026-03-27T12:00:00Z,369.86,369.86,369.86,369.86,664,24,369.86
TSLA,1H,2026-03-27T13:00:00Z,369.8,369.8,361.41,362.76,150502,2674,364.627048
TSLA,1H,2026-03-27T14:00:00Z,362.235,365.99,362.07,365.345,195972,3274,363.935683
TSLA,1H,2026-03-27T15:00:00Z,365.33,368.27,364.665,366.85,160807,2643,366.770127
TSLA,1H,2026-03-27T16:00:00Z,366.875,366.955,363.24,363.84,107904,1733,364.747774
TSLA,1H,2026-03-27T17:00:00Z,363.85,364.65,359.55,359.69,141069,2278,361.948619
TSLA,1H,2026-03-27T18:00:00Z,359.89,362.08,359.54,360.68,121716,1929,360.659249
TSLA,1H,2026-03-27T19:00:00Z,360.795,362.575,359.5,361.79,222636,3771,361.337608
TSLA,1H,2026-03-30T12:00:00Z,364.39,365.65,364.38,365.65,3822,103,365.045753
TSLA,1H,2026-03-30T13:00:00Z,365.65,367.29,362.15,363.195,154047,2438,363.999753
TSLA,1H,2026-03-30T14:00:00Z,363.075,365.04,360.79,364.39,210133,3057,363.221181
TSLA,1H,2026-03-30T15:00:00Z,364.41,365.41,361.33,363.185,196357,2888,363.280422
TSLA,1H,2026-03-30T16:00:00Z,363.335,363.39,359.61,360.325,169668,2401,361.046218
TSLA,1H,2026-03-30T17:00:00Z,360.405,360.88,356.5,357.32,171154,2372,358.115903
TSLA,1H,2026-03-30T18:00:00Z,357.28,357.37,354.58,354.77,142282,2341,355.891018
TSLA,1H,2026-03-30T19:00:00Z,354.785,355.64,352.14,355.33,366436,6129,353.697088
TSLA,1H,2026-03-31T12:00:00Z,358.81,360.67,358.77,360.67,566,13,359.183797
TSLA,1H,2026-03-31T13:00:00Z,360.02,365.34,360.01,364.18,138797,2664,363.861282
TSLA,1H,2026-03-31T14:00:00Z,364.54,366.03,361.805,362.9,149274,2842,364.093292
TSLA,1H,2026-03-31T15:00:00Z,362.85,365.94,362.6,362.6,99736,1923,364.383898
TSLA,1H,2026-03-31T16:00:00Z,362.46,371.67,362.42,370.275,116971,2405,367.712099
TSLA,1H,2026-03-31T17:00:00Z,370.255,372.7,368.16,368.25,140007,2443,370.811359
TSLA,1H,2026-03-31T18:00:00Z,368.52,373.24,368.42,372.38,112395,2026,371.32782
TSLA,1H,2026-03-31T19:00:00Z,372.4,373.18,370.75,371.7,245835,4685,371.992068
TSLA,1H,2026-04-01T12:00:00Z,380.1,380.52,378.14,378.14,574,8,379.782962
TSLA,1H,2026-04-01T13:00:00Z,377.7,379.05,374.18,374.89,123896,2078,375.857299
TSLA,1H,2026-04-01T14:00:00Z,375.13,381.71,374.295,381.56,218673,3253,378.182977
TSLA,1H,2026-04-01T15:00:00Z,381.6,383.13,380.5,382.35,208998,3126,381.833441
TSLA,1H,2026-04-01T16:00:00Z,382.365,382.695,381.05,381.56,110473,1761,381.824842
TSLA,1H,2026-04-01T17:00:00Z,381.5,382.175,379.62,379.66,62903,1241,381.068627
TSLA,1H,2026-04-01T18:00:00Z,379.69,379.79,377.04,378.83,113367,2009,378.409001
TSLA,1H,2026-04-01T19:00:00Z,378.77,381.51,378.73,381.32,294912,4823,380.647616
TSLA,1H,2026-04-02T12:00:00Z,370.83,371.05,370.45,370.6,781,17,370.706451
TSLA,1H,2026-04-02T13:00:00Z,369.14,369.25,363.53,365.445,269606,4566,366.609664
TSLA,1H,2026-04-02T14:00:00Z,365.51,370,363.82,367.29,338225,6480,366.924576
TSLA,1H,2026-04-02T15:00:00Z,367.29,367.99,364.52,365.445,155880,3207,366.268412
TSLA,1H,2026-04-02T16:00:00Z,365.455,366.445,363.38,364.32,159605,3010,365.04293
TSLA,1H,2026-04-02T17:00:00Z,364.425,366.25,359.63,359.78,341988,4867,362.276087
TSLA,1H,2026-04-02T18:00:00Z,360,360.955,359.16,359.94,289908,4357,360.186625
TSLA,1H,2026-04-02T19:00:00Z,359.9,361.44,359.06,360.47,270503,4256,360.276944
TSLA,1H,2026-04-02T20:00:00Z,360.63,361.04,360.63,361.04,272,9,360.833333
TSLA,1H,2026-04-06T12:00:00Z,364.24,364.25,364.24,364.24,490,7,364.241152
TSLA,1H,2026-04-06T13:00:00Z,362,367.655,361.7,363.55,115044,2520,364.985424
TSLA,1H,2026-04-06T14:00:00Z,363.055,364.48,355.65,355.68,245696,4890,358.474208
TSLA,1H,2026-04-06T15:00:00Z,355.66,356.375,352.17,354.435,256499,4790,353.980138
TSLA,1H,2026-04-06T16:00:00Z,354.32,354.4,349.71,350.145,165814,3452,351.752949
TSLA,1H,2026-04-06T17:00:00Z,350.11,350.23,346.65,347.405,187312,3864,348.097357
TSLA,1H,2026-04-06T18:00:00Z,347.38,351.45,347.13,350.785,166122,3564,349.272639
TSLA,1H,2026-04-06T19:00:00Z,350.92,353.255,350.6,352.75,204754,4470,352.041165
TSLA,1H,2026-04-07T12:00:00Z,347.3,348.77,347.3,348.77,3801,93,348.208321
TSLA,1H,2026-04-07T13:00:00Z,348.15,348.15,342.65,342.85,152938,3150,345.201587
TSLA,1H,2026-04-07T14:00:00Z,342.865,343.18,338.7,338.75,313650,5699,340.709329
TSLA,1H,2026-04-07T15:00:00Z,338.71,339.75,337.29,339.465,295414,5341,338.60802
TSLA,1H,2026-04-07T16:00:00Z,339.49,343.085,339.34,341.78,138150,2420,341.338883
TSLA,1H,2026-04-07T17:00:00Z,341.685,344.495,340.83,343.14,103427,1981,342.402144
TSLA,1H,2026-04-07T18:00:00Z,343.155,343.4,339.19,340.34,92224,1791,341.480223
TSLA,1H,2026-04-07T19:00:00Z,340.34,346.74,339.97,346.67,187734,3990,343.526659
TSLA,1H,2026-04-08T12:00:00Z,363.42,363.82,362.7,363.81,1522,25,363.25344
TSLA,1H,2026-04-08T13:00:00Z,363.86,364.47,352.75,353.055,224469,4024,355.919753
TSLA,1H,2026-04-08T14:00:00Z,353.02,354.26,346.17,348.33,261687,4926,349.841738
TSLA,1H,2026-04-08T15:00:00Z,348.31,348.67,345.23,348.04,123839,2690,346.709879
TSLA,1H,2026-04-08T16:00:00Z,348.08,349.21,345.82,347.82,90271,1958,347.556363
TSLA,1H,2026-04-08T17:00:00Z,348.06,348.55,345.66,346.51,78414,1868,347.063204
TSLA,1H,2026-04-08T18:00:00Z,346.31,347.9,339.93,340.15,140638,2549,343.373635
TSLA,1H,2026-04-08T19:00:00Z,340.12,343.41,339.71,343.41,226495,4429,341.944049
TSLA,1H,2026-04-08T20:00:00Z,343.27,343.27,342.5,342.5,120,3,343.011176
TSLA,1H,2026-04-09T12:00:00Z,342.98,342.98,342.69,342.96,4627,72,342.967755
TSLA,1H,2026-04-09T13:00:00Z,343.3,345.58,337.345,338.83,209092,3753,341.980222
TSLA,1H,2026-04-09T14:00:00Z,338.795,342.665,337.27,341.955,129529,2506,339.132198
TSLA,1H,2026-04-09T15:00:00Z,341.93,345.815,339.875,345.01,95919,2026,342.480176
TSLA,1H,2026-04-09T16:00:00Z,345.08,348.86,345.08,346.93,103961,2293,347.104307
TSLA,1H,2026-04-09T17:00:00Z,346.9,348.79,346.73,347.84,64407,1491,347.91601
TSLA,1H,2026-04-09T18:00:00Z,347.79,347.79,344.84,345.39,43210,1231,346.024912
TSLA,1H,2026-04-09T19:00:00Z,345.595,346.5,344.62,345.725,77075,2181,345.430445
TSLA,1H,2026-04-10T13:00:00Z,346.83,350.3,344.74,347.145,69202,1706,347.264428
TSLA,1H,2026-04-10T14:00:00Z,347.1,348.01,344.77,346.695,90255,2215,346.684439
TSLA,1H,2026-04-10T15:00:00Z,346.84,347.25,343.44,343.98,79355,2036,345.166558
TSLA,1H,2026-04-10T16:00:00Z,344.04,344.95,342.75,343.585,60247,1749,343.846033
TSLA,1H,2026-04-10T17:00:00Z,343.59,346.34,342.96,346.25,56604,1696,344.511945
TSLA,1H,2026-04-10T18:00:00Z,346.265,347.165,345.09,345.985,67294,1870,346.254007
TSLA,1H,2026-04-10T19:00:00Z,346.03,348.99,345.725,348.87,142268,3362,347.640862
TSLA,1H,2026-04-10T20:00:00Z,348.64,348.64,348.64,348.64,53,2,348.64
TSLA,1H,2026-04-13T12:00:00Z,347.13,347.34,347.1,347.34,341,13,347.217273
TSLA,1H,2026-04-13T13:00:00Z,347.43,354.78,347.43,353.94,126305,2409,351.193519
TSLA,1H,2026-04-13T14:00:00Z,353.97,356.32,350.22,352.89,121913,2466,352.965441
TSLA,1H,2026-04-13T15:00:00Z,352.89,352.89,349.765,350.88,79729,1915,350.790551
TSLA,1H,2026-04-13T16:00:00Z,350.93,353.47,350.37,352.89,65896,1663,352.262411
TSLA,1H,2026-04-13T17:00:00Z,353.01,354.68,352.615,352.77,122860,1906,353.69829
TSLA,1H,2026-04-13T18:00:00Z,352.685,353.03,351.25,351.725,46960,1097,352.006928
TSLA,1H,2026-04-13T19:00:00Z,351.75,352.71,350.3,352.465,88159,2249,351.729773
TSLA,1H,2026-04-14T13:00:00Z,357.28,361.295,354.95,358.955,181085,3325,359.174197
TSLA,1H,2026-04-14T14:00:00Z,358.955,364.02,357.87,363.315,147170,3299,361.298869
TSLA,1H,2026-04-14T15:00:00Z,363.14,366.105,360.915,365.59,108655,2456,363.747144
TSLA,1H,2026-04-14T16:00:00Z,365.65,367.605,364.945,365.03,74863,1738,366.243187
TSLA,1H,2026-04-14T17:00:00Z,365.175,366.1,364.405,364.73,50141,1279,365.187664
TSLA,1H,2026-04-14T18:00:00Z,364.76,364.825,362.61,364.18,77042,1716,363.763308
TSLA,1H,2026-04-14T19:00:00Z,364.06,365.68,363.61,364.16,134077,3044,364.398041
TSLA,1H,2026-04-14T20:00:00Z,364.1,364.17,364.1,364.17,274,11,364.14268
TSLA,1H,2026-04-15T12:00:00Z,367.08,367.08,367.08,367.08,63,1,367.08
TSLA,1H,2026-04-15T13:00:00Z,366.72,371.48,362.51,370.52,135714,3145,368.147678
TSLA,1H,2026-04-15T14:00:00Z,370.535,382.12,369.89,381.34,298211,6297,376.531178
TSLA,1H,2026-04-15T15:00:00Z,381.335,394.095,380.225,392.02,473818,11185,388.438625
TSLA,1H,2026-04-15T16:00:00Z,391.92,394.435,386.7,387.59,226645,5452,390.548503
TSLA,1H,2026-04-15T17:00:00Z,387.69,389.77,386.1,388.28,173746,3653,387.565175
TSLA,1H,2026-04-15T18:00:00Z,387.93,391.29,387.26,390.235,118631,3048,389.86483
TSLA,1H,2026-04-15T19:00:00Z,390.31,394.62,389.86,392,297553,6656,392.439683
TSLA,1H,2026-04-15T20:00:00Z,392.12,392.61,392,392.61,2470,36,392.022296
TSLA,1H,2026-04-16T12:00:00Z,396.33,396.33,394.32,394.32,834,17,395.540993
TSLA,1H,2026-04-16T13:00:00Z,394.44,394.44,381.82,382.93,171469,3749,386.730083
TSLA,1H,2026-04-16T14:00:00Z,383.01,387.41,382.48,384.57,108679,2835,385.167176
TSLA,1H,2026-04-16T15:00:00Z,384.63,390.54,384.59,389.745,97242,2684,388.279404
TSLA,1H,2026-04-16T16:00:00Z,389.9,390.57,386.71,388.43,68627,1918,389.149457
TSLA,1H,2026-04-16T17:00:00Z,388.415,389.16,387.33,387.93,56696,1649,388.244426
TSLA,1H,2026-04-16T18:00:00Z,388.04,388.845,385.225,387.995,83399,1963,387.150056
TSLA,1H,2026-04-16T19:00:00Z,388.05,389.99,387.225,388.77,103029,2766,388.693898
TSLA,1H,2026-04-16T20:00:00Z,388.54,388.54,388.22,388.22,90,3,388.38
TSLA,1H,2026-04-17T12:00:00Z,393.74,396.51,393.74,396.51,464,11,395.08
TSLA,1H,2026-04-17T13:00:00Z,396.51,398.98,391.72,393.795,115962,2616,395.294418
TSLA,1H,2026-04-17T14:00:00Z,393.99,406.97,392.88,406.32,204475,4825,400.45542
TSLA,1H,2026-04-17T15:00:00Z,406.37,409.28,404.25,406.22,198978,5262,406.594798
TSLA,1H,2026-04-17T16:00:00Z,406.145,408.35,405.24,405.86,118466,3289,406.447221
TSLA,1H,2026-04-17T17:00:00Z,406.19,406.77,400.585,402.025,134943,3563,402.493331
TSLA,1H,2026-04-17T18:00:00Z,402.2,403,399.485,401.38,135356,3420,401.121916
TSLA,1H,2026-04-17T19:00:00Z,401.515,402.565,399.87,400.65,187374,4912,401.1898
TSLA,1H,2026-04-20T12:00:00Z,398.76,399.39,398.76,399.39,110,3,399.075
TSLA,1H,2026-04-20T13:00:00Z,399.15,406.72,393.82,395.76,156208,3566,400.0744
TSLA,1H,2026-04-20T14:00:00Z,395.78,396.19,390.115,390.375,171799,4222,393.171052
TSLA,1H,2026-04-20T15:00:00Z,390.465,393.31,388.35,390.76,125612,3431,391.092744
TSLA,1H,2026-04-20T16:00:00Z,390.63,393.2,390.41,391.04,60501,1776,392.215219
TSLA,1H,2026-04-20T17:00:00Z,391.05,393.32,390.84,392.08,56319,1720,392.107591
TSLA,1H,2026-04-20T18:00:00Z,392.14,393.31,391.45,391.87,70899,1929,392.498626
TSLA,1H,2026-04-20T19:00:00Z,391.915,393.45,390.52,392.42,152411,4086,392.412524
TSLA,1H,2026-04-20T20:00:00Z,392.49,392.49,392.49,392.49,134,6,392.49
TSLA,1H,2026-04-21T12:00:00Z,396.12,396.3,394.32,394.59,520,12,395.151522
TSLA,1H,2026-04-21T13:00:00Z,394.47,395.07,389.27,392.45,72344,1750,391.336485
TSLA,1H,2026-04-21T14:00:00Z,392.495,393.93,389.86,390.315,84586,1962,391.926513
TSLA,1H,2026-04-21T15:00:00Z,390.43,392.6,387.685,389.71,90386,2292,389.955218
TSLA,1H,2026-04-21T16:00:00Z,389.74,390.44,387.42,388.02,36885,1056,389.177002
TSLA,1H,2026-04-21T17:00:00Z,387.99,389.155,385.32,388.385,88564,2022,386.900828
TSLA,1H,2026-04-21T18:00:00Z,388.53,390.1,387.92,388.715,50586,1418,388.969281
TSLA,1H,2026-04-21T19:00:00Z,388.75,390.5,385.83,386.32,146255,4001,387.987456
TSLA,1H,2026-04-22T13:00:00Z,387.55,392.5,385.39,390.85,100469,2399,389.466586
TSLA,1H,2026-04-22T14:00:00Z,390.905,392.98,390.015,391.33,97492,2759,391.479843
TSLA,1H,2026-04-22T15:00:00Z,391.36,391.78,389.12,391.04,82934,2152,390.585772
TSLA,1H,2026-04-22T16:00:00Z,391.01,391.37,388.62,388.875,81670,2144,390.066486
TSLA,1H,2026-04-22T17:00:00Z,388.96,390.79,388.69,389.07,89813,2161,389.711111
TSLA,1H,2026-04-22T18:00:00Z,388.935,389.54,387.81,388.025,75271,1957,388.785202
TSLA,1H,2026-04-22T19:00:00Z,388.08,389.76,386.82,387.26,227926,5607,388.135345
TSLA,1H,2026-04-22T20:00:00Z,387.18,405.79,387.17,402.91,18119,714,401.964338
TSLA,1H,2026-04-23T12:00:00Z,376.23,376.44,374.37,375.15,719,34,375.335914
TSLA,1H,2026-04-23T13:00:00Z,375.18,385.29,371.26,372.485,280523,5381,378.402254
TSLA,1H,2026-04-23T14:00:00Z,372.31,376.4,368.4,376.025,276761,5596,371.872767
TSLA,1H,2026-04-23T15:00:00Z,376.11,380.895,375.38,380.7,144666,3242,377.704861
TSLA,1H,2026-04-23T16:00:00Z,380.765,380.925,375.87,376.79,105759,2305,378.264274
TSLA,1H,2026-04-23T17:00:00Z,376.84,377.12,369.91,373.65,114959,2750,373.041494
TSLA,1H,2026-04-23T18:00:00Z,373.735,375.135,371.715,372.025,63606,1771,373.909126
TSLA,1H,2026-04-23T19:00:00Z,371.95,374.24,371.845,373.62,129466,3426,373.525106
TSLA,1H,2026-04-24T12:00:00Z,375.39,375.39,375.39,375.39,180,3,375.39
TSLA,1H,2026-04-24T13:00:00Z,375.39,382.56,370.735,375.11,176068,3777,377.975052
TSLA,1H,2026-04-24T14:00:00Z,374.86,377.44,372.27,376.54,140109,3665,374.46726
TSLA,1H,2026-04-24T15:00:00Z,377.095,377.22,373.915,374.54,98513,2836,375.441305
TSLA,1H,2026-04-24T16:00:00Z,374.545,375.65,372.37,374.04,109725,2319,374.057398
TSLA,1H,2026-04-24T17:00:00Z,374.225,377.065,373.82,376.43,74106,1816,375.630168
TSLA,1H,2026-04-24T18:00:00Z,376.49,376.91,375.1,376.17,63912,1663,375.980413
TSLA,1H,2026-04-24T19:00:00Z,376.27,377.8,375.81,376.235,126673,3011,376.781191
TSLA,1H,2026-04-24T20:00:00Z,375.95,375.99,375.95,375.99,138,7,375.97
TSLA,1H,2026-04-27T13:00:00Z,372.08,372.115,365.38,365.73,152513,3480,367.893248
TSLA,1H,2026-04-27T14:00:00Z,365.6,369,364.86,366.09,111253,2981,366.74181
TSLA,1H,2026-04-27T15:00:00Z,366.37,368.19,364.04,368.18,138761,3006,366.085589
TSLA,1H,2026-04-27T16:00:00Z,368.23,373.75,367.93,373.58,122770,2484,371.519895
TSLA,1H,2026-04-27T17:00:00Z,373.89,379.74,373.68,379.605,97511,2398,377.421847
TSLA,1H,2026-04-27T18:00:00Z,379.62,380.73,377.475,378.35,64926,1656,379.064498
TSLA,1H,2026-04-27T19:00:00Z,378.305,380,378.06,378.56,124909,2962,379.165185
TSLA,1H,2026-04-28T12:00:00Z,372.57,373.77,372.57,373.59,474,13,373.174197
TSLA,1H,2026-04-28T13:00:00Z,374.34,379.86,372.59,378.995,139254,3157,377.343989
TSLA,1H,2026-04-28T14:00:00Z,378.88,382.265,373.585,375.74,150339,3689,377.659099
TSLA,1H,2026-04-28T15:00:00Z,375.665,377.01,374.115,375.315,121135,2490,375.173697
TSLA,1H,2026-04-28T16:00:00Z,375.17,377.33,374.605,376.88,61092,1461,375.556721
TSLA,1H,2026-04-28T17:00:00Z,376.93,377.26,375.4,375.84,66011,1218,376.095739
TSLA,1H,2026-04-28T18:00:00Z,376.02,378.41,375.745,377.75,53903,1117,377.253492
TSLA,1H,2026-04-28T19:00:00Z,377.75,378.69,376,376.11,66034,1902,376.90125
TSLA,1H,2026-04-28T20:00:00Z,375.37,376.94,375.37,376.68,1113,32,376.250494
TSLA,1H,2026-04-29T13:00:00Z,376.2,376.28,371.71,374.695,98313,2000,374.510602
TSLA,1H,2026-04-29T14:00:00Z,374.46,374.46,371.335,373.09,104133,2244,372.720739
TSLA,1H,2026-04-29T15:00:00Z,372.95,374.54,370.055,370.94,92769,2278,372.165849
TSLA,1H,2026-04-29T16:00:00Z,370.9,373.39,370.615,372.505,79778,1683,371.699562
TSLA,1H,2026-04-29T17:00:00Z,372.61,373.775,371.86,373.12,38664,1035,372.899949
TSLA,1H,2026-04-29T18:00:00Z,372.68,374.35,370.53,374.24,71541,1793,372.013988
TSLA,1H,2026-04-29T19:00:00Z,374.22,374.78,372.26,372.795,115416,3075,373.187254
TSLA,1H,2026-04-29T20:00:00Z,371.5,372.25,371.22,371.94,1092,28,371.832747
TSLA,1H,2026-04-30T12:00:00Z,374.39,374.4,374.39,374.4,103,2,374.396117
TSLA,1H,2026-04-30T13:00:00Z,374.69,374.69,368.845,369.55,81770,2092,370.418934
TSLA,1H,2026-04-30T14:00:00Z,369.55,376.23,368.285,375.93,88944,2573,371.4545
TSLA,1H,2026-04-30T15:00:00Z,376.295,379.665,376.06,378.07,86954,2438,377.728151
TSLA,1H,2026-04-30T16:00:00Z,378.055,380.03,376.83,377.66,66575,1712,378.334812
TSLA,1H,2026-04-30T17:00:00Z,377.93,379.73,377.93,379.32,42478,1187,378.841783
TSLA,1H,2026-04-30T18:00:00Z,379.69,382.69,379.625,382.345,81867,2386,381.291435
TSLA,1H,2026-04-30T19:00:00Z,382.335,384.715,380.64,381.62,212536,5189,382.263142
TSLA,1H,2026-04-30T20:00:00Z,381.18,381.18,380.59,380.59,226,6,380.791064
TSLA,1H,2026-05-01T12:00:00Z,383.13,383.97,383.13,383.97,271,9,383.659167
TSLA,1H,2026-05-01T13:00:00Z,384.12,386.67,379.62,382.79,98604,2126,383.409622
TSLA,1H,2026-05-01T14:00:00Z,382.985,391.55,382.545,391.27,121203,3019,387.045796
TSLA,1H,2026-05-01T15:00:00Z,391.215,396.47,389.97,394.485,150026,3474,393.351295
TSLA,1H,2026-05-01T16:00:00Z,394.23,396.43,393.35,394.69,98254,2589,394.932667
TSLA,1H,2026-05-01T17:00:00Z,394.805,397.64,393.89,397.64,56428,1467,395.807086
TSLA,1H,2026-05-01T18:00:00Z,397.73,397.73,393.72,394.31,62762,1849,395.554081
TSLA,1H,2026-05-01T19:00:00Z,394.43,395.81,390.165,390.71,192569,4842,392.761362
TSLA,1H,2026-05-01T20:00:00Z,390.78,390.78,390.78,390.78,65,2,390.78
TSLA,1H,2026-05-04T12:00:00Z,390.72,390.72,390.15,390.15,474,9,390.428397
TSLA,1H,2026-05-04T13:00:00Z,391.14,394.19,387.4,393.12,94842,1966,390.795305
TSLA,1H,2026-05-04T14:00:00Z,393.05,394.57,388.545,389.62,98897,2278,391.516698
TSLA,1H,2026-05-04T15:00:00Z,389.37,391.35,385.26,387.17,56130,1581,387.93853
TSLA,1H,2026-05-04T16:00:00Z,387.135,390.04,384.99,389.79,41391,1211,387.325305
TSLA,1H,2026-05-04T17:00:00Z,390.28,394.22,389.865,392.51,58832,1436,392.856078
TSLA,1H,2026-05-04T18:00:00Z,392.15,392.94,390.665,392.74,33593,935,391.717624
TSLA,1H,2026-05-04T19:00:00Z,392.94,393.83,391.89,392.58,78866,2202,392.735436
TSLA,1H,2026-05-04T20:00:00Z,392.49,392.49,392.49,392.49,92,4,392.49
TSLA,1H,2026-05-05T12:00:00Z,395.64,395.85,395.27,395.64,559,10,395.565863
TSLA,1H,2026-05-05T13:00:00Z,396,402,394.15,397.855,121983,2480,399.292976
TSLA,1H,2026-05-05T14:00:00Z,398.16,401.745,392.24,392.28,145798,3652,396.156345
TSLA,1H,2026-05-05T15:00:00Z,392.25,395.35,391.65,392.99,77165,2450,393.245155
TSLA,1H,2026-05-05T16:00:00Z,393.19,394.19,389.09,392.2,73928,2125,391.599029
TSLA,1H,2026-05-05T17:00:00Z,392.29,392.49,391.2,391.205,54921,1739,391.926767
TSLA,1H,2026-05-05T18:00:00Z,391.225,393.05,390.21,391.075,39638,1501,391.781888
TSLA,1H,2026-05-05T19:00:00Z,391.08,392.55,389.22,389.29,92689,2666,391.100104
TSLA,1H,2026-05-06T12:00:00Z,389.94,389.94,389.94,389.94,40,1,389.94
TSLA,1H,2026-05-06T13:00:00Z,389.34,392.03,384.08,389.57,133441,2598,389.00595
TSLA,1H,2026-05-06T14:00:00Z,389.85,394.485,388.985,391.29,141068,3178,392.363856
TSLA,1H,2026-05-06T15:00:00Z,391.17,395.27,391.17,394.57,110461,2515,392.853652
TSLA,1H,2026-05-06T16:00:00Z,394.56,397.98,394.14,397.395,83573,2494,396.168636
TSLA,1H,2026-05-06T17:00:00Z,397.63,399.715,396.67,397.45,85575,2526,398.288018
TSLA,1H,2026-05-06T18:00:00Z,397.59,401.31,397.55,399.195,105947,3172,400.037083
TSLA,1H,2026-05-06T19:00:00Z,399.29,401.66,398.28,398.58,161908,4452,399.836308
TSLA,1H,2026-05-06T20:00:00Z,398.26,398.26,397.25,397.25,858,37,397.699153
TSLA,1H,2026-05-07T12:00:00Z,406.17,406.23,405.72,406.23,3215,50,406.140732
TSLA,1H,2026-05-07T13:00:00Z,405.54,414.32,405.48,413.485,211458,4241,411.438998
TSLA,1H,2026-05-07T14:00:00Z,413.565,415.78,408.83,411.46,148086,3951,412.339205
TSLA,1H,2026-05-07T15:00:00Z,411.37,411.68,407.09,407.45,100709,3009,409.721508
TSLA,1H,2026-05-07T16:00:00Z,407.45,409.605,403.67,408.39,121156,4310,406.889897
TSLA,1H,2026-05-07T17:00:00Z,408.86,409.55,404.49,407.105,103164,3337,406.366921
TSLA,1H,2026-05-07T18:00:00Z,407.32,407.99,402.165,404.4,114714,3567,404.938399
TSLA,1H,2026-05-07T19:00:00Z,404.4,411.9,403.71,411.825,178778,5366,408.1424
TSLA,1H,2026-05-07T20:00:00Z,411.825,413.95,410.14,410.14,1179,37,411.566152
TSLA,1H,2026-05-08T12:00:00Z,416.76,418.14,416.34,416.94,300,8,417.466154
TSLA,1H,2026-05-08T13:00:00Z,415.83,428.395,415.8,428.025,242222,5691,422.210532
TSLA,1H,2026-05-08T14:00:00Z,428.105,429.84,422.89,427.47,240081,5860,426.940108
TSLA,1H,2026-05-08T15:00:00Z,427.46,431.1,427.11,428.78,149951,3962,429.040698
TSLA,1H,2026-05-08T16:00:00Z,428.93,429.5,426.91,427.57,101871,2946,428.182443
TSLA,1H,2026-05-08T17:00:00Z,427.56,428.82,426.37,426.565,81749,2564,427.230784
TSLA,1H,2026-05-08T18:00:00Z,426.54,429.45,425.5,426,111101,3306,427.485728
TSLA,1H,2026-05-08T19:00:00Z,425.96,428.62,424.37,428.31,208644,5752,426.364166
TSLA,1H,2026-05-08T20:00:00Z,427.7,427.7,427.7,427.7,120,1,427.7
TSLA,1H,2026-05-11T12:00:00Z,424.26,424.26,423.9,424.08,208,6,424.08266
TSLA,1H,2026-05-11T13:00:00Z,422.225,425.66,418.71,421.66,124202,3387,421.782747
TSLA,1H,2026-05-11T14:00:00Z,421.83,422.655,416.81,422.655,186799,4868,420.022439
TSLA,1H,2026-05-11T15:00:00Z,422.7,441.64,422.7,437.54,317231,7019,434.164672
TSLA,1H,2026-05-11T16:00:00Z,437.68,443.295,436.275,440.73,133599,3530,439.98476
TSLA,1H,2026-05-11T17:00:00Z,440.69,443.49,437.995,442.27,84692,2474,440.682527
TSLA,1H,2026-05-11T18:00:00Z,442.36,447.55,442.36,444.635,187148,4312,445.613477
TSLA,1H,2026-05-11T19:00:00Z,444.64,449.105,442.6,445.04,274072,6683,446.094156
TSLA,1H,2026-05-11T20:00:00Z,444.77,445.27,444.77,445.27,254,7,444.997273
TSLA,1H,2026-05-12T12:00:00Z,438.63,441.23,438.51,441,1100,25,439.953794
TSLA,1H,2026-05-12T13:00:00Z,439.9,447.7,436.585,437,184279,4133,441.933958
TSLA,1H,2026-05-12T14:00:00Z,437.195,439.4,430.365,430.86,111271,3354,435.304205
TSLA,1H,2026-05-12T15:00:00Z,430.52,432.38,424.645,425.075,124843,3453,428.346997
TSLA,1H,2026-05-12T16:00:00Z,425.3,428.195,422.31,423.01,122832,3252,425.442463
TSLA,1H,2026-05-12T17:00:00Z,423.03,428.61,423.03,427.66,78787,2499,426.514271
TSLA,1H,2026-05-12T18:00:00Z,427.8,431.89,427.655,429.68,62037,1691,429.846936
TSLA,1H,2026-05-12T19:00:00Z,429.93,435.76,429.92,433.455,196357,4663,433.816638
TSLA,1H,2026-05-12T20:00:00Z,431.77,432.72,431.49,431.96,1238,66,432.064842
TSLA,1H,2026-05-13T12:00:00Z,437.55,437.55,435.47,435.47,220,5,437.03
TSLA,1H,2026-05-13T13:00:00Z,435.54,439.66,430.26,433.77,92882,2395,435.596833
TSLA,1H,2026-05-13T14:00:00Z,433.99,448.42,433.77,447.61,199492,5327,443.084279
TSLA,1H,2026-05-13T15:00:00Z,447.66,453.39,446.53,447.23,170433,4373,449.8159
TSLA,1H,2026-05-13T16:00:00Z,447.435,452.255,446.66,448.6,95713,2953,449.776933
TSLA,1H,2026-05-13T17:00:00Z,448.62,450.27,446.96,447.055,65344,2268,448.521961
TSLA,1H,2026-05-13T18:00:00Z,447.09,451.355,445.63,445.87,82446,2674,448.387031
TSLA,1H,2026-05-13T19:00:00Z,446,448.28,443.5,445.325,166014,4652,445.477391
TSLA,1H,2026-05-13T20:00:00Z,445.5,446.19,445.49,446.19,229,15,445.67
TSLA,1H,2026-05-14T12:00:00Z,449.81,450,449.13,449.13,990,15,449.786171
TSLA,1H,2026-05-14T13:00:00Z,448.45,448.45,442.06,442.73,108009,2857,444.320015
TSLA,1H,2026-05-14T14:00:00Z,442.52,446.59,441.21,444.38,100942,3207,443.847326
TSLA,1H,2026-05-14T15:00:00Z,444.51,450,444.13,448.71,108071,2765,448.007808
TSLA,1H,2026-05-14T16:00:00Z,448.87,451.94,446.37,447.69,133352,3119,449.723379
TSLA,1H,2026-05-14T17:00:00Z,447.91,447.97,443.62,446.77,60391,1842,445.44328
TSLA,1H,2026-05-14T18:00:00Z,446.39,446.45,443.45,444.89,41127,1384,444.83917
TSLA,1H,2026-05-14T19:00:00Z,445.33,445.92,442.54,443.21,74986,2454,443.889048
TSLA,1H,2026-05-15T12:00:00Z,431.64,431.64,431.64,431.64,63,1,431.64
TSLA,1H,2026-05-15T13:00:00Z,431.28,434.66,425.12,426.06,124187,2795,428.163034
TSLA,1H,2026-05-15T14:00:00Z,426.14,429.71,425.395,425.555,107635,2806,427.19633
TSLA,1H,2026-05-15T15:00:00Z,425.58,427.625,423.98,425.04,105736,2464,425.715071
TSLA,1H,2026-05-15T16:00:00Z,425.22,425.87,423.45,424.78,72964,2047,424.252955
TSLA,1H,2026-05-15T17:00:00Z,424.73,429.33,424.59,428.41,78611,2193,427.501541
TSLA,1H,2026-05-15T18:00:00Z,428.36,429.14,424.455,425.76,75181,2010,426.399704
TSLA,1H,2026-05-15T19:00:00Z,425.82,425.905,422,422.27,186708,4357,423.500502
TSLA,1H,2026-05-18T12:00:00Z,418.11,419.97,418.11,419.37,5170,146,419.329404
TSLA,1H,2026-05-18T13:00:00Z,419.13,420.64,411.13,416.07,177120,3168,416.052866
TSLA,1H,2026-05-18T14:00:00Z,416.16,418.8,409.38,411.29,189889,3958,413.355767
TSLA,1H,2026-05-18T15:00:00Z,411.14,413.13,407.9,412.14,128695,2631,410.089918
TSLA,1H,2026-05-18T16:00:00Z,412.18,414.58,408.72,411.565,84266,1967,411.6334
TSLA,1H,2026-05-18T17:00:00Z,411.555,411.72,407.72,409.48,109219,2199,409.228893
TSLA,1H,2026-05-18T18:00:00Z,409.245,409.53,405.39,406.15,95296,2443,406.700033
TSLA,1H,2026-05-18T19:00:00Z,406.23,411.24,406.11,409.97,204818,4794,409.583508
TSLA,1H,2026-05-19T13:00:00Z,403.5,404.73,398.69,398.855,150088,3108,401.975743
TSLA,1H,2026-05-19T14:00:00Z,399,399,393.7,396.93,183557,4049,396.597393
TSLA,1H,2026-05-19T15:00:00Z,396.89,398.65,395.55,397.185,102505,2649,397.260767
TSLA,1H,2026-05-19T16:00:00Z,397.38,401.72,396.03,401.665,91985,2000,398.274062
TSLA,1H,2026-05-19T17:00:00Z,401.56,404.07,401.195,403.975,84386,1922,402.837333
TSLA,1H,2026-05-19T18:00:00Z,404.03,405.54,402.31,403.35,81582,1886,404.346611
TSLA,1H,2026-05-19T19:00:00Z,403.245,405.085,402.94,404.17,111312,2807,403.999108
TSLA,1H,2026-05-19T20:00:00Z,403.68,403.92,403.68,403.92,155,2,403.834839
TSLA,1H,2026-05-20T12:00:00Z,408.51,408.95,408.51,408.58,777,21,408.856446
TSLA,1H,2026-05-20T13:00:00Z,407.68,413.85,406.95,409.77,126906,2690,410.846597
TSLA,1H,2026-05-20T14:00:00Z,409.83,412.795,406.49,412.13,98964,2512,409.416753
TSLA,1H,2026-05-20T15:00:00Z,411.95,413.26,409.4,412.515,82556,2071,411.827008
TSLA,1H,2026-05-20T16:00:00Z,412.57,414.175,411.17,412.95,74342,1861,412.694346
TSLA,1H,2026-05-20T17:00:00Z,413.035,415.12,412.5,413.035,69690,1658,413.776343
TSLA,1H,2026-05-20T18:00:00Z,412.965,414.29,411.81,413.885,48571,1309,413.109569
TSLA,1H,2026-05-20T19:00:00Z,413.86,417.45,412.56,417.185,174635,4285,414.998078
TSLA,1H,2026-05-20T20:00:00Z,416.1,417.3,414.75,414.75,1149,28,416.452148
TSLA,1H,2026-05-21T12:00:00Z,422.49,422.49,422.28,422.28,120,4,422.406
TSLA,1H,2026-05-21T13:00:00Z,422.67,426.89,417.63,418.715,146993,2882,422.994355
TSLA,1H,2026-05-21T14:00:00Z,418.61,419.55,412.91,415.74,160143,4230,416.055363
TSLA,1H,2026-05-21T15:00:00Z,416.01,417.95,414.48,417.32,96286,2521,416.577061
TSLA,1H,2026-05-21T16:00:00Z,417.385,418.8,416.2,417.565,77242,2130,417.385127
TSLA,1H,2026-05-21T17:00:00Z,417.69,423.43,417.69,422.4,91619,2369,421.211958
TSLA,1H,2026-05-21T18:00:00Z,422.38,423.44,417,417.91,82490,2041,420.335398
TSLA,1H,2026-05-21T19:00:00Z,418.07,419.99,416.95,417.785,153144,3566,418.451688
TSLA,1H,2026-05-21T20:00:00Z,417.18,417.18,417,417.1,132,6,417.093333
TSLA,1H,2026-05-22T12:00:00Z,420.75,420.93,420.75,420.93,160,3,420.84
TSLA,1H,2026-05-22T13:00:00Z,421.71,427.23,420.6,422.06,83360,1950,423.637219
TSLA,1H,2026-05-22T14:00:00Z,422.22,430.72,421.24,430.44,184196,4582,426.816592
TSLA,1H,2026-05-22T15:00:00Z,430.47,430.745,426.06,429.01,108991,2982,428.212347
TSLA,1H,2026-05-22T16:00:00Z,429.085,431.07,426.42,427.57,89811,2224,428.634614
TSLA,1H,2026-05-22T17:00:00Z,427.61,431.51,426.53,428.11,115406,2916,429.490253
TSLA,1H,2026-05-22T18:00:00Z,428.06,429.81,426.93,429.26,66125,1761,428.305798
TSLA,1H,2026-05-22T19:00:00Z,429.25,429.335,423.95,425.95,140573,3508,426.149674
TSLA,1H,2026-05-22T20:00:00Z,425.76,425.76,425.04,425.04,116,4,425.4
TSLA,1H,2026-05-26T13:00:00Z,430,433.55,427.76,429.88,102403,2578,430.20088
TSLA,1H,2026-05-26T14:00:00Z,430.83,432.86,426.14,430.64,141602,3663,429.622146
TSLA,1H,2026-05-26T15:00:00Z,430.7,434.5,428.5,428.6,111231,3112,432.17245
TSLA,1H,2026-05-26T16:00:00Z,428.53,432.61,427.57,432.12,80543,2233,430.066656
TSLA,1H,2026-05-26T17:00:00Z,431.91,433.73,430.6,432.01,83609,2067,432.251684
TSLA,1H,2026-05-26T18:00:00Z,431.97,435.18,431.38,432.125,78107,2242,433.211394
TSLA,1H,2026-05-26T19:00:00Z,432.21,434.4,429.82,433.53,106936,3071,432.323382
TSLA,1H,2026-05-26T20:00:00Z,433.22,433.35,433.11,433.35,327,10,433.20952
TSLA,1H,2026-05-27T12:00:00Z,442.71,443.69,441.59,442.43,2310,66,442.91078
TSLA,1H,2026-05-27T13:00:00Z,441.68,445.33,437.37,440.72,144422,2721,441.617094
TSLA,1H,2026-05-27T14:00:00Z,440.71,445.56,435.625,441.925,141753,3407,440.705719
TSLA,1H,2026-05-27T15:00:00Z,441.82,443.025,439.105,440.76,117539,2488,440.674505
TSLA,1H,2026-05-27T16:00:00Z,440.82,442.35,439.76,442.145,72538,1786,441.446225
TSLA,1H,2026-05-27T17:00:00Z,442.145,442.985,438.86,441.7,51279,1414,441.376823
TSLA,1H,2026-05-27T18:00:00Z,441.6,441.97,438.92,439.65,50930,1511,440.345122
TSLA,1H,2026-05-27T19:00:00Z,439.69,441.055,438.24,440.435,99258,3214,440.038527
TSLA,1H,2026-05-27T20:00:00Z,440.36,440.36,439.92,440.01,539,15,440.036285
TSLA,1H,2026-05-28T12:00:00Z,434.72,437,434.72,437,213,7,436.08
TSLA,1H,2026-05-28T13:00:00Z,437.69,440.93,436.42,440.93,117994,2523,438.054801
TSLA,1H,2026-05-28T14:00:00Z,440.84,443,437.13,442.935,101803,2760,440.509724
TSLA,1H,2026-05-28T15:00:00Z,442.91,443.115,440.56,441.54,73765,2219,441.677133
TSLA,1H,2026-05-28T16:00:00Z,441.43,442.94,440.72,442.145,40377,1352,441.855148
TSLA,1H,2026-05-28T17:00:00Z,442.17,442.68,441.13,442.33,46547,1448,441.95691
TSLA,1H,2026-05-28T18:00:00Z,442.34,442.8,440.965,442.37,55302,1622,441.826059
TSLA,1H,2026-05-28T19:00:00Z,442.42,443.95,441.335,442.04,119867,3290,442.505064
TSLA,1H,2026-05-28T20:00:00Z,441.68,441.8,441.59,441.8,194,5,441.68
TSLA,1H,2026-05-29T12:00:00Z,439.13,439.43,439.13,439.43,841,21,439.397472
TSLA,1H,2026-05-29T13:00:00Z,440.54,440.54,436.575,436.815,63816,1682,438.112784
TSLA,1H,2026-05-29T14:00:00Z,436.82,437.78,428.32,431.72,173437,3826,431.565717
TSLA,1H,2026-05-29T15:00:00Z,431.87,434.86,431.585,434.79,59971,1677,433.347854
TSLA,1H,2026-05-29T16:00:00Z,434.97,441.06,434.87,437.48,127728,2934,438.331601
TSLA,1H,2026-05-29T17:00:00Z,437.955,438.9,436.965,437.17,36356,1085,437.986602
TSLA,1H,2026-05-29T18:00:00Z,437.29,438.125,435.05,435.05,38942,1301,436.924455
TSLA,1H,2026-05-29T19:00:00Z,435.13,437.24,434.08,435.57,131070,3408,435.505943
TSLA,1H,2026-05-29T20:00:00Z,435.25,435.25,434.76,435.08,924,28,435.021369
TSLA,1H,2026-06-01T13:00:00Z,428.1,429.42,422.8,423.1,100742,2355,425.16956
TSLA,1H,2026-06-01T14:00:00Z,422.955,424.85,418.735,419.4,94949,2761,421.640061
TSLA,1H,2026-06-01T15:00:00Z,419.52,424.075,419.41,421.02,95018,2624,421.517025
TSLA,1H,2026-06-01T16:00:00Z,421.4,422,418.36,420.895,97036,2866,419.902133
TSLA,1H,2026-06-01T17:00:00Z,420.88,421.6,419.53,420.475,47826,1549,420.413712
TSLA,1H,2026-06-01T18:00:00Z,420.405,420.91,419,419.135,40658,1458,419.9417
TSLA,1H,2026-06-01T19:00:00Z,419.08,419.265,415.51,415.54,143303,4235,416.999967
TSLA,1H,2026-06-01T20:00:00Z,415.9,416.75,415.3,415.3,1228,33,416.048427
TSLA,1H,2026-06-02T12:00:00Z,418.17,418.41,418.17,418.41,1461,44,418.371322
TSLA,1H,2026-06-02T13:00:00Z,417.94,419.49,413.72,417.04,95257,2384,415.414259
TSLA,1H,2026-06-02T14:00:00Z,416.77,423.25,415.95,422.92,103278,2581,419.914494
TSLA,1H,2026-06-02T15:00:00Z,422.935,423.435,420.56,421.92,87541,2058,422.147615
TSLA,1H,2026-06-02T16:00:00Z,421.8,422.75,420.115,422.665,42375,1109,421.699307
TSLA,1H,2026-06-02T17:00:00Z,422.55,423.31,420.78,422.37,46814,1068,422.111026
TSLA,1H,2026-06-02T18:00:00Z,422.31,423.03,421.24,421.95,29905,933,421.923043
TSLA,1H,2026-06-02T19:00:00Z,421.97,424.14,419.83,423.76,115986,2943,422.107536
TSLA,1H,2026-06-02T20:00:00Z,423.54,423.54,422.94,422.94,433,12,423.3
TSLA,1H,2026-06-03T12:00:00Z,419.49,419.49,419.49,419.49,80,2,419.49
TSLA,1H,2026-06-03T13:00:00Z,418.47,425.43,416.17,423.05,97344,2275,422.069077
TSLA,1H,2026-06-03T14:00:00Z,422.955,433.51,422.955,432.81,167971,3899,429.545814
TSLA,1H,2026-06-03T15:00:00Z,432.91,433.545,423.61,423.63,96658,2401,428.058268
TSLA,1H,2026-06-03T16:00:00Z,423.715,424.63,420.66,422.005,63023,1997,422.573081
TSLA,1H,2026-06-03T17:00:00Z,422.085,422.675,418.61,422.66,49039,1544,420.46685
TSLA,1H,2026-06-03T18:00:00Z,422.575,424.92,422.22,423.06,52317,1446,423.556986
TSLA,1H,2026-06-03T19:00:00Z,422.79,423.84,421.25,423.84,104148,2623,422.866753
TSLA,1H,2026-06-03T20:00:00Z,423.87,423.87,422.76,422.76,374,13,423.339251
TSLA,1H,2026-06-04T12:00:00Z,421.06,422.56,421.06,422.56,193,8,421.81
TSLA,1H,2026-06-04T13:00:00Z,421.81,426.315,418.135,421.95,136081,3212,423.185678
TSLA,1H,2026-06-04T14:00:00Z,422.1,425.845,417.94,418.52,112023,2843,420.941628
TSLA,1H,2026-06-04T15:00:00Z,418.55,421.53,417.195,418.82,80694,2207,418.922926
TSLA,1H,2026-06-04T16:00:00Z,418.78,420.4,417.72,418.88,50972,1355,419.121066
TSLA,1H,2026-06-04T17:00:00Z,418.65,421.195,418.03,420.09,50452,1370,419.427375
TSLA,1H,2026-06-04T18:00:00Z,419.85,420.32,418.46,419.31,49044,1177,419.661954
TSLA,1H,2026-06-04T19:00:00Z,419.24,420.51,417.79,418.485,105937,2775,419.062943
TSLA,1H,2026-06-04T20:00:00Z,418.02,418.02,417.36,417.36,283,8,417.604615
TSLA,1H,2026-06-05T12:00:00Z,420.21,420.37,419.14,420.05,2626,52,419.618167
TSLA,1H,2026-06-05T13:00:00Z,420.05,424.44,409.77,409.77,92785,2521,415.640591
TSLA,1H,2026-06-05T14:00:00Z,409.71,411.32,405.26,405.44,124807,3574,408.232425
TSLA,1H,2026-06-05T15:00:00Z,405.44,405.94,400.45,401.35,106030,2750,402.370768
TSLA,1H,2026-06-05T16:00:00Z,401.26,401.26,396.29,397.64,121980,2834,398.408352
TSLA,1H,2026-06-05T17:00:00Z,397.5,397.77,394.91,396.15,109266,2787,395.895768
TSLA,1H,2026-06-05T18:00:00Z,396.16,396.16,390.715,391.7,139162,3210,392.260586
TSLA,1H,2026-06-05T19:00:00Z,391.7,393.46,388.64,390.825,298666,6757,390.998916
TSLA,1H,2026-06-05T20:00:00Z,389.9,390.81,389.67,390.81,553,14,390.216337
TSLA,1H,2026-06-08T13:00:00Z,395.95,402.38,395.06,401.25,183118,3894,398.741195
TSLA,1H,2026-06-08T14:00:00Z,401.035,404.37,400.33,403.865,192347,4085,402.29184
TSLA,1H,2026-06-08T15:00:00Z,403.79,404.19,399.41,402.115,127743,3278,402.337478
TSLA,1H,2026-06-08T16:00:00Z,402.11,407.42,401.75,407.04,125501,2798,405.145404
TSLA,1H,2026-06-08T17:00:00Z,406.82,411.81,406.14,409.97,142580,2973,409.056273
TSLA,1H,2026-06-08T18:00:00Z,409.955,412.93,409.905,411.87,150567,3505,411.813471
TSLA,1H,2026-06-08T19:00:00Z,411.83,412.01,407.62,408.95,183422,4796,409.357102
TSLA,1H,2026-06-09T12:00:00Z,413,415,413,415,188,6,414.333333
TSLA,1H,2026-06-09T13:00:00Z,413.95,418.49,410.87,411.5,121555,2897,413.796096
TSLA,1H,2026-06-09T14:00:00Z,411.51,413.84,401.64,402.46,191965,4759,407.392534
TSLA,1H,2026-06-09T15:00:00Z,402.66,402.83,391.79,392.4,139003,3250,396.639101
TSLA,1H,2026-06-09T16:00:00Z,392.32,393.775,384.25,388.165,127069,3134,388.330738
TSLA,1H,2026-06-09T17:00:00Z,388.27,396.03,387.82,395.46,122081,2747,392.028013
TSLA,1H,2026-06-09T18:00:00Z,395.51,397.67,394.78,397.03,96823,2345,396.084323
TSLA,1H,2026-06-09T19:00:00Z,397.125,397.48,394.21,396.56,190816,4449,396.185112
TSLA,1H,2026-06-09T20:00:00Z,396.38,397.24,396.38,397.24,700,10,396.986552
TSLA,1H,2026-06-10T12:00:00Z,390.6,394.86,390.6,394.86,90,3,392.73
TSLA,1H,2026-06-10T13:00:00Z,391.41,397.06,391.17,392.005,191048,4948,393.992199
TSLA,1H,2026-06-10T14:00:00Z,392.145,393.3,384.81,385.33,266107,6672,389.7928
TSLA,1H,2026-06-10T15:00:00Z,385.34,387.605,382.745,386.42,141128,3521,385.100638
TSLA,1H,2026-06-10T16:00:00Z,386.21,386.72,381.35,383.33,95610,2053,384.17094
TSLA,1H,2026-06-10T17:00:00Z,383.4,385.47,382.19,384.92,61104,1583,383.944555
TSLA,1H,2026-06-10T18:00:00Z,384.98,385.55,381.62,381.94,57046,1389,383.577592
TSLA,1H,2026-06-10T19:00:00Z,381.975,383.285,380.16,381.58,191268,4236,381.85422
TSLA,1H,2026-06-10T20:00:00Z,381.63,381.63,381.03,381.21,635,17,381.401053
TSLA,1H,2026-06-11T12:00:00Z,385.86,385.86,385.62,385.62,825,13,385.844085
TSLA,1H,2026-06-11T13:00:00Z,388.31,389,380.75,388.31,124638,2703,384.48135
TSLA,1H,2026-06-11T14:00:00Z,388.36,390.16,383.84,384.655,112992,2591,387.422425
TSLA,1H,2026-06-11T15:00:00Z,384.27,387.21,383.72,386.26,104357,2095,385.935646
TSLA,1H,2026-06-11T16:00:00Z,386.33,387.98,384.43,384.47,84284,1883,386.30331
TSLA,1H,2026-06-11T17:00:00Z,384.455,394.39,383.59,393.27,88363,2204,389.887461
TSLA,1H,2026-06-11T18:00:00Z,393.42,393.975,390.28,393.3,104485,2297,392.401328
TSLA,1H,2026-06-11T19:00:00Z,393.32,399.515,392.64,399.19,247915,5407,397.545201
TSLA,1H,2026-06-11T20:00:00Z,399.15,399.5,397.86,397.89,1259,34,398.804607
TSLA,1H,2026-06-12T12:00:00Z,403.15,403.15,398.76,398.76,1687,40,400.664165
TSLA,1H,2026-06-12T13:00:00Z,399.2,404.2,394.47,394.52,262193,4493,399.209995
TSLA,1H,2026-06-12T14:00:00Z,394.545,398.7,391.91,397.37,234652,4861,395.691757
TSLA,1H,2026-06-12T15:00:00Z,396.89,400.26,388.665,389.35,216727,4054,394.579309
TSLA,1H,2026-06-12T16:00:00Z,389.3,399.19,386.81,399.18,297505,5779,393.706447
TSLA,1H,2026-06-12T17:00:00Z,399.27,405.175,398.78,403.275,231799,4194,401.454256
TSLA,1H,2026-06-12T18:00:00Z,403.2,404.28,399.915,401.17,126611,3103,401.797362
TSLA,1H,2026-06-12T19:00:00Z,401.33,406.66,401.21,406.54,296931,7283,403.582303
TSLA,1H,2026-06-12T20:00:00Z,407.34,407.34,405.54,405.54,566,17,406.456031
TSLA,1H,2026-06-15T12:00:00Z,412.41,412.71,411.93,411.99,421,10,412.253056
TSLA,1H,2026-06-15T13:00:00Z,411.93,416,407.91,411.18,110347,2536,412.415768
TSLA,1H,2026-06-15T14:00:00Z,411.15,412.92,408.1,410.445,125594,3150,410.519204
TSLA,1H,2026-06-15T15:00:00Z,410.4,411.24,407.15,408.92,123742,3300,409.518966
TSLA,1H,2026-06-15T16:00:00Z,408.94,412.2,408.1,408.745,113122,2847,409.823615
TSLA,1H,2026-06-15T17:00:00Z,408.86,411.89,408.74,411.165,86266,2351,410.55559
TSLA,1H,2026-06-15T18:00:00Z,411.2,411.27,409.44,409.59,51765,1460,410.232112
TSLA,1H,2026-06-15T19:00:00Z,409.63,411.22,407.895,411.22,152504,4324,409.595255
TSLA,1H,2026-06-15T20:00:00Z,411.12,411.12,410.25,410.25,140,2,410.871429
TSLA,1H,2026-06-16T12:00:00Z,406.47,406.47,406.47,406.47,40,1,406.47
TSLA,1H,2026-06-16T13:00:00Z,405.4,412.345,400.55,409.85,121853,2500,406.227934
TSLA,1H,2026-06-16T14:00:00Z,409.86,410.335,401.26,406.635,172579,4104,405.413138
TSLA,1H,2026-06-16T15:00:00Z,406.9,411.78,404.5,406.165,135750,3169,407.264202
TSLA,1H,2026-06-16T16:00:00Z,405.98,407.49,403.63,405.09,52973,1166,405.299674
TSLA,1H,2026-06-16T17:00:00Z,405.06,405.46,403.09,404.905,63276,1330,404.576859
TSLA,1H,2026-06-16T18:00:00Z,404.9,405.95,404.39,405.115,71389,1697,405.175041
TSLA,1H,2026-06-16T19:00:00Z,405.125,407.26,403.72,404.73,120885,2942,405.54944
TSLA,1H,2026-06-16T20:00:00Z,403.83,403.83,403.83,403.83,67,2,403.83
TSLA,1H,2026-06-17T12:00:00Z,401.94,401.98,400.8,400.97,1550,47,401.179874
TSLA,1H,2026-06-17T13:00:00Z,401.53,403.48,398.37,398.59,50994,1161,401.26544
TSLA,1H,2026-06-17T14:00:00Z,398.53,402.89,397.67,399.84,90170,2308,399.55216
TSLA,1H,2026-06-17T15:00:00Z,399.61,401.24,397.61,400.975,56617,1467,399.173635
TSLA,1H,2026-06-17T16:00:00Z,401.04,405.05,400.83,403.6,73412,1888,403.409166
TSLA,1H,2026-06-17T17:00:00Z,403.67,405.625,402.92,405.625,47631,1254,404.016683
TSLA,1H,2026-06-17T18:00:00Z,404.93,404.93,398.42,400.68,95254,2243,401.781287
TSLA,1H,2026-06-17T19:00:00Z,400.66,401.54,393.845,396.52,213288,5030,396.756119
TSLA,1H,2026-06-17T20:00:00Z,397.14,397.41,397.14,397.41,334,9,397.186
TSLA,1H,2026-06-18T13:00:00Z,397.98,398.77,386.81,388.62,115822,2403,391.3956
TSLA,1H,2026-06-18T14:00:00Z,388.54,391.99,384.74,388.42,207982,4554,387.789117
TSLA,1H,2026-06-18T15:00:00Z,388.4,391.49,387.455,390.71,153763,3201,389.426321
TSLA,1H,2026-06-18T16:00:00Z,391.05,393.95,390.58,393.63,146613,2779,392.802816
TSLA,1H,2026-06-18T17:00:00Z,393.63,397.15,392.64,395.65,161296,3141,395.459718
TSLA,1H,2026-06-18T18:00:00Z,395.77,396.08,394.155,394.645,109208,1971,395.058678
TSLA,1H,2026-06-18T19:00:00Z,394.54,402.47,393.735,400.49,263061,5278,398.620546
TSLA,1H,2026-06-18T20:00:00Z,399.9,399.9,399.81,399.81,221,6,399.855
TSLA,1H,2026-06-22T12:00:00Z,396.3,396.3,396.3,396.3,50,1,396.3
TSLA,1H,2026-06-22T13:00:00Z,394.15,406.77,394.15,406.77,147825,2547,401.278343
TSLA,1H,2026-06-22T14:00:00Z,406.73,414.63,401.59,404.71,303852,6508,409.491174
TSLA,1H,2026-06-22T15:00:00Z,404.58,411.585,404.31,407.9,166104,3951,409.313702
TSLA,1H,2026-06-22T16:00:00Z,407.98,409.31,406.28,408.195,121141,2688,407.692044
TSLA,1H,2026-06-22T17:00:00Z,408.21,409.51,405.6,407.72,120806,2396,407.612226
TSLA,1H,2026-06-22T18:00:00Z,407.65,408.42,405.79,405.865,91000,2080,407.261378
TSLA,1H,2026-06-22T19:00:00Z,405.91,407.43,403.33,405.05,220745,5422,405.681882
TSLA,1H,2026-06-23T13:00:00Z,392.5,392.62,387,389.025,116742,2359,389.42212
TSLA,1H,2026-06-23T14:00:00Z,389.32,390.17,384.98,386.13,263810,4402,387.571286
TSLA,1H,2026-06-23T15:00:00Z,386.25,386.46,382.07,383.37,302512,4288,383.959783
TSLA,1H,2026-06-23T16:00:00Z,383.38,385.64,382.43,385.18,263426,3591,384.402783
TSLA,1H,2026-06-23T17:00:00Z,385.16,385.8,381.24,381.24,193493,2653,384.405259
TSLA,1H,2026-06-23T18:00:00Z,381.26,382.4,379.09,379.745,244481,3862,380.823723
TSLA,1H,2026-06-23T19:00:00Z,379.72,382.58,379.63,381.535,415326,6649,381.459041
TSLA,1H,2026-06-24T13:00:00Z,381.23,384.525,378.9,381.12,67141,1808,382.708253
TSLA,1H,2026-06-24T14:00:00Z,381.5,383.515,379.575,383.37,91892,2358,381.49484
TSLA,1H,2026-06-24T15:00:00Z,383.485,384.33,380.47,380.53,91006,2679,382.559936
TSLA,1H,2026-06-24T16:00:00Z,380.41,381.91,377.87,378.52,71197,1969,379.862294
TSLA,1H,2026-06-24T17:00:00Z,378.465,379.22,374.23,374.59,116481,3073,375.794959
TSLA,1H,2026-06-24T18:00:00Z,374.595,377.57,373.68,374,107179,2874,375.416817
TSLA,1H,2026-06-24T19:00:00Z,374.225,377.38,373.095,375.36,183677,4279,375.591311
TSLA,1H,2026-06-24T20:00:00Z,376.42,377.82,376.42,377.02,1185,45,377.335782
TSLA,1H,2026-06-25T13:00:00Z,375.08,379.01,371.43,371.43,74703,1837,374.302931
TSLA,1H,2026-06-25T14:00:00Z,371.825,378.07,371.825,374.62,87039,2090,376.261706
TSLA,1H,2026-06-25T15:00:00Z,374.77,377.34,372.44,375.54,58647,1610,375.240587
TSLA,1H,2026-06-25T16:00:00Z,375.59,376.62,372.11,373.18,59357,1525,374.439352
TSLA,1H,2026-06-25T17:00:00Z,373.18,375.15,372.87,374.39,51293,1543,374.132111
TSLA,1H,2026-06-25T18:00:00Z,374.43,375.97,372.5,373.92,74451,1754,374.060671
TSLA,1H,2026-06-25T19:00:00Z,373.85,375.19,372.76,375.12,141974,3737,373.989541
TSLA,1H,2026-06-25T20:00:00Z,375.71,375.71,375.7,375.7,3009,83,375.702642
TSLA,1H,2026-06-26T13:00:00Z,369.95,374.66,368.77,374.51,100639,2091,371.938273
TSLA,1H,2026-06-26T14:00:00Z,374.56,379.265,373.95,378.205,124198,2962,377.149333
TSLA,1H,2026-06-26T15:00:00Z,378.395,387.75,378.21,384.92,195212,4936,383.680105
TSLA,1H,2026-06-26T16:00:00Z,385.14,386.03,382.355,385.435,117608,3249,384.386469
TSLA,1H,2026-06-26T17:00:00Z,385.425,387.305,384.455,384.64,121095,2941,385.780039
TSLA,1H,2026-06-26T18:00:00Z,384.66,384.92,379.08,379.88,153631,3057,382.29881
TSLA,1H,2026-06-26T19:00:00Z,379.88,382.8,378.58,379,247814,5675,380.507613
TSLA,1H,2026-06-29T13:00:00Z,382.09,393.95,379.36,391.82,161740,3088,388.356887
TSLA,1H,2026-06-29T14:00:00Z,391.8,398.3,389.23,397.56,182663,4127,394.582967
TSLA,1H,2026-06-29T15:00:00Z,397.64,400.79,395.38,400.595,154430,3464,398.600651
TSLA,1H,2026-06-29T16:00:00Z,400.76,404.89,400.71,403.7,123047,2913,402.857625
TSLA,1H,2026-06-29T17:00:00Z,403.71,410.63,403.25,409.04,140509,3193,408.169752
TSLA,1H,2026-06-29T18:00:00Z,408.98,410.77,408.24,410.33,98640,2295,409.377515
TSLA,1H,2026-06-29T19:00:00Z,410.34,413.25,408.71,411.66,292920,5998,411.946066
TSLA,1H,2026-06-29T20:00:00Z,411.33,411.33,410.46,411,545,18,410.837569
TSLA,1H,2026-06-30T13:00:00Z,406.99,412.57,406.395,412.095,109776,2204,410.638262
TSLA,1H,2026-06-30T14:00:00Z,411.925,416.26,410.99,414.18,139420,2657,414.471553
TSLA,1H,2026-06-30T15:00:00Z,414.38,418,412.72,416.1,71941,1663,415.565298
TSLA,1H,2026-06-30T16:00:00Z,415.76,418.63,415.16,418.01,50264,1090,417.041909
TSLA,1H,2026-06-30T17:00:00Z,418.02,419.47,416.2,417.485,89388,1630,418.292252
TSLA,1H,2026-06-30T18:00:00Z,417.64,422.15,417.605,422.025,124941,2151,419.39814
TSLA,1H,2026-06-30T19:00:00Z,421.945,424.53,420.37,420.37,197906,4693,422.33868
TSLA,1H,2026-06-30T20:00:00Z,419.42,419.54,417.62,417.62,1002,43,418.627253
TSLA,1H,2026-07-01T12:00:00Z,418.54,418.54,418.54,418.54,120,2,418.54
TSLA,1H,2026-07-01T13:00:00Z,423.375,425.12,418.33,422.885,94568,1947,422.228796
TSLA,1H,2026-07-01T14:00:00Z,423.055,428.95,423.005,425.83,197752,3957,426.406303
TSLA,1H,2026-07-01T15:00:00Z,425.78,432.85,425.78,428.425,161166,2913,430.42126
TSLA,1H,2026-07-01T16:00:00Z,428.43,428.68,425.7,426.59,86389,2009,427.618372
TSLA,1H,2026-07-01T17:00:00Z,426.905,427.63,424.92,424.92,79620,1678,426.1722
TSLA,1H,2026-07-01T18:00:00Z,425.035,425.75,423.74,425.75,155134,2632,424.693355
TSLA,1H,2026-07-01T19:00:00Z,425.8,427.24,424.9,425.36,281499,4948,426.145039
TSLA,1H,2026-07-01T20:00:00Z,424.4,424.62,424.39,424.56,1735,23,424.41508
TSLA,1H,2026-07-02T12:00:00Z,430.75,430.75,430.75,430.75,130,6,430.75
TSLA,1H,2026-07-02T13:00:00Z,434.33,435.39,410.89,413.02,193554,3860,417.276184
TSLA,1H,2026-07-02T14:00:00Z,413.055,414.32,395.45,397.76,348277,7220,402.475783
TSLA,1H,2026-07-02T15:00:00Z,397.87,400.77,394.29,398.45,199049,4321,397.398054
TSLA,1H,2026-07-02T16:00:00Z,398.335,398.6,390.31,390.8,187117,3837,393.299182
TSLA,1H,2026-07-02T17:00:00Z,390.74,392.165,389.91,391.375,147545,3037,390.954939
TSLA,1H,2026-07-02T18:00:00Z,391.45,394.44,390.99,392.15,193069,3731,393.086056
TSLA,1H,2026-07-02T19:00:00Z,392.23,394.18,389.34,392.82,322110,6253,391.868216
TSLA,1H,2026-07-02T20:00:00Z,393.09,393.39,393.09,393.39,446,6,393.252385
TSLA,1H,2026-07-06T12:00:00Z,397.77,398.46,397.77,398.46,694,21,397.939245
TSLA,1H,2026-07-06T13:00:00Z,398.8,403.02,390.585,401.46,143466,3172,397.435023
TSLA,1H,2026-07-06T14:00:00Z,401.82,408.14,401.095,407.75,149622,3354,404.609051
TSLA,1H,2026-07-06T15:00:00Z,407.815,414.53,407.735,414.14,223532,3840,411.600852
TSLA,1H,2026-07-06T16:00:00Z,414.14,418.87,414.03,418.22,180338,3814,417.023096
TSLA,1H,2026-07-06T17:00:00Z,418.17,419.51,414.13,414.515,127729,2819,416.505018
TSLA,1H,2026-07-06T18:00:00Z,414.64,417.76,414.24,416.365,82983,1937,416.158134
TSLA,1H,2026-07-06T19:00:00Z,416.5,419.99,415.925,419.79,345771,6369,418.148158
TSLA,1H,2026-07-07T12:00:00Z,417.8,417.8,417.8,417.8,130,6,417.8
TSLA,1H,2026-07-07T13:00:00Z,416.26,419.515,411.11,413.015,123641,2930,414.805903
TSLA,1H,2026-07-07T14:00:00Z,413.09,415.81,407.01,408.89,119682,2866,409.768971
TSLA,1H,2026-07-07T15:00:00Z,408.48,409.305,404.46,407.15,109194,2280,407.045653
TSLA,1H,2026-07-07T16:00:00Z,407.06,410.06,406.68,409.16,66971,1620,407.989922
TSLA,1H,2026-07-07T17:00:00Z,409.06,409.225,405.96,408.155,35858,834,407.256073
TSLA,1H,2026-07-07T18:00:00Z,408.345,408.345,403.33,403.68,59044,1393,405.858649
TSLA,1H,2026-07-07T19:00:00Z,403.73,405.11,401.965,403,163915,4026,403.253979
TSLA,1H,2026-07-07T20:00:00Z,403.47,403.71,403.47,403.71,280,5,403.653908
TSLA,1H,2026-07-08T13:00:00Z,399.375,399.375,393.795,395.82,105406,2292,396.776074
TSLA,1H,2026-07-08T14:00:00Z,395.835,397.535,391.96,392.565,120432,2942,394.328899
TSLA,1H,2026-07-08T15:00:00Z,392.9,393.27,391,392.87,111939,2544,392.135288
TSLA,1H,2026-07-08T16:00:00Z,392.895,394.99,392.88,394.625,61403,1522,393.954342
TSLA,1H,2026-07-08T17:00:00Z,394.595,395.385,392.22,392.265,70367,1671,393.466924
TSLA,1H,2026-07-08T18:00:00Z,392.25,393.24,390.52,391.215,172963,3739,391.604715
TSLA,1H,2026-07-08T19:00:00Z,391.36,396.02,391.275,393.86,307223,5605,393.700856
TSLA,1H,2026-07-08T20:00:00Z,393.03,393.03,392.52,392.91,307,9,392.847273
TSLA,1H,2026-07-09T13:00:00Z,393.82,396.16,390.99,395.3,88944,1971,393.724487
TSLA,1H,2026-07-09T14:00:00Z,395.405,398.41,391.95,395.66,111573,2343,394.718252
TSLA,1H,2026-07-09T15:00:00Z,395.68,400.46,394.56,399.365,92471,1644,397.11563
TSLA,1H,2026-07-09T16:00:00Z,399.45,402.09,398.12,401.76,82202,1685,400.504755
TSLA,1H,2026-07-09T17:00:00Z,401.675,405.4,401.675,404.99,80469,1545,404.183208
TSLA,1H,2026-07-09T18:00:00Z,404.995,407.82,404.34,407.265,94286,1734,406.506846
TSLA,1H,2026-07-09T19:00:00Z,407.075,407.71,403.885,406.51,170554,3611,405.588678
TSLA,1H,2026-07-10T12:00:00Z,408.13,408.13,408.13,408.13,40,1,408.13
TSLA,1H,2026-07-10T13:00:00Z,407.49,412.49,404.96,409.845,104540,1905,409.402146
TSLA,1H,2026-07-10T14:00:00Z,409.65,411.26,402.965,406.8,104778,2298,408.202685
TSLA,1H,2026-07-10T15:00:00Z,406.67,410.545,405.86,409.42,88365,1836,408.249226
TSLA,1H,2026-07-10T16:00:00Z,409.5,413.09,409.5,412.215,110137,2293,411.116816
TSLA,1H,2026-07-10T17:00:00Z,412.19,412.4,408.29,408.6,104875,2245,409.886995
TSLA,1H,2026-07-10T18:00:00Z,408.645,411.15,407.83,408.41,98629,1987,409.314683
TSLA,1H,2026-07-10T19:00:00Z,408.5,410.39,407.235,407.77,161773,3243,409.013746
TSLA,1H,2026-07-10T20:00:00Z,407.29,407.43,407.29,407.43,195,6,407.384731
TSLA,1H,2026-07-13T12:00:00Z,403.48,403.48,403.48,403.48,50,1,403.48
TSLA,1H,2026-07-13T13:00:00Z,404.61,404.61,394.18,395.49,93106,2336,396.774493
TSLA,1H,2026-07-13T14:00:00Z,395.535,399.27,392.87,397.775,141360,3553,396.167311
TSLA,1H,2026-07-13T15:00:00Z,397.845,399.17,394.88,395.54,110300,2728,396.920314
TSLA,1H,2026-07-13T16:00:00Z,395.52,396.03,392.8,393.75,182475,4313,394.216749
TSLA,1H,2026-07-13T17:00:00Z,393.63,395.05,392.51,393.095,101179,2323,393.642363
TSLA,1H,2026-07-13T18:00:00Z,393.145,393.66,392.21,392.5,92543,2058,392.962286
TSLA,1H,2026-07-13T19:00:00Z,392.6,394.91,391.415,394.86,232359,5407,393.040878
TSLA,1H,2026-07-14T12:00:00Z,400.17,400.18,400.17,400.18,270,14,400.173333
TSLA,1H,2026-07-14T13:00:00Z,399.075,400.68,395.25,398.315,61221,1347,398.094926
TSLA,1H,2026-07-14T14:00:00Z,398.42,399.49,396.73,399.19,91818,2033,398.219938
TSLA,1H,2026-07-14T15:00:00Z,398.98,402.22,395.77,396.62,121146,2680,398.958953
TSLA,1H,2026-07-14T16:00:00Z,396.54,398.14,395.42,395.5,67342,1537,396.561559
TSLA,1H,2026-07-14T17:00:00Z,395.485,396.13,394.82,395.73,65959,1582,395.552164
TSLA,1H,2026-07-14T18:00:00Z,395.84,397.035,395.51,396.745,88332,2081,396.36312
TSLA,1H,2026-07-14T19:00:00Z,396.74,397.29,395.25,396.165,130619,3396,396.458473
TSLA,1H,2026-07-15T13:00:00Z,399.36,406.58,397.62,398.51,130116,2289,402.648845
TSLA,1H,2026-07-15T14:00:00Z,398.565,400.35,393.35,395.99,123031,2519,396.905159
TSLA,1H,2026-07-15T15:00:00Z,395.87,397.76,395.19,395.23,54912,1295,396.582067
TSLA,1H,2026-07-15T16:00:00Z,395.325,395.635,390.715,393.43,207895,3673,392.433063
TSLA,1H,2026-07-15T17:00:00Z,393.48,399.27,393.435,398.94,101714,2092,397.048411
TSLA,1H,2026-07-15T18:00:00Z,399.05,399.31,394.6,394.93,77949,1770,396.981771
TSLA,1H,2026-07-15T19:00:00Z,394.945,396.09,394,394.32,139449,2528,394.796235
TSLA,1H,2026-07-16T13:00:00Z,391.75,391.97,385.35,387.005,105817,1796,387.41417
TSLA,1H,2026-07-16T14:00:00Z,387.14,395.27,387.14,394.27,168711,3075,392.504776
TSLA,1H,2026-07-16T15:00:00Z,394.36,394.56,392.06,392.75,71937,1371,393.354913
TSLA,1H,2026-07-16T16:00:00Z,392.665,392.69,387.84,389.07,85428,1609,389.310764
TSLA,1H,2026-07-16T17:00:00Z,388.92,389.37,386.9,388.9,54209,1203,388.209326
TSLA,1H,2026-07-16T18:00:00Z,389.065,391.13,388.65,390.46,74763,1649,390.094895
TSLA,1H,2026-07-16T19:00:00Z,390.38,391.765,389.4,391.025,118551,2690,390.671307
TSLA,1H,2026-07-17T12:00:00Z,382.75,382.75,382.75,382.75,117,3,382.75
TSLA,1H,2026-07-17T13:00:00Z,382.76,382.875,377.27,381.425,106329,2101,379.622299
TSLA,1H,2026-07-17T14:00:00Z,381.355,383.19,378.55,380.21,113513,2525,381.321136
TSLA,1H,2026-07-17T15:00:00Z,380.375,382.87,378.86,382.4,90923,2280,380.524357
TSLA,1H,2026-07-17T16:00:00Z,382.67,385.21,381.5,384.06,116291,2774,383.479007
TSLA,1H,2026-07-17T17:00:00Z,384.23,385.63,381.8,382.4,102639,2099,383.939584
TSLA,1H,2026-07-17T18:00:00Z,382.41,382.76,380.59,381.83,89587,2124,381.658909
TSLA,1H,2026-07-17T19:00:00Z,381.78,383.16,380.68,380.9,139873,3662,381.636929
