symbol,timeframe,timestamp,open,high,low,close,volume,trade_count,vwap
GOOGL,1H,2025-07-18T13:00:00Z,185.66,185.99,184,184.02,232918,2573,184.696018
GOOGL,1H,2025-07-18T14:00:00Z,184.2,184.69,183.2,184.24,189767,2517,183.959417
GOOGL,1H,2025-07-18T15:00:00Z,184.25,185.02,183.93,184.83,120914,1634,184.44498
GOOGL,1H,2025-07-18T16:00:00Z,184.86,184.86,184.15,184.49,97345,1395,184.545828
GOOGL,1H,2025-07-18T17:00:00Z,184.46,184.81,184.25,184.54,56486,902,184.598536
GOOGL,1H,2025-07-18T18:00:00Z,184.55,184.85,183.98,184.07,62166,961,184.401063
GOOGL,1H,2025-07-18T19:00:00Z,184.13,184.62,183.99,184.52,143840,2002,184.342513
GOOGL,1H,2025-07-21T12:00:00Z,186.17,186.17,186.17,186.17,100,1,186.17
GOOGL,1H,2025-07-21T13:00:00Z,185.81,189.24,185.77,188.47,374190,4102,187.983436
GOOGL,1H,2025-07-21T14:00:00Z,188.48,189.29,187.91,188.72,278392,3096,188.705909
GOOGL,1H,2025-07-21T15:00:00Z,188.71,188.85,187.89,187.98,125920,1632,188.476375
GOOGL,1H,2025-07-21T16:00:00Z,187.94,188.85,187.52,188.79,106651,1310,188.048147
GOOGL,1H,2025-07-21T17:00:00Z,188.75,189.1,188.66,188.93,45488,902,188.857904
GOOGL,1H,2025-07-21T18:00:00Z,188.9,189.57,188.85,189.38,64556,1140,189.204969
GOOGL,1H,2025-07-21T19:00:00Z,189.45,189.73,189.07,189.62,273554,3148,189.513531
GOOGL,1H,2025-07-22T12:00:00Z,191.22,191.22,191.2,191.2,245,4,191.21
GOOGL,1H,2025-07-22T13:00:00Z,190.75,190.98,186.93,188.24,240393,2861,188.913481
GOOGL,1H,2025-07-22T14:00:00Z,188.07,189.29,187.66,189.17,190527,2475,188.672908
GOOGL,1H,2025-07-22T15:00:00Z,189.23,189.23,188.3,189.06,121235,1526,188.827267
GOOGL,1H,2025-07-22T16:00:00Z,189.09,189.97,188.78,189.84,270750,2621,189.469675
GOOGL,1H,2025-07-22T17:00:00Z,189.83,190.6,189.79,190.16,117096,1234,190.157963
GOOGL,1H,2025-07-22T18:00:00Z,190.25,191.06,189.69,190.86,165996,1907,190.504665
GOOGL,1H,2025-07-22T19:00:00Z,190.87,191.09,190.53,190.81,336471,3832,190.859376
GOOGL,1H,2025-07-23T12:00:00Z,190.26,190.26,190.21,190.21,290,7,190.235
GOOGL,1H,2025-07-23T13:00:00Z,190.35,191.98,189.07,189.3,195322,1960,189.978915
GOOGL,1H,2025-07-23T14:00:00Z,189.35,189.93,188.67,189.09,293147,3262,189.265248
GOOGL,1H,2025-07-23T15:00:00Z,189.1,189.89,188.94,189.45,184028,2320,189.285867
GOOGL,1H,2025-07-23T16:00:00Z,189.42,189.55,188.69,189,191723,2199,189.049072
GOOGL,1H,2025-07-23T17:00:00Z,188.97,189.82,188.85,189.6,156650,2078,189.353475
GOOGL,1H,2025-07-23T18:00:00Z,189.57,189.96,189.31,189.75,148449,2149,189.692229
GOOGL,1H,2025-07-23T19:00:00Z,189.76,190.31,188.8,189.77,312458,4430,189.859703
GOOGL,1H,2025-07-23T20:00:00Z,193.5,193.5,184.53,187.01,13595,296,186.469556
GOOGL,1H,2025-07-24T12:00:00Z,196.7,196.78,196.7,196.78,405,8,196.74
GOOGL,1H,2025-07-24T13:00:00Z,196.78,197.37,192.25,193,615676,5665,194.834944
GOOGL,1H,2025-07-24T14:00:00Z,192.96,192.99,190.47,192.53,432648,5007,192.00285
GOOGL,1H,2025-07-24T15:00:00Z,192.42,193.83,192.34,192.77,227101,2996,192.933172
GOOGL,1H,2025-07-24T16:00:00Z,192.76,193.1,191.13,191.16,187499,2642,192.060152
GOOGL,1H,2025-07-24T17:00:00Z,191.21,192.92,191.16,192.75,114535,1647,192.293665
GOOGL,1H,2025-07-24T18:00:00Z,192.85,193.63,192.48,192.55,82349,1335,193.013282
GOOGL,1H,2025-07-24T19:00:00Z,192.51,193.01,191.45,191.67,333828,4663,192.118563
GOOGL,1H,2025-07-25T13:00:00Z,191.46,193.78,190.75,192.9,179684,2234,192.760567
GOOGL,1H,2025-07-25T14:00:00Z,192.93,193.41,192.04,192.4,202570,2460,192.689876
GOOGL,1H,2025-07-25T15:00:00Z,192.33,193.37,192.19,192.88,102590,1372,192.820546
GOOGL,1H,2025-07-25T16:00:00Z,192.94,193.07,192.41,192.7,84056,1253,192.774377
GOOGL,1H,2025-07-25T17:00:00Z,192.72,192.81,192.25,192.26,114147,1210,192.577075
GOOGL,1H,2025-07-25T18:00:00Z,192.27,193.33,192.2,192.6,98001,1265,192.812805
GOOGL,1H,2025-07-25T19:00:00Z,192.6,192.97,192.45,192.65,251045,2800,192.653466
GOOGL,1H,2025-07-25T20:00:00Z,192.64,192.64,192.64,192.64,100,1,192.64
GOOGL,1H,2025-07-28T13:00:00Z,193.25,193.44,191.82,192.25,131833,1877,192.512959
GOOGL,1H,2025-07-28T14:00:00Z,192.21,192.34,190.76,191.17,203957,2547,191.290815
GOOGL,1H,2025-07-28T15:00:00Z,191.2,191.49,190.46,190.79,98302,1378,190.847381
GOOGL,1H,2025-07-28T16:00:00Z,190.72,191.45,190.32,191.38,111291,1477,190.799182
GOOGL,1H,2025-07-28T17:00:00Z,191.31,191.68,191.04,191.5,90168,1254,191.46785
GOOGL,1H,2025-07-28T18:00:00Z,191.54,191.87,191.24,191.25,66351,1165,191.537463
GOOGL,1H,2025-07-28T19:00:00Z,191.22,192.09,191.05,192,150681,2312,191.569644
GOOGL,1H,2025-07-29T13:00:00Z,191.5,193.07,191.5,192.08,140620,1943,192.48088
GOOGL,1H,2025-07-29T14:00:00Z,192.08,192.93,191.8,192.85,191117,2202,192.451381
GOOGL,1H,2025-07-29T15:00:00Z,192.78,193.94,192.56,193.7,219891,2496,193.210903
GOOGL,1H,2025-07-29T16:00:00Z,193.71,195.1,193.61,194.96,279504,2519,194.281815
GOOGL,1H,2025-07-29T17:00:00Z,195.01,195.14,194.07,194.39,207368,2326,194.459928
GOOGL,1H,2025-07-29T18:00:00Z,194.37,194.85,194.32,194.6,130628,1844,194.610896
GOOGL,1H,2025-07-29T19:00:00Z,194.63,195.36,194.5,195.17,475032,5060,194.996194
GOOGL,1H,2025-07-30T12:00:00Z,194.74,194.74,194.74,194.74,130,3,194.74
GOOGL,1H,2025-07-30T13:00:00Z,194.38,196.22,194.38,194.56,106497,1616,195.406323
GOOGL,1H,2025-07-30T14:00:00Z,194.49,195.97,194.15,195.58,193260,2362,195.162021
GOOGL,1H,2025-07-30T15:00:00Z,195.59,196.61,195.58,196.59,163051,1887,196.18143
GOOGL,1H,2025-07-30T16:00:00Z,196.57,197.01,196.28,196.63,140926,1517,196.565065
GOOGL,1H,2025-07-30T17:00:00Z,196.62,196.68,195.86,196.36,50103,886,196.370772
GOOGL,1H,2025-07-30T18:00:00Z,196.35,196.77,195.51,195.54,101959,1609,196.416063
GOOGL,1H,2025-07-30T19:00:00Z,195.54,196.09,194.73,196.07,265513,3502,195.487667
GOOGL,1H,2025-07-30T20:00:00Z,195.02,195.02,195.02,195.02,250,1,195.02
GOOGL,1H,2025-07-31T12:00:00Z,195.81,195.81,195.81,195.81,100,1,195.81
GOOGL,1H,2025-07-31T13:00:00Z,195.16,195.32,191.38,192.97,366242,3857,192.759468
GOOGL,1H,2025-07-31T14:00:00Z,192.93,193.96,191.32,191.34,351483,4146,192.563159
GOOGL,1H,2025-07-31T15:00:00Z,191.33,192.78,190.69,192.68,224691,2811,191.597037
GOOGL,1H,2025-07-31T16:00:00Z,192.7,193.4,192.05,192.33,111050,1542,192.893285
GOOGL,1H,2025-07-31T17:00:00Z,192.33,192.54,191.34,191.75,121760,1641,191.929484
GOOGL,1H,2025-07-31T18:00:00Z,191.74,192.01,191.07,191.07,126344,1686,191.586226
GOOGL,1H,2025-07-31T19:00:00Z,191.16,191.58,190.57,191.53,324132,3743,191.185065
GOOGL,1H,2025-08-01T13:00:00Z,187.78,190.19,187.78,188.5,211931,2685,188.959954
GOOGL,1H,2025-08-01T14:00:00Z,188.49,189.47,187.29,188.21,248650,3471,188.48293
GOOGL,1H,2025-08-01T15:00:00Z,188.19,188.78,187.85,188.45,164517,2071,188.235118
GOOGL,1H,2025-08-01T16:00:00Z,188.4,188.87,187.38,187.45,64947,1114,188.232616
GOOGL,1H,2025-08-01T17:00:00Z,187.68,188.46,187.38,188.34,102992,1471,187.956896
GOOGL,1H,2025-08-01T18:00:00Z,188.27,188.79,187.98,188.44,79230,1180,188.401026
GOOGL,1H,2025-08-01T19:00:00Z,188.42,188.76,188.02,188.54,236040,3134,188.432152
GOOGL,1H,2025-08-04T12:00:00Z,189.73,189.83,189.69,189.69,890,14,189.76875
GOOGL,1H,2025-08-04T13:00:00Z,189.77,193.95,189.6,193.71,332550,4483,191.995529
GOOGL,1H,2025-08-04T14:00:00Z,193.72,194.02,192.78,192.97,171408,2243,193.507441
GOOGL,1H,2025-08-04T15:00:00Z,193,193.61,192.29,193.55,182623,2234,192.732782
GOOGL,1H,2025-08-04T16:00:00Z,193.6,193.66,193.2,193.5,93088,1263,193.432668
GOOGL,1H,2025-08-04T17:00:00Z,193.5,193.99,193.39,193.96,90799,1129,193.682757
GOOGL,1H,2025-08-04T18:00:00Z,193.95,194.71,193.87,194.38,111795,1582,194.181538
GOOGL,1H,2025-08-04T19:00:00Z,194.32,194.67,193.71,194.49,301828,3712,194.159357
GOOGL,1H,2025-08-05T13:00:00Z,194.41,197.27,194.15,196.42,211096,2386,196.306019
GOOGL,1H,2025-08-05T14:00:00Z,196.14,196.69,194.46,194.75,206904,2580,195.695145
GOOGL,1H,2025-08-05T15:00:00Z,194.67,195.37,194.46,194.91,95268,1569,194.962299
GOOGL,1H,2025-08-05T16:00:00Z,194.91,195.16,194.13,194.21,83338,1220,194.780853
GOOGL,1H,2025-08-05T17:00:00Z,194.22,194.98,194.16,194.91,58585,963,194.698901
GOOGL,1H,2025-08-05T18:00:00Z,194.91,195.11,193.82,194.15,94878,1374,194.370735
GOOGL,1H,2025-08-05T19:00:00Z,194.1,194.37,193.37,194.1,207889,2663,193.938909
GOOGL,1H,2025-08-06T13:00:00Z,193.93,195.08,193.41,193.41,92078,1322,194.187494
GOOGL,1H,2025-08-06T14:00:00Z,193.5,195.02,193.14,194.91,124464,1655,193.844848
GOOGL,1H,2025-08-06T15:00:00Z,194.9,195.53,194.34,195.43,96584,1534,194.789398
GOOGL,1H,2025-08-06T16:00:00Z,195.42,196.05,195.09,195.57,90056,1337,195.479084
GOOGL,1H,2025-08-06T17:00:00Z,195.63,195.94,195.15,195.82,54300,977,195.633944
GOOGL,1H,2025-08-06T18:00:00Z,195.82,195.91,195.5,195.83,76602,1278,195.724582
GOOGL,1H,2025-08-06T19:00:00Z,195.81,195.9,194.94,195.5,157734,2266,195.485509
GOOGL,1H,2025-08-07T13:00:00Z,196.81,196.92,194.95,195.83,288375,2145,196.311144
GOOGL,1H,2025-08-07T14:00:00Z,195.84,196.81,195.33,196.14,189169,2529,196.009231
GOOGL,1H,2025-08-07T15:00:00Z,196.14,196.23,195.61,196.14,108727,1599,195.88111
GOOGL,1H,2025-08-07T16:00:00Z,196.13,196.39,195.28,195.86,79942,1453,195.95522
GOOGL,1H,2025-08-07T17:00:00Z,195.82,196.02,194.36,194.91,89164,1508,195.007407
GOOGL,1H,2025-08-07T18:00:00Z,194.97,195.04,193.82,194.48,94117,1377,194.1785
GOOGL,1H,2025-08-07T19:00:00Z,194.5,196,194.36,196,151479,2397,195.302933
GOOGL,1H,2025-08-08T12:00:00Z,196.61,196.61,196.61,196.61,100,1,196.61
GOOGL,1H,2025-08-08T13:00:00Z,196.69,199.96,196.66,199.71,251609,3691,198.658195
GOOGL,1H,2025-08-08T14:00:00Z,199.69,201.05,199.57,200.87,347696,4252,200.472364
GOOGL,1H,2025-08-08T15:00:00Z,200.93,202.01,200.38,200.44,289419,3221,201.456606
GOOGL,1H,2025-08-08T16:00:00Z,200.41,201.09,199.87,200.17,141294,1784,200.228787
GOOGL,1H,2025-08-08T17:00:00Z,200.18,200.7,199.84,200.5,90997,1405,200.337331
GOOGL,1H,2025-08-08T18:00:00Z,200.52,200.72,200.06,200.66,61003,992,200.438164
GOOGL,1H,2025-08-08T19:00:00Z,200.66,201.09,200.51,200.87,189057,2405,200.803336
GOOGL,1H,2025-08-11T12:00:00Z,200.43,200.43,200.43,200.43,100,1,200.43
GOOGL,1H,2025-08-11T13:00:00Z,200.51,200.57,198.68,198.99,110971,1816,199.471556
GOOGL,1H,2025-08-11T14:00:00Z,199.02,200.26,198.53,199.95,136788,1905,199.343229
GOOGL,1H,2025-08-11T15:00:00Z,199.94,200.82,199.75,200.55,80593,1264,200.348755
GOOGL,1H,2025-08-11T16:00:00Z,200.5,200.9,200.32,200.45,61587,888,200.599158
GOOGL,1H,2025-08-11T17:00:00Z,200.44,200.72,200.24,200.34,49869,841,200.453737
GOOGL,1H,2025-08-11T18:00:00Z,200.35,200.5,199.85,200.44,91756,1328,200.318663
GOOGL,1H,2025-08-11T19:00:00Z,200.44,200.62,199.99,200.47,157727,2300,200.336614
GOOGL,1H,2025-08-12T13:00:00Z,200.79,203.91,200.71,200.96,155408,2003,202.439177
GOOGL,1H,2025-08-12T14:00:00Z,200.73,202.36,200.03,201.56,120233,1822,201.310462
GOOGL,1H,2025-08-12T15:00:00Z,201.56,202.84,200.93,202.63,185404,2486,202.025275
GOOGL,1H,2025-08-12T16:00:00Z,202.62,203.64,201.89,203.31,99333,1353,203.149008
GOOGL,1H,2025-08-12T17:00:00Z,203.26,203.49,202.82,203.12,61353,1053,203.18932
GOOGL,1H,2025-08-12T18:00:00Z,202.99,203.55,202.92,203.42,65965,1156,203.217584
GOOGL,1H,2025-08-12T19:00:00Z,203.41,203.58,202.67,202.76,229064,2967,203.180406
GOOGL,1H,2025-08-13T12:00:00Z,203.39,203.43,203.39,203.43,240,4,203.41
GOOGL,1H,2025-08-13T13:00:00Z,203.52,203.9,201.98,202.31,85503,1401,203.198704
GOOGL,1H,2025-08-13T14:00:00Z,202.28,202.99,201.65,202.91,90879,1532,202.451166
GOOGL,1H,2025-08-13T15:00:00Z,202.82,203.19,202.16,202.21,114187,1709,202.750144
GOOGL,1H,2025-08-13T16:00:00Z,202.19,202.22,201.58,201.76,72915,1360,201.837785
GOOGL,1H,2025-08-13T17:00:00Z,201.72,202.26,201.72,202.25,54183,1115,202.029915
GOOGL,1H,2025-08-13T18:00:00Z,202.22,202.33,196.96,201.17,241715,2979,200.241975
GOOGL,1H,2025-08-13T19:00:00Z,201.12,201.53,200.9,201.33,130603,2159,201.268591
GOOGL,1H,2025-08-14T13:00:00Z,201.02,202.56,200.86,201.51,96469,1333,201.725482
GOOGL,1H,2025-08-14T14:00:00Z,201.56,202.67,200.68,202.67,127049,1680,201.78643
GOOGL,1H,2025-08-14T15:00:00Z,202.68,203.84,202.46,203.6,102382,1420,203.050626
GOOGL,1H,2025-08-14T16:00:00Z,203.58,203.67,202.89,203.4,65989,1020,203.337086
GOOGL,1H,2025-08-14T17:00:00Z,203.45,203.72,202.62,202.89,63036,947,203.352188
GOOGL,1H,2025-08-14T18:00:00Z,202.82,203,202.2,202.67,56957,904,202.535127
GOOGL,1H,2025-08-14T19:00:00Z,202.65,202.87,202.26,202.37,109569,1781,202.531358
GOOGL,1H,2025-08-14T20:00:00Z,201.87,201.87,201.87,201.87,132,5,201.87
GOOGL,1H,2025-08-15T13:00:00Z,203.22,204.69,202.47,203.58,68326,975,203.767263
GOOGL,1H,2025-08-15T14:00:00Z,203.36,205.83,203.36,205.06,162329,2100,205.259406
GOOGL,1H,2025-08-15T15:00:00Z,205.02,205.21,203.67,203.8,75637,1294,204.299032
GOOGL,1H,2025-08-15T16:00:00Z,203.73,205.5,203.65,205.48,74707,1145,204.620121
GOOGL,1H,2025-08-15T17:00:00Z,205.45,205.76,204.66,204.94,63439,1199,205.340245
GOOGL,1H,2025-08-15T18:00:00Z,205.05,205.45,200.76,205.04,145498,2017,204.068944
GOOGL,1H,2025-08-15T19:00:00Z,204.93,205,203.2,203.34,184014,2572,203.95312
GOOGL,1H,2025-08-18T13:00:00Z,203.65,204.51,202.97,203.55,82575,1028,203.849803
GOOGL,1H,2025-08-18T14:00:00Z,203.65,204.15,202.49,203.12,126554,1699,203.501859
GOOGL,1H,2025-08-18T15:00:00Z,203.12,203.29,202.29,202.48,86567,1178,202.732524
GOOGL,1H,2025-08-18T16:00:00Z,202.5,202.67,201.92,202.07,94236,1263,202.257318
GOOGL,1H,2025-08-18T17:00:00Z,202.06,202.65,202.06,202.36,60114,879,202.363551
GOOGL,1H,2025-08-18T18:00:00Z,202.37,202.66,202.27,202.56,54529,796,202.467882
GOOGL,1H,2025-08-18T19:00:00Z,202.58,203.11,202.49,202.85,140559,2056,202.789029
GOOGL,1H,2025-08-19T13:00:00Z,202.8,202.8,200.37,201.09,114316,1672,201.030502
GOOGL,1H,2025-08-19T14:00:00Z,201.11,202.02,199.57,199.97,151355,2221,200.643843
GOOGL,1H,2025-08-19T15:00:00Z,199.99,200.39,199.89,200.03,105467,1556,200.129128
GOOGL,1H,2025-08-19T16:00:00Z,200.05,200.19,199.41,199.82,115367,1607,199.816352
GOOGL,1H,2025-08-19T17:00:00Z,199.81,200.7,199.73,200.55,105161,1073,200.180142
GOOGL,1H,2025-08-19T18:00:00Z,200.55,200.87,200.25,200.74,91047,1246,200.562542
GOOGL,1H,2025-08-19T19:00:00Z,200.73,201.07,200.44,201.07,188938,2377,200.814098
GOOGL,1H,2025-08-20T13:00:00Z,200.33,200.67,197.04,197.71,105446,1480,198.33751
GOOGL,1H,2025-08-20T14:00:00Z,197.62,198.43,196.22,196.48,158123,2320,197.05924
GOOGL,1H,2025-08-20T15:00:00Z,196.41,198.57,196.13,198.04,143679,1992,197.599035
GOOGL,1H,2025-08-20T16:00:00Z,197.97,199.51,197.91,198.75,92683,1417,199.035321
GOOGL,1H,2025-08-20T17:00:00Z,198.8,199.99,198.8,199.5,77375,1266,199.371005
GOOGL,1H,2025-08-20T18:00:00Z,199.47,199.6,198.74,198.83,85653,1310,199.038946
GOOGL,1H,2025-08-20T19:00:00Z,198.88,199.8,198.7,198.75,231400,2902,199.149313
GOOGL,1H,2025-08-21T13:00:00Z,199.53,200.74,198.98,199.97,74451,1034,199.997338
GOOGL,1H,2025-08-21T14:00:00Z,200.1,201.82,199.72,200.71,119954,1597,200.831364
GOOGL,1H,2025-08-21T15:00:00Z,200.72,200.83,198.99,199.15,108159,1498,199.654567
GOOGL,1H,2025-08-21T16:00:00Z,199.23,199.52,199.02,199.08,72796,1087,199.264272
GOOGL,1H,2025-08-21T17:00:00Z,199.07,199.72,198.98,199.6,76791,1088,199.291365
GOOGL,1H,2025-08-21T18:00:00Z,199.62,199.68,199.1,199.38,57947,951,199.29115
GOOGL,1H,2025-08-21T19:00:00Z,199.36,199.66,199.04,199.21,190517,2360,199.326374
GOOGL,1H,2025-08-22T12:00:00Z,202.09,202.09,202.09,202.09,480,13,202.09
GOOGL,1H,2025-08-22T13:00:00Z,202.04,203.33,200.77,200.89,187748,2477,202.028066
GOOGL,1H,2025-08-22T14:00:00Z,201.05,203.61,200.99,203.23,358365,4249,202.969373
GOOGL,1H,2025-08-22T15:00:00Z,203.25,204.54,203.2,204.03,157398,2201,204.010266
GOOGL,1H,2025-08-22T16:00:00Z,204.03,204.12,203.02,203.25,80737,1310,203.584471
GOOGL,1H,2025-08-22T17:00:00Z,203.22,207.46,203.22,206.96,410109,4682,205.911591
GOOGL,1H,2025-08-22T18:00:00Z,207.06,207.94,206.29,206.32,154755,2171,207.077614
GOOGL,1H,2025-08-22T19:00:00Z,206.34,206.52,204.81,205.47,294818,3820,205.497794
GOOGL,1H,2025-08-25T13:00:00Z,205.84,207.15,204.71,207.15,185879,2432,206.200169
GOOGL,1H,2025-08-25T14:00:00Z,207.19,208.67,206.95,207.96,198582,2643,207.814564
GOOGL,1H,2025-08-25T15:00:00Z,207.96,209.08,206.92,209.05,165526,2108,208.42358
GOOGL,1H,2025-08-25T16:00:00Z,209.02,209.9,208.86,209.61,121011,1677,209.471143
GOOGL,1H,2025-08-25T17:00:00Z,209.67,209.75,208.85,209.15,119221,1472,209.173189
GOOGL,1H,2025-08-25T18:00:00Z,209.14,209.17,208.12,208.29,70692,1193,208.564684
GOOGL,1H,2025-08-25T19:00:00Z,208.3,208.59,207.88,207.9,269112,3372,208.287955
GOOGL,1H,2025-08-26T13:00:00Z,207.19,207.22,205.2,205.95,112154,1372,206.068744
GOOGL,1H,2025-08-26T14:00:00Z,206.03,206.53,205.32,205.33,129194,1742,205.922641
GOOGL,1H,2025-08-26T15:00:00Z,205.37,206.28,205.3,206.23,103808,1533,205.770024
GOOGL,1H,2025-08-26T16:00:00Z,206.28,207.08,206.27,206.76,72860,1198,206.633567
GOOGL,1H,2025-08-26T17:00:00Z,206.76,206.85,206.04,206.17,75320,1324,206.296154
GOOGL,1H,2025-08-26T18:00:00Z,206.17,206.48,206.13,206.14,96062,1456,206.282085
GOOGL,1H,2025-08-26T19:00:00Z,206.08,206.66,205.13,206.58,220576,3133,206.192146
GOOGL,1H,2025-08-27T13:00:00Z,205.51,207.63,205.11,207.37,77761,1234,206.676797
GOOGL,1H,2025-08-27T14:00:00Z,207.32,208.32,207.15,207.71,156149,2013,207.893565
GOOGL,1H,2025-08-27T15:00:00Z,207.74,207.82,205.7,207.36,137750,1890,207.249061
GOOGL,1H,2025-08-27T16:00:00Z,207.34,207.34,206.13,206.91,99604,1318,206.822429
GOOGL,1H,2025-08-27T17:00:00Z,206.92,206.98,206.49,206.7,55311,889,206.705198
GOOGL,1H,2025-08-27T18:00:00Z,206.69,206.95,206.39,206.52,65655,1057,206.638891
GOOGL,1H,2025-08-27T19:00:00Z,206.56,207.37,206.03,206.83,184596,2715,206.856565
GOOGL,1H,2025-08-27T20:00:00Z,206.48,206.48,206.48,206.48,298,8,206.48
GOOGL,1H,2025-08-28T13:00:00Z,206.47,209.47,206.47,209.34,140939,1581,208.679919
GOOGL,1H,2025-08-28T14:00:00Z,209.41,210.55,209.34,210.18,147552,1890,210.055595
GOOGL,1H,2025-08-28T15:00:00Z,210.13,211.22,210.13,210.53,110126,1606,210.693527
GOOGL,1H,2025-08-28T16:00:00Z,210.47,211.55,210.39,210.86,99844,1407,211.052572
GOOGL,1H,2025-08-28T17:00:00Z,210.86,211.54,210.81,211.45,86609,1343,211.240605
GOOGL,1H,2025-08-28T18:00:00Z,211.45,211.55,210.83,211.39,97298,1352,211.221459
GOOGL,1H,2025-08-28T19:00:00Z,211.38,211.58,211.02,211.06,168367,2352,211.32144
GOOGL,1H,2025-08-29T13:00:00Z,209.94,211.7,209.6,210.55,87844,1311,211.052122
GOOGL,1H,2025-08-29T14:00:00Z,210.57,211.8,210.4,210.64,125728,1901,211.051999
GOOGL,1H,2025-08-29T15:00:00Z,210.66,211.48,210.62,210.79,113144,1472,211.079787
GOOGL,1H,2025-08-29T16:00:00Z,210.81,211.75,210.8,211.57,75921,1037,211.342454
GOOGL,1H,2025-08-29T17:00:00Z,211.54,212.61,210.79,211.95,85099,1300,211.296073
GOOGL,1H,2025-08-29T18:00:00Z,211.9,214.03,211.77,213,210379,2570,213.063275
GOOGL,1H,2025-08-29T19:00:00Z,213.01,213.19,211.88,212.41,208266,2802,212.567002
GOOGL,1H,2025-09-02T12:00:00Z,207.78,207.78,207.68,207.68,360,9,207.73
GOOGL,1H,2025-09-02T13:00:00Z,207.71,208.9,207.02,208.35,144623,2113,208.15363
GOOGL,1H,2025-09-02T14:00:00Z,208.49,209.32,206.81,207.49,161643,2280,208.145345
GOOGL,1H,2025-09-02T15:00:00Z,207.48,207.64,205.65,206.21,226541,2592,206.3295
GOOGL,1H,2025-09-02T16:00:00Z,206.23,207.71,206.23,207.65,105049,1404,206.887025
GOOGL,1H,2025-09-02T17:00:00Z,207.7,209.72,207.69,209.51,94557,1351,208.6815
GOOGL,1H,2025-09-02T18:00:00Z,209.51,210.08,208.88,209.39,102629,1524,209.565037
GOOGL,1H,2025-09-02T19:00:00Z,209.47,211.07,209.47,210.75,147898,2754,210.472966
GOOGL,1H,2025-09-02T20:00:00Z,220.78,221.25,218.12,220.96,1141,13,220.377778
GOOGL,1H,2025-09-03T12:00:00Z,225.42,225.42,225.42,225.42,150,3,225.42
GOOGL,1H,2025-09-03T13:00:00Z,225.5,229.27,224.18,229.04,489015,5312,226.998335
GOOGL,1H,2025-09-03T14:00:00Z,228.96,230.17,226.45,228.66,529388,5963,227.972321
GOOGL,1H,2025-09-03T15:00:00Z,228.73,229.82,227.71,227.93,382309,4495,228.687049
GOOGL,1H,2025-09-03T16:00:00Z,227.76,229.62,227.66,229.05,250117,3081,228.978589
GOOGL,1H,2025-09-03T17:00:00Z,229.07,230.38,228.79,229.12,212882,2772,229.504192
GOOGL,1H,2025-09-03T18:00:00Z,229.12,229.12,227.48,228.31,230117,3061,228.154402
GOOGL,1H,2025-09-03T19:00:00Z,228.31,230.54,226.59,229.99,481814,5624,229.142355
GOOGL,1H,2025-09-04T12:00:00Z,228.17,228.17,228.09,228.09,260,5,228.13
GOOGL,1H,2025-09-04T13:00:00Z,228.04,229.6,226.43,226.72,253501,3431,227.686792
GOOGL,1H,2025-09-04T14:00:00Z,226.65,227.36,225.5,227.11,306356,3691,226.37472
GOOGL,1H,2025-09-04T15:00:00Z,227.14,227.48,226.6,227.4,131674,2037,227.161951
GOOGL,1H,2025-09-04T16:00:00Z,227.41,227.85,227.16,227.49,112786,1390,227.492607
GOOGL,1H,2025-09-04T17:00:00Z,227.48,229.21,227.48,229.01,140345,1584,228.516681
GOOGL,1H,2025-09-04T18:00:00Z,229.03,230.56,229.03,230.54,172304,1978,229.847916
GOOGL,1H,2025-09-04T19:00:00Z,230.55,231.7,230.18,231.59,411803,3706,231.138605
GOOGL,1H,2025-09-05T13:00:00Z,231.54,235.08,231.54,234.27,320702,3035,233.667546
GOOGL,1H,2025-09-05T14:00:00Z,234.24,234.39,231.29,231.44,370158,3934,232.480742
GOOGL,1H,2025-09-05T15:00:00Z,231.35,233.96,231.31,233.52,342395,3355,232.901887
GOOGL,1H,2025-09-05T16:00:00Z,233.53,234.36,233.26,233.38,193389,2058,233.894642
GOOGL,1H,2025-09-05T17:00:00Z,233.39,233.78,232.89,233.34,194389,2022,233.356138
GOOGL,1H,2025-09-05T18:00:00Z,233.37,233.62,232.3,232.94,424646,4065,232.998037
GOOGL,1H,2025-09-05T19:00:00Z,232.96,234.76,232.82,234.38,397375,4235,234.15064
GOOGL,1H,2025-09-08T13:00:00Z,235.14,237.64,234.66,236.57,241090,3036,236.298643
GOOGL,1H,2025-09-08T14:00:00Z,236.57,236.87,234.6,235.09,281352,2798,235.947743
GOOGL,1H,2025-09-08T15:00:00Z,235.1,235.55,234.31,235.55,145713,1793,234.916863
GOOGL,1H,2025-09-08T16:00:00Z,235.48,235.52,234.01,234.19,83632,1203,234.621112
GOOGL,1H,2025-09-08T17:00:00Z,234.25,234.25,233.44,233.68,85145,1182,233.841452
GOOGL,1H,2025-09-08T18:00:00Z,233.68,234.28,233.45,233.56,82668,1160,233.874976
GOOGL,1H,2025-09-08T19:00:00Z,233.58,234.06,233.21,233.65,251159,3205,233.614762
GOOGL,1H,2025-09-09T13:00:00Z,233.18,235.34,232.95,234.91,120277,1679,234.266824
GOOGL,1H,2025-09-09T14:00:00Z,235.08,236.39,234.61,236.37,228440,2908,235.567959
GOOGL,1H,2025-09-09T15:00:00Z,236.42,236.44,235.12,235.83,95522,1508,235.813223
GOOGL,1H,2025-09-09T16:00:00Z,235.83,236.92,235.83,236.77,82383,1328,236.371211
GOOGL,1H,2025-09-09T17:00:00Z,236.83,237.95,236.83,237.95,181404,2403,237.44627
GOOGL,1H,2025-09-09T18:00:00Z,237.94,239.48,237.78,239.34,195453,2232,238.496493
GOOGL,1H,2025-09-09T19:00:00Z,239.35,239.99,238.62,239.13,265286,3563,239.227527
GOOGL,1H,2025-09-10T13:00:00Z,238.6,239.51,237.46,238.6,139134,1907,238.277497
GOOGL,1H,2025-09-10T14:00:00Z,238.63,240.87,238.56,239.92,174808,2401,239.843233
GOOGL,1H,2025-09-10T15:00:00Z,239.92,240.73,239.56,240.43,181248,1681,240.106874
GOOGL,1H,2025-09-10T16:00:00Z,240.43,240.97,239.39,240.97,100704,1403,240.111945
GOOGL,1H,2025-09-10T17:00:00Z,241.04,241.18,239.92,240.29,86388,1180,240.526089
GOOGL,1H,2025-09-10T18:00:00Z,240.25,240.33,238.57,238.61,121215,1534,239.218323
GOOGL,1H,2025-09-10T19:00:00Z,238.59,239.75,238.09,238.66,209086,2618,238.974327
GOOGL,1H,2025-09-11T13:00:00Z,239.76,239.8,236.49,238.1,117273,1524,237.447609
GOOGL,1H,2025-09-11T14:00:00Z,238.21,238.21,235.82,237.57,138826,2145,237.536193
GOOGL,1H,2025-09-11T15:00:00Z,237.58,239.2,237.58,238.87,107841,1659,238.694306
GOOGL,1H,2025-09-11T16:00:00Z,238.76,239.61,238.76,239.01,94180,1367,239.264805
GOOGL,1H,2025-09-11T17:00:00Z,239.05,239.79,238.7,239.77,100579,1172,239.259806
GOOGL,1H,2025-09-11T18:00:00Z,239.75,241.22,239.54,241.05,76584,1202,240.518346
GOOGL,1H,2025-09-11T19:00:00Z,241.13,241.76,239.87,239.87,221114,3359,240.76773
GOOGL,1H,2025-09-12T13:00:00Z,240.35,240.35,237.61,238.86,225006,2685,239.109957
GOOGL,1H,2025-09-12T14:00:00Z,238.71,239.57,238.15,239.48,226461,2482,238.722343
GOOGL,1H,2025-09-12T15:00:00Z,239.43,240.22,239.17,240.08,146494,1913,239.62171
GOOGL,1H,2025-09-12T16:00:00Z,240.11,240.92,239.76,240.78,153727,2007,240.212447
GOOGL,1H,2025-09-12T17:00:00Z,240.77,241.6,240.41,241,155529,2006,240.935752
GOOGL,1H,2025-09-12T18:00:00Z,241.02,241.16,240.58,241.11,133852,1788,240.838634
GOOGL,1H,2025-09-12T19:00:00Z,241.13,241.21,240.12,240.28,214711,2872,240.50421
GOOGL,1H,2025-09-15T12:00:00Z,243.34,243.69,243.34,243.69,325,8,243.515
GOOGL,1H,2025-09-15T13:00:00Z,243.91,250.26,243.91,248.64,426774,4997,247.785408
GOOGL,1H,2025-09-15T14:00:00Z,248.79,251.9,248.04,248.2,386266,4293,250.245806
GOOGL,1H,2025-09-15T15:00:00Z,248.25,249.49,247.54,248.68,300305,3055,248.321188
GOOGL,1H,2025-09-15T16:00:00Z,248.57,250.28,247.95,248.47,298766,3338,249.235987
GOOGL,1H,2025-09-15T17:00:00Z,248.45,249.06,247.95,248.41,148179,1721,248.508497
GOOGL,1H,2025-09-15T18:00:00Z,248.41,249.81,248.27,248.54,167220,1901,249.243701
GOOGL,1H,2025-09-15T19:00:00Z,248.59,251.35,248.39,251.11,407072,4925,250.596786
GOOGL,1H,2025-09-16T13:00:00Z,251.63,252.51,248.99,249.31,395429,3793,250.581932
GOOGL,1H,2025-09-16T14:00:00Z,249.42,251.45,249.13,250.44,305849,3371,250.291977
GOOGL,1H,2025-09-16T15:00:00Z,250.47,250.8,250.02,250.18,190164,2193,250.468276
GOOGL,1H,2025-09-16T16:00:00Z,250.15,251.8,250.14,251.48,143810,1675,250.993972
GOOGL,1H,2025-09-16T17:00:00Z,251.54,251.8,251,251.4,80979,1110,251.470557
GOOGL,1H,2025-09-16T18:00:00Z,251.48,251.56,251.02,251.52,86959,1186,251.406773
GOOGL,1H,2025-09-16T19:00:00Z,251.54,251.76,250.57,250.64,367399,3712,251.045076
GOOGL,1H,2025-09-17T13:00:00Z,250.98,251.1,249.35,250.37,233256,2639,250.376978
GOOGL,1H,2025-09-17T14:00:00Z,250.4,250.42,248.04,248.79,185805,2492,249.109853
GOOGL,1H,2025-09-17T15:00:00Z,248.78,248.94,246.95,247.51,187007,2136,247.565553
GOOGL,1H,2025-09-17T16:00:00Z,247.59,248.36,247.28,247.62,70548,1039,247.788945
GOOGL,1H,2025-09-17T17:00:00Z,247.61,247.89,247.03,247.44,53780,890,247.486079
GOOGL,1H,2025-09-17T18:00:00Z,247.76,248.59,245.83,248.25,195654,2728,247.466529
GOOGL,1H,2025-09-17T19:00:00Z,248.26,250.02,248.26,248.97,201264,2507,249.261454
GOOGL,1H,2025-09-18T13:00:00Z,251.14,253.47,250.68,252.81,456554,3750,251.870827
GOOGL,1H,2025-09-18T14:00:00Z,252.84,252.96,250.18,250.49,170719,2284,251.5722
GOOGL,1H,2025-09-18T15:00:00Z,250.49,251.04,249.36,249.43,113718,1734,250.143511
GOOGL,1H,2025-09-18T16:00:00Z,249.4,250.12,249.4,249.55,72178,1184,249.789846
GOOGL,1H,2025-09-18T17:00:00Z,249.58,250.89,249.58,250.76,86691,1117,250.2169
GOOGL,1H,2025-09-18T18:00:00Z,250.67,251.41,250.62,251.13,77027,1090,251.112899
GOOGL,1H,2025-09-18T19:00:00Z,251.13,251.83,250.86,251.55,229346,2937,251.373859
GOOGL,1H,2025-09-19T13:00:00Z,252.47,253.53,251.41,253.1,104054,1354,252.351644
GOOGL,1H,2025-09-19T14:00:00Z,253.08,253.25,251.78,252.32,122713,1554,252.492061
GOOGL,1H,2025-09-19T15:00:00Z,252.32,252.58,251.43,252.45,171954,1851,252.025254
GOOGL,1H,2025-09-19T16:00:00Z,252.46,253.49,252.46,253.15,62247,926,253.064381
GOOGL,1H,2025-09-19T17:00:00Z,253.17,254.08,252.99,253.87,85071,1526,253.651446
GOOGL,1H,2025-09-19T18:00:00Z,253.84,254.43,253.39,254.42,138690,1754,254.058942
GOOGL,1H,2025-09-19T19:00:00Z,254.43,255.5,253.78,254.15,271171,3597,254.747571
GOOGL,1H,2025-09-22T13:00:00Z,252.76,255.27,252.45,253.12,120419,1344,253.39424
GOOGL,1H,2025-09-22T14:00:00Z,253.15,254.45,252.9,254.26,91792,1085,253.950837
GOOGL,1H,2025-09-22T15:00:00Z,254.26,254.43,249.98,252.31,173118,1726,252.429888
GOOGL,1H,2025-09-22T16:00:00Z,252.28,252.31,250.26,250.7,113765,1656,251.326431
GOOGL,1H,2025-09-22T17:00:00Z,250.68,251.24,250.48,251.23,90666,1405,250.826673
GOOGL,1H,2025-09-22T18:00:00Z,251.22,252.49,251.13,251.32,94320,1369,251.998168
GOOGL,1H,2025-09-22T19:00:00Z,251.37,252.26,250.63,252.04,243336,3470,251.373337
GOOGL,1H,2025-09-23T13:00:00Z,252.77,253.79,250.71,251.71,214132,2047,252.409914
GOOGL,1H,2025-09-23T14:00:00Z,251.71,252.31,250.68,250.69,167313,2081,251.526387
GOOGL,1H,2025-09-23T15:00:00Z,250.71,253.12,250.44,253.12,243263,2345,252.175548
GOOGL,1H,2025-09-23T16:00:00Z,253.12,253.29,252.03,252.74,141212,1491,252.622126
GOOGL,1H,2025-09-23T17:00:00Z,252.71,252.98,250.01,251.28,232126,2211,251.884012
GOOGL,1H,2025-09-23T18:00:00Z,251.33,251.47,250.43,250.48,158029,1664,251.044073
GOOGL,1H,2025-09-23T19:00:00Z,250.45,251.27,250.13,251.18,181688,2527,250.857751
GOOGL,1H,2025-09-24T12:00:00Z,251.43,251.43,251.43,251.43,100,1,251.43
GOOGL,1H,2025-09-24T13:00:00Z,251.12,251.77,247.63,248.33,142041,1917,248.914866
GOOGL,1H,2025-09-24T14:00:00Z,248.2,249.69,248.2,249.33,145882,3422,248.854929
GOOGL,1H,2025-09-24T15:00:00Z,249.29,249.47,247.45,247.48,112948,1449,248.667401
GOOGL,1H,2025-09-24T16:00:00Z,247.5,248.28,246.56,247.76,125451,1583,247.567291
GOOGL,1H,2025-09-24T17:00:00Z,247.76,248.29,246.01,247.5,107043,1366,247.765946
GOOGL,1H,2025-09-24T18:00:00Z,247.46,247.49,246.45,247.29,101695,1400,247.004301
GOOGL,1H,2025-09-24T19:00:00Z,247.32,247.71,246.18,246.61,147387,2153,246.76339
GOOGL,1H,2025-09-25T12:00:00Z,243,243,243,243,190,4,243
GOOGL,1H,2025-09-25T13:00:00Z,242.9,243.69,240.39,242.19,312955,3769,241.533456
GOOGL,1H,2025-09-25T14:00:00Z,242.24,245.8,241.73,245.35,353860,3994,243.989139
GOOGL,1H,2025-09-25T15:00:00Z,245.32,246,244.34,245.48,171210,2434,245.161715
GOOGL,1H,2025-09-25T16:00:00Z,245.4,245.82,244.47,244.74,107227,1542,245.030242
GOOGL,1H,2025-09-25T17:00:00Z,244.76,245.5,243.47,243.51,179929,3330,244.404046
GOOGL,1H,2025-09-25T18:00:00Z,243.49,245.61,243.26,245.57,124067,1776,244.589905
GOOGL,1H,2025-09-25T19:00:00Z,245.6,245.85,244.39,245.24,154947,2342,245.170374
GOOGL,1H,2025-09-26T13:00:00Z,246.68,248.7,246.08,246.83,62660,1009,247.265543
GOOGL,1H,2025-09-26T14:00:00Z,246.68,247.16,245.62,245.97,107294,1595,246.459587
GOOGL,1H,2025-09-26T15:00:00Z,246.04,246.58,245.61,245.65,49088,911,246.094631
GOOGL,1H,2025-09-26T16:00:00Z,245.67,247.04,245.56,247.04,60298,976,246.488809
GOOGL,1H,2025-09-26T17:00:00Z,247.02,247.46,246.1,246.34,59700,1034,246.977459
GOOGL,1H,2025-09-26T18:00:00Z,246.35,246.63,245.83,246.62,59325,985,246.296481
GOOGL,1H,2025-09-26T19:00:00Z,246.64,246.74,245.52,245.97,90642,1448,246.029142
GOOGL,1H,2025-09-29T13:00:00Z,247.52,250.61,246.8,249.36,108339,1398,249.018402
GOOGL,1H,2025-09-29T14:00:00Z,249.31,250.31,247.31,247.46,137663,1883,248.78049
GOOGL,1H,2025-09-29T15:00:00Z,247.51,248.04,247,247.77,136451,1792,247.570435
GOOGL,1H,2025-09-29T16:00:00Z,247.8,248.07,247.15,247.17,104489,1484,247.632696
GOOGL,1H,2025-09-29T17:00:00Z,247.16,247.16,243.76,244.2,263892,3283,244.865092
GOOGL,1H,2025-09-29T18:00:00Z,244.31,245.17,244.31,244.48,92763,1426,244.814227
GOOGL,1H,2025-09-29T19:00:00Z,244.44,244.44,242.31,243.65,257177,3405,243.068732
GOOGL,1H,2025-09-30T13:00:00Z,242.65,242.73,238.81,240.25,229419,2828,240.225079
GOOGL,1H,2025-09-30T14:00:00Z,240.19,240.79,238.98,240.76,205579,2680,240.1675
GOOGL,1H,2025-09-30T15:00:00Z,240.85,241.08,239.07,240.94,151040,2169,240.179786
GOOGL,1H,2025-09-30T16:00:00Z,240.97,241.24,240.63,241.16,113122,1495,240.873656
GOOGL,1H,2025-09-30T17:00:00Z,241.15,241.53,240.32,240.41,100485,1409,240.901724
GOOGL,1H,2025-09-30T18:00:00Z,240.38,241.36,240.33,240.85,112121,1482,240.802046
GOOGL,1H,2025-09-30T19:00:00Z,240.78,242.79,240.78,242.62,271378,3664,242.150274
GOOGL,1H,2025-10-01T13:00:00Z,239.87,241.41,238.19,239.99,308980,3183,239.786746
GOOGL,1H,2025-10-01T14:00:00Z,239.98,240.56,239.37,240,159795,2224,240.003264
GOOGL,1H,2025-10-01T15:00:00Z,240.01,242.24,239.79,241.93,120118,1601,240.689723
GOOGL,1H,2025-10-01T16:00:00Z,241.95,243.45,241.95,243.41,113014,1535,242.837196
GOOGL,1H,2025-10-01T17:00:00Z,243.47,243.75,242.75,243.56,82632,1323,243.378146
GOOGL,1H,2025-10-01T18:00:00Z,243.64,245.01,243.41,244.84,129030,1834,244.442811
GOOGL,1H,2025-10-01T19:00:00Z,244.75,245.78,244.14,244.38,248513,3446,245.068129
GOOGL,1H,2025-10-02T13:00:00Z,244.65,245.88,243.49,245.19,156730,1958,244.397239
GOOGL,1H,2025-10-02T14:00:00Z,245.17,246.33,241.9,242.85,193486,2829,244.198623
GOOGL,1H,2025-10-02T15:00:00Z,242.89,244.05,242.74,244.02,114993,1688,243.367363
GOOGL,1H,2025-10-02T16:00:00Z,243.97,244.06,242.83,242.91,76926,1236,243.487754
GOOGL,1H,2025-10-02T17:00:00Z,242.89,243.56,242.63,243.51,56602,1003,243.129881
GOOGL,1H,2025-10-02T18:00:00Z,243.54,244.22,243.45,244.19,72764,1111,243.808525
GOOGL,1H,2025-10-02T19:00:00Z,244.16,245.16,243.17,245.13,165599,2504,244.446148
GOOGL,1H,2025-10-03T13:00:00Z,243.78,244.89,241.2,241.85,163015,2037,242.33217
GOOGL,1H,2025-10-03T14:00:00Z,241.73,243.01,241.3,242.86,152944,2119,242.010686
GOOGL,1H,2025-10-03T15:00:00Z,242.94,244.65,242.82,244.3,188376,2377,243.832461
GOOGL,1H,2025-10-03T16:00:00Z,244.32,245.79,243.84,245.72,154260,2102,245.177909
GOOGL,1H,2025-10-03T17:00:00Z,245.58,245.58,243.38,244.91,157393,2338,244.526113
GOOGL,1H,2025-10-03T18:00:00Z,244.94,245.03,243.95,244.05,127142,1969,244.504997
GOOGL,1H,2025-10-03T19:00:00Z,244.05,244.99,243.59,244.94,247327,3951,244.257316
GOOGL,1H,2025-10-06T13:00:00Z,244.3,247.83,244.11,246.16,158987,1965,245.181979
GOOGL,1H,2025-10-06T14:00:00Z,246.21,246.71,244.45,245.33,134789,1837,245.430453
GOOGL,1H,2025-10-06T15:00:00Z,245.34,247.98,244.96,247.82,99114,1440,246.211044
GOOGL,1H,2025-10-06T16:00:00Z,247.78,248.52,247.09,248.42,68193,1029,247.746261
GOOGL,1H,2025-10-06T17:00:00Z,248.42,249.01,245.28,247.64,119324,1726,247.533237
GOOGL,1H,2025-10-06T18:00:00Z,247.66,250.81,247.66,250.05,120695,2078,249.714364
GOOGL,1H,2025-10-06T19:00:00Z,250.08,250.61,249.56,249.96,151178,2240,249.989494
GOOGL,1H,2025-10-07T12:00:00Z,248.13,248.13,248.13,248.13,156,7,248.13
GOOGL,1H,2025-10-07T13:00:00Z,247.82,249.86,246.82,247.8,145605,1921,248.047512
GOOGL,1H,2025-10-07T14:00:00Z,247.92,248.1,246.71,247.18,134732,2129,247.560683
GOOGL,1H,2025-10-07T15:00:00Z,247.19,247.19,245.65,246.18,193838,2743,246.503056
GOOGL,1H,2025-10-07T16:00:00Z,246.25,246.55,245.2,245.52,95720,1400,245.890852
GOOGL,1H,2025-10-07T17:00:00Z,245.5,246.69,245.35,246.27,65151,1131,245.920792
GOOGL,1H,2025-10-07T18:00:00Z,246.24,246.77,246.08,246.29,54933,1007,246.485389
GOOGL,1H,2025-10-07T19:00:00Z,246.3,246.42,245.05,245.3,156151,2454,245.57981
GOOGL,1H,2025-10-08T13:00:00Z,244.55,245.39,243.37,244.11,132705,1835,244.418508
GOOGL,1H,2025-10-08T14:00:00Z,244.14,245.51,244.06,244.11,113004,1686,244.665577
GOOGL,1H,2025-10-08T15:00:00Z,244.12,244.92,243.67,244.57,81244,1332,244.382817
GOOGL,1H,2025-10-08T16:00:00Z,244.61,245.02,243.56,243.71,84870,1588,244.222824
GOOGL,1H,2025-10-08T17:00:00Z,243.73,244.56,243.59,243.93,67242,1048,244.109711
GOOGL,1H,2025-10-08T18:00:00Z,244,244.55,243.76,244.27,50640,1036,244.195325
GOOGL,1H,2025-10-08T19:00:00Z,244.22,244.46,243.8,244.1,144985,2058,244.173673
GOOGL,1H,2025-10-09T12:00:00Z,245.15,245.15,245.15,245.15,100,1,245.15
GOOGL,1H,2025-10-09T13:00:00Z,243.99,244.21,241.6,242.35,109909,1538,242.800137
GOOGL,1H,2025-10-09T14:00:00Z,242.35,242.44,239.46,239.63,371936,4223,240.894145
GOOGL,1H,2025-10-09T15:00:00Z,239.69,241.03,238.7,240.83,248874,2784,239.845506
GOOGL,1H,2025-10-09T16:00:00Z,240.82,241.35,240.1,240.36,136722,1838,240.762704
GOOGL,1H,2025-10-09T17:00:00Z,240.35,240.84,240.02,240.16,87616,1276,240.379945
GOOGL,1H,2025-10-09T18:00:00Z,240.11,240.63,239.94,240.41,97940,1409,240.193092
GOOGL,1H,2025-10-09T19:00:00Z,240.43,241.07,240.32,241.07,181858,2616,240.593134
GOOGL,1H,2025-10-10T13:00:00Z,240.99,243.56,240.47,243.08,141347,1828,242.532158
GOOGL,1H,2025-10-10T14:00:00Z,243.12,243.14,241.04,241.39,103044,1652,242.080876
GOOGL,1H,2025-10-10T15:00:00Z,241.32,241.32,236.46,238.28,277921,3892,238.803464
GOOGL,1H,2025-10-10T16:00:00Z,238.31,238.61,236.63,236.88,119828,2118,237.697669
GOOGL,1H,2025-10-10T17:00:00Z,236.81,238.68,236.43,238.46,125333,1977,237.656348
GOOGL,1H,2025-10-10T18:00:00Z,238.43,239.08,237.21,237.75,120742,2044,238.209409
GOOGL,1H,2025-10-10T19:00:00Z,237.71,238.17,235.38,236.11,241497,3610,236.609531
GOOGL,1H,2025-10-10T20:00:00Z,236.15,236.15,236.15,236.15,7219,81,236.15
GOOGL,1H,2025-10-13T13:00:00Z,239.75,241.42,239.38,241.39,137911,1854,240.344764
GOOGL,1H,2025-10-13T14:00:00Z,241.51,241.72,239.73,239.93,183867,2773,240.527571
GOOGL,1H,2025-10-13T15:00:00Z,239.91,242.27,239.58,242.03,131456,1937,241.153436
GOOGL,1H,2025-10-13T16:00:00Z,242.04,242.6,241.77,242.23,101509,1562,242.169735
GOOGL,1H,2025-10-13T17:00:00Z,242.14,242.91,241.39,242.85,99964,1530,242.128325
GOOGL,1H,2025-10-13T18:00:00Z,242.83,242.89,242.17,242.6,93362,1478,242.597175
GOOGL,1H,2025-10-13T19:00:00Z,242.59,243.92,242.48,243.66,262399,3562,243.416012
GOOGL,1H,2025-10-14T13:00:00Z,240.94,241.78,240.09,241.36,124256,1698,240.932382
GOOGL,1H,2025-10-14T14:00:00Z,241.38,245.08,241.38,244.39,159454,2326,243.570677
GOOGL,1H,2025-10-14T15:00:00Z,244.5,246.54,244.4,246.37,115703,1769,245.222027
GOOGL,1H,2025-10-14T16:00:00Z,246.44,246.57,245.12,245.68,74276,1284,245.998194
GOOGL,1H,2025-10-14T17:00:00Z,245.64,246.27,245.31,246.05,43169,836,245.907238
GOOGL,1H,2025-10-14T18:00:00Z,246.08,246.19,245.35,245.59,51587,1008,245.843934
GOOGL,1H,2025-10-14T19:00:00Z,245.62,245.64,243.14,244.95,174345,2768,244.697304
GOOGL,1H,2025-10-15T12:00:00Z,245.84,245.85,245.84,245.85,380,8,245.84
GOOGL,1H,2025-10-15T13:00:00Z,246.81,247.79,245.52,247.03,112502,1487,246.640713
GOOGL,1H,2025-10-15T14:00:00Z,247.08,251.61,247.01,250.06,274055,3931,249.836602
GOOGL,1H,2025-10-15T15:00:00Z,249.92,250.05,247.91,248.66,181714,2436,249.135297
GOOGL,1H,2025-10-15T16:00:00Z,248.74,249.37,247.78,247.96,118773,1809,248.758143
GOOGL,1H,2025-10-15T17:00:00Z,247.9,248.88,246.18,248.85,148532,2106,247.589324
GOOGL,1H,2025-10-15T18:00:00Z,248.9,250.23,248.42,250.2,142761,1765,249.490109
GOOGL,1H,2025-10-15T19:00:00Z,250.17,250.66,249.23,250.62,201669,2831,249.918054
GOOGL,1H,2025-10-16T13:00:00Z,251.28,256.41,251.21,254.04,203157,2404,254.700151
GOOGL,1H,2025-10-16T14:00:00Z,253.96,255.81,253.27,254.65,134210,2237,254.568005
GOOGL,1H,2025-10-16T15:00:00Z,254.6,255.06,252.4,252.46,100054,1801,253.670473
GOOGL,1H,2025-10-16T16:00:00Z,252.25,252.96,250.43,252.33,130521,2374,251.548724
GOOGL,1H,2025-10-16T17:00:00Z,252.25,252.6,250.84,251.54,88603,1701,251.749248
GOOGL,1H,2025-10-16T18:00:00Z,251.56,251.76,249.63,251.37,125237,2090,250.614756
GOOGL,1H,2025-10-16T19:00:00Z,251.35,251.78,250.45,250.93,172953,3909,251.148785
GOOGL,1H,2025-10-17T13:00:00Z,250.17,250.45,247.48,249.46,108029,1849,248.9919
GOOGL,1H,2025-10-17T14:00:00Z,249.51,251.71,249.17,250.65,113648,2369,250.53199
GOOGL,1H,2025-10-17T15:00:00Z,250.64,251.34,249.15,251.1,102033,2128,250.219315
GOOGL,1H,2025-10-17T16:00:00Z,251.15,252.74,250.99,251.29,78558,1716,252.002031
GOOGL,1H,2025-10-17T17:00:00Z,251.14,252.62,250.72,252.47,53147,1202,251.469425
GOOGL,1H,2025-10-17T18:00:00Z,252.58,253.71,251.94,252.75,86083,1582,252.873089
GOOGL,1H,2025-10-17T19:00:00Z,252.81,253.29,252.16,252.73,166668,2660,252.729387
GOOGL,1H,2025-10-20T12:00:00Z,253.71,253.71,253.71,253.71,500,8,253.71
GOOGL,1H,2025-10-20T13:00:00Z,254.98,255.8,253.77,254.52,189048,2027,254.898687
GOOGL,1H,2025-10-20T14:00:00Z,254.56,255.85,254.5,255.69,179962,2636,255.44156
GOOGL,1H,2025-10-20T15:00:00Z,255.69,256.83,254.92,256.51,156849,2634,255.924759
GOOGL,1H,2025-10-20T16:00:00Z,256.54,256.56,255.45,255.75,107543,1696,255.902806
GOOGL,1H,2025-10-20T17:00:00Z,255.73,255.95,255.46,255.53,89378,1504,255.657521
GOOGL,1H,2025-10-20T18:00:00Z,255.51,256.03,255.27,256.01,91957,1354,255.595663
GOOGL,1H,2025-10-20T19:00:00Z,256.02,256.45,255.52,255.96,253546,3668,256.066126
GOOGL,1H,2025-10-21T13:00:00Z,254.91,254.91,251.55,252.03,113497,1745,252.830486
GOOGL,1H,2025-10-21T14:00:00Z,252.05,252.32,250.86,252.14,98201,1596,251.827275
GOOGL,1H,2025-10-21T15:00:00Z,252.21,252.22,243.72,247.74,563211,7664,246.263976
GOOGL,1H,2025-10-21T16:00:00Z,247.74,249.35,247.71,248.71,196703,3004,248.449679
GOOGL,1H,2025-10-21T17:00:00Z,248.66,251.97,246.84,251.54,389838,5576,249.627858
GOOGL,1H,2025-10-21T18:00:00Z,251.41,252.03,250.83,250.96,127982,2076,251.433127
GOOGL,1H,2025-10-21T19:00:00Z,250.98,251.31,249.81,249.95,186526,3170,250.634234
GOOGL,1H,2025-10-21T20:00:00Z,249.76,249.76,249.73,249.73,274,8,249.742
GOOGL,1H,2025-10-22T12:00:00Z,255.48,255.6,255.42,255.6,828,7,255.452967
GOOGL,1H,2025-10-22T13:00:00Z,255.46,255.63,252.7,253.78,139789,2075,254.281223
GOOGL,1H,2025-10-22T14:00:00Z,253.76,254.41,251.38,253.31,227438,3418,252.654656
GOOGL,1H,2025-10-22T15:00:00Z,253.38,255.83,251.58,251.86,278998,4433,253.810224
GOOGL,1H,2025-10-22T16:00:00Z,251.76,251.98,248.82,250.26,190059,3153,250.658316
GOOGL,1H,2025-10-22T17:00:00Z,250.31,250.59,249.14,249.88,168442,2480,249.846143
GOOGL,1H,2025-10-22T18:00:00Z,249.89,251,249.62,250.98,128793,2080,250.371717
GOOGL,1H,2025-10-22T19:00:00Z,251.02,251.38,250.25,251.2,147139,2235,250.98736
GOOGL,1H,2025-10-23T13:00:00Z,252.35,254.5,251.38,253.31,192503,1955,252.513102
GOOGL,1H,2025-10-23T14:00:00Z,253.74,254.22,252.53,253.47,101667,1721,253.313196
GOOGL,1H,2025-10-23T15:00:00Z,253.43,254.18,252.83,253.34,76390,1219,253.654615
GOOGL,1H,2025-10-23T16:00:00Z,253.12,254.09,252.94,253.65,54631,1033,253.791775
GOOGL,1H,2025-10-23T17:00:00Z,253.63,253.79,252.95,253.7,45179,885,253.427387
GOOGL,1H,2025-10-23T18:00:00Z,253.67,253.94,253.35,253.49,49654,1008,253.670021
GOOGL,1H,2025-10-23T19:00:00Z,253.4,253.53,252.16,252.57,133011,1957,252.833089
GOOGL,1H,2025-10-23T20:00:00Z,254.71,255.19,254.71,255.19,248,13,254.95
GOOGL,1H,2025-10-24T12:00:00Z,255.12,255.12,255.12,255.12,100,1,255.12
GOOGL,1H,2025-10-24T13:00:00Z,255.33,259.52,254.82,259.52,167729,2099,257.405852
GOOGL,1H,2025-10-24T14:00:00Z,259.44,261.13,258.44,258.91,242128,3264,259.929542
GOOGL,1H,2025-10-24T15:00:00Z,258.79,260.23,258.4,259.57,114856,1721,259.423633
GOOGL,1H,2025-10-24T16:00:00Z,259.6,260.64,259.4,260.4,88052,1523,259.922092
GOOGL,1H,2025-10-24T17:00:00Z,260.38,260.86,260.23,260.23,77629,1303,260.615713
GOOGL,1H,2025-10-24T18:00:00Z,260.28,260.87,260.25,260.32,57943,972,260.581688
GOOGL,1H,2025-10-24T19:00:00Z,260.31,260.47,259.29,259.44,184381,2764,259.705174
GOOGL,1H,2025-10-27T13:00:00Z,264.32,266.2,263.79,264.73,185021,2431,264.815401
GOOGL,1H,2025-10-27T14:00:00Z,264.6,265.56,263.92,265.19,210459,3099,264.62439
GOOGL,1H,2025-10-27T15:00:00Z,265.21,266.57,265,266.03,198356,2698,265.928388
GOOGL,1H,2025-10-27T16:00:00Z,266.02,266.98,265.73,266.51,189578,2540,266.314579
GOOGL,1H,2025-10-27T17:00:00Z,266.54,267.73,266.47,267.68,109556,1737,267.197862
GOOGL,1H,2025-10-27T18:00:00Z,267.65,269.2,267.62,268.23,158720,2219,268.403095
GOOGL,1H,2025-10-27T19:00:00Z,268.15,269.48,267.48,268.81,228154,3598,268.316994
GOOGL,1H,2025-10-28T13:00:00Z,268.06,270.08,266.69,266.94,262440,3063,268.274845
GOOGL,1H,2025-10-28T14:00:00Z,266.9,267.76,265.98,266.18,210481,3241,266.742064
GOOGL,1H,2025-10-28T15:00:00Z,266.21,267.23,266.06,266.18,134380,2406,266.617007
GOOGL,1H,2025-10-28T16:00:00Z,266.17,267.25,265.98,266.88,171930,2711,266.496473
GOOGL,1H,2025-10-28T17:00:00Z,266.88,267.84,266.87,267.62,108680,1950,267.487914
GOOGL,1H,2025-10-28T18:00:00Z,267.6,267.77,266.83,267.44,98201,1772,267.427978
GOOGL,1H,2025-10-28T19:00:00Z,267.43,267.62,266.48,266.95,185880,3235,267.229985
GOOGL,1H,2025-10-28T20:00:00Z,267.07,267.07,267.07,267.07,100,1,267.07
GOOGL,1H,2025-10-29T12:00:00Z,266.92,266.98,266.92,266.98,233,5,266.95
GOOGL,1H,2025-10-29T13:00:00Z,267.23,269.54,267.21,268.65,135859,2157,268.337641
GOOGL,1H,2025-10-29T14:00:00Z,268.61,270.39,267.68,269.59,191564,3027,268.769996
GOOGL,1H,2025-10-29T15:00:00Z,269.55,271.75,269.33,271.71,201502,2886,270.359959
GOOGL,1H,2025-10-29T16:00:00Z,271.69,271.82,270.91,271.15,137425,2297,271.35606
GOOGL,1H,2025-10-29T17:00:00Z,271.11,272.83,270.99,272.31,280704,3521,271.77823
GOOGL,1H,2025-10-29T18:00:00Z,272.38,272.89,270.72,272.43,239616,3677,272.157185
GOOGL,1H,2025-10-29T19:00:00Z,272.55,274.78,271.85,274.27,417098,5785,273.526869
GOOGL,1H,2025-10-30T12:00:00Z,297.82,297.82,294.87,294.87,490,7,296.0675
GOOGL,1H,2025-10-30T13:00:00Z,294.3,295.11,279.53,287.29,587178,7634,284.904319
GOOGL,1H,2025-10-30T14:00:00Z,287.22,289.5,287.14,287.92,479250,5783,288.499541
GOOGL,1H,2025-10-30T15:00:00Z,287.81,289.42,285.88,285.98,404176,5523,287.679746
GOOGL,1H,2025-10-30T16:00:00Z,286.03,287.14,283.3,284.96,313358,4285,285.360142
GOOGL,1H,2025-10-30T17:00:00Z,285.08,285.42,283.27,283.48,195189,3020,284.507162
GOOGL,1H,2025-10-30T18:00:00Z,283.43,283.43,281.95,283.34,210960,3065,282.671845
GOOGL,1H,2025-10-30T19:00:00Z,283.26,283.26,280.21,281,382589,5047,282.078915
GOOGL,1H,2025-10-31T12:00:00Z,285.17,285.38,285.17,285.38,650,13,285.275
GOOGL,1H,2025-10-31T13:00:00Z,282.99,285.36,277.7,277.7,206348,3948,281.043962
GOOGL,1H,2025-10-31T14:00:00Z,277.66,280.31,276.5,280.19,328522,4877,278.386262
GOOGL,1H,2025-10-31T15:00:00Z,280.19,281.78,279.31,279.91,205700,3419,280.445672
GOOGL,1H,2025-10-31T16:00:00Z,279.75,280.16,277.75,279.24,240837,3746,278.886918
GOOGL,1H,2025-10-31T17:00:00Z,279.26,280.94,278.68,280.49,140822,2433,279.591573
GOOGL,1H,2025-10-31T18:00:00Z,280.47,280.84,278.2,278.76,173208,2877,279.328799
GOOGL,1H,2025-10-31T19:00:00Z,278.72,281.37,278.7,280.72,317256,4722,280.3752
GOOGL,1H,2025-11-03T14:00:00Z,281.45,282.05,279.3,280.43,264398,3381,280.858239
GOOGL,1H,2025-11-03T15:00:00Z,280.43,282.83,279.49,281.26,268213,3788,281.396343
GOOGL,1H,2025-11-03T16:00:00Z,281.33,283.02,280.82,282.69,148651,2414,282.047816
GOOGL,1H,2025-11-03T17:00:00Z,282.72,282.91,281.33,282.36,180816,2089,282.091138
GOOGL,1H,2025-11-03T18:00:00Z,282.32,282.66,281.57,282.59,96430,1314,282.029989
GOOGL,1H,2025-11-03T19:00:00Z,282.56,283.9,281.85,283.7,148430,2146,282.743595
GOOGL,1H,2025-11-03T20:00:00Z,283.65,284.95,282.66,283.34,346761,4349,283.722743
GOOGL,1H,2025-11-04T13:00:00Z,276.26,276.26,276.26,276.26,105,2,276.26
GOOGL,1H,2025-11-04T14:00:00Z,276.56,279.74,275.98,279.58,229240,3631,278.318389
GOOGL,1H,2025-11-04T15:00:00Z,279.54,280.7,278.07,278.07,160966,2636,279.48709
GOOGL,1H,2025-11-04T16:00:00Z,278.14,278.86,277.54,278.04,109269,1588,278.275155
GOOGL,1H,2025-11-04T17:00:00Z,278.03,278.11,276.26,276.81,95932,1534,277.065719
GOOGL,1H,2025-11-04T18:00:00Z,276.78,277.99,276.18,277.6,73286,1259,276.877358
GOOGL,1H,2025-11-04T19:00:00Z,277.55,277.86,276.28,277.08,83025,1383,277.189124
GOOGL,1H,2025-11-04T20:00:00Z,277.19,277.2,275.76,276.89,179892,3092,276.730495
GOOGL,1H,2025-11-04T21:00:00Z,277.1,277.94,277.1,277.94,220,7,277.52
GOOGL,1H,2025-11-05T14:00:00Z,278.27,282.91,276.99,282.91,148080,2765,279.394348
GOOGL,1H,2025-11-05T15:00:00Z,282.79,284.33,282.01,282.6,209445,3552,283.091605
GOOGL,1H,2025-11-05T16:00:00Z,282.68,284.24,281.62,283.45,139179,2323,283.183364
GOOGL,1H,2025-11-05T17:00:00Z,283.51,284.02,282.13,282.27,166922,3292,282.840696
GOOGL,1H,2025-11-05T18:00:00Z,282.29,283.56,282.23,282.97,107858,1797,282.700482
GOOGL,1H,2025-11-05T19:00:00Z,282.9,285.69,282.36,282.59,206862,3291,283.225578
GOOGL,1H,2025-11-05T20:00:00Z,282.58,284.29,282.58,283.78,178554,3204,283.686389
GOOGL,1H,2025-11-05T21:00:00Z,283.86,284.22,283.86,284.22,200,2,284.04
GOOGL,1H,2025-11-06T13:00:00Z,286.88,288.93,286.88,288.93,616,9,288.588333
GOOGL,1H,2025-11-06T14:00:00Z,288.02,288.02,283.97,284.42,239353,3757,285.913584
GOOGL,1H,2025-11-06T15:00:00Z,284.39,284.75,280.62,280.88,250190,4105,283.228593
GOOGL,1H,2025-11-06T16:00:00Z,280.87,283.77,280.87,283.01,173919,3177,282.839137
GOOGL,1H,2025-11-06T17:00:00Z,283.1,285.82,283.1,285.74,156802,2544,284.250094
GOOGL,1H,2025-11-06T18:00:00Z,285.72,285.8,284,284.77,120107,2023,284.725778
GOOGL,1H,2025-11-06T19:00:00Z,284.69,286.6,284.65,284.74,118774,2092,285.823849
GOOGL,1H,2025-11-06T20:00:00Z,284.82,285.23,283.91,284.23,224079,4290,284.629825
GOOGL,1H,2025-11-06T21:00:00Z,284.84,284.84,284.84,284.84,112,4,284.84
GOOGL,1H,2025-11-07T14:00:00Z,282.07,283.11,277.45,278.34,177929,3196,279.549473
GOOGL,1H,2025-11-07T15:00:00Z,278.19,278.96,275.26,275.63,264253,4117,277.130394
GOOGL,1H,2025-11-07T16:00:00Z,275.6,276.84,274.99,275.28,188089,3865,276.129743
GOOGL,1H,2025-11-07T17:00:00Z,275.33,277.16,274.66,276.76,173002,3132,276.097474
GOOGL,1H,2025-11-07T18:00:00Z,276.81,277.26,275.89,276.53,152500,2724,276.630653
GOOGL,1H,2025-11-07T19:00:00Z,276.42,278.95,276.25,278.89,130574,2420,277.487272
GOOGL,1H,2025-11-07T20:00:00Z,278.85,278.85,277.47,278.32,202295,3712,278.152394
GOOGL,1H,2025-11-10T14:00:00Z,283.92,288.98,282.36,288.68,132530,2453,285.713839
GOOGL,1H,2025-11-10T15:00:00Z,288.58,288.78,285.68,285.75,149224,2410,287.246491
GOOGL,1H,2025-11-10T16:00:00Z,285.77,286.48,284.95,285.45,202387,2683,285.77925
GOOGL,1H,2025-11-10T17:00:00Z,285.44,287.81,285.32,287.68,99719,1449,286.16588
GOOGL,1H,2025-11-10T18:00:00Z,287.71,289.05,287.5,288.6,77163,1276,288.238308
GOOGL,1H,2025-11-10T19:00:00Z,288.59,290.14,288.59,289.54,84145,1472,289.632798
GOOGL,1H,2025-11-10T20:00:00Z,289.55,290.17,289.27,289.52,225102,3374,289.686007
GOOGL,1H,2025-11-11T14:00:00Z,287.13,290.35,286.85,290.32,106658,2001,288.450664
GOOGL,1H,2025-11-11T15:00:00Z,290.27,290.51,287.61,288.23,122229,2629,288.814265
GOOGL,1H,2025-11-11T16:00:00Z,288.3,289.16,287.66,288.2,61041,1358,288.269217
GOOGL,1H,2025-11-11T17:00:00Z,288.41,289.54,288.33,288.76,48146,1065,288.918945
GOOGL,1H,2025-11-11T18:00:00Z,288.8,289.61,288.24,289.56,83047,1377,288.70215
GOOGL,1H,2025-11-11T19:00:00Z,289.59,290.71,289.44,290.08,89603,1696,289.913357
GOOGL,1H,2025-11-11T20:00:00Z,290.09,291.32,289.75,290.77,173946,3665,290.493602
GOOGL,1H,2025-11-12T14:00:00Z,291.12,291.28,285.12,285.74,155713,2552,287.693047
GOOGL,1H,2025-11-12T15:00:00Z,285.72,286.89,284.82,285.05,182838,2851,285.845023
GOOGL,1H,2025-11-12T16:00:00Z,285.08,285.08,283.18,283.83,121170,2223,284.09615
GOOGL,1H,2025-11-12T17:00:00Z,283.9,286.24,283.66,286.01,80455,1420,284.971264
GOOGL,1H,2025-11-12T18:00:00Z,286.06,286.18,285.26,285.83,58084,1084,285.756166
GOOGL,1H,2025-11-12T19:00:00Z,285.81,285.96,285.19,285.52,51464,954,285.68048
GOOGL,1H,2025-11-12T20:00:00Z,285.52,286.77,285.34,286.23,165677,2731,286.076555
GOOGL,1H,2025-11-13T14:00:00Z,281.79,282.12,276.71,278.45,216473,3542,278.819622
GOOGL,1H,2025-11-13T15:00:00Z,278.47,280.46,277.13,278.85,152999,2834,278.78435
GOOGL,1H,2025-11-13T16:00:00Z,278.96,280.37,278.5,279.69,156389,2802,279.351171
GOOGL,1H,2025-11-13T17:00:00Z,279.64,280.27,278,278.07,102734,1838,279.275784
GOOGL,1H,2025-11-13T18:00:00Z,278.03,278.65,276.86,277.58,133604,2440,277.70712
GOOGL,1H,2025-11-13T19:00:00Z,277.73,279.33,277.39,278.38,81479,1727,278.304444
GOOGL,1H,2025-11-13T20:00:00Z,278.38,279.4,277.11,278.06,217802,3830,278.28504
GOOGL,1H,2025-11-13T21:00:00Z,278.77,278.77,278.77,278.77,100,1,278.77
GOOGL,1H,2025-11-14T14:00:00Z,271.29,275.87,270.29,275.6,285049,4280,273.556469
GOOGL,1H,2025-11-14T15:00:00Z,275.65,277.87,274.22,276.62,203042,3515,275.815565
GOOGL,1H,2025-11-14T16:00:00Z,276.66,278.02,275.77,277.34,118251,2187,277.187017
GOOGL,1H,2025-11-14T17:00:00Z,277.31,277.79,276.37,276.78,77838,1564,277.191837
GOOGL,1H,2025-11-14T18:00:00Z,276.62,277.11,275.64,276.48,97210,1861,276.22818
GOOGL,1H,2025-11-14T19:00:00Z,276.46,277.34,276.16,276.97,70770,1279,276.759066
GOOGL,1H,2025-11-14T20:00:00Z,277,277.52,275.29,275.74,145629,2688,276.075676
GOOGL,1H,2025-11-14T21:00:00Z,281.22,281.22,280.08,280.26,3648,69,280.748668
GOOGL,1H,2025-11-17T13:00:00Z,286.04,286.04,286.04,286.04,200,6,286.04
GOOGL,1H,2025-11-17T14:00:00Z,283.84,293.33,283.84,291.9,402836,7253,289.852079
GOOGL,1H,2025-11-17T15:00:00Z,292.24,292.49,288.02,289.29,361306,6113,289.671586
GOOGL,1H,2025-11-17T16:00:00Z,289.29,289.48,286.36,288.85,228595,3935,287.979467
GOOGL,1H,2025-11-17T17:00:00Z,288.91,288.98,284.99,285.36,119208,2496,287.24599
GOOGL,1H,2025-11-17T18:00:00Z,285.36,286.28,283.91,284.2,127290,2488,285.339709
GOOGL,1H,2025-11-17T19:00:00Z,284.17,284.64,283.15,283.16,120044,2449,283.942437
GOOGL,1H,2025-11-17T20:00:00Z,283.03,285.07,283.03,284.45,228530,5061,284.154788
GOOGL,1H,2025-11-17T21:00:00Z,284.87,284.87,284.87,284.87,100,1,284.87
GOOGL,1H,2025-11-18T13:00:00Z,288.74,288.74,288.71,288.71,600,18,288.72
GOOGL,1H,2025-11-18T14:00:00Z,288.53,288.53,279.64,279.78,228582,3914,283.708513
GOOGL,1H,2025-11-18T15:00:00Z,279.84,282.44,278.9,278.95,225300,3913,280.147335
GOOGL,1H,2025-11-18T16:00:00Z,278.89,286.76,277.73,284.39,305507,5319,283.676528
GOOGL,1H,2025-11-18T17:00:00Z,284.35,286.18,283.11,285.68,172968,3072,284.417732
GOOGL,1H,2025-11-18T18:00:00Z,285.9,288.21,285.43,286.67,187454,3153,286.870286
GOOGL,1H,2025-11-18T19:00:00Z,286.8,288.16,286.66,287.38,189357,2943,287.190589
GOOGL,1H,2025-11-18T20:00:00Z,287.4,287.74,283.59,283.76,245074,4048,285.482741
GOOGL,1H,2025-11-18T21:00:00Z,283.7,283.7,283.7,283.7,157,3,283.7
GOOGL,1H,2025-11-19T13:00:00Z,287.69,287.69,287.69,287.69,240,6,287.69
GOOGL,1H,2025-11-19T14:00:00Z,286.79,301.31,286.72,299.89,438715,6926,296.30223
GOOGL,1H,2025-11-19T15:00:00Z,299.89,303.12,297.89,298.16,529033,7917,300.596299
GOOGL,1H,2025-11-19T16:00:00Z,298.1,298.45,293.99,295.33,323086,4809,295.769483
GOOGL,1H,2025-11-19T17:00:00Z,295.21,295.62,291.79,293.96,270080,4084,293.364134
GOOGL,1H,2025-11-19T18:00:00Z,293.9,294.14,292.06,293.53,110424,2091,293.272241
GOOGL,1H,2025-11-19T19:00:00Z,293.63,293.86,292.32,293.49,127848,2342,293.035991
GOOGL,1H,2025-11-19T20:00:00Z,293.7,295.49,292.05,292.21,333100,4818,293.747214
GOOGL,1H,2025-11-19T21:00:00Z,293.59,296.82,293.59,295.59,640,17,295.408
GOOGL,1H,2025-11-20T13:00:00Z,301.94,304.36,301.94,304.36,17572,408,303.439551
GOOGL,1H,2025-11-20T14:00:00Z,304.21,304.92,299.26,302.56,627119,7129,301.476759
GOOGL,1H,2025-11-20T15:00:00Z,302.76,305.8,301.88,303.5,301708,4722,303.866403
GOOGL,1H,2025-11-20T16:00:00Z,303.49,303.49,293.38,293.98,310937,5261,299.071499
GOOGL,1H,2025-11-20T17:00:00Z,293.86,295.88,290.45,293.28,209398,3545,293.253057
GOOGL,1H,2025-11-20T18:00:00Z,293,295.77,291.11,291.74,232144,3473,293.939628
GOOGL,1H,2025-11-20T19:00:00Z,291.59,292.48,289.93,292.35,187216,3127,291.179509
GOOGL,1H,2025-11-20T20:00:00Z,292.28,292.3,288.15,289.02,278781,4920,290.071869
GOOGL,1H,2025-11-20T21:00:00Z,288.26,288.26,288.26,288.26,164,4,288.26
GOOGL,1H,2025-11-21T13:00:00Z,295.2,295.2,294.93,294.93,320,3,295.02
GOOGL,1H,2025-11-21T14:00:00Z,295.62,300.79,294.19,298.52,380072,5592,298.35967
GOOGL,1H,2025-11-21T15:00:00Z,298.85,299.83,293.29,298.32,417895,6384,296.638981
GOOGL,1H,2025-11-21T16:00:00Z,298.56,300.89,296.05,298.05,548340,5988,298.676983
GOOGL,1H,2025-11-21T17:00:00Z,298.11,298.11,294.69,296.12,232821,3689,296.187884
GOOGL,1H,2025-11-21T18:00:00Z,296.28,300.08,294.89,299.84,261685,4062,297.590257
GOOGL,1H,2025-11-21T19:00:00Z,299.92,303.31,299.92,301.14,485923,6114,302.026829
GOOGL,1H,2025-11-21T20:00:00Z,301,301.27,298.3,299.12,354136,5962,299.819424
GOOGL,1H,2025-11-21T21:00:00Z,299.21,299.27,299.21,299.27,220,4,299.24
GOOGL,1H,2025-11-24T13:00:00Z,309.75,311.71,309.75,310.68,3026,39,310.5175
GOOGL,1H,2025-11-24T14:00:00Z,310.79,317.11,309.06,315.74,472007,7126,314.366084
GOOGL,1H,2025-11-24T15:00:00Z,315.73,317.93,313.8,314.2,349449,5704,315.981739
GOOGL,1H,2025-11-24T16:00:00Z,314.24,315.31,311.3,311.54,249993,4358,313.558088
GOOGL,1H,2025-11-24T17:00:00Z,311.73,316.42,311.65,316.15,208817,3232,314.15209
GOOGL,1H,2025-11-24T18:00:00Z,316.24,317.33,314.8,315.83,198687,3375,316.471347
GOOGL,1H,2025-11-24T19:00:00Z,315.94,318.14,315.93,317.36,230516,3351,317.19559
GOOGL,1H,2025-11-24T20:00:00Z,317.38,318.84,316.94,317.76,441690,6309,318.025374
GOOGL,1H,2025-11-24T21:00:00Z,319.84,320.56,319.84,320.56,379,10,320.2
GOOGL,1H,2025-11-25T13:00:00Z,330.59,330.59,330.32,330.32,825,15,330.455
GOOGL,1H,2025-11-25T14:00:00Z,329.72,329.72,318.95,325.33,605698,9228,323.390288
GOOGL,1H,2025-11-25T15:00:00Z,325.42,328.05,319.5,320.56,551303,8263,324.224626
GOOGL,1H,2025-11-25T16:00:00Z,320.1,321.22,317.04,319.57,498533,7849,319.234222
GOOGL,1H,2025-11-25T17:00:00Z,319.64,322.18,319.02,321.35,232974,3819,320.465008
GOOGL,1H,2025-11-25T18:00:00Z,321.64,323.71,320.91,322.15,205635,3115,322.154365
GOOGL,1H,2025-11-25T19:00:00Z,322.16,322.8,320.85,322.33,296750,4277,321.899614
GOOGL,1H,2025-11-25T20:00:00Z,322.38,323.63,319.91,322.83,359919,5359,321.869132
GOOGL,1H,2025-11-25T21:00:00Z,322.12,322.12,322.03,322.03,218,4,322.075
GOOGL,1H,2025-11-26T13:00:00Z,323.83,323.83,323.83,323.83,270,8,323.83
GOOGL,1H,2025-11-26T14:00:00Z,318.32,323.86,318.32,320.17,330668,5829,320.803916
GOOGL,1H,2025-11-26T15:00:00Z,320.01,320.04,316.18,317.29,296527,4721,317.894124
GOOGL,1H,2025-11-26T16:00:00Z,317.34,319.56,317.27,318.72,233588,3353,318.824547
GOOGL,1H,2025-11-26T17:00:00Z,318.78,318.91,317.5,317.75,243147,2802,318.042839
GOOGL,1H,2025-11-26T18:00:00Z,317.75,318.91,317.7,318.21,270824,2244,318.319925
GOOGL,1H,2025-11-26T19:00:00Z,318.22,318.67,317.76,318.47,185527,2084,318.302619
GOOGL,1H,2025-11-26T20:00:00Z,318.43,319.8,317.89,319.38,387570,3783,319.116339
GOOGL,1H,2025-11-28T13:00:00Z,321.94,321.94,321.94,321.94,270,8,321.94
GOOGL,1H,2025-11-28T14:00:00Z,322.1,326.13,318.03,318.06,458024,4350,323.425868
GOOGL,1H,2025-11-28T15:00:00Z,317.98,318.76,316.8,318.17,248743,4149,317.726166
GOOGL,1H,2025-11-28T16:00:00Z,318.26,318.43,316.19,317.66,167646,2877,317.282194
GOOGL,1H,2025-11-28T17:00:00Z,317.56,319.5,317.23,319.37,209004,3618,318.834611
GOOGL,1H,2025-12-01T13:00:00Z,317.21,317.21,317.21,317.21,100,1,317.21
GOOGL,1H,2025-12-01T14:00:00Z,317,319.15,313.88,316.25,235149,4849,316.19432
GOOGL,1H,2025-12-01T15:00:00Z,316.54,317.94,315.35,317.74,304873,3826,316.527512
GOOGL,1H,2025-12-01T16:00:00Z,317.74,317.8,314.87,316.83,118658,2347,316.372578
GOOGL,1H,2025-12-01T17:00:00Z,316.83,317.7,316.65,317.05,92242,1594,317.226847
GOOGL,1H,2025-12-01T18:00:00Z,317.04,317.28,316.53,317.18,133390,1621,316.934419
GOOGL,1H,2025-12-01T19:00:00Z,316.97,316.97,314.72,315.39,108939,1906,315.442931
GOOGL,1H,2025-12-01T20:00:00Z,315.41,315.97,313.31,314.47,228932,3746,314.87014
GOOGL,1H,2025-12-01T21:00:00Z,314.75,314.75,314.75,314.75,192,2,314.75
GOOGL,1H,2025-12-02T14:00:00Z,315.29,317.59,313.88,315.74,168836,3227,315.794044
GOOGL,1H,2025-12-02T15:00:00Z,315.73,317.75,314.77,317.02,148746,2620,316.217825
GOOGL,1H,2025-12-02T16:00:00Z,317,317.04,313.3,314.08,185654,3057,315.049874
GOOGL,1H,2025-12-02T17:00:00Z,314.03,315.23,313.68,313.68,135980,2276,314.458892
GOOGL,1H,2025-12-02T18:00:00Z,313.58,315.99,313.54,315.98,90328,1597,315.092076
GOOGL,1H,2025-12-02T19:00:00Z,316.02,316.35,315.15,315.72,78393,1593,315.822751
GOOGL,1H,2025-12-02T20:00:00Z,315.82,315.91,314.4,315.12,170594,3393,315.048834
GOOGL,1H,2025-12-03T14:00:00Z,314.74,318.33,313.52,315.31,184124,3473,315.153626
GOOGL,1H,2025-12-03T15:00:00Z,315.16,319.38,315.16,318.6,208780,3469,317.418075
GOOGL,1H,2025-12-03T16:00:00Z,318.71,319.6,317.52,319.52,224962,3273,318.854622
GOOGL,1H,2025-12-03T17:00:00Z,319.56,320.13,319.1,319.81,154188,2004,319.675924
GOOGL,1H,2025-12-03T18:00:00Z,319.84,320.94,319.3,320.56,143076,1684,320.265722
GOOGL,1H,2025-12-03T19:00:00Z,320.63,320.93,319.25,320.35,141200,1871,320.181601
GOOGL,1H,2025-12-03T20:00:00Z,320.4,320.74,319.02,319.03,266303,4643,319.839875
GOOGL,1H,2025-12-04T14:00:00Z,320.59,321.42,314.14,315.45,202202,3840,316.324839
GOOGL,1H,2025-12-04T15:00:00Z,315.32,316.77,314.64,315.66,140946,2457,315.802389
GOOGL,1H,2025-12-04T16:00:00Z,315.63,316.27,314.52,316.08,112003,2177,315.347649
GOOGL,1H,2025-12-04T17:00:00Z,316.05,317.05,315.14,317.05,68490,1349,315.944573
GOOGL,1H,2025-12-04T18:00:00Z,317.02,317.3,316.04,316.4,94181,1904,316.471264
GOOGL,1H,2025-12-04T19:00:00Z,316.41,316.82,315.37,316.38,142493,3081,316.275259
GOOGL,1H,2025-12-04T20:00:00Z,316.46,317.04,316.03,317.04,197109,3860,316.474752
GOOGL,1H,2025-12-05T13:00:00Z,318.26,318.32,318.26,318.32,380,6,318.29
GOOGL,1H,2025-12-05T14:00:00Z,318.72,322.45,318.72,321.46,170600,3289,321.240139
GOOGL,1H,2025-12-05T15:00:00Z,321.48,321.67,319.05,319.09,204464,3521,320.791854
GOOGL,1H,2025-12-05T16:00:00Z,319.1,321.61,318.61,321.13,116062,2447,319.56264
GOOGL,1H,2025-12-05T17:00:00Z,321.08,321.28,319.5,320.04,100521,2030,320.407449
GOOGL,1H,2025-12-05T18:00:00Z,320.07,320.32,319.44,319.61,70561,1531,319.940795
GOOGL,1H,2025-12-05T19:00:00Z,319.51,320.27,319.48,319.95,65666,1472,319.775368
GOOGL,1H,2025-12-05T20:00:00Z,319.91,320.84,319.39,320.73,169091,2910,319.973171
GOOGL,1H,2025-12-05T21:00:00Z,320.68,320.68,320.08,320.27,1874,36,320.297778
GOOGL,1H,2025-12-08T13:00:00Z,320.48,320.48,320.48,320.48,240,5,320.48
GOOGL,1H,2025-12-08T14:00:00Z,319.95,319.95,316.46,317.49,204626,3644,317.758737
GOOGL,1H,2025-12-08T15:00:00Z,317.5,319.07,314.76,315.53,225261,3900,316.833601
GOOGL,1H,2025-12-08T16:00:00Z,315.45,315.77,314.14,314.24,165678,3338,314.876111
GOOGL,1H,2025-12-08T17:00:00Z,314.14,314.43,310.92,312.04,183742,3748,312.628114
GOOGL,1H,2025-12-08T18:00:00Z,311.99,313.24,311.05,312.75,133912,2718,311.927974
GOOGL,1H,2025-12-08T19:00:00Z,312.68,312.96,312.04,312.32,74034,1488,312.370106
GOOGL,1H,2025-12-08T20:00:00Z,312.37,313.39,311.61,313.39,171814,3695,312.191691
GOOGL,1H,2025-12-08T21:00:00Z,313.67,313.67,313.67,313.67,168,4,313.67
GOOGL,1H,2025-12-09T14:00:00Z,312.39,313.51,311.49,312.1,124647,2700,312.309631
GOOGL,1H,2025-12-09T15:00:00Z,312.13,313.95,311.91,313.86,159334,2536,312.738779
GOOGL,1H,2025-12-09T16:00:00Z,313.83,314.59,313.41,314.38,73940,1716,313.848605
GOOGL,1H,2025-12-09T17:00:00Z,314.41,317.12,314.31,317.12,99114,1958,316.149587
GOOGL,1H,2025-12-09T18:00:00Z,317.14,317.57,316.67,317.12,72334,1489,317.187335
GOOGL,1H,2025-12-09T19:00:00Z,317.17,317.32,316.46,316.96,46146,1099,316.883443
GOOGL,1H,2025-12-09T20:00:00Z,316.93,317.41,316.06,316.74,151114,2865,316.615204
GOOGL,1H,2025-12-10T14:00:00Z,315.42,317.82,314.31,316.89,110211,2094,316.367354
GOOGL,1H,2025-12-10T15:00:00Z,316.65,318.52,316.32,316.8,148352,2253,317.529109
GOOGL,1H,2025-12-10T16:00:00Z,316.82,317.88,316.37,317.11,78932,1542,317.186655
GOOGL,1H,2025-12-10T17:00:00Z,317.05,317.14,315.95,316.82,151930,1714,316.566057
GOOGL,1H,2025-12-10T18:00:00Z,316.83,316.88,315.26,315.7,185584,2308,316.307633
GOOGL,1H,2025-12-10T19:00:00Z,315.71,319.62,315.71,319.42,432218,5025,318.038924
GOOGL,1H,2025-12-10T20:00:00Z,319.41,320.87,319.12,319.8,358705,4739,319.913251
GOOGL,1H,2025-12-10T21:00:00Z,318.86,318.86,318.86,318.86,140,7,318.86
GOOGL,1H,2025-12-11T14:00:00Z,319.03,320.68,313.26,313.56,148291,2718,316.272029
GOOGL,1H,2025-12-11T15:00:00Z,313.57,316.47,313.25,315.39,200579,3397,314.692692
GOOGL,1H,2025-12-11T16:00:00Z,315.37,315.65,313.17,313.59,148961,2746,314.525998
GOOGL,1H,2025-12-11T17:00:00Z,313.59,315.01,313.44,313.87,98442,1766,314.365954
GOOGL,1H,2025-12-11T18:00:00Z,314,314.91,308.35,311.33,383943,5728,311.222938
GOOGL,1H,2025-12-11T19:00:00Z,311.29,312.9,311.21,312.28,127752,2318,312.22844
GOOGL,1H,2025-12-11T20:00:00Z,312.24,312.52,311.19,312.1,243239,4228,311.788013
GOOGL,1H,2025-12-11T21:00:00Z,313.88,314.51,313.88,314.51,386,15,314.195
GOOGL,1H,2025-12-12T13:00:00Z,314,314,314,314,100,1,314
GOOGL,1H,2025-12-12T14:00:00Z,314.21,314.43,310.62,311.67,193130,2904,312.166526
GOOGL,1H,2025-12-12T15:00:00Z,311.79,311.91,306.64,307.04,162901,2896,309.235464
GOOGL,1H,2025-12-12T16:00:00Z,306.75,307.39,305.22,307.35,278385,4681,306.353777
GOOGL,1H,2025-12-12T17:00:00Z,307.56,309.65,307.34,309.3,113297,2108,308.541516
GOOGL,1H,2025-12-12T18:00:00Z,309.39,310.15,308.91,308.91,71934,1496,309.661691
GOOGL,1H,2025-12-12T19:00:00Z,308.99,309.63,308.63,309.38,69485,1483,309.113263
GOOGL,1H,2025-12-12T20:00:00Z,309.32,309.56,307.76,308.82,122196,2361,308.694887
GOOGL,1H,2025-12-15T13:00:00Z,310.89,310.89,310.89,310.89,250,12,310.89
GOOGL,1H,2025-12-15T14:00:00Z,311.02,311.02,306.78,307.26,145806,2568,308.324277
GOOGL,1H,2025-12-15T15:00:00Z,307.17,308.35,305.91,307.5,219921,4147,307.155568
GOOGL,1H,2025-12-15T16:00:00Z,307.45,307.88,305.98,306.27,132356,2505,306.981678
GOOGL,1H,2025-12-15T17:00:00Z,306.24,306.34,304.52,305.59,196097,3299,305.45515
GOOGL,1H,2025-12-15T18:00:00Z,305.64,307.61,305.43,307.58,102005,1948,306.405244
GOOGL,1H,2025-12-15T19:00:00Z,307.46,308.01,306.87,307.6,122541,2004,307.383316
GOOGL,1H,2025-12-15T20:00:00Z,307.57,308.12,307.02,307.86,189088,3221,307.646016
GOOGL,1H,2025-12-16T14:00:00Z,304.65,309.55,302.82,309.49,130257,2194,306.425539
GOOGL,1H,2025-12-16T15:00:00Z,309.43,310.34,306.07,306.87,115747,2190,307.710905
GOOGL,1H,2025-12-16T16:00:00Z,306.93,307.29,304.18,305.34,108361,2293,305.2495
GOOGL,1H,2025-12-16T17:00:00Z,305.29,305.61,302.78,302.78,91930,1946,304.195301
GOOGL,1H,2025-12-16T18:00:00Z,302.79,304.65,302.23,304.55,83249,1866,303.314322
GOOGL,1H,2025-12-16T19:00:00Z,304.31,304.81,303.71,304.71,73066,1655,304.36202
GOOGL,1H,2025-12-16T20:00:00Z,304.78,306.6,304.6,305.98,175799,3066,305.915812
GOOGL,1H,2025-12-16T21:00:00Z,305.58,305.58,305.58,305.58,100,1,305.58
GOOGL,1H,2025-12-17T13:00:00Z,306.9,306.9,306.9,306.9,142,5,306.9
GOOGL,1H,2025-12-17T14:00:00Z,307.58,307.59,298.64,300.48,184907,2820,301.96648
GOOGL,1H,2025-12-17T15:00:00Z,300.41,301.28,296.2,297.22,212255,3372,298.66651
GOOGL,1H,2025-12-17T16:00:00Z,297.16,299.57,297.05,298.97,182157,3220,298.388031
GOOGL,1H,2025-12-17T17:00:00Z,298.97,300,297.84,298.75,116734,1942,298.996518
GOOGL,1H,2025-12-17T18:00:00Z,298.81,299.22,297.6,297.89,62655,1261,298.612389
GOOGL,1H,2025-12-17T19:00:00Z,297.85,297.97,296.25,296.39,119806,1782,297.068742
GOOGL,1H,2025-12-17T20:00:00Z,296.31,297.34,295.97,296.26,289592,4497,296.437876
GOOGL,1H,2025-12-17T21:00:00Z,296.59,296.59,295.46,295.46,240,7,296.025
GOOGL,1H,2025-12-18T14:00:00Z,301.48,302.08,298.9,300.15,115908,1932,300.248213
GOOGL,1H,2025-12-18T15:00:00Z,300.26,302.23,299.29,301.9,150484,2538,300.808071
GOOGL,1H,2025-12-18T16:00:00Z,301.87,302.88,301.6,302.55,118236,1736,302.225492
GOOGL,1H,2025-12-18T17:00:00Z,302.48,303.14,300.83,302.54,96090,1630,301.991512
GOOGL,1H,2025-12-18T18:00:00Z,302.46,303.55,302.25,302.44,85996,1562,302.994378
GOOGL,1H,2025-12-18T19:00:00Z,302.43,302.57,301.27,301.36,81032,1549,301.807461
GOOGL,1H,2025-12-18T20:00:00Z,301.36,302.74,301.16,302.07,166792,2697,302.121511
GOOGL,1H,2025-12-19T13:00:00Z,302.38,302.38,302.38,302.38,195,4,302.38
GOOGL,1H,2025-12-19T14:00:00Z,302.98,303.98,300.64,302.6,178374,2464,302.647186
GOOGL,1H,2025-12-19T15:00:00Z,302.63,305.76,302.62,304.49,150404,2377,304.341959
GOOGL,1H,2025-12-19T16:00:00Z,304.43,305.6,304.24,304.49,71266,1310,304.936469
GOOGL,1H,2025-12-19T17:00:00Z,304.6,305.3,304.4,304.48,60178,1114,304.828709
GOOGL,1H,2025-12-19T18:00:00Z,304.41,304.49,303.57,304.13,62454,1011,303.96128
GOOGL,1H,2025-12-19T19:00:00Z,304.11,304.31,303.49,303.95,75005,1205,303.936751
GOOGL,1H,2025-12-19T20:00:00Z,303.93,306.81,303.34,306.81,297955,4301,304.878989
GOOGL,1H,2025-12-22T14:00:00Z,309.45,309.57,304.97,306.99,96240,1763,306.678472
GOOGL,1H,2025-12-22T15:00:00Z,306.81,307.43,306.08,306.75,92852,1423,306.721044
GOOGL,1H,2025-12-22T16:00:00Z,306.79,309.07,306.56,309.07,91592,1451,308.088807
GOOGL,1H,2025-12-22T17:00:00Z,309.08,309.16,308.27,308.66,82555,1239,308.906161
GOOGL,1H,2025-12-22T18:00:00Z,308.64,308.95,308.12,308.52,65967,1078,308.496946
GOOGL,1H,2025-12-22T19:00:00Z,308.55,308.89,307.96,308.84,59338,904,308.42746
GOOGL,1H,2025-12-22T20:00:00Z,308.94,309.72,308.94,309.35,174403,2513,309.38127
GOOGL,1H,2025-12-23T14:00:00Z,308.46,314.35,308.46,313.1,154246,2449,312.051418
GOOGL,1H,2025-12-23T15:00:00Z,313.02,313.3,311.03,313.12,118527,2068,312.335753
GOOGL,1H,2025-12-23T16:00:00Z,313.14,314.24,312.77,313.4,123305,2279,313.472263
GOOGL,1H,2025-12-23T17:00:00Z,313.26,313.98,313.12,313.14,71244,1281,313.549349
GOOGL,1H,2025-12-23T18:00:00Z,313.1,314.13,313.05,313.94,66827,1316,313.595609
GOOGL,1H,2025-12-23T19:00:00Z,313.95,314.51,313.65,313.8,98425,1678,313.983679
GOOGL,1H,2025-12-23T20:00:00Z,313.78,314.48,313.6,314.02,147008,2685,314.094853
GOOGL,1H,2025-12-24T14:00:00Z,314.42,314.6,311.61,312.79,64021,1344,312.645362
GOOGL,1H,2025-12-24T15:00:00Z,313.07,313.17,311.99,312.68,50098,1018,312.595192
GOOGL,1H,2025-12-24T16:00:00Z,312.61,313.43,312.43,313.38,43504,740,313.042026
GOOGL,1H,2025-12-24T17:00:00Z,313.35,313.7,312.77,313.64,69763,1268,313.288531
GOOGL,1H,2025-12-26T14:00:00Z,314.17,314.56,312.55,312.87,48720,890,313.701501
GOOGL,1H,2025-12-26T15:00:00Z,313.01,313.17,311.9,313.14,48613,906,312.46621
GOOGL,1H,2025-12-26T16:00:00Z,313.17,313.45,312.6,313.29,33213,646,313.139658
GOOGL,1H,2025-12-26T17:00:00Z,313.34,313.38,312.76,313.12,34914,632,313.043809
GOOGL,1H,2025-12-26T18:00:00Z,313.12,313.61,312.92,313.54,20623,438,313.325178
GOOGL,1H,2025-12-26T19:00:00Z,313.55,313.57,312.94,313.43,66017,1060,313.18895
GOOGL,1H,2025-12-26T20:00:00Z,313.46,313.46,312.82,313.14,71550,1503,313.104583
GOOGL,1H,2025-12-29T14:00:00Z,311.05,312.47,310.33,311.58,74259,1317,311.522239
GOOGL,1H,2025-12-29T15:00:00Z,311.71,313.01,310.45,312.21,58117,1241,311.901306
GOOGL,1H,2025-12-29T16:00:00Z,312.18,312.41,311.03,311.49,39578,1091,311.544618
GOOGL,1H,2025-12-29T17:00:00Z,311.5,312.37,311.2,312.29,37036,834,311.716445
GOOGL,1H,2025-12-29T18:00:00Z,312.2,312.75,311.9,312.74,41271,806,312.29905
GOOGL,1H,2025-12-29T19:00:00Z,312.83,313.36,312.35,313.28,50427,947,312.691016
GOOGL,1H,2025-12-29T20:00:00Z,313.27,313.52,312.79,313.1,87513,1867,313.099465
GOOGL,1H,2025-12-30T14:00:00Z,312.23,316.47,312.09,314.42,98293,1848,314.180188
GOOGL,1H,2025-12-30T15:00:00Z,314.42,314.45,312.67,313.82,73961,1393,313.506202
GOOGL,1H,2025-12-30T16:00:00Z,313.84,314.69,313.6,313.61,75964,1360,314.326221
GOOGL,1H,2025-12-30T17:00:00Z,313.57,313.87,313.17,313.34,27307,660,313.592553
GOOGL,1H,2025-12-30T18:00:00Z,313.27,313.68,313.08,313.5,50528,1063,313.428642
GOOGL,1H,2025-12-30T19:00:00Z,313.52,313.83,313.31,313.47,41778,841,313.644936
GOOGL,1H,2025-12-30T20:00:00Z,313.59,314.22,313.38,313.46,101532,1837,313.760544
GOOGL,1H,2025-12-31T14:00:00Z,312.07,314.01,311.12,313.04,60504,1281,312.547118
GOOGL,1H,2025-12-31T15:00:00Z,313.06,313.76,312.84,312.94,39994,971,313.310364
GOOGL,1H,2025-12-31T16:00:00Z,312.93,313.54,312.66,313.09,40745,1019,312.978951
GOOGL,1H,2025-12-31T17:00:00Z,313.11,313.2,312.7,312.81,26310,655,312.961409
GOOGL,1H,2025-12-31T18:00:00Z,312.93,313.94,312.7,313.86,34417,791,313.474565
GOOGL,1H,2025-12-31T19:00:00Z,313.87,314.12,312.99,313.15,35379,836,313.595932
GOOGL,1H,2025-12-31T20:00:00Z,313.07,313.11,312.07,312.63,91441,1896,312.650737
GOOGL,1H,2026-01-02T14:00:00Z,316.62,322.07,316.61,319.3,190535,3089,319.929212
GOOGL,1H,2026-01-02T15:00:00Z,319.4,320.25,312.49,312.56,158705,2649,315.747487
GOOGL,1H,2026-01-02T16:00:00Z,312.52,312.52,309.98,311.41,115273,2206,310.924282
GOOGL,1H,2026-01-02T17:00:00Z,311.24,313.5,311.03,313.18,68853,1321,312.514576
GOOGL,1H,2026-01-02T18:00:00Z,313.33,314.47,313.03,313.24,50390,1014,313.656449
GOOGL,1H,2026-01-02T19:00:00Z,313.37,315.29,313.2,314.16,57271,1162,314.365987
GOOGL,1H,2026-01-02T20:00:00Z,314.1,314.99,313.94,314.83,113062,1949,314.493309
GOOGL,1H,2026-01-05T14:00:00Z,315.38,318.45,315.28,316.29,101702,1545,316.74921
GOOGL,1H,2026-01-05T15:00:00Z,316.53,317.98,315.55,316.39,119378,1699,316.84594
GOOGL,1H,2026-01-05T16:00:00Z,316.41,316.98,314.56,314.86,104119,1516,316.07301
GOOGL,1H,2026-01-05T17:00:00Z,314.91,315.79,314.27,315.79,73056,1207,314.943676
GOOGL,1H,2026-01-05T18:00:00Z,315.77,316.77,315.73,316.18,73351,1173,316.164943
GOOGL,1H,2026-01-05T19:00:00Z,316.2,316.4,315.08,315.46,73587,1078,315.871197
GOOGL,1H,2026-01-05T20:00:00Z,315.54,316.38,315.16,316.15,186613,2763,315.882463
GOOGL,1H,2026-01-06T14:00:00Z,316.33,320.44,316.19,317.47,147843,2374,318.662857
GOOGL,1H,2026-01-06T15:00:00Z,317.51,317.61,313.17,313.56,165113,2695,314.661778
GOOGL,1H,2026-01-06T16:00:00Z,313.58,313.7,311.39,311.79,156158,2589,312.391845
GOOGL,1H,2026-01-06T17:00:00Z,311.68,313.56,311.54,313,90340,1560,312.949973
GOOGL,1H,2026-01-06T18:00:00Z,312.96,314.21,312.39,314.2,65580,1219,313.193651
GOOGL,1H,2026-01-06T19:00:00Z,314.22,314.34,312.79,313.02,55590,1293,313.598185
GOOGL,1H,2026-01-06T20:00:00Z,313.04,314.07,312.55,313.84,131601,2959,313.226358
GOOGL,1H,2026-01-06T21:00:00Z,314.18,314.18,314.18,314.18,108,3,314.18
GOOGL,1H,2026-01-07T13:00:00Z,315.09,315.09,315.09,315.09,223,10,315.09
GOOGL,1H,2026-01-07T14:00:00Z,313.95,321.76,313.95,319.36,245613,4428,318.714495
GOOGL,1H,2026-01-07T15:00:00Z,319.4,320.47,318.16,319.7,183509,3932,319.319908
GOOGL,1H,2026-01-07T16:00:00Z,319.64,319.8,318.36,319.79,109817,2519,319.313212
GOOGL,1H,2026-01-07T17:00:00Z,319.67,321.44,319.55,320.74,94864,2168,320.691314
GOOGL,1H,2026-01-07T18:00:00Z,320.64,325.7,320.26,323.91,214518,3885,323.433821
GOOGL,1H,2026-01-07T19:00:00Z,323.8,324.28,320.88,321.67,175152,3020,322.163366
GOOGL,1H,2026-01-07T20:00:00Z,321.81,322.61,320.4,321.64,150933,3058,321.343954
GOOGL,1H,2026-01-08T14:00:00Z,328.41,329.87,321.65,321.65,193156,3339,324.199283
GOOGL,1H,2026-01-08T15:00:00Z,321.66,327.37,321.09,327.37,193618,3455,324.605196
GOOGL,1H,2026-01-08T16:00:00Z,327.32,328.06,323.98,326.84,137458,2736,326.282609
GOOGL,1H,2026-01-08T17:00:00Z,326.97,327.22,326.29,326.47,101034,1947,326.774145
GOOGL,1H,2026-01-08T18:00:00Z,326.36,326.48,325.13,325.31,112404,2028,325.678158
GOOGL,1H,2026-01-08T19:00:00Z,325.35,325.63,323.77,324.37,84935,1685,324.945736
GOOGL,1H,2026-01-08T20:00:00Z,324.33,325.18,323.86,324.95,145331,2929,324.747544
GOOGL,1H,2026-01-09T14:00:00Z,327.15,329.91,325.43,328.73,92023,2125,328.03129
GOOGL,1H,2026-01-09T15:00:00Z,329,329.68,327.01,328.37,103912,2235,328.678923
GOOGL,1H,2026-01-09T16:00:00Z,328.39,330.33,328.39,329.83,88967,1800,329.385721
GOOGL,1H,2026-01-09T17:00:00Z,329.76,329.76,328.25,328.48,62223,1284,329.172678
GOOGL,1H,2026-01-09T18:00:00Z,328.26,329.5,327.94,329.5,39429,952,328.78004
GOOGL,1H,2026-01-09T19:00:00Z,329.52,330.01,328.93,328.96,56595,1090,329.526444
GOOGL,1H,2026-01-09T20:00:00Z,328.94,329.69,328.16,328.19,101592,2021,328.831963
GOOGL,1H,2026-01-12T13:00:00Z,325.81,325.81,325.81,325.81,120,2,325.81
GOOGL,1H,2026-01-12T14:00:00Z,325.25,328.97,324.73,326.12,107561,2036,326.689945
GOOGL,1H,2026-01-12T15:00:00Z,326.14,333.59,324.83,327.73,306472,5454,328.861987
GOOGL,1H,2026-01-12T16:00:00Z,327.34,329.92,327.27,329.21,109668,2149,328.806694
GOOGL,1H,2026-01-12T17:00:00Z,329.13,329.86,328.78,329.43,95294,1584,329.306994
GOOGL,1H,2026-01-12T18:00:00Z,329.43,330.12,329.19,329.58,57541,1126,329.695644
GOOGL,1H,2026-01-12T19:00:00Z,329.56,330.98,329.15,330.98,70646,1160,329.946266
GOOGL,1H,2026-01-12T20:00:00Z,330.93,331.7,329.99,331.43,118202,2510,330.875094
GOOGL,1H,2026-01-12T21:00:00Z,331.56,331.98,331.56,331.98,400,12,331.77
GOOGL,1H,2026-01-13T14:00:00Z,334.08,340.02,333.25,338.68,184009,3607,337.449191
GOOGL,1H,2026-01-13T15:00:00Z,338.55,339.13,333.86,336.32,259561,4553,336.3642
GOOGL,1H,2026-01-13T16:00:00Z,336.39,338.91,335.61,338.83,209842,3252,337.472193
GOOGL,1H,2026-01-13T17:00:00Z,338.84,339.56,337.02,337.53,148682,2436,338.911696
GOOGL,1H,2026-01-13T18:00:00Z,337.35,338.49,336.08,336.08,87175,1678,337.57014
GOOGL,1H,2026-01-13T19:00:00Z,336.13,337.13,335.57,335.83,100924,1821,336.323629
GOOGL,1H,2026-01-13T20:00:00Z,335.68,336.32,334.18,335.55,177828,3442,335.119177
GOOGL,1H,2026-01-14T14:00:00Z,334.19,334.19,331.18,331.43,132131,2375,332.611963
GOOGL,1H,2026-01-14T15:00:00Z,331.26,334.43,330.07,331.39,188569,3455,332.134437
GOOGL,1H,2026-01-14T16:00:00Z,331.42,333.6,331.03,331.73,141411,2671,332.203575
GOOGL,1H,2026-01-14T17:00:00Z,331.72,333.66,331.53,333.04,175934,2917,332.454852
GOOGL,1H,2026-01-14T18:00:00Z,333.02,335.31,332.97,335,146984,2158,334.035799
GOOGL,1H,2026-01-14T19:00:00Z,334.95,335,333.9,334.6,257062,3405,334.501642
GOOGL,1H,2026-01-14T20:00:00Z,334.73,336.06,334.29,335.49,226804,4406,335.272942
GOOGL,1H,2026-01-15T13:00:00Z,337.37,337.37,337.37,337.37,100,1,337.37
GOOGL,1H,2026-01-15T14:00:00Z,337.07,337.07,332.83,333.32,96056,1849,334.587173
GOOGL,1H,2026-01-15T15:00:00Z,333.12,333.41,330.34,331.67,125555,2328,332.244524
GOOGL,1H,2026-01-15T16:00:00Z,331.88,332.44,330.86,332.16,86272,1935,331.631912
GOOGL,1H,2026-01-15T17:00:00Z,332.11,332.65,331.57,332.03,59795,1276,332.06221
GOOGL,1H,2026-01-15T18:00:00Z,331.95,333.17,331.95,333.17,45798,930,332.695386
GOOGL,1H,2026-01-15T19:00:00Z,333.15,333.16,331.73,331.99,62190,1245,332.486911
GOOGL,1H,2026-01-15T20:00:00Z,331.93,332.58,331.08,332.21,165351,2794,331.905859
GOOGL,1H,2026-01-16T14:00:00Z,334.35,334.35,330.07,330.07,158546,2474,331.909733
GOOGL,1H,2026-01-16T15:00:00Z,329.96,330.97,328.52,329.23,129300,2285,329.563157
GOOGL,1H,2026-01-16T16:00:00Z,329.26,330.22,328.9,329.85,102168,1842,329.38182
GOOGL,1H,2026-01-16T17:00:00Z,329.75,329.75,327.45,327.45,87847,1419,329.217163
GOOGL,1H,2026-01-16T18:00:00Z,327.45,329.53,327.45,328.33,88448,1525,328.79385
GOOGL,1H,2026-01-16T19:00:00Z,328.29,329.67,328.08,329.25,132345,1922,328.940045
GOOGL,1H,2026-01-16T20:00:00Z,329.2,329.77,328.63,329.54,202930,2863,329.181325
GOOGL,1H,2026-01-20T13:00:00Z,321.19,321.19,320.83,320.92,345,6,320.98
GOOGL,1H,2026-01-20T14:00:00Z,320.77,324.25,320.08,323.24,288551,3735,322.174192
GOOGL,1H,2026-01-20T15:00:00Z,322.9,325.47,322.21,325.4,186237,2714,323.925925
GOOGL,1H,2026-01-20T16:00:00Z,325.47,327.27,325.47,326.92,164315,2815,326.252528
GOOGL,1H,2026-01-20T17:00:00Z,326.89,326.89,324.29,324.98,75795,1631,325.404194
GOOGL,1H,2026-01-20T18:00:00Z,325.04,325.15,323.17,323.17,95471,1673,324.172003
GOOGL,1H,2026-01-20T19:00:00Z,323.34,323.77,321.89,322.86,112052,2646,322.781591
GOOGL,1H,2026-01-20T20:00:00Z,322.94,323.01,320.69,321.53,237320,4730,321.480371
GOOGL,1H,2026-01-21T14:00:00Z,319.06,325.13,319.06,324.96,153468,2337,321.843337
GOOGL,1H,2026-01-21T15:00:00Z,324.95,330.16,324.21,329.73,241279,3579,327.500071
GOOGL,1H,2026-01-21T16:00:00Z,329.8,332,326.54,326.54,188168,2989,330.29286
GOOGL,1H,2026-01-21T17:00:00Z,326.76,327.85,325.61,327.72,84882,1738,326.52282
GOOGL,1H,2026-01-21T18:00:00Z,327.64,327.78,325.35,326.1,62728,1363,326.365252
GOOGL,1H,2026-01-21T19:00:00Z,326.14,331.47,325.57,330.11,146822,2445,329.187217
GOOGL,1H,2026-01-21T20:00:00Z,330.21,330.21,327.38,327.91,140488,3318,328.448461
GOOGL,1H,2026-01-21T21:00:00Z,328.29,328.29,328.29,328.29,109,4,328.29
GOOGL,1H,2026-01-22T14:00:00Z,334.08,334.63,330.89,331.3,175571,2282,332.933974
GOOGL,1H,2026-01-22T15:00:00Z,331.43,331.95,329.22,330.03,147844,2187,330.751123
GOOGL,1H,2026-01-22T16:00:00Z,329.99,331.85,329.99,331.38,51322,988,331.111375
GOOGL,1H,2026-01-22T17:00:00Z,331.34,331.67,330.69,331.27,42265,894,331.164219
GOOGL,1H,2026-01-22T18:00:00Z,331.22,331.4,330.46,330.88,41948,810,330.889776
GOOGL,1H,2026-01-22T19:00:00Z,330.83,331.52,330.53,330.82,40518,761,331.175264
GOOGL,1H,2026-01-22T20:00:00Z,330.82,330.86,328.34,330.05,144744,2328,329.587623
GOOGL,1H,2026-01-23T13:00:00Z,330.54,330.54,330.27,330.42,508,15,330.41
GOOGL,1H,2026-01-23T14:00:00Z,332.05,333.2,329.66,331.02,112517,1816,331.272417
GOOGL,1H,2026-01-23T15:00:00Z,331.15,331.94,329.4,331.06,173983,2706,330.77971
GOOGL,1H,2026-01-23T16:00:00Z,331.07,331.81,327.52,327.94,130223,2101,329.646536
GOOGL,1H,2026-01-23T17:00:00Z,327.86,328.23,327.08,327.53,137660,2239,327.644915
GOOGL,1H,2026-01-23T18:00:00Z,327.52,329.05,327.5,328.86,59589,1205,328.235476
GOOGL,1H,2026-01-23T19:00:00Z,328.8,329.3,328.59,328.71,61498,1304,328.916949
GOOGL,1H,2026-01-23T20:00:00Z,328.75,328.75,327.03,327.46,196737,2702,327.644939
GOOGL,1H,2026-01-26T14:00:00Z,327.36,330.5,326.69,330.41,129662,2070,328.263024
GOOGL,1H,2026-01-26T15:00:00Z,330.35,332.82,329.91,332.61,128184,2088,331.629289
GOOGL,1H,2026-01-26T16:00:00Z,332.67,334.72,332.13,334.64,114959,1831,333.640907
GOOGL,1H,2026-01-26T17:00:00Z,334.69,335.39,334.47,334.49,60488,982,334.950012
GOOGL,1H,2026-01-26T18:00:00Z,334.47,334.89,333.96,334.32,64353,1138,334.41946
GOOGL,1H,2026-01-26T19:00:00Z,334.29,334.9,333.41,333.8,65889,1040,334.16482
GOOGL,1H,2026-01-26T20:00:00Z,333.64,333.98,332.57,332.8,99228,1867,333.187216
GOOGL,1H,2026-01-26T21:00:00Z,333.36,333.36,333.3,333.3,262,5,333.331915
GOOGL,1H,2026-01-27T14:00:00Z,337.1,337.45,333.17,337.21,131095,2475,335.824546
GOOGL,1H,2026-01-27T15:00:00Z,337.32,337.32,335.67,336.75,118525,2276,336.485038
GOOGL,1H,2026-01-27T16:00:00Z,336.75,336.85,334.94,335.05,82867,1531,335.710197
GOOGL,1H,2026-01-27T17:00:00Z,335.05,335.2,334.26,334.27,50329,980,334.840804
GOOGL,1H,2026-01-27T18:00:00Z,334.35,335.41,334.06,335.11,85224,1191,334.701365
GOOGL,1H,2026-01-27T19:00:00Z,334.98,335.24,334.62,334.82,50829,942,334.941501
GOOGL,1H,2026-01-27T20:00:00Z,334.78,335.29,333.95,334.03,132791,2301,334.527907
GOOGL,1H,2026-01-28T14:00:00Z,335.1,336.36,333.82,335.32,154890,2022,335.022175
GOOGL,1H,2026-01-28T15:00:00Z,335.32,336.82,332.67,333.66,242614,2447,334.348417
GOOGL,1H,2026-01-28T16:00:00Z,333.68,334.18,332.4,332.65,180972,1686,333.20671
GOOGL,1H,2026-01-28T17:00:00Z,332.72,333.45,331.51,333.08,99482,1369,332.598243
GOOGL,1H,2026-01-28T18:00:00Z,333.07,334.02,332.72,333.91,49714,881,333.533599
GOOGL,1H,2026-01-28T19:00:00Z,333.91,336.15,333.28,335.8,184727,1918,334.847862
GOOGL,1H,2026-01-28T20:00:00Z,335.76,337.08,335.29,335.7,278786,3059,336.204372
GOOGL,1H,2026-01-28T21:00:00Z,337.52,341.18,337.52,341.12,494,24,339.53
GOOGL,1H,2026-01-29T14:00:00Z,340.1,341.85,329.79,329.86,187972,2711,335.161261
GOOGL,1H,2026-01-29T15:00:00Z,329.83,330.85,326.16,327.56,276008,3807,328.028303
GOOGL,1H,2026-01-29T16:00:00Z,327.45,331.14,327.05,330.35,228373,2516,329.493658
GOOGL,1H,2026-01-29T17:00:00Z,330.37,333.77,330.37,332.9,179259,2083,332.776283
GOOGL,1H,2026-01-29T18:00:00Z,333,335.82,333,335.37,65472,1199,334.90326
GOOGL,1H,2026-01-29T19:00:00Z,335.41,336.41,335.09,335.85,108733,1660,335.843064
GOOGL,1H,2026-01-29T20:00:00Z,335.97,338.52,334.06,337.73,179079,3287,336.34754
GOOGL,1H,2026-01-29T21:00:00Z,337.52,337.52,337.52,337.52,174,8,337.52
GOOGL,1H,2026-01-30T13:00:00Z,334.28,334.28,334.28,334.28,137,2,334.28
GOOGL,1H,2026-01-30T14:00:00Z,333.69,338.15,332.08,336.9,135202,2012,335.382492
GOOGL,1H,2026-01-30T15:00:00Z,336.83,339.46,336.82,336.96,107354,2037,338.032662
GOOGL,1H,2026-01-30T16:00:00Z,336.9,338.72,336.88,337.16,62855,1405,337.572471
GOOGL,1H,2026-01-30T17:00:00Z,337.27,338.57,336.19,337.08,58070,1097,337.307787
GOOGL,1H,2026-01-30T18:00:00Z,336.92,338.85,335.35,338.79,65142,1303,336.687961
GOOGL,1H,2026-01-30T19:00:00Z,338.85,338.93,336.01,336.78,157282,2010,337.079861
GOOGL,1H,2026-01-30T20:00:00Z,336.88,338.9,336.45,337.59,270099,3916,337.416824
GOOGL,1H,2026-02-02T14:00:00Z,335.59,340.94,335.28,340.89,164501,2813,337.894678
GOOGL,1H,2026-02-02T15:00:00Z,341.07,344.31,340.35,340.96,203308,2935,342.106505
GOOGL,1H,2026-02-02T16:00:00Z,341.19,341.89,339.81,341.82,67661,1325,340.874539
GOOGL,1H,2026-02-02T17:00:00Z,341.86,342.99,341.24,342.78,61812,1290,342.102318
GOOGL,1H,2026-02-02T18:00:00Z,342.81,343.22,342.01,343.1,53907,1133,342.812642
GOOGL,1H,2026-02-02T19:00:00Z,342.87,343.95,342.75,343.65,86277,1317,343.325748
GOOGL,1H,2026-02-02T20:00:00Z,343.54,343.89,342.66,343.35,148726,3299,343.21903
GOOGL,1H,2026-02-03T14:00:00Z,347.26,348.48,342.15,343.88,160309,2705,345.596393
GOOGL,1H,2026-02-03T15:00:00Z,343.56,345.03,340.62,344.46,164130,2746,342.613145
GOOGL,1H,2026-02-03T16:00:00Z,344.72,344.78,341.93,342.49,74206,1419,343.125999
GOOGL,1H,2026-02-03T17:00:00Z,342.15,342.69,339.18,340.4,59873,1117,341.025183
GOOGL,1H,2026-02-03T18:00:00Z,340.42,340.42,337.41,337.58,73916,1413,339.057151
GOOGL,1H,2026-02-03T19:00:00Z,337.49,339.38,337.05,338.74,76364,1360,338.183949
GOOGL,1H,2026-02-03T20:00:00Z,338.68,340.1,337.72,339.4,127862,2405,339.066329
GOOGL,1H,2026-02-03T21:00:00Z,340.64,340.94,340.64,340.94,281,8,340.79
GOOGL,1H,2026-02-04T13:00:00Z,342.61,342.61,342.61,342.61,161,4,342.61
GOOGL,1H,2026-02-04T14:00:00Z,342.26,342.84,335.73,336.03,294807,3699,340.046598
GOOGL,1H,2026-02-04T15:00:00Z,335.95,337.25,332.57,333.32,353984,4195,334.852497
GOOGL,1H,2026-02-04T16:00:00Z,333.4,333.7,329.61,332.01,358290,4392,331.895028
GOOGL,1H,2026-02-04T17:00:00Z,332.09,333.05,328.14,331,357427,4469,330.52752
GOOGL,1H,2026-02-04T18:00:00Z,330.95,332.99,329.83,331.57,261736,3269,331.336574
GOOGL,1H,2026-02-04T19:00:00Z,331.56,333.95,329.24,332.86,341054,4578,331.601584
GOOGL,1H,2026-02-04T20:00:00Z,332.83,333.5,331.68,332.63,364155,5233,332.684901
GOOGL,1H,2026-02-04T21:00:00Z,324.84,347.19,309.08,342.02,28956,766,332.636634
GOOGL,1H,2026-02-05T14:00:00Z,311.46,325.43,306.16,320.63,496493,6495,316.528826
GOOGL,1H,2026-02-05T15:00:00Z,320.53,321.36,315.23,315.97,465836,7191,317.023558
GOOGL,1H,2026-02-05T16:00:00Z,316.33,323.57,316.12,321.42,396421,5505,320.734847
GOOGL,1H,2026-02-05T17:00:00Z,321.5,324.58,320.38,322.96,227039,3367,322.059969
GOOGL,1H,2026-02-05T18:00:00Z,322.97,324.99,322.58,324.97,234843,2692,323.914864
GOOGL,1H,2026-02-05T19:00:00Z,324.82,330.23,324.77,328.36,288112,3220,328.37592
GOOGL,1H,2026-02-05T20:00:00Z,328.27,332.12,328.05,331.87,846828,7788,330.297132
GOOGL,1H,2026-02-05T21:00:00Z,331.47,331.47,323.94,324.69,537,11,328.134
GOOGL,1H,2026-02-06T14:00:00Z,327.13,329.74,322.35,322.35,422068,4917,325.555049
GOOGL,1H,2026-02-06T15:00:00Z,322.02,323.73,319.57,320.94,438281,6597,321.941112
GOOGL,1H,2026-02-06T16:00:00Z,320.89,322.76,320.63,321.26,224054,3434,321.564491
GOOGL,1H,2026-02-06T17:00:00Z,321.25,324.75,320.72,324.07,175692,2735,322.147587
GOOGL,1H,2026-02-06T18:00:00Z,324.02,325.18,324.02,324.43,117854,1715,324.637076
GOOGL,1H,2026-02-06T19:00:00Z,324.44,324.83,321.25,321.32,176549,2302,323.175205
GOOGL,1H,2026-02-06T20:00:00Z,321.08,324.44,321.08,322.55,243093,4151,322.514528
GOOGL,1H,2026-02-06T21:00:00Z,322.15,322.15,322.15,322.15,117,3,322.15
GOOGL,1H,2026-02-09T14:00:00Z,320.6,323.12,316.88,319.54,242597,3632,320.333715
GOOGL,1H,2026-02-09T15:00:00Z,319.33,324.44,319.33,324.31,198377,3328,322.450479
GOOGL,1H,2026-02-09T16:00:00Z,324.32,327.26,323.78,326.54,280925,3897,325.255574
GOOGL,1H,2026-02-09T17:00:00Z,326.39,327.06,324.74,324.86,131764,2267,326.135762
GOOGL,1H,2026-02-09T18:00:00Z,324.85,325.3,324.11,324.11,108336,1943,324.587717
GOOGL,1H,2026-02-09T19:00:00Z,324.08,325.02,324.01,324.34,77540,1644,324.467778
GOOGL,1H,2026-02-09T20:00:00Z,324.29,324.57,322.88,323.85,176548,3545,323.614652
GOOGL,1H,2026-02-09T21:00:00Z,324.04,324.4,324.04,324.4,372,14,324.2
GOOGL,1H,2026-02-10T13:00:00Z,322.48,322.48,322.48,322.48,125,1,322.48
GOOGL,1H,2026-02-10T14:00:00Z,320.62,321.18,314.23,316.74,187021,2596,316.651817
GOOGL,1H,2026-02-10T15:00:00Z,316.76,319.75,316.37,316.98,184875,2672,318.158675
GOOGL,1H,2026-02-10T16:00:00Z,317.04,318.68,317.04,317.91,148427,1971,317.710707
GOOGL,1H,2026-02-10T17:00:00Z,317.93,319.13,317.72,318.14,89146,1392,318.643689
GOOGL,1H,2026-02-10T18:00:00Z,318.1,319.02,317.79,318.72,64289,1158,318.490657
GOOGL,1H,2026-02-10T19:00:00Z,318.62,319.32,318.11,319.27,63645,1059,318.775586
GOOGL,1H,2026-02-10T20:00:00Z,319.18,319.88,318,318.18,144716,2636,318.87162
GOOGL,1H,2026-02-10T21:00:00Z,318.11,318.11,318.11,318.11,100,1,318.11
GOOGL,1H,2026-02-11T13:00:00Z,320.11,320.29,320.11,320.29,500,9,320.21
GOOGL,1H,2026-02-11T14:00:00Z,319.68,320.37,315.26,315.57,95036,2164,318.296875
GOOGL,1H,2026-02-11T15:00:00Z,315.52,316.6,311.13,312.07,189641,3393,312.868128
GOOGL,1H,2026-02-11T16:00:00Z,312.23,312.76,310.23,310.96,130886,2110,311.361221
GOOGL,1H,2026-02-11T17:00:00Z,310.77,312.38,310.58,310.93,140498,1804,311.527528
GOOGL,1H,2026-02-11T18:00:00Z,310.97,312.11,310.02,311.65,118450,1630,310.995915
GOOGL,1H,2026-02-11T19:00:00Z,311.56,312.14,310.3,310.57,189318,2329,311.336329
GOOGL,1H,2026-02-11T20:00:00Z,310.49,311.01,309.26,310.38,220617,3384,310.151754
GOOGL,1H,2026-02-12T14:00:00Z,311.06,311.74,309.56,310.57,145232,1856,310.400907
GOOGL,1H,2026-02-12T15:00:00Z,310.57,312.83,309.41,310.06,175925,2462,311.16634
GOOGL,1H,2026-02-12T16:00:00Z,310.06,315.78,309.1,313.16,255478,3395,312.687408
GOOGL,1H,2026-02-12T17:00:00Z,313.18,314.2,311.72,311.98,94115,1565,313.160942
GOOGL,1H,2026-02-12T18:00:00Z,311.94,313.91,311.15,311.15,98002,1554,312.233731
GOOGL,1H,2026-02-12T19:00:00Z,311.25,311.28,309.65,309.84,74069,1235,310.286063
GOOGL,1H,2026-02-12T20:00:00Z,309.88,310.01,307.36,308.6,278763,3376,308.031417
GOOGL,1H,2026-02-13T13:00:00Z,306,306.96,306,306.96,295,7,306.384
GOOGL,1H,2026-02-13T14:00:00Z,307.41,307.8,303.48,305.83,204293,2661,305.818433
GOOGL,1H,2026-02-13T15:00:00Z,305.79,307.14,304.36,305.49,188694,3052,305.918096
GOOGL,1H,2026-02-13T16:00:00Z,305.53,306.42,304.13,306.02,138838,1738,305.4217
GOOGL,1H,2026-02-13T17:00:00Z,306.02,306.78,305.7,305.83,68383,910,306.228122
GOOGL,1H,2026-02-13T18:00:00Z,306.06,307.5,305.63,307.06,75545,1208,306.576152
GOOGL,1H,2026-02-13T19:00:00Z,307.08,307.47,306.22,306.33,79872,1181,307.013409
GOOGL,1H,2026-02-13T20:00:00Z,306.41,306.62,304.13,305.31,286652,3195,305.246076
GOOGL,1H,2026-02-17T14:00:00Z,300.05,303.92,296.75,297.12,272738,3214,300.004793
GOOGL,1H,2026-02-17T15:00:00Z,297.1,299.29,295.91,299.26,210425,2870,297.842392
GOOGL,1H,2026-02-17T16:00:00Z,299.24,302.48,299.21,301.4,189527,2664,301.06009
GOOGL,1H,2026-02-17T17:00:00Z,301.33,301.73,299.32,300.52,114867,1677,300.517573
GOOGL,1H,2026-02-17T18:00:00Z,300.45,302.59,299.94,302.13,64349,1089,301.316519
GOOGL,1H,2026-02-17T19:00:00Z,302.19,303.03,301.95,302.05,56238,997,302.373871
GOOGL,1H,2026-02-17T20:00:00Z,301.93,302.08,300.82,301.72,118096,2090,301.365879
GOOGL,1H,2026-02-17T21:00:00Z,300.46,300.46,300.46,300.46,132,6,300.46
GOOGL,1H,2026-02-18T14:00:00Z,301.29,304.53,301,302.98,136665,2130,302.655717
GOOGL,1H,2026-02-18T15:00:00Z,302.93,303.79,301.69,303.51,155998,2741,302.91084
GOOGL,1H,2026-02-18T16:00:00Z,303.55,304.18,302.92,303.04,104485,1895,303.503221
GOOGL,1H,2026-02-18T17:00:00Z,303.04,304.5,303.03,304.32,73187,1381,303.79681
GOOGL,1H,2026-02-18T18:00:00Z,304.44,304.98,302.63,303.29,77355,1300,303.771031
GOOGL,1H,2026-02-18T19:00:00Z,303.22,303.67,301.26,301.43,49005,1056,302.192348
GOOGL,1H,2026-02-18T20:00:00Z,301.49,303.58,300.86,302.82,139751,2432,301.941626
GOOGL,1H,2026-02-19T13:00:00Z,301.24,301.24,300.64,300.64,252,7,300.94
GOOGL,1H,2026-02-19T14:00:00Z,300.82,302.89,299.72,302.44,97542,1383,301.012655
GOOGL,1H,2026-02-19T15:00:00Z,302.4,303.79,301.56,302.58,201548,2082,302.555768
GOOGL,1H,2026-02-19T16:00:00Z,302.74,305.06,301.64,303.12,445187,2511,304.030486
GOOGL,1H,2026-02-19T17:00:00Z,302.98,304.61,302.48,303.38,158073,1443,303.878148
GOOGL,1H,2026-02-19T18:00:00Z,303.27,304.5,303.23,304.18,82167,919,303.816415
GOOGL,1H,2026-02-19T19:00:00Z,304.15,304.43,302.47,302.94,109764,982,303.256143
GOOGL,1H,2026-02-19T20:00:00Z,302.95,303.31,301.84,302.44,91675,1605,302.435253
GOOGL,1H,2026-02-20T13:00:00Z,306.39,306.39,306.39,306.39,133,2,306.39
GOOGL,1H,2026-02-20T14:00:00Z,303.7,310.01,303.66,308.95,163836,1990,308.496364
GOOGL,1H,2026-02-20T15:00:00Z,308.97,315.04,306.92,314.52,346526,4248,311.400271
GOOGL,1H,2026-02-20T16:00:00Z,314.5,316.07,313.34,315.66,151149,1941,314.438338
GOOGL,1H,2026-02-20T17:00:00Z,315.55,315.55,312.45,315.1,95850,1629,314.159046
GOOGL,1H,2026-02-20T18:00:00Z,315.01,315.2,313.54,314.42,66257,1346,314.336701
GOOGL,1H,2026-02-20T19:00:00Z,314.36,315.17,314.24,314.93,41338,885,314.59784
GOOGL,1H,2026-02-20T20:00:00Z,314.99,315.98,314.27,314.75,208972,3324,314.880733
GOOGL,1H,2026-02-23T14:00:00Z,316.79,318.9,314.92,315.09,174714,2343,316.907275
GOOGL,1H,2026-02-23T15:00:00Z,314.93,316.11,312.33,312.39,149355,2259,314.790096
GOOGL,1H,2026-02-23T16:00:00Z,312.68,314.06,311.38,313.46,91454,1305,312.710803
GOOGL,1H,2026-02-23T17:00:00Z,313.38,313.78,312.45,312.96,36578,684,313.164915
GOOGL,1H,2026-02-23T18:00:00Z,313.07,314.48,312.3,312.49,51132,849,313.592626
GOOGL,1H,2026-02-23T19:00:00Z,312.51,312.77,310.03,310.07,81257,1382,311.58552
GOOGL,1H,2026-02-23T20:00:00Z,310.03,311.21,309.48,311.08,120544,2208,310.483497
GOOGL,1H,2026-02-24T13:00:00Z,312.2,312.2,312.2,312.2,133,2,312.2
GOOGL,1H,2026-02-24T14:00:00Z,310.1,310.15,305.62,307.6,81516,1318,307.79803
GOOGL,1H,2026-02-24T15:00:00Z,307.55,309.96,305.66,309.77,106628,1715,307.920149
GOOGL,1H,2026-02-24T16:00:00Z,309.54,310.83,309.51,310.65,104033,1860,310.269638
GOOGL,1H,2026-02-24T17:00:00Z,310.63,311.81,310.37,310.65,45931,906,311.047602
GOOGL,1H,2026-02-24T18:00:00Z,310.62,311.11,309.97,310.15,37468,704,310.482326
GOOGL,1H,2026-02-24T19:00:00Z,310.14,310.96,309.22,310.8,57160,904,310.279627
GOOGL,1H,2026-02-24T20:00:00Z,310.76,311.22,310.18,310.52,96840,1748,310.616393
GOOGL,1H,2026-02-25T13:00:00Z,311.48,311.48,311.48,311.48,141,4,311.48
GOOGL,1H,2026-02-25T14:00:00Z,311.64,313.23,309.32,312.36,77004,998,311.65661
GOOGL,1H,2026-02-25T15:00:00Z,312.46,312.47,309.3,309.51,136240,1547,311.054718
GOOGL,1H,2026-02-25T16:00:00Z,309.55,310.9,309.04,310.47,64458,1156,309.995431
GOOGL,1H,2026-02-25T17:00:00Z,310.37,311.09,309.6,310.11,70868,1167,310.311143
GOOGL,1H,2026-02-25T18:00:00Z,310.1,310.57,309.89,310.3,36009,756,310.115702
GOOGL,1H,2026-02-25T19:00:00Z,310.3,311.01,310.03,310.9,94996,1632,310.526729
GOOGL,1H,2026-02-25T20:00:00Z,310.88,312.83,310.74,312.55,243055,3422,311.92762
GOOGL,1H,2026-02-26T13:00:00Z,313.58,313.58,313.58,313.58,140,6,313.58
GOOGL,1H,2026-02-26T14:00:00Z,312.3,312.3,305.84,306.08,100237,1567,307.57695
GOOGL,1H,2026-02-26T15:00:00Z,306.01,306.3,301.97,304.13,138772,2309,303.955428
GOOGL,1H,2026-02-26T16:00:00Z,304.34,307.4,304.07,305.22,150668,2322,305.618926
GOOGL,1H,2026-02-26T17:00:00Z,305.22,306.41,304.42,304.9,70390,1191,305.543675
GOOGL,1H,2026-02-26T18:00:00Z,304.79,306.5,304.38,306.41,40409,750,305.17304
GOOGL,1H,2026-02-26T19:00:00Z,306.37,308.02,306.26,307.5,52233,857,307.528314
GOOGL,1H,2026-02-26T20:00:00Z,307.38,307.68,306.26,306.99,75307,1456,306.93073
GOOGL,1H,2026-02-26T21:00:00Z,306.99,306.99,306.99,306.99,138,8,306.99
GOOGL,1H,2026-02-27T14:00:00Z,304.85,309.39,303.73,307.79,100557,1642,307.084205
GOOGL,1H,2026-02-27T15:00:00Z,307.68,309.07,307.23,308.24,123561,2140,308.093749
GOOGL,1H,2026-02-27T16:00:00Z,308.19,308.7,307.01,307.19,71278,1348,307.936076
GOOGL,1H,2026-02-27T17:00:00Z,307.65,308.93,306.32,306.6,49297,1100,307.326495
GOOGL,1H,2026-02-27T18:00:00Z,306.53,306.95,305.16,306.61,88338,1288,305.863271
GOOGL,1H,2026-02-27T19:00:00Z,306.57,308.44,306.3,306.56,101889,1463,307.232204
GOOGL,1H,2026-02-27T20:00:00Z,306.56,311.88,306.51,311.15,291366,3942,309.221339
GOOGL,1H,2026-03-02T13:00:00Z,302.92,302.92,302.92,302.92,179,2,302.92
GOOGL,1H,2026-03-02T14:00:00Z,302.29,305.93,301.13,304.25,118138,1448,304.028202
GOOGL,1H,2026-03-02T15:00:00Z,304.15,305.36,303.5,304.77,167796,2256,304.44663
GOOGL,1H,2026-03-02T16:00:00Z,304.8,307.6,303.93,307.5,96533,1380,305.690989
GOOGL,1H,2026-03-02T17:00:00Z,307.32,308.09,306.96,307.99,69729,985,307.412892
GOOGL,1H,2026-03-02T18:00:00Z,307.94,307.94,305.6,305.67,42966,692,306.397416
GOOGL,1H,2026-03-02T19:00:00Z,305.51,307.41,305.51,306.84,70930,1022,306.665479
GOOGL,1H,2026-03-02T20:00:00Z,306.89,306.91,304.6,305.84,204617,2632,305.614939
GOOGL,1H,2026-03-02T21:00:00Z,306.06,306.06,305.7,305.7,290,23,305.88
GOOGL,1H,2026-03-03T14:00:00Z,298.01,301.28,296.34,298.78,146262,2298,299.180258
GOOGL,1H,2026-03-03T15:00:00Z,298.76,300,296.61,298.35,213764,3299,297.897971
GOOGL,1H,2026-03-03T16:00:00Z,298.38,301.59,297.88,300.49,165703,2997,300.330467
GOOGL,1H,2026-03-03T17:00:00Z,300.59,301.29,299.92,299.98,97856,1937,300.579583
GOOGL,1H,2026-03-03T18:00:00Z,300.17,302.37,299.76,301.96,87664,1984,300.909601
GOOGL,1H,2026-03-03T19:00:00Z,301.94,302.73,300.19,302.05,119029,2248,301.653925
GOOGL,1H,2026-03-03T20:00:00Z,301.95,303.54,301.3,303.23,214992,3506,302.508846
GOOGL,1H,2026-03-04T14:00:00Z,303.59,304.08,300.41,302.61,154140,2255,302.181524
GOOGL,1H,2026-03-04T15:00:00Z,302.82,305.05,301.55,304.05,249445,4021,303.365667
GOOGL,1H,2026-03-04T16:00:00Z,304.12,304.61,302.96,303.7,149423,2228,303.919115
GOOGL,1H,2026-03-04T17:00:00Z,303.68,304.01,303.02,303.72,86421,1390,303.551027
GOOGL,1H,2026-03-04T18:00:00Z,303.71,303.8,302.42,302.68,114790,1641,303.043433
GOOGL,1H,2026-03-04T19:00:00Z,302.77,303.2,302.4,302.45,97428,1579,302.784317
GOOGL,1H,2026-03-04T20:00:00Z,302.39,303.22,301.68,302.71,166389,2619,302.490862
GOOGL,1H,2026-03-05T14:00:00Z,302.64,302.64,298.7,300.95,312672,2425,299.935439
GOOGL,1H,2026-03-05T15:00:00Z,300.96,301.43,298.44,299.78,267345,2246,300.110409
GOOGL,1H,2026-03-05T16:00:00Z,299.86,300.03,297.94,299.32,193931,1492,298.999799
GOOGL,1H,2026-03-05T17:00:00Z,299.27,299.94,297.87,299.01,98128,1103,298.752355
GOOGL,1H,2026-03-05T18:00:00Z,298.97,299.93,297.62,298.08,178880,2217,298.329032
GOOGL,1H,2026-03-05T19:00:00Z,298.09,299.46,297.98,298.73,188470,1615,298.831357
GOOGL,1H,2026-03-05T20:00:00Z,298.6,300.84,298.27,300.52,264778,2953,299.517153
GOOGL,1H,2026-03-06T14:00:00Z,294.32,298.28,294.32,298.06,115815,2502,296.521001
GOOGL,1H,2026-03-06T15:00:00Z,298.36,300.1,297.58,299.39,112432,1954,299.119553
GOOGL,1H,2026-03-06T16:00:00Z,299.39,299.86,298.55,298.94,56612,954,299.237154
GOOGL,1H,2026-03-06T17:00:00Z,298.87,299.59,298.07,298.22,50149,948,298.702381
GOOGL,1H,2026-03-06T18:00:00Z,298.03,299.62,298.03,299.04,46675,1017,298.950539
GOOGL,1H,2026-03-06T19:00:00Z,299.01,299.4,297.84,298.4,49480,864,298.569615
GOOGL,1H,2026-03-06T20:00:00Z,298.46,299.35,297.31,298.16,157047,2624,298.22699
GOOGL,1H,2026-03-06T21:00:00Z,297.7,297.7,297.7,297.7,114,3,297.7
GOOGL,1H,2026-03-09T12:00:00Z,294.1,294.1,294.1,294.1,100,1,294.1
GOOGL,1H,2026-03-09T13:00:00Z,294.2,296.62,294.02,295.1,178419,2237,295.50029
GOOGL,1H,2026-03-09T14:00:00Z,295.45,299.69,295.31,299.02,263897,4691,297.691754
GOOGL,1H,2026-03-09T15:00:00Z,299.13,300.07,298.43,299.68,152771,2155,299.384134
GOOGL,1H,2026-03-09T16:00:00Z,299.67,301.76,299.55,301.44,145741,1888,300.732699
GOOGL,1H,2026-03-09T17:00:00Z,301.5,301.52,300.05,301.32,97519,1330,300.8694
GOOGL,1H,2026-03-09T18:00:00Z,301.43,302.73,300.83,301.99,102364,1478,301.768352
GOOGL,1H,2026-03-09T19:00:00Z,301.95,306.61,301.7,306.13,185375,3265,304.572965
GOOGL,1H,2026-03-10T13:00:00Z,306.62,308.29,305.54,305.76,99669,1435,306.98146
GOOGL,1H,2026-03-10T14:00:00Z,305.79,308.75,305.42,308.7,164526,2217,306.645069
GOOGL,1H,2026-03-10T15:00:00Z,308.79,309.31,307.88,308.86,84824,1492,308.48941
GOOGL,1H,2026-03-10T16:00:00Z,308.86,308.86,307.47,307.91,70753,1069,308.087391
GOOGL,1H,2026-03-10T17:00:00Z,307.85,309.11,307.82,308.16,53981,901,308.437776
GOOGL,1H,2026-03-10T18:00:00Z,308.03,308.1,306.3,307.31,53501,1096,307.538236
GOOGL,1H,2026-03-10T19:00:00Z,307.28,307.57,306.29,306.91,103981,1662,306.839984
GOOGL,1H,2026-03-10T20:00:00Z,307.57,307.57,307.57,307.57,111,4,307.57
GOOGL,1H,2026-03-11T13:00:00Z,306.57,308.86,305.85,308.72,72298,980,307.051943
GOOGL,1H,2026-03-11T14:00:00Z,309,311.21,308.43,310.49,145970,2203,309.884973
GOOGL,1H,2026-03-11T15:00:00Z,310.69,310.7,308.41,309.05,92814,1482,309.204859
GOOGL,1H,2026-03-11T16:00:00Z,308.99,309.17,308.2,308.97,54868,946,308.670989
GOOGL,1H,2026-03-11T17:00:00Z,308.98,309.37,307.65,308.37,45519,909,308.766707
GOOGL,1H,2026-03-11T18:00:00Z,308.27,308.59,307.46,307.62,53444,900,308.006284
GOOGL,1H,2026-03-11T19:00:00Z,307.76,308.77,307.34,308.47,145150,2222,308.071685
GOOGL,1H,2026-03-12T13:00:00Z,306.4,308.68,303.76,304.06,95394,1240,305.615796
GOOGL,1H,2026-03-12T14:00:00Z,304.25,304.95,301.78,301.86,110701,1662,303.287496
GOOGL,1H,2026-03-12T15:00:00Z,301.81,303.18,300.85,302.97,103049,1608,301.886934
GOOGL,1H,2026-03-12T16:00:00Z,302.92,303.87,302.3,303.23,85541,1118,303.153537
GOOGL,1H,2026-03-12T17:00:00Z,303.44,304.05,302.8,303.38,54595,800,303.63331
GOOGL,1H,2026-03-12T18:00:00Z,303.6,304.49,303.6,304.26,46101,670,304.125812
GOOGL,1H,2026-03-12T19:00:00Z,304.1,304.9,303.28,303.29,94658,1560,303.989403
GOOGL,1H,2026-03-12T20:00:00Z,303.46,303.46,303.46,303.46,158,7,303.46
GOOGL,1H,2026-03-13T13:00:00Z,306.83,307.51,304.31,305.98,73414,1199,305.941105
GOOGL,1H,2026-03-13T14:00:00Z,306.14,307.28,304.5,304.77,53592,1089,305.997036
GOOGL,1H,2026-03-13T15:00:00Z,304.98,305.96,302.35,302.84,91164,1474,303.789062
GOOGL,1H,2026-03-13T16:00:00Z,302.78,303.23,300.57,300.71,57949,1093,302.090646
GOOGL,1H,2026-03-13T17:00:00Z,300.7,302.22,300.27,300.45,53474,956,301.126115
GOOGL,1H,2026-03-13T18:00:00Z,300.42,302.38,300.42,301.98,50861,920,301.605135
GOOGL,1H,2026-03-13T19:00:00Z,302.07,302.32,300.8,302.07,94667,1913,301.653816
GOOGL,1H,2026-03-16T13:00:00Z,304.18,305.44,303.18,305.35,71524,990,304.28545
GOOGL,1H,2026-03-16T14:00:00Z,304.77,306.22,303.49,303.97,93997,1325,304.934262
GOOGL,1H,2026-03-16T15:00:00Z,303.97,304.28,303.18,303.48,118483,1487,303.77982
GOOGL,1H,2026-03-16T16:00:00Z,303.43,304.46,302.87,304.27,101139,1286,303.727223
GOOGL,1H,2026-03-16T17:00:00Z,304.3,304.92,304.24,304.74,71130,948,304.670994
GOOGL,1H,2026-03-16T18:00:00Z,304.73,305.53,304.42,305.42,68923,1040,305.072677
GOOGL,1H,2026-03-16T19:00:00Z,305.43,306.1,304.75,305.49,115516,1845,305.381603
GOOGL,1H,2026-03-17T13:00:00Z,305.81,307.24,305.38,306.37,71604,1201,306.432279
GOOGL,1H,2026-03-17T14:00:00Z,306.41,307.65,306.04,306.77,53160,996,306.804342
GOOGL,1H,2026-03-17T15:00:00Z,306.72,307.69,306.05,307.64,35706,804,306.796306
GOOGL,1H,2026-03-17T16:00:00Z,307.77,308.53,307.56,307.58,58395,941,307.985522
GOOGL,1H,2026-03-17T17:00:00Z,307.58,308.53,307.48,308.48,72538,965,307.811641
GOOGL,1H,2026-03-17T18:00:00Z,308.51,309.75,308.33,309.65,65208,1165,309.242161
GOOGL,1H,2026-03-17T19:00:00Z,309.67,311.19,309.55,310.72,295217,3888,310.438534
GOOGL,1H,2026-03-18T13:00:00Z,309.02,312.22,309.02,310.32,69585,932,311.028145
GOOGL,1H,2026-03-18T14:00:00Z,310.42,310.95,308.7,310.59,59189,1000,310.135352
GOOGL,1H,2026-03-18T15:00:00Z,310.58,310.92,309.88,310.46,55401,911,310.41332
GOOGL,1H,2026-03-18T16:00:00Z,310.27,310.62,309.14,309.34,69058,1097,309.993275
GOOGL,1H,2026-03-18T17:00:00Z,309.31,309.31,308.32,309.08,56128,876,308.821161
GOOGL,1H,2026-03-18T18:00:00Z,309.47,309.69,307.57,307.57,51011,948,308.394976
GOOGL,1H,2026-03-18T19:00:00Z,307.6,308.64,306.76,307.59,86215,1713,307.729191
GOOGL,1H,2026-03-18T20:00:00Z,307.68,307.68,307.68,307.68,155,6,307.68
GOOGL,1H,2026-03-19T13:00:00Z,303.79,305.17,302.19,304.8,150218,1851,303.490193
GOOGL,1H,2026-03-19T14:00:00Z,304.87,305.52,303.61,305.01,118680,1696,304.53644
GOOGL,1H,2026-03-19T15:00:00Z,304.95,305.9,303.6,305.03,110499,1763,304.541997
GOOGL,1H,2026-03-19T16:00:00Z,305,306.14,304.79,306.08,81197,1338,305.465606
GOOGL,1H,2026-03-19T17:00:00Z,306.04,306.04,304.95,305.63,81154,1092,305.50636
GOOGL,1H,2026-03-19T18:00:00Z,305.52,306.45,304.9,306.18,81207,1265,305.390847
GOOGL,1H,2026-03-19T19:00:00Z,306.19,307.88,306.14,306.88,199441,3538,306.871694
GOOGL,1H,2026-03-19T20:00:00Z,306.83,306.83,306.83,306.83,152,5,306.83
GOOGL,1H,2026-03-20T13:00:00Z,305.23,305.23,301.67,301.83,97210,1443,303.217292
GOOGL,1H,2026-03-20T14:00:00Z,301.86,302.76,301.3,301.62,113538,1719,301.934977
GOOGL,1H,2026-03-20T15:00:00Z,301.64,302.01,300.65,301.83,77800,1312,301.239702
GOOGL,1H,2026-03-20T16:00:00Z,301.85,302.53,300.66,300.72,63328,1001,301.689541
GOOGL,1H,2026-03-20T17:00:00Z,300.76,301.12,299.64,300.19,98773,1159,300.458613
GOOGL,1H,2026-03-20T18:00:00Z,300.27,300.3,298.52,298.87,83469,1497,299.294666
GOOGL,1H,2026-03-20T19:00:00Z,298.96,301.62,298.15,300.6,205936,3327,299.813263
GOOGL,1H,2026-03-20T20:00:00Z,301.14,301.14,301.14,301.14,210,8,301.14
GOOGL,1H,2026-03-23T13:00:00Z,302.34,304.36,301.86,303.63,117708,1642,303.05395
GOOGL,1H,2026-03-23T14:00:00Z,303.75,305.23,303.08,303.29,116330,1633,304.176217
GOOGL,1H,2026-03-23T15:00:00Z,303.29,305.64,303.13,303.44,175508,2064,304.581909
GOOGL,1H,2026-03-23T16:00:00Z,303.39,303.96,300.76,301.99,115665,1598,302.400434
GOOGL,1H,2026-03-23T17:00:00Z,302.05,302.38,301.13,301.89,76672,1193,301.706383
GOOGL,1H,2026-03-23T18:00:00Z,301.84,303.1,301.45,302.94,79492,1387,302.269588
GOOGL,1H,2026-03-23T19:00:00Z,302.91,303.14,301.76,301.95,143561,2649,302.474511
GOOGL,1H,2026-03-24T13:00:00Z,298.93,299.69,296.84,297.45,96928,1208,298.275838
GOOGL,1H,2026-03-24T14:00:00Z,297.46,298.03,294.91,295.61,166587,2207,296.021373
GOOGL,1H,2026-03-24T15:00:00Z,296.01,296.66,294.63,295.51,169672,2164,295.716078
GOOGL,1H,2026-03-24T16:00:00Z,295.4,295.46,292.77,293.59,148743,1948,293.696108
GOOGL,1H,2026-03-24T17:00:00Z,293.61,293.69,291.96,292.74,205668,2097,292.310581
GOOGL,1H,2026-03-24T18:00:00Z,292.86,293.45,292.05,292.29,165460,2165,292.560637
GOOGL,1H,2026-03-24T19:00:00Z,292.35,292.87,290.18,290.24,368174,4722,290.989037
GOOGL,1H,2026-03-24T20:00:00Z,292.39,292.39,292.39,292.39,400,5,292.39
GOOGL,1H,2026-03-25T13:00:00Z,294.72,295.8,291.36,291.51,296071,2417,293.634172
GOOGL,1H,2026-03-25T14:00:00Z,291.56,292.05,290.1,291.2,273668,2697,290.932032
GOOGL,1H,2026-03-25T15:00:00Z,291.15,291.55,289.1,290.49,150414,1879,290.323652
GOOGL,1H,2026-03-25T16:00:00Z,290.43,291.66,290.11,290.88,98283,1555,290.907746
GOOGL,1H,2026-03-25T17:00:00Z,290.9,291.63,290.04,290.68,79612,1340,290.793896
GOOGL,1H,2026-03-25T18:00:00Z,290.85,290.91,289.29,289.86,63870,1162,290.02424
GOOGL,1H,2026-03-25T19:00:00Z,289.78,290.99,289.48,290.81,134007,2408,290.284343
GOOGL,1H,2026-03-26T13:00:00Z,287.21,287.69,284.06,286.44,165256,2037,285.690164
GOOGL,1H,2026-03-26T14:00:00Z,286.59,287.59,285.69,286.19,209340,2619,286.570151
GOOGL,1H,2026-03-26T15:00:00Z,286.34,286.47,284.48,284.66,200517,2673,285.375184
GOOGL,1H,2026-03-26T16:00:00Z,284.64,284.83,283.21,283.74,138921,2408,284.103514
GOOGL,1H,2026-03-26T17:00:00Z,283.73,283.97,281.8,281.9,121320,1897,282.880722
GOOGL,1H,2026-03-26T18:00:00Z,281.98,282.26,278.57,281.44,153803,2593,280.639312
GOOGL,1H,2026-03-26T19:00:00Z,281.36,281.45,279.89,280.99,196371,3376,280.749145
GOOGL,1H,2026-03-27T12:00:00Z,276.95,276.95,276.95,276.95,278,5,276.95
GOOGL,1H,2026-03-27T13:00:00Z,276.34,278.7,275.13,276.74,125125,1678,277.031154
GOOGL,1H,2026-03-27T14:00:00Z,276.96,279.14,276.8,278.69,166578,2291,278.091182
GOOGL,1H,2026-03-27T15:00:00Z,278.69,278.96,277.3,277.53,90166,1278,278.011696
GOOGL,1H,2026-03-27T16:00:00Z,277.52,277.57,276.1,276.6,92209,1135,276.706195
GOOGL,1H,2026-03-27T17:00:00Z,276.58,276.66,273.81,274.26,96298,1554,274.956978
GOOGL,1H,2026-03-27T18:00:00Z,274.32,275.5,273.87,274.74,81532,1256,274.868516
GOOGL,1H,2026-03-27T19:00:00Z,274.76,275.3,273.93,274.2,180189,3061,274.427514
GOOGL,1H,2026-03-30T12:00:00Z,275.07,275.45,275.07,275.45,500,7,275.206667
GOOGL,1H,2026-03-30T13:00:00Z,276.27,276.74,273.57,273.64,131102,1447,274.816725
GOOGL,1H,2026-03-30T14:00:00Z,273.65,274.83,272.96,274.47,201718,2359,273.71699
GOOGL,1H,2026-03-30T15:00:00Z,274.51,275.74,273.32,275.15,130010,1763,274.435782
GOOGL,1H,2026-03-30T16:00:00Z,275.09,275.2,274,274.11,83402,1237,274.42282
GOOGL,1H,2026-03-30T17:00:00Z,274.09,274.33,273.53,273.88,61824,988,273.86605
GOOGL,1H,2026-03-30T18:00:00Z,273.82,274.08,272.65,272.68,60676,996,273.297904
GOOGL,1H,2026-03-30T19:00:00Z,272.58,273.62,271.97,273.29,146633,2508,272.787326
GOOGL,1H,2026-03-31T13:00:00Z,277.88,279.84,276.93,279.84,122081,1357,278.464324
GOOGL,1H,2026-03-31T14:00:00Z,279.96,282.4,279.67,280.57,207310,2331,281.108958
GOOGL,1H,2026-03-31T15:00:00Z,280.65,282.18,280.64,280.92,104051,1575,281.447565
GOOGL,1H,2026-03-31T16:00:00Z,280.88,285.06,280.75,284.69,174230,1952,282.996756
GOOGL,1H,2026-03-31T17:00:00Z,285.1,287.91,284.99,286.65,267136,2950,286.637952
GOOGL,1H,2026-03-31T18:00:00Z,286.72,287.25,286.33,286.67,189135,2394,286.836721
GOOGL,1H,2026-03-31T19:00:00Z,286.71,287.6,286.17,287.3,253168,3377,286.871815
GOOGL,1H,2026-04-01T13:00:00Z,290.74,295.85,290.37,295.07,253068,2477,293.974553
GOOGL,1H,2026-04-01T14:00:00Z,295.24,296.51,294.35,296.22,163125,2074,295.634881
GOOGL,1H,2026-04-01T15:00:00Z,296.26,298.03,296.02,297.79,179086,2076,296.808027
GOOGL,1H,2026-04-01T16:00:00Z,297.82,299.74,297.44,299.47,153666,2040,298.449454
GOOGL,1H,2026-04-01T17:00:00Z,299.41,300.32,298.67,298.67,145546,2067,299.727715
GOOGL,1H,2026-04-01T18:00:00Z,298.61,298.66,295.67,296.12,190842,2754,296.956716
GOOGL,1H,2026-04-01T19:00:00Z,296.14,297.81,296.04,297.27,213122,3117,297.067673
GOOGL,1H,2026-04-02T13:00:00Z,290.51,293.54,289.33,293.47,93346,1314,291.390554
GOOGL,1H,2026-04-02T14:00:00Z,293.73,297.8,293.48,296.29,142109,2113,295.399153
GOOGL,1H,2026-04-02T15:00:00Z,296.18,296.52,294.82,295.18,100115,1528,295.661616
GOOGL,1H,2026-04-02T16:00:00Z,295.08,295.97,294.54,295.6,71181,1120,295.20905
GOOGL,1H,2026-04-02T17:00:00Z,295.52,296.05,294.83,295.1,47458,950,295.527555
GOOGL,1H,2026-04-02T18:00:00Z,295.22,295.74,294.59,295.04,55470,1060,295.169662
GOOGL,1H,2026-04-02T19:00:00Z,295.06,295.81,294.61,295.51,129714,2300,295.162824
GOOGL,1H,2026-04-06T12:00:00Z,296.23,296.23,295.99,295.99,253,3,296.098108
GOOGL,1H,2026-04-06T13:00:00Z,295.4,298.45,295.11,297.83,65651,1063,296.949245
GOOGL,1H,2026-04-06T14:00:00Z,297.71,298.39,296.46,297.46,65376,957,297.606654
GOOGL,1H,2026-04-06T15:00:00Z,297.57,298.18,296.88,297.7,49758,828,297.577197
GOOGL,1H,2026-04-06T16:00:00Z,297.84,299.34,297.55,298.95,28316,558,298.485648
GOOGL,1H,2026-04-06T17:00:00Z,298.83,299.46,297.84,298.8,29190,575,298.69929
GOOGL,1H,2026-04-06T18:00:00Z,298.82,300.43,298.54,299.97,29914,479,299.824136
GOOGL,1H,2026-04-06T19:00:00Z,299.94,300.28,299.1,299.81,94544,1690,299.711765
GOOGL,1H,2026-04-07T13:00:00Z,302.54,303.41,299.21,299.24,119656,1374,301.148686
GOOGL,1H,2026-04-07T14:00:00Z,299.26,300.96,297.57,299.84,140113,1534,299.123859
GOOGL,1H,2026-04-07T15:00:00Z,299.3,301.58,298.68,301.58,61137,1161,300.244223
GOOGL,1H,2026-04-07T16:00:00Z,301.75,302.93,301.59,302.45,43562,672,302.513363
GOOGL,1H,2026-04-07T17:00:00Z,302.43,303.84,302.27,303.25,32526,502,303.016931
GOOGL,1H,2026-04-07T18:00:00Z,303.27,303.45,301.24,301.46,42389,753,302.817575
GOOGL,1H,2026-04-07T19:00:00Z,301.4,305.43,301.22,305.32,132473,1997,303.706498
GOOGL,1H,2026-04-08T12:00:00Z,318.38,318.38,318.38,318.38,300,7,318.38
GOOGL,1H,2026-04-08T13:00:00Z,318.41,321.82,315.15,315.44,165979,2247,317.900674
GOOGL,1H,2026-04-08T14:00:00Z,315.39,316.95,314.85,315.87,196271,2584,315.955544
GOOGL,1H,2026-04-08T15:00:00Z,315.86,318.29,315.86,318.24,106587,1868,317.030591
GOOGL,1H,2026-04-08T16:00:00Z,318.21,319.67,317.41,319.04,92063,1417,318.505122
GOOGL,1H,2026-04-08T17:00:00Z,319.06,319.21,317.57,318.17,54315,952,318.245651
GOOGL,1H,2026-04-08T18:00:00Z,318.17,319.06,317.15,317.15,82594,1240,318.373892
GOOGL,1H,2026-04-08T19:00:00Z,317.03,317.86,316.02,317.05,165159,2999,316.979478
GOOGL,1H,2026-04-09T13:00:00Z,316.24,316.82,312.48,312.67,148229,1936,313.526266
GOOGL,1H,2026-04-09T14:00:00Z,312.8,313.37,310.92,313.09,164145,2192,312.158415
GOOGL,1H,2026-04-09T15:00:00Z,313.3,317.62,313.27,317.53,90966,1747,315.397737
GOOGL,1H,2026-04-09T16:00:00Z,317.54,318.82,317.44,318.27,41620,854,318.280525
GOOGL,1H,2026-04-09T17:00:00Z,318.54,319.32,318.15,318.86,61393,1134,318.76825
GOOGL,1H,2026-04-09T18:00:00Z,318.82,318.95,317.88,318.19,44552,1019,318.282356
GOOGL,1H,2026-04-09T19:00:00Z,318.26,318.93,318.14,318.44,75731,1580,318.479022
GOOGL,1H,2026-04-10T13:00:00Z,319.92,321.55,319.27,319.36,135192,1772,320.223336
GOOGL,1H,2026-04-10T14:00:00Z,319.36,319.68,318.14,319.05,124741,1631,319.111099
GOOGL,1H,2026-04-10T15:00:00Z,319.09,319.55,317.17,317.24,87004,1322,318.403363
GOOGL,1H,2026-04-10T16:00:00Z,317.31,317.7,316.52,316.96,67826,1120,317.174841
GOOGL,1H,2026-04-10T17:00:00Z,316.95,316.95,316.33,316.56,40117,758,316.537378
GOOGL,1H,2026-04-10T18:00:00Z,316.66,317.03,316.13,316.7,34441,726,316.704859
GOOGL,1H,2026-04-10T19:00:00Z,316.79,317.51,316.76,317.09,187576,2493,317.066598
GOOGL,1H,2026-04-13T13:00:00Z,316.95,318.76,315.36,318.26,137746,2742,316.346171
GOOGL,1H,2026-04-13T14:00:00Z,318.28,319.79,317.25,318.23,144324,2501,318.359223
GOOGL,1H,2026-04-13T15:00:00Z,318.23,319.32,317.92,318.48,87851,1455,318.519238
GOOGL,1H,2026-04-13T16:00:00Z,318.49,319.89,317.86,319.52,95430,1525,318.772832
GOOGL,1H,2026-04-13T17:00:00Z,319.52,319.66,318.86,319.03,54246,875,319.243239
GOOGL,1H,2026-04-13T18:00:00Z,319.06,320.1,318.88,320,38846,733,319.278865
GOOGL,1H,2026-04-13T19:00:00Z,319.99,321.43,319.87,321.16,177294,2789,320.821678
GOOGL,1H,2026-04-14T12:00:00Z,324.48,324.48,324.48,324.48,255,7,324.48
GOOGL,1H,2026-04-14T13:00:00Z,325.29,327.18,323.63,326.17,124752,1961,325.645108
GOOGL,1H,2026-04-14T14:00:00Z,326.07,328.27,326.07,328.06,147649,2405,327.238802
GOOGL,1H,2026-04-14T15:00:00Z,328,332.48,327.52,331.85,150485,2456,330.807398
GOOGL,1H,2026-04-14T16:00:00Z,331.78,332.79,331.78,332.59,144034,2240,332.354337
GOOGL,1H,2026-04-14T17:00:00Z,332.62,333.08,332.09,332.46,86640,1610,332.611999
GOOGL,1H,2026-04-14T18:00:00Z,332.45,332.65,331.21,331.46,63601,1701,331.865567
GOOGL,1H,2026-04-14T19:00:00Z,331.5,332.67,331.3,332.67,139558,2701,332.092109
GOOGL,1H,2026-04-15T13:00:00Z,332.86,333.74,330.77,332.58,171407,2229,331.803227
GOOGL,1H,2026-04-15T14:00:00Z,332.6,334.61,332.45,333.77,155372,2493,333.527396
GOOGL,1H,2026-04-15T15:00:00Z,333.77,333.77,332.43,332.98,123199,2062,332.980127
GOOGL,1H,2026-04-15T16:00:00Z,333.07,335.01,332.9,334.17,103826,1727,334.300666
GOOGL,1H,2026-04-15T17:00:00Z,334.06,335.68,333.9,335.36,71850,1225,334.887006
GOOGL,1H,2026-04-15T18:00:00Z,335.26,337.27,335.07,336.92,104545,1980,335.966303
GOOGL,1H,2026-04-15T19:00:00Z,336.91,337.17,335.46,336.91,220469,3919,336.311671
GOOGL,1H,2026-04-15T20:00:00Z,336.9,336.92,336.9,336.92,236,5,336.91
GOOGL,1H,2026-04-16T13:00:00Z,338.75,339.64,335.63,335.96,106130,1722,336.669287
GOOGL,1H,2026-04-16T14:00:00Z,335.99,337.88,335.55,336.94,107166,1722,336.619468
GOOGL,1H,2026-04-16T15:00:00Z,336.94,337.82,336.38,337.35,68282,1231,337.116245
GOOGL,1H,2026-04-16T16:00:00Z,337.41,338.3,336.78,337.19,59024,1101,337.579198
GOOGL,1H,2026-04-16T17:00:00Z,337.19,337.22,334.61,334.83,63456,1280,336.096615
GOOGL,1H,2026-04-16T18:00:00Z,334.87,335.47,334.32,335.04,50805,1109,335.055956
GOOGL,1H,2026-04-16T19:00:00Z,335.05,336.2,334.63,335.77,145534,3102,335.499458
GOOGL,1H,2026-04-17T13:00:00Z,337.72,338.39,336.06,336.63,85641,1492,337.04043
GOOGL,1H,2026-04-17T14:00:00Z,336.84,337.76,336.74,336.99,102135,1880,337.257467
GOOGL,1H,2026-04-17T15:00:00Z,336.8,339.05,336.38,337.59,97611,1908,337.720866
GOOGL,1H,2026-04-17T16:00:00Z,337.56,339.33,337.52,338.8,87251,1573,338.689004
GOOGL,1H,2026-04-17T17:00:00Z,338.79,340.34,338.71,340.22,71655,1305,339.392007
GOOGL,1H,2026-04-17T18:00:00Z,340.25,341.92,340.07,341.41,93494,1576,340.879724
GOOGL,1H,2026-04-17T19:00:00Z,341.41,342.11,340.54,341.49,181487,3071,341.310147
GOOGL,1H,2026-04-20T12:00:00Z,339.32,339.32,339.32,339.32,300,6,339.32
GOOGL,1H,2026-04-20T13:00:00Z,340.91,340.95,337.36,339.9,115731,1796,338.610295
GOOGL,1H,2026-04-20T14:00:00Z,339.93,339.97,337.97,338.11,114536,2014,339.064883
GOOGL,1H,2026-04-20T15:00:00Z,338.24,338.99,336.46,338.08,102575,1590,337.902931
GOOGL,1H,2026-04-20T16:00:00Z,338.21,339.08,338.05,338.66,45391,786,338.608707
GOOGL,1H,2026-04-20T17:00:00Z,338.61,338.63,337.91,338.04,25910,691,338.343496
GOOGL,1H,2026-04-20T18:00:00Z,338.05,338.57,337.9,338.13,43495,956,338.21737
GOOGL,1H,2026-04-20T19:00:00Z,338.22,338.44,336.71,337.26,114425,2113,337.394024
GOOGL,1H,2026-04-21T13:00:00Z,337.48,338.9,335.7,338.37,85035,1045,337.395672
GOOGL,1H,2026-04-21T14:00:00Z,338.85,339.14,336.68,336.89,93819,1556,337.868694
GOOGL,1H,2026-04-21T15:00:00Z,337,337.52,336.13,336.17,85223,1282,336.794196
GOOGL,1H,2026-04-21T16:00:00Z,336.23,336.82,333.63,333.72,69561,1298,334.934404
GOOGL,1H,2026-04-21T17:00:00Z,333.76,334.27,332.36,332.79,88206,1620,333.214284
GOOGL,1H,2026-04-21T18:00:00Z,332.9,333.33,332.28,333.29,82795,1300,332.853824
GOOGL,1H,2026-04-21T19:00:00Z,333.33,334.31,331.26,332.1,190946,3197,332.652438
GOOGL,1H,2026-04-22T12:00:00Z,338.36,338.36,337.64,337.64,618,15,337.916923
GOOGL,1H,2026-04-22T13:00:00Z,337.48,337.53,335.02,337.11,107691,1590,336.166095
GOOGL,1H,2026-04-22T14:00:00Z,337.22,338.74,336.94,337.86,85567,1434,337.782052
GOOGL,1H,2026-04-22T15:00:00Z,337.76,337.96,336.72,337,47028,1030,337.326725
GOOGL,1H,2026-04-22T16:00:00Z,337.09,338.1,336.07,336.3,110991,1845,336.749056
GOOGL,1H,2026-04-22T17:00:00Z,336.32,337.49,336.32,337.48,60582,1135,336.803169
GOOGL,1H,2026-04-22T18:00:00Z,337.45,338.25,337.45,337.64,49674,991,337.965148
GOOGL,1H,2026-04-22T19:00:00Z,337.66,339.6,337.58,339.15,130623,2786,338.958909
GOOGL,1H,2026-04-22T20:00:00Z,338.63,338.63,338.63,338.63,172,5,338.63
GOOGL,1H,2026-04-23T13:00:00Z,339.82,341.1,338.28,339.93,115991,1717,339.642
GOOGL,1H,2026-04-23T14:00:00Z,339.9,340.53,338.85,340.29,144399,2042,339.703495
GOOGL,1H,2026-04-23T15:00:00Z,340.43,341.75,339.07,339.62,84009,1429,340.339119
GOOGL,1H,2026-04-23T16:00:00Z,339.64,340.41,339.36,339.97,64126,1256,339.98155
GOOGL,1H,2026-04-23T17:00:00Z,339.97,340.26,336,338.89,153834,2962,338.155051
GOOGL,1H,2026-04-23T18:00:00Z,338.94,340.47,338.73,339.13,55441,1325,339.798352
GOOGL,1H,2026-04-23T19:00:00Z,339.04,339.64,338.31,338.66,97512,2462,338.922701
GOOGL,1H,2026-04-23T20:00:00Z,338.48,338.48,338.12,338.12,200,2,338.3
GOOGL,1H,2026-04-24T13:00:00Z,338.44,339.34,335.25,338.58,92909,1596,337.727219
GOOGL,1H,2026-04-24T14:00:00Z,338.59,339.3,336.84,337.31,122363,2059,338.210299
GOOGL,1H,2026-04-24T15:00:00Z,337.32,344.05,336.48,342.9,216624,3222,340.169571
GOOGL,1H,2026-04-24T16:00:00Z,342.86,344.79,342.07,343.43,131843,2352,343.350043
GOOGL,1H,2026-04-24T17:00:00Z,343.57,343.95,342.09,343.03,99319,1622,342.856947
GOOGL,1H,2026-04-24T18:00:00Z,342.97,343.87,342.84,343.68,136614,1647,343.425068
GOOGL,1H,2026-04-24T19:00:00Z,343.72,345,343.64,344.12,215938,3390,344.410714
GOOGL,1H,2026-04-24T20:00:00Z,344.11,344.11,343.72,343.72,237,8,343.915
GOOGL,1H,2026-04-27T12:00:00Z,345.75,345.75,345.75,345.75,100,1,345.75
GOOGL,1H,2026-04-27T13:00:00Z,345.49,348.72,342.62,348.58,197676,3015,345.449938
GOOGL,1H,2026-04-27T14:00:00Z,348.54,351.51,347.79,350.72,319626,4969,349.708453
GOOGL,1H,2026-04-27T15:00:00Z,350.77,351.29,349.64,351.25,189463,3407,350.442216
GOOGL,1H,2026-04-27T16:00:00Z,351.25,352.23,350.79,351.39,115709,2111,351.501889
GOOGL,1H,2026-04-27T17:00:00Z,351.42,352.95,351.3,352.91,109586,2041,352.21894
GOOGL,1H,2026-04-27T18:00:00Z,352.8,352.93,351.61,351.92,118543,2079,352.408368
GOOGL,1H,2026-04-27T19:00:00Z,351.93,352.72,350.01,350.09,238681,4194,351.141443
GOOGL,1H,2026-04-28T13:00:00Z,347.53,349.36,345.92,348.34,193721,3047,347.718227
GOOGL,1H,2026-04-28T14:00:00Z,348.48,352.21,348.48,350.73,261567,4073,350.957973
GOOGL,1H,2026-04-28T15:00:00Z,350.78,351.4,348.81,348.96,144418,2921,350.243308
GOOGL,1H,2026-04-28T16:00:00Z,349.06,349.63,348.31,349.25,107195,2022,348.943468
GOOGL,1H,2026-04-28T17:00:00Z,349.33,349.38,348.08,349.02,78658,1561,348.709957
GOOGL,1H,2026-04-28T18:00:00Z,349.13,349.96,349.13,349.68,56857,1047,349.533314
GOOGL,1H,2026-04-28T19:00:00Z,349.62,350.8,349.22,349.56,102477,2228,349.833604
GOOGL,1H,2026-04-29T13:00:00Z,348.34,351.39,344.02,351.39,143590,2383,347.468129
GOOGL,1H,2026-04-29T14:00:00Z,351.29,355.54,350.47,351.84,160767,2995,352.897304
GOOGL,1H,2026-04-29T15:00:00Z,351.9,352.95,350.59,351.06,126379,2713,351.841906
GOOGL,1H,2026-04-29T16:00:00Z,351,351.04,347.64,347.66,108007,1887,349.100267
GOOGL,1H,2026-04-29T17:00:00Z,347.79,349.09,347.28,348.89,89572,1595,348.477404
GOOGL,1H,2026-04-29T18:00:00Z,348.9,351.04,347.91,350.98,117264,2105,349.179105
GOOGL,1H,2026-04-29T19:00:00Z,351.01,351.56,349.13,350.06,258601,4470,350.377426
GOOGL,1H,2026-04-29T20:00:00Z,365.3,374.31,353.06,370.36,14153,672,365.19283
GOOGL,1H,2026-04-30T13:00:00Z,374.3,376.77,367.06,370.13,490326,7484,371.608121
GOOGL,1H,2026-04-30T14:00:00Z,370.11,372.47,365.65,371.95,362774,5989,369.21163
GOOGL,1H,2026-04-30T15:00:00Z,372.41,377.99,372.41,374.4,392518,6124,375.25702
GOOGL,1H,2026-04-30T16:00:00Z,374.42,378.05,373.77,377.75,162963,2590,376.633026
GOOGL,1H,2026-04-30T17:00:00Z,377.71,384.35,377.71,384.3,254600,4601,382.510633
GOOGL,1H,2026-04-30T18:00:00Z,384.3,385.61,381.1,381.42,176432,3842,383.606914
GOOGL,1H,2026-04-30T19:00:00Z,381.39,385.34,380.4,384.76,333968,6683,382.748339
GOOGL,1H,2026-04-30T20:00:00Z,385.07,385.07,385.07,385.07,153,6,385.07
GOOGL,1H,2026-05-01T12:00:00Z,383.75,384.07,383.68,383.68,375,10,383.821579
GOOGL,1H,2026-05-01T13:00:00Z,384.32,384.32,378.93,384.01,228090,4294,381.135406
GOOGL,1H,2026-05-01T14:00:00Z,384.1,386,380.6,384.27,277561,5683,383.834589
GOOGL,1H,2026-05-01T15:00:00Z,384.22,386.47,382.88,383.72,165724,3533,384.485209
GOOGL,1H,2026-05-01T16:00:00Z,383.8,385.6,383.12,384.66,183851,4179,384.379262
GOOGL,1H,2026-05-01T17:00:00Z,384.69,386.33,384.58,385.03,133406,3160,385.328837
GOOGL,1H,2026-05-01T18:00:00Z,385,385.36,381.99,383.14,146301,3837,383.838007
GOOGL,1H,2026-05-01T19:00:00Z,383,385.74,383,385.56,194998,5067,384.809602
GOOGL,1H,2026-05-01T20:00:00Z,384.74,384.83,384.74,384.83,180,3,384.777059
GOOGL,1H,2026-05-04T12:00:00Z,386.17,386.17,385.13,385.13,80,2,385.65
GOOGL,1H,2026-05-04T13:00:00Z,385.39,387.04,380.39,382.48,148237,2794,383.096488
GOOGL,1H,2026-05-04T14:00:00Z,382.46,383.37,381.11,382.12,149989,3017,382.375865
GOOGL,1H,2026-05-04T15:00:00Z,382.16,383.76,379.58,383.04,119681,2770,381.610098
GOOGL,1H,2026-05-04T16:00:00Z,383.04,383.09,380.72,383.09,127337,2273,381.944435
GOOGL,1H,2026-05-04T17:00:00Z,383.11,384.67,382.94,384.49,110112,2138,383.652474
GOOGL,1H,2026-05-04T18:00:00Z,384.46,384.46,382.5,382.72,97943,2011,383.521852
GOOGL,1H,2026-05-04T19:00:00Z,382.72,383.3,381.9,382.98,168210,3774,382.839293
GOOGL,1H,2026-05-05T12:00:00Z,384.35,384.35,384.35,384.35,215,4,384.35
GOOGL,1H,2026-05-05T13:00:00Z,386.11,392.46,384.72,387.75,176842,3270,389.406507
GOOGL,1H,2026-05-05T14:00:00Z,387.91,389.27,386.2,387.91,195566,3691,387.790058
GOOGL,1H,2026-05-05T15:00:00Z,387.89,389.53,387.12,387.12,123078,2404,388.407866
GOOGL,1H,2026-05-05T16:00:00Z,387.12,388.31,386.05,386.16,120763,2347,387.362623
GOOGL,1H,2026-05-05T17:00:00Z,386.16,386.3,383.82,385.88,127969,2834,385.279121
GOOGL,1H,2026-05-05T18:00:00Z,385.89,386.57,385.52,386.18,111119,2280,386.04788
GOOGL,1H,2026-05-05T19:00:00Z,386.19,388.31,386.05,388.18,133400,3215,387.273406
GOOGL,1H,2026-05-05T20:00:00Z,396.62,398.72,391.85,394.07,1758,71,396.505037
GOOGL,1H,2026-05-06T12:00:00Z,394.1,394.93,394.1,394.93,250,5,394.284444
GOOGL,1H,2026-05-06T13:00:00Z,393.58,397.09,392.59,393.69,152080,3446,394.810075
GOOGL,1H,2026-05-06T14:00:00Z,393.64,397.82,392.66,397.81,267812,5327,394.83713
GOOGL,1H,2026-05-06T15:00:00Z,397.78,398.24,394.93,397.32,137124,3265,396.455635
GOOGL,1H,2026-05-06T16:00:00Z,397.25,399.59,396.75,398,103383,2630,398.234608
GOOGL,1H,2026-05-06T17:00:00Z,397.94,399.43,396.63,397.06,108891,2986,398.032972
GOOGL,1H,2026-05-06T18:00:00Z,397.05,397.29,395.03,396.6,81626,2272,396.007933
GOOGL,1H,2026-05-06T19:00:00Z,396.5,398.3,394.56,397.59,219835,6139,396.703652
GOOGL,1H,2026-05-06T20:00:00Z,397.45,397.45,397.45,397.45,210,5,397.45
GOOGL,1H,2026-05-07T13:00:00Z,400.69,400.69,395.47,397.06,124595,2899,397.198749
GOOGL,1H,2026-05-07T14:00:00Z,397.22,397.51,395.5,396.72,120125,2753,396.549369
GOOGL,1H,2026-05-07T15:00:00Z,396.72,397.02,394.84,394.9,100457,2770,395.966142
GOOGL,1H,2026-05-07T16:00:00Z,394.93,394.93,392.46,394.57,133467,3298,393.945259
GOOGL,1H,2026-05-07T17:00:00Z,394.6,396.65,393.97,396.36,128982,3391,395.46081
GOOGL,1H,2026-05-07T18:00:00Z,396.38,397.25,395.66,396.53,98304,2913,396.49808
GOOGL,1H,2026-05-07T19:00:00Z,396.43,397.92,393.88,397.65,170112,5444,396.05834
GOOGL,1H,2026-05-07T20:00:00Z,396.68,396.68,396.68,396.68,60,2,396.68
GOOGL,1H,2026-05-08T12:00:00Z,398.6,398.6,397.29,397.29,190,5,398.096154
GOOGL,1H,2026-05-08T13:00:00Z,397.2,400.44,396.16,399.2,127503,2749,398.358836
GOOGL,1H,2026-05-08T14:00:00Z,399.27,401.07,398.68,399.59,118118,2980,399.785624
GOOGL,1H,2026-05-08T15:00:00Z,399.42,399.61,398.01,398.3,110689,2447,398.825016
GOOGL,1H,2026-05-08T16:00:00Z,398.29,399.06,396.86,396.91,54920,1479,398.052002
GOOGL,1H,2026-05-08T17:00:00Z,396.88,398.6,396.6,398.48,73613,2080,397.638421
GOOGL,1H,2026-05-08T18:00:00Z,398.41,399.28,398.1,398.73,81933,2533,398.708353
GOOGL,1H,2026-05-08T19:00:00Z,398.75,401.65,398.49,400.43,297345,6999,400.257862
GOOGL,1H,2026-05-08T20:00:00Z,400.58,400.58,399.8,399.86,230,11,400.044286
GOOGL,1H,2026-05-11T13:00:00Z,396.22,397.13,391.49,396.13,162616,3324,394.58148
GOOGL,1H,2026-05-11T14:00:00Z,396.05,396.12,391.93,393.86,146620,3515,394.081431
GOOGL,1H,2026-05-11T15:00:00Z,393.8,394.5,392.85,394.29,103899,2255,393.573232
GOOGL,1H,2026-05-11T16:00:00Z,394.32,394.53,393.35,393.39,104306,2134,393.731325
GOOGL,1H,2026-05-11T17:00:00Z,393.44,393.66,392.08,392.81,69166,1923,392.921981
GOOGL,1H,2026-05-11T18:00:00Z,392.79,393.02,390.63,390.69,65246,2000,391.909133
GOOGL,1H,2026-05-11T19:00:00Z,390.69,391.16,388.28,388.41,252591,6402,389.627372
GOOGL,1H,2026-05-11T20:00:00Z,388.71,388.98,388.44,388.98,1424,41,388.768868
GOOGL,1H,2026-05-12T12:00:00Z,384.61,388.75,384.61,388.75,909,25,387.3072
GOOGL,1H,2026-05-12T13:00:00Z,388.7,388.7,384.84,386.28,142707,3143,386.564821
GOOGL,1H,2026-05-12T14:00:00Z,386.36,387.32,384.68,386.8,146181,4007,386.065898
GOOGL,1H,2026-05-12T15:00:00Z,386.82,388.13,386.12,386.12,87917,2841,387.079694
GOOGL,1H,2026-05-12T16:00:00Z,386.12,387.19,383.14,383.19,97883,2946,385.070083
GOOGL,1H,2026-05-12T17:00:00Z,383.27,384.8,382.55,384.34,124039,3332,383.577263
GOOGL,1H,2026-05-12T18:00:00Z,384.5,386,384.22,384.83,103429,2653,384.908008
GOOGL,1H,2026-05-12T19:00:00Z,384.77,387.51,384.4,387.19,175806,4769,386.41326
GOOGL,1H,2026-05-12T20:00:00Z,385.05,385.65,385.05,385.65,280,7,385.408333
GOOGL,1H,2026-05-13T12:00:00Z,388.13,388.24,387.01,387.01,335,8,387.955556
GOOGL,1H,2026-05-13T13:00:00Z,386.43,391.15,384.79,391.09,101453,2340,387.762701
GOOGL,1H,2026-05-13T14:00:00Z,391.1,396.7,390.99,396.5,159804,4141,393.772351
GOOGL,1H,2026-05-13T15:00:00Z,396.52,398.32,396.36,397.55,135097,3428,397.335058
GOOGL,1H,2026-05-13T16:00:00Z,397.56,400.75,397.53,400.64,133933,3472,399.484631
GOOGL,1H,2026-05-13T17:00:00Z,400.8,402.25,400.77,401.71,141860,3507,401.512537
GOOGL,1H,2026-05-13T18:00:00Z,401.67,403.44,401.29,401.33,132220,3476,402.491382
GOOGL,1H,2026-05-13T19:00:00Z,401.38,403.18,401.38,402.39,190453,5244,402.398154
GOOGL,1H,2026-05-13T20:00:00Z,402.07,402.2,402.07,402.11,459,15,402.136418
GOOGL,1H,2026-05-14T12:00:00Z,401.13,401.14,401.13,401.14,363,8,401.14
GOOGL,1H,2026-05-14T13:00:00Z,400.75,400.75,395.9,397.57,125436,3248,398.84374
GOOGL,1H,2026-05-14T14:00:00Z,397.46,398.18,395.61,397.55,149939,4485,397.054397
GOOGL,1H,2026-05-14T15:00:00Z,397.58,401.52,397.03,401.47,163348,3496,398.906847
GOOGL,1H,2026-05-14T16:00:00Z,401.45,401.99,398.61,400,100227,2700,400.328427
GOOGL,1H,2026-05-14T17:00:00Z,400.18,402.68,398.52,402.14,135490,3748,401.130203
GOOGL,1H,2026-05-14T18:00:00Z,402.13,402.13,399.3,400.21,63927,1627,400.405939
GOOGL,1H,2026-05-14T19:00:00Z,400.22,401.05,399.73,400.88,153392,4127,400.572763
GOOGL,1H,2026-05-14T20:00:00Z,400.98,400.98,400.98,400.98,87,3,400.98
GOOGL,1H,2026-05-15T12:00:00Z,393.32,393.32,393.31,393.31,330,7,393.31
GOOGL,1H,2026-05-15T13:00:00Z,392.95,398.93,392.6,397.47,102808,3120,395.475884
GOOGL,1H,2026-05-15T14:00:00Z,397.56,399.29,396.58,398.18,104944,2998,398.015648
GOOGL,1H,2026-05-15T15:00:00Z,398.22,398.54,394.7,396.11,83691,2065,397.07323
GOOGL,1H,2026-05-15T16:00:00Z,396.21,397.05,395.53,395.81,51472,1479,396.296528
GOOGL,1H,2026-05-15T17:00:00Z,395.83,397.92,395.74,396.65,57663,1730,396.895266
GOOGL,1H,2026-05-15T18:00:00Z,396.69,397.36,394.9,396.32,46414,1348,396.142378
GOOGL,1H,2026-05-15T19:00:00Z,396.38,396.82,395.61,396.51,119405,3357,396.245641
GOOGL,1H,2026-05-15T20:00:00Z,395.77,396.07,395.77,396.07,230,3,395.965652
GOOGL,1H,2026-05-18T13:00:00Z,396.01,405.92,394.38,405.55,151951,4001,401.022895
GOOGL,1H,2026-05-18T14:00:00Z,405.56,408.33,401.76,404.24,321083,7606,405.531701
GOOGL,1H,2026-05-18T15:00:00Z,403.98,404.45,400.99,401.2,127077,2973,403.085034
GOOGL,1H,2026-05-18T16:00:00Z,401.25,402.24,399.46,401.31,86776,2500,400.861588
GOOGL,1H,2026-05-18T17:00:00Z,401.36,402.62,400.44,401.17,48959,1451,401.414437
GOOGL,1H,2026-05-18T18:00:00Z,401.19,401.21,396.62,396.62,62969,1934,398.109106
GOOGL,1H,2026-05-18T19:00:00Z,396.62,399.23,395.72,396.58,126599,4380,397.113911
GOOGL,1H,2026-05-18T20:00:00Z,396.46,396.46,396.46,396.46,107,3,396.46
GOOGL,1H,2026-05-19T12:00:00Z,400.53,400.81,400.53,400.81,300,8,400.754
GOOGL,1H,2026-05-19T13:00:00Z,399.16,399.21,387.52,390.75,196950,4423,390.986657
GOOGL,1H,2026-05-19T14:00:00Z,390.71,393.3,387.65,388.98,228842,5454,389.956136
GOOGL,1H,2026-05-19T15:00:00Z,389.01,389.42,386.33,386.73,136160,3416,387.617561
GOOGL,1H,2026-05-19T16:00:00Z,386.82,389.96,385.88,389.83,96047,2386,387.552199
GOOGL,1H,2026-05-19T17:00:00Z,389.83,393.66,389.42,391.39,119290,2795,391.096491
GOOGL,1H,2026-05-19T18:00:00Z,391.47,391.66,388.16,388.73,90367,2279,389.957753
GOOGL,1H,2026-05-19T19:00:00Z,388.75,389.91,386.63,387.52,146069,4333,387.90374
GOOGL,1H,2026-05-20T12:00:00Z,388.18,388.18,388.18,388.18,40,1,388.18
GOOGL,1H,2026-05-20T13:00:00Z,387.46,393.35,385.02,386.62,179671,3554,388.935628
GOOGL,1H,2026-05-20T14:00:00Z,386.62,386.62,382.72,385.13,233873,5835,384.75867
GOOGL,1H,2026-05-20T15:00:00Z,385.06,386.87,383.79,385.98,160547,3616,385.095537
GOOGL,1H,2026-05-20T16:00:00Z,385.99,386.55,384.02,384.67,106153,2692,384.952979
GOOGL,1H,2026-05-20T17:00:00Z,384.7,385.92,383.76,385.77,89015,2134,384.69864
GOOGL,1H,2026-05-20T18:00:00Z,385.72,387.65,385.33,387.43,121277,2946,386.745331
GOOGL,1H,2026-05-20T19:00:00Z,387.43,389.3,386.48,388.63,293514,6135,388.230473
GOOGL,1H,2026-05-20T20:00:00Z,387.77,387.77,387.77,387.77,100,2,387.77
GOOGL,1H,2026-05-21T12:00:00Z,387.51,387.94,387.51,387.94,160,5,387.7
GOOGL,1H,2026-05-21T13:00:00Z,385.47,386.58,383.41,385.53,68903,1942,385.278741
GOOGL,1H,2026-05-21T14:00:00Z,385.4,388.73,382.9,388.24,100108,2847,385.960525
GOOGL,1H,2026-05-21T15:00:00Z,388.34,390.24,387.59,389.29,71500,2618,388.984163
GOOGL,1H,2026-05-21T16:00:00Z,389.33,389.89,387.22,387.97,73622,2317,388.553154
GOOGL,1H,2026-05-21T17:00:00Z,387.93,392.19,387.86,391.79,140706,3583,389.766783
GOOGL,1H,2026-05-21T18:00:00Z,391.7,391.83,388.02,388.43,66383,1811,389.873599
GOOGL,1H,2026-05-21T19:00:00Z,388.47,388.98,385.86,387.29,135674,3839,387.616194
GOOGL,1H,2026-05-22T13:00:00Z,387.7,387.7,384.12,385.87,81226,2238,385.917156
GOOGL,1H,2026-05-22T14:00:00Z,385.92,387.46,383.77,387.46,124607,3236,385.794184
GOOGL,1H,2026-05-22T15:00:00Z,387.49,388.47,386.33,386.78,52164,1620,387.255095
GOOGL,1H,2026-05-22T16:00:00Z,386.69,386.69,385.03,385.69,66024,1558,385.643691
GOOGL,1H,2026-05-22T17:00:00Z,385.68,386.19,384.58,384.58,84970,2064,385.363945
GOOGL,1H,2026-05-22T18:00:00Z,384.5,384.91,383.93,384.4,57562,1344,384.377357
GOOGL,1H,2026-05-22T19:00:00Z,384.37,384.82,381.57,382.8,140930,3509,382.807997
GOOGL,1H,2026-05-26T12:00:00Z,383.28,383.37,383.04,383.25,2942,114,383.220533
GOOGL,1H,2026-05-26T13:00:00Z,384.28,386.56,382.49,386.56,134596,3399,384.139836
GOOGL,1H,2026-05-26T14:00:00Z,386.69,387.8,385.34,387.8,167988,3816,386.679342
GOOGL,1H,2026-05-26T15:00:00Z,387.85,388.98,385.55,386.34,156537,3751,386.748374
GOOGL,1H,2026-05-26T16:00:00Z,386.35,387.17,385.77,386.41,120960,2958,386.400018
GOOGL,1H,2026-05-26T17:00:00Z,386.4,386.8,385.23,386.54,80390,1837,386.128188
GOOGL,1H,2026-05-26T18:00:00Z,386.57,387.01,385.51,385.73,101546,2324,386.190564
GOOGL,1H,2026-05-26T19:00:00Z,385.75,388.77,385.63,388.68,184965,4724,387.707586
GOOGL,1H,2026-05-26T20:00:00Z,388.31,388.31,387.9,387.9,405,11,388.048504
GOOGL,1H,2026-05-27T12:00:00Z,386.66,386.66,386.66,386.66,40,1,386.66
GOOGL,1H,2026-05-27T13:00:00Z,385.86,390.45,385.67,390.13,122627,3594,388.50983
GOOGL,1H,2026-05-27T14:00:00Z,390.13,392.58,389.62,391.02,214247,6238,391.452447
GOOGL,1H,2026-05-27T15:00:00Z,391.1,392.13,390.42,391.14,120146,3610,391.380352
GOOGL,1H,2026-05-27T16:00:00Z,391.11,393.52,389.98,391.65,109916,3368,391.829322
GOOGL,1H,2026-05-27T17:00:00Z,391.77,392.1,390.32,391.96,114358,3254,391.094776
GOOGL,1H,2026-05-27T18:00:00Z,392.06,392.67,390.09,390.6,166114,4291,391.31315
GOOGL,1H,2026-05-27T19:00:00Z,390.61,391.44,388.37,388.61,187625,5010,389.561717
GOOGL,1H,2026-05-27T20:00:00Z,389.55,389.64,389.55,389.64,241,6,389.59815
GOOGL,1H,2026-05-28T13:00:00Z,387.65,388.68,385.06,387.11,95355,2403,387.112275
GOOGL,1H,2026-05-28T14:00:00Z,387.06,390.11,385.7,389.01,179225,3931,388.746068
GOOGL,1H,2026-05-28T15:00:00Z,388.96,391.25,388.96,390.28,144081,3338,390.040595
GOOGL,1H,2026-05-28T16:00:00Z,390.16,390.33,388.04,388.8,106355,2435,389.201297
GOOGL,1H,2026-05-28T17:00:00Z,388.78,390.93,388.5,389.6,126363,3323,389.926589
GOOGL,1H,2026-05-28T18:00:00Z,389.63,391.21,389.15,390.32,139536,3465,390.31653
GOOGL,1H,2026-05-28T19:00:00Z,390.36,391.61,389.43,389.92,175560,4048,390.54742
GOOGL,1H,2026-05-28T20:00:00Z,389.52,389.52,389.52,389.52,160,5,389.52
GOOGL,1H,2026-05-29T12:00:00Z,385.23,385.26,384.9,384.96,527,12,385.132046
GOOGL,1H,2026-05-29T13:00:00Z,385.02,385.2,380.15,384.9,162172,4082,382.98976
GOOGL,1H,2026-05-29T14:00:00Z,384.77,384.84,380.36,382.18,208705,4345,382.530439
GOOGL,1H,2026-05-29T15:00:00Z,382.23,383.57,381.87,382.2,114751,2864,382.69101
GOOGL,1H,2026-05-29T16:00:00Z,382.13,383.49,381.83,382.3,99753,2880,382.764638
GOOGL,1H,2026-05-29T17:00:00Z,382.37,382.91,381.41,381.81,91721,2352,382.166212
GOOGL,1H,2026-05-29T18:00:00Z,381.82,383.02,381.23,381.55,105955,2362,382.131027
GOOGL,1H,2026-05-29T19:00:00Z,381.42,382.69,378.26,380.15,343336,7407,380.587711
GOOGL,1H,2026-05-29T20:00:00Z,380.55,380.67,380.55,380.67,354,14,380.603077
GOOGL,1H,2026-06-01T12:00:00Z,377.1,377.1,377.1,377.1,280,4,377.1
GOOGL,1H,2026-06-01T13:00:00Z,375.95,377.13,373.35,374.78,144712,2834,375.018369
GOOGL,1H,2026-06-01T14:00:00Z,374.83,376.68,374.32,376.21,121674,2663,375.467737
GOOGL,1H,2026-06-01T15:00:00Z,376.21,377.46,374.56,375.27,70654,1584,375.861713
GOOGL,1H,2026-06-01T16:00:00Z,375.25,375.92,374.49,375.91,46955,1240,374.980429
GOOGL,1H,2026-06-01T17:00:00Z,375.67,378.24,375.27,376.09,63577,1538,377.145935
GOOGL,1H,2026-06-01T18:00:00Z,375.81,377.69,375.74,377.67,45247,1352,376.79021
GOOGL,1H,2026-06-01T19:00:00Z,377.38,378.33,375.99,376.04,109573,2968,377.089354
GOOGL,1H,2026-06-01T20:00:00Z,376.18,378.46,366.78,367.72,4773,144,373.215577
GOOGL,1H,2026-06-02T12:00:00Z,365.23,365.23,365.23,365.23,127,6,365.23
GOOGL,1H,2026-06-02T13:00:00Z,364.69,366.93,358.3,363.45,474553,10673,361.346283
GOOGL,1H,2026-06-02T14:00:00Z,363.4,373.28,362.89,372.57,262296,7345,369.060643
GOOGL,1H,2026-06-02T15:00:00Z,372.65,372.74,366.27,366.36,200877,6453,369.113777
GOOGL,1H,2026-06-02T16:00:00Z,366.47,368.63,365.93,367.67,113397,4626,367.198485
GOOGL,1H,2026-06-02T17:00:00Z,367.55,368.13,366.68,366.72,175403,4794,367.554649
GOOGL,1H,2026-06-02T18:00:00Z,366.73,366.89,363.61,363.71,127886,4454,365.04774
GOOGL,1H,2026-06-02T19:00:00Z,363.71,364.23,360.78,361.62,479978,11430,362.597677
GOOGL,1H,2026-06-02T20:00:00Z,361.42,361.42,361.42,361.42,77,3,361.42
GOOGL,1H,2026-06-03T12:00:00Z,356.79,359.24,356.79,357.89,1587,45,357.9066
GOOGL,1H,2026-06-03T13:00:00Z,358.31,366.22,358.31,363.8,410085,7265,363.475674
GOOGL,1H,2026-06-03T14:00:00Z,364.13,365.92,360.44,361.02,313129,6304,363.250706
GOOGL,1H,2026-06-03T15:00:00Z,361.05,361.25,358.37,359.44,184793,4361,359.376537
GOOGL,1H,2026-06-03T16:00:00Z,359.48,361.44,358.3,361.14,162034,3487,360.003488
GOOGL,1H,2026-06-03T17:00:00Z,361.07,362.22,359.9,360.31,118006,2943,360.96277
GOOGL,1H,2026-06-03T18:00:00Z,360.17,361.17,359,360.35,130725,3247,359.923195
GOOGL,1H,2026-06-03T19:00:00Z,360.39,360.39,357.92,359.16,279581,6547,358.991909
GOOGL,1H,2026-06-03T20:00:00Z,359.15,359.15,357.57,357.57,1172,28,358.523214
GOOGL,1H,2026-06-04T12:00:00Z,358.75,359.03,358.75,358.78,437,10,358.897232
GOOGL,1H,2026-06-04T13:00:00Z,358.36,366.91,358.08,365.96,226939,5121,363.389302
GOOGL,1H,2026-06-04T14:00:00Z,365.91,368.63,363.99,368.25,300642,7764,366.973673
GOOGL,1H,2026-06-04T15:00:00Z,368.29,370.89,366.89,369.61,251896,6889,369.112561
GOOGL,1H,2026-06-04T16:00:00Z,369.63,372.18,369.12,371.57,177692,5795,371.199067
GOOGL,1H,2026-06-04T17:00:00Z,371.59,372.92,371.16,372.58,154481,4977,372.301881
GOOGL,1H,2026-06-04T18:00:00Z,372.61,373.01,370.82,371.57,119239,3732,372.194814
GOOGL,1H,2026-06-04T19:00:00Z,371.58,372.62,369.96,372.12,276625,7183,371.466697
GOOGL,1H,2026-06-04T20:00:00Z,371.38,371.47,371.28,371.46,453,9,371.402956
GOOGL,1H,2026-06-05T12:00:00Z,369.34,369.34,368.1,368.38,605,15,368.847528
GOOGL,1H,2026-06-05T13:00:00Z,367.45,370.97,364.41,369.47,219558,5249,368.731845
GOOGL,1H,2026-06-05T14:00:00Z,369.43,371.84,367.75,369.8,195223,4674,369.693413
GOOGL,1H,2026-06-05T15:00:00Z,369.81,370.33,368.04,370.11,166691,4496,369.063293
GOOGL,1H,2026-06-05T16:00:00Z,369.97,370.15,367.51,369.24,168458,3997,369.04545
GOOGL,1H,2026-06-05T17:00:00Z,369.23,369.91,368.15,368.99,116594,2950,368.962473
GOOGL,1H,2026-06-05T18:00:00Z,368.95,369.59,365.95,366.73,243649,5971,367.74235
GOOGL,1H,2026-06-05T19:00:00Z,366.65,369,363.93,368.76,413098,8987,366.085845
GOOGL,1H,2026-06-05T20:00:00Z,367.76,367.76,364.94,366.72,1095,40,366.204571
GOOGL,1H,2026-06-08T12:00:00Z,366.63,368.15,366.63,366.98,1589,48,367.378348
GOOGL,1H,2026-06-08T13:00:00Z,367.44,369.59,362.38,362.53,91254,2568,364.084927
GOOGL,1H,2026-06-08T14:00:00Z,362.49,364.23,360.56,364.195,164757,4295,361.666474
GOOGL,1H,2026-06-08T15:00:00Z,364.23,364.5,361.52,361.99,120279,3212,363.155524
GOOGL,1H,2026-06-08T16:00:00Z,361.965,363.36,361.76,362.31,82844,1961,362.565893
GOOGL,1H,2026-06-08T17:00:00Z,362.24,365.46,361.19,364.44,127771,3168,363.683032
GOOGL,1H,2026-06-08T18:00:00Z,364.485,365.25,363.57,363.76,108594,2373,364.409717
GOOGL,1H,2026-06-08T19:00:00Z,363.79,363.98,362.4,363.44,173171,4690,363.32519
GOOGL,1H,2026-06-09T12:00:00Z,366.08,366.08,366.08,366.08,60,1,366.08
GOOGL,1H,2026-06-09T13:00:00Z,367.535,372.07,366.52,369.45,105284,2144,370.14538
GOOGL,1H,2026-06-09T14:00:00Z,369.56,370.625,363.14,364.71,195919,4223,366.883269
GOOGL,1H,2026-06-09T15:00:00Z,364.76,364.895,359.585,359.98,128159,3234,361.524379
GOOGL,1H,2026-06-09T16:00:00Z,360.01,361.58,357.39,360.07,143754,3616,359.699676
GOOGL,1H,2026-06-09T17:00:00Z,360.26,365.32,360.13,364.035,105152,2734,362.696775
GOOGL,1H,2026-06-09T18:00:00Z,364.065,366.39,364.06,365.92,101088,2451,365.270518
GOOGL,1H,2026-06-09T19:00:00Z,365.98,366.73,362.58,364.05,171867,4432,364.527147
GOOGL,1H,2026-06-10T12:00:00Z,360.4,362.06,360.35,362.06,230,5,361.311111
GOOGL,1H,2026-06-10T13:00:00Z,362.825,366.74,362.255,366.24,251284,5111,364.38691
GOOGL,1H,2026-06-10T14:00:00Z,366.235,368.52,362.695,363.19,190651,4738,366.372759
GOOGL,1H,2026-06-10T15:00:00Z,363.015,363.96,359.44,360.92,102199,2883,361.921492
GOOGL,1H,2026-06-10T16:00:00Z,360.96,361.28,357.35,358.13,92354,2577,358.969248
GOOGL,1H,2026-06-10T17:00:00Z,358.15,358.64,355.775,356.72,69780,1944,356.902158
GOOGL,1H,2026-06-10T18:00:00Z,356.85,357.31,355.565,356.4,201577,3137,356.288931
GOOGL,1H,2026-06-10T19:00:00Z,356.18,357.43,355.27,356.33,227700,5418,356.647096
GOOGL,1H,2026-06-10T20:00:00Z,355.52,355.52,355.52,355.52,47,2,355.52
GOOGL,1H,2026-06-11T12:00:00Z,357.56,357.56,356.27,356.27,256,6,356.839118
GOOGL,1H,2026-06-11T13:00:00Z,356.5,357.37,347.72,348.065,147097,3329,350.702575
GOOGL,1H,2026-06-11T14:00:00Z,348.13,350.985,346.37,347,176253,3941,348.267263
GOOGL,1H,2026-06-11T15:00:00Z,346.88,348.47,346.47,347.8,110841,2783,347.484909
GOOGL,1H,2026-06-11T16:00:00Z,347.775,350.105,347.61,347.69,73189,2216,348.825812
GOOGL,1H,2026-06-11T17:00:00Z,347.68,353.74,346.56,352.32,123774,2756,349.919669
GOOGL,1H,2026-06-11T18:00:00Z,352.4,354.85,351.29,354.53,103553,2484,353.221912
GOOGL,1H,2026-06-11T19:00:00Z,354.54,358.78,354.51,357.87,277288,6394,357.225384
GOOGL,1H,2026-06-11T20:00:00Z,359.09,359.09,358.22,358.22,140,3,358.592857
GOOGL,1H,2026-06-12T12:00:00Z,364.58,364.58,362.97,363.08,380,6,363.524118
GOOGL,1H,2026-06-12T13:00:00Z,361.49,364.275,354.96,358.27,99841,2296,359.02697
GOOGL,1H,2026-06-12T14:00:00Z,358.47,363.06,358.45,362.975,182429,3778,361.271549
GOOGL,1H,2026-06-12T15:00:00Z,363.14,366.57,360.695,360.97,213004,3945,363.896722
GOOGL,1H,2026-06-12T16:00:00Z,361.155,362.93,360.37,361.74,77886,1813,361.41081
GOOGL,1H,2026-06-12T17:00:00Z,361.82,363.73,361,361.51,74663,1578,362.284636
GOOGL,1H,2026-06-12T18:00:00Z,361.55,362.085,360.7,360.815,78428,1676,361.367433
GOOGL,1H,2026-06-12T19:00:00Z,360.82,361.32,358.43,359.65,160741,3738,359.737318
GOOGL,1H,2026-06-15T12:00:00Z,365.77,366.02,365.17,365.17,376,12,365.66625
GOOGL,1H,2026-06-15T13:00:00Z,365.3,372.095,365.3,369.03,185850,3039,369.068875
GOOGL,1H,2026-06-15T14:00:00Z,369.225,371.555,367.31,370.6,180923,3490,369.203601
GOOGL,1H,2026-06-15T15:00:00Z,370.69,372.74,370,372.48,108860,2562,371.401842
GOOGL,1H,2026-06-15T16:00:00Z,372.605,372.98,370.68,371.3,78639,1841,371.753868
GOOGL,1H,2026-06-15T17:00:00Z,371.31,372.17,370.9,371.69,57357,1485,371.580295
GOOGL,1H,2026-06-15T18:00:00Z,371.96,372.12,370.94,371.225,52908,1369,371.43485
GOOGL,1H,2026-06-15T19:00:00Z,371.32,371.4,367.63,369.22,182236,4537,369.0387
GOOGL,1H,2026-06-15T20:00:00Z,368.9,368.9,368.9,368.9,50,2,368.9
GOOGL,1H,2026-06-16T12:00:00Z,368.7,368.7,368.5,368.5,120,3,368.63
GOOGL,1H,2026-06-16T13:00:00Z,369.6,371.12,367.075,368.19,121178,2122,368.756439
GOOGL,1H,2026-06-16T14:00:00Z,368.16,374.2,368.09,374.18,200626,4333,371.395921
GOOGL,1H,2026-06-16T15:00:00Z,374.22,375.74,372.77,372.84,220723,4653,374.618171
GOOGL,1H,2026-06-16T16:00:00Z,372.72,372.875,369.55,370,145398,3617,371.689988
GOOGL,1H,2026-06-16T17:00:00Z,369.98,371.8,369.915,371.095,109982,2353,370.716618
GOOGL,1H,2026-06-16T18:00:00Z,371.065,373.94,370.795,373.65,76772,1715,372.574923
GOOGL,1H,2026-06-16T19:00:00Z,373.715,373.93,371.83,373.37,216526,5070,372.984461
GOOGL,1H,2026-06-16T20:00:00Z,372.77,372.77,372.77,372.77,107,2,372.77
GOOGL,1H,2026-06-17T12:00:00Z,371.36,371.36,371.36,371.36,80,2,371.36
GOOGL,1H,2026-06-17T13:00:00Z,371.39,372.175,366,366.22,98599,2064,368.342822
GOOGL,1H,2026-06-17T14:00:00Z,366.24,367.86,362.825,363.96,196042,3767,365.474256
GOOGL,1H,2026-06-17T15:00:00Z,363.76,365.18,362.73,364.97,95883,2106,364.074598
GOOGL,1H,2026-06-17T16:00:00Z,365.025,366.125,364.22,365.47,151152,2284,365.260422
GOOGL,1H,2026-06-17T17:00:00Z,365.45,366.42,363.98,366.42,73183,1571,364.900115
GOOGL,1H,2026-06-17T18:00:00Z,366.37,366.6,363.975,364.35,124439,2640,365.402181
GOOGL,1H,2026-06-17T19:00:00Z,364.45,365.025,362.09,363.86,193137,4394,363.700461
GOOGL,1H,2026-06-17T20:00:00Z,364.47,364.49,364.47,364.49,200,5,364.482048
GOOGL,1H,2026-06-18T12:00:00Z,364.21,364.21,364.21,364.21,323,8,364.21
GOOGL,1H,2026-06-18T13:00:00Z,364.31,367.63,358.74,360.435,141484,2941,361.900721
GOOGL,1H,2026-06-18T14:00:00Z,360.43,364.205,360.43,363.295,144491,3414,362.955448
GOOGL,1H,2026-06-18T15:00:00Z,363.31,367.21,362.925,365.94,113653,2937,364.306499
GOOGL,1H,2026-06-18T16:00:00Z,365.96,367.215,364.775,366.44,97180,2330,365.941744
GOOGL,1H,2026-06-18T17:00:00Z,366.455,368.475,366.18,368.185,94511,2161,367.285378
GOOGL,1H,2026-06-18T18:00:00Z,368.15,368.715,367.09,368.38,104286,2362,368.032176
GOOGL,1H,2026-06-18T19:00:00Z,368.41,369.46,366.43,367.93,254416,6128,368.140419
GOOGL,1H,2026-06-18T20:00:00Z,367.04,367.04,367.04,367.04,100,1,367.04
GOOGL,1H,2026-06-22T12:00:00Z,361.64,361.76,359.42,359.84,780,15,360.274872
GOOGL,1H,2026-06-22T13:00:00Z,359.99,360,353.245,354.11,187953,4998,355.169563
GOOGL,1H,2026-06-22T14:00:00Z,354.125,354.125,344.65,345.375,375253,8178,348.472247
GOOGL,1H,2026-06-22T15:00:00Z,345.35,347.5,341.78,345.96,409006,7819,344.38023
GOOGL,1H,2026-06-22T16:00:00Z,346.03,346.855,344.77,346.475,190933,4043,345.777004
GOOGL,1H,2026-06-22T17:00:00Z,346.39,347.67,345.6,347.135,203918,4053,346.675219
GOOGL,1H,2026-06-22T18:00:00Z,347.15,348.635,347.02,347.405,157353,3355,347.940636
GOOGL,1H,2026-06-22T19:00:00Z,347.41,350,347.34,349.5,547506,9635,349.151093
GOOGL,1H,2026-06-22T20:00:00Z,349.4,349.4,348.53,348.53,325,5,348.91
GOOGL,1H,2026-06-23T12:00:00Z,343.28,343.28,342.47,342.47,240,7,342.817143
GOOGL,1H,2026-06-23T13:00:00Z,340.28,348.74,339.5,348.16,229580,3769,345.653644
GOOGL,1H,2026-06-23T14:00:00Z,348.065,349.235,346.19,346.415,248462,4424,348.035521
GOOGL,1H,2026-06-23T15:00:00Z,346.54,347.07,345.06,346.27,145308,2988,346.095446
GOOGL,1H,2026-06-23T16:00:00Z,346.3,348.26,345.37,347.965,131745,2361,347.005305
GOOGL,1H,2026-06-23T17:00:00Z,347.89,348.07,346.585,346.72,100715,2439,347.506627
GOOGL,1H,2026-06-23T18:00:00Z,346.77,347.17,346,346.77,91277,2028,346.480941
GOOGL,1H,2026-06-23T19:00:00Z,346.835,348.14,346.21,346.25,243460,5800,347.073675
GOOGL,1H,2026-06-23T20:00:00Z,346.79,346.88,346.79,346.85,162,4,346.85
GOOGL,1H,2026-06-24T13:00:00Z,348.98,352.055,347.035,350.35,217837,3858,349.452918
GOOGL,1H,2026-06-24T14:00:00Z,350.37,353.42,349.035,353.18,142933,3579,350.866545
GOOGL,1H,2026-06-24T15:00:00Z,353.28,353.28,349.69,350.02,132448,3025,350.960617
GOOGL,1H,2026-06-24T16:00:00Z,349.99,350.88,348.37,349.45,92043,2123,349.748422
GOOGL,1H,2026-06-24T17:00:00Z,349.45,349.895,348.25,349.295,122034,2437,349.176146
GOOGL,1H,2026-06-24T18:00:00Z,349.31,349.5,342.28,343.055,328799,6286,344.964098
GOOGL,1H,2026-06-24T19:00:00Z,343.105,346.02,341.945,345.28,927910,16926,344.478694
GOOGL,1H,2026-06-24T20:00:00Z,345.87,345.87,344.67,344.85,1351,21,345.069489
GOOGL,1H,2026-06-25T12:00:00Z,340.97,340.97,340.97,340.97,170,5,340.97
GOOGL,1H,2026-06-25T13:00:00Z,340.1,340.62,335.89,339.15,224650,4560,337.313812
GOOGL,1H,2026-06-25T14:00:00Z,339.11,342.98,338.675,341.56,233958,5112,340.978149
GOOGL,1H,2026-06-25T15:00:00Z,341.64,342.005,339.375,341.185,125650,3010,340.878667
GOOGL,1H,2026-06-25T16:00:00Z,341.16,342.335,340.27,341.325,243878,5027,341.218897
GOOGL,1H,2026-06-25T17:00:00Z,341.45,341.87,339.62,341.71,228419,4475,340.905455
GOOGL,1H,2026-06-25T18:00:00Z,341.76,343.62,340.55,343,266796,4645,342.395657
GOOGL,1H,2026-06-25T19:00:00Z,342.925,345.54,341.41,343.54,852054,14942,343.100037
GOOGL,1H,2026-06-25T20:00:00Z,342.32,342.32,342.32,342.32,121,4,342.32
GOOGL,1H,2026-06-26T12:00:00Z,342.72,343.02,342.5,342.81,615,20,342.72
GOOGL,1H,2026-06-26T13:00:00Z,342.34,342.71,336.51,338.35,186579,4001,338.561582
GOOGL,1H,2026-06-26T14:00:00Z,338.41,341.155,337.76,340.95,255141,4689,339.305035
GOOGL,1H,2026-06-26T15:00:00Z,340.97,345.63,340.74,345.19,164384,3839,343.18069
GOOGL,1H,2026-06-26T16:00:00Z,344.985,346.36,341.1,342.255,278844,4918,343.843052
GOOGL,1H,2026-06-26T17:00:00Z,342.12,342.74,340.64,341.6,150902,3503,341.746702
GOOGL,1H,2026-06-26T18:00:00Z,341.61,342.035,340.36,341.635,128401,2999,341.204878
GOOGL,1H,2026-06-26T19:00:00Z,341.815,343.07,334.36,335.79,562700,11617,339.852693
GOOGL,1H,2026-06-26T20:00:00Z,337.33,338.02,336.82,338.02,466,14,337.502632
GOOGL,1H,2026-06-29T12:00:00Z,340.33,340.37,340.33,340.37,750,20,340.338485
GOOGL,1H,2026-06-29T13:00:00Z,341.66,348.54,340.94,347.965,200011,3339,346.660717
GOOGL,1H,2026-06-29T14:00:00Z,348.11,352.15,346.75,350.42,232448,4399,349.100124
GOOGL,1H,2026-06-29T15:00:00Z,350.38,352.68,350,352.54,147822,2972,351.258178
GOOGL,1H,2026-06-29T16:00:00Z,352.59,352.75,350.53,351.59,124812,2552,351.892721
GOOGL,1H,2026-06-29T17:00:00Z,351.565,353.62,351.53,353.455,116719,2321,352.950028
GOOGL,1H,2026-06-29T18:00:00Z,353.42,353.75,352.23,352.36,117765,2614,353.025727
GOOGL,1H,2026-06-29T19:00:00Z,352.47,354.34,351.82,353.485,310829,6478,353.245793
GOOGL,1H,2026-06-30T12:00:00Z,354.37,354.98,354.31,354.98,733,29,354.569
GOOGL,1H,2026-06-30T13:00:00Z,353.87,354.705,350.76,351.705,173698,3188,351.844896
GOOGL,1H,2026-06-30T14:00:00Z,351.64,355.28,350.61,354.82,119512,2783,353.048115
GOOGL,1H,2026-06-30T15:00:00Z,354.79,357.36,353.95,357.28,141422,3339,355.618901
GOOGL,1H,2026-06-30T16:00:00Z,357.415,358.585,356.79,357.75,87502,2339,357.682763
GOOGL,1H,2026-06-30T17:00:00Z,357.845,357.91,355.585,356.385,116267,2874,356.629902
GOOGL,1H,2026-06-30T18:00:00Z,356.35,357.23,356.01,356.595,123637,2823,356.80642
GOOGL,1H,2026-06-30T19:00:00Z,356.595,358.1,356.46,357.22,254813,5956,357.413705
GOOGL,1H,2026-07-01T12:00:00Z,356.88,360.89,356.88,360.05,3912,121,359.399762
GOOGL,1H,2026-07-01T13:00:00Z,360.75,362.055,356.44,358.645,221766,4123,359.241717
GOOGL,1H,2026-07-01T14:00:00Z,358.7,362.93,357.64,360.89,172699,3298,360.124304
GOOGL,1H,2026-07-01T15:00:00Z,360.74,362.465,359.08,359.35,155634,3510,360.814658
GOOGL,1H,2026-07-01T16:00:00Z,359.34,359.59,357.785,358.46,94840,2124,358.824481
GOOGL,1H,2026-07-01T17:00:00Z,358.6,359.87,358.29,359.555,127648,2192,358.937003
GOOGL,1H,2026-07-01T18:00:00Z,359.59,360.94,359.065,360.29,125383,2521,359.893636
GOOGL,1H,2026-07-01T19:00:00Z,360.215,361.6,359.4,361.195,274252,5617,360.710938
GOOGL,1H,2026-07-02T13:00:00Z,359.38,364.15,358.37,362.73,99744,1843,361.999129
GOOGL,1H,2026-07-02T14:00:00Z,362.86,364.1,360.32,360.79,92211,2436,362.181845
GOOGL,1H,2026-07-02T15:00:00Z,360.865,360.885,355.405,356.035,120412,2598,357.785872
GOOGL,1H,2026-07-02T16:00:00Z,356.03,356.32,353.5,353.615,102375,2609,355.108497
GOOGL,1H,2026-07-02T17:00:00Z,353.68,357.23,353.485,356.64,99633,2103,355.753696
GOOGL,1H,2026-07-02T18:00:00Z,356.59,359.04,356.5,358.115,76676,1909,357.963888
GOOGL,1H,2026-07-02T19:00:00Z,358.14,360.605,357.975,359.69,187704,4677,359.477199
GOOGL,1H,2026-07-02T20:00:00Z,358.77,359.07,358.77,359.07,324,8,358.97
GOOGL,1H,2026-07-06T12:00:00Z,360.72,360.72,360.72,360.72,160,4,360.72
GOOGL,1H,2026-07-06T13:00:00Z,361.27,363.54,357.44,357.75,130314,3046,360.232575
GOOGL,1H,2026-07-06T14:00:00Z,357.82,362.095,357.395,361.59,142853,2811,360.02041
GOOGL,1H,2026-07-06T15:00:00Z,361.62,363.795,360.89,363.51,88926,2172,362.765672
GOOGL,1H,2026-07-06T16:00:00Z,363.45,365.06,363.42,363.87,94829,2061,364.166422
GOOGL,1H,2026-07-06T17:00:00Z,363.91,365.34,363.74,364.255,60833,1506,364.549604
GOOGL,1H,2026-07-06T18:00:00Z,364.365,366.525,363.96,366.41,72726,1755,364.928042
GOOGL,1H,2026-07-06T19:00:00Z,366.47,367.905,366.16,366.34,210869,4993,367.091505
GOOGL,1H,2026-07-07T13:00:00Z,369.07,373.14,366.86,371.19,127892,2647,370.422621
GOOGL,1H,2026-07-07T14:00:00Z,371.23,372.25,367.395,367.72,128331,2878,370.204597
GOOGL,1H,2026-07-07T15:00:00Z,367.71,369.57,367.285,369.15,76824,1678,368.463352
GOOGL,1H,2026-07-07T16:00:00Z,369.32,370.24,368.02,369.66,51863,1489,368.927822
GOOGL,1H,2026-07-07T17:00:00Z,369.62,370.385,369.31,370.11,41195,1255,369.731323
GOOGL,1H,2026-07-07T18:00:00Z,370.24,370.61,368.575,368.625,77863,2040,369.495535
GOOGL,1H,2026-07-07T19:00:00Z,368.84,368.96,365.51,366.985,130833,3167,367.629163
GOOGL,1H,2026-07-08T13:00:00Z,365.02,367.65,362.41,362.41,68806,1278,364.197826
GOOGL,1H,2026-07-08T14:00:00Z,362.43,363.18,360.73,361.42,118870,2632,362.045376
GOOGL,1H,2026-07-08T15:00:00Z,361.54,362.09,359.78,360.31,76630,1619,360.88876
GOOGL,1H,2026-07-08T16:00:00Z,360.375,361.65,360.205,361.18,59711,1258,361.073883
GOOGL,1H,2026-07-08T17:00:00Z,361.09,361.455,358.83,358.905,63185,1519,360.360051
GOOGL,1H,2026-07-08T18:00:00Z,358.95,359.72,358.02,359.08,79965,1720,358.777473
GOOGL,1H,2026-07-08T19:00:00Z,359.11,362.89,358.265,361.76,181119,3774,360.114401
GOOGL,1H,2026-07-09T12:00:00Z,358.24,358.24,358.24,358.24,60,2,358.24
GOOGL,1H,2026-07-09T13:00:00Z,356.82,359.615,355.135,356.65,98732,1804,357.151294
GOOGL,1H,2026-07-09T14:00:00Z,356.81,357.42,351.105,353.55,242932,4761,353.646877
GOOGL,1H,2026-07-09T15:00:00Z,353.45,353.955,352.24,352.865,113426,2418,353.123814
GOOGL,1H,2026-07-09T16:00:00Z,352.88,355.415,352.685,355.31,118184,2120,353.956137
GOOGL,1H,2026-07-09T17:00:00Z,355.35,356.23,354.93,356.11,59972,1763,355.62598
GOOGL,1H,2026-07-09T18:00:00Z,356.135,357.385,356.135,357,89529,2095,356.757803
GOOGL,1H,2026-07-09T19:00:00Z,356.83,359.24,356.8,358.85,164285,4442,358.2959
GOOGL,1H,2026-07-09T20:00:00Z,358.88,358.88,358.88,358.88,100,1,358.88
GOOGL,1H,2026-07-10T12:00:00Z,357.97,357.97,355.27,356.61,334,6,356.599701
GOOGL,1H,2026-07-10T13:00:00Z,357.8,357.8,354.54,356.54,123676,2334,356.203181
GOOGL,1H,2026-07-10T14:00:00Z,356.58,357.1,353,353.115,122339,3251,354.82471
GOOGL,1H,2026-07-10T15:00:00Z,353.13,355.095,352.79,354.61,83282,2377,354.012465
GOOGL,1H,2026-07-10T16:00:00Z,354.67,355.975,354.18,355.345,52526,1523,355.088603
GOOGL,1H,2026-07-10T17:00:00Z,355.33,355.33,353.85,354.98,39565,1186,354.624707
GOOGL,1H,2026-07-10T18:00:00Z,355,355.945,354.72,355.5,58289,1593,355.478727
GOOGL,1H,2026-07-10T19:00:00Z,355.52,357.57,355.52,357.17,128593,3507,356.685166
GOOGL,1H,2026-07-13T12:00:00Z,355.31,355.7,355.31,355.7,100,3,355.526667
GOOGL,1H,2026-07-13T13:00:00Z,356.6,357.97,354.29,356.99,73467,1426,356.072894
GOOGL,1H,2026-07-13T14:00:00Z,357.01,357.03,354.17,355.6,107211,2552,355.255704
GOOGL,1H,2026-07-13T15:00:00Z,355.65,356.61,354.905,355.59,68795,1830,355.529852
GOOGL,1H,2026-07-13T16:00:00Z,355.72,356.9,355.03,355.64,64606,1664,355.968578
GOOGL,1H,2026-07-13T17:00:00Z,355.55,356.715,355.085,355.21,58093,1395,355.740583
GOOGL,1H,2026-07-13T18:00:00Z,355.24,356.03,354.82,354.865,58281,1409,355.418902
GOOGL,1H,2026-07-13T19:00:00Z,354.89,355.52,351.87,352.54,191936,4789,353.422033
GOOGL,1H,2026-07-13T20:00:00Z,352.56,352.56,352.5,352.5,424,13,352.507059
GOOGL,1H,2026-07-14T13:00:00Z,351.14,354.94,351.12,354.03,69295,1724,353.550551
GOOGL,1H,2026-07-14T14:00:00Z,354.21,357.545,353.415,357.235,104772,2563,355.303842
GOOGL,1H,2026-07-14T15:00:00Z,357.38,358.61,355.81,356.15,86610,1973,357.6257
GOOGL,1H,2026-07-14T16:00:00Z,356.2,356.43,354.765,356.35,52969,1446,355.722714
GOOGL,1H,2026-07-14T17:00:00Z,356.3,359.135,356.29,358,74797,1696,358.001279
GOOGL,1H,2026-07-14T18:00:00Z,358.01,358.79,357.37,358.62,76234,1708,357.94204
GOOGL,1H,2026-07-14T19:00:00Z,358.855,360.14,358.76,359.55,232615,5286,359.62571
GOOGL,1H,2026-07-15T12:00:00Z,356.99,358.37,356.99,358.37,200,5,357.801765
GOOGL,1H,2026-07-15T13:00:00Z,357.71,364.44,357.71,363.87,94951,1938,362.735058
GOOGL,1H,2026-07-15T14:00:00Z,363.79,369.145,363.79,366.925,241993,5431,366.476201
GOOGL,1H,2026-07-15T15:00:00Z,366.97,372.39,366.815,371.73,240283,4810,370.053825
GOOGL,1H,2026-07-15T16:00:00Z,371.63,373.65,371.23,372.425,137860,3138,372.522687
GOOGL,1H,2026-07-15T17:00:00Z,372.42,372.74,369.97,372.02,86979,2123,371.21582
GOOGL,1H,2026-07-15T18:00:00Z,372,373.28,370.27,370.27,78296,2199,371.856892
GOOGL,1H,2026-07-15T19:00:00Z,370.18,371.335,369.2,370.98,254163,6245,370.555601
GOOGL,1H,2026-07-16T13:00:00Z,373.325,375.18,369.2,370.735,125924,2870,371.763415
GOOGL,1H,2026-07-16T14:00:00Z,370.83,374.28,369.335,372.515,220197,5485,372.239724
GOOGL,1H,2026-07-16T15:00:00Z,372.62,372.93,371.06,371.29,130143,3127,371.862011
GOOGL,1H,2026-07-16T16:00:00Z,371.33,372.32,370,371.72,84487,2447,371.255434
GOOGL,1H,2026-07-16T17:00:00Z,371.82,372.12,370.92,371.53,68867,1937,371.518455
GOOGL,1H,2026-07-16T18:00:00Z,371.55,371.55,356.39,356.6,343050,7184,361.828634
GOOGL,1H,2026-07-16T19:00:00Z,356.52,357.12,352.365,354.31,469480,10671,354.38482
GOOGL,1H,2026-07-16T20:00:00Z,355.22,355.22,355.22,355.22,50,1,355.22
GOOGL,1H,2026-07-17T12:00:00Z,345.66,345.66,345.66,345.66,120,3,345.66
GOOGL,1H,2026-07-17T13:00:00Z,345.02,348.47,341.38,346.48,139713,2394,344.776469
GOOGL,1H,2026-07-17T14:00:00Z,346.98,347.98,344.69,345.745,119035,2745,346.57096
GOOGL,1H,2026-07-17T15:00:00Z,345.765,348.455,345.09,347.51,95973,1804,347.213088
GOOGL,1H,2026-07-17T16:00:00Z,347.67,347.72,346.04,347.47,122869,2200,346.600156
GOOGL,1H,2026-07-17T17:00:00Z,347.445,347.93,343.48,344.02,120885,2909,345.405219
GOOGL,1H,2026-07-17T18:00:00Z,344.05,345.42,342.845,344.86,87971,1807,344.442759
GOOGL,1H,2026-07-17T19:00:00Z,345.21,347.41,344.16,346.765,182598,4553,345.735898
