symbol,timeframe,timestamp,open,high,low,close,volume,trade_count,vwap
MSFT,1H,2025-07-18T13:00:00Z,513.03,513.03,506.75,507.35,63811,1012,508.103626
MSFT,1H,2025-07-18T14:00:00Z,508.02,508.08,506.31,506.41,78685,1627,507.077245
MSFT,1H,2025-07-18T15:00:00Z,506.4,506.73,505.55,505.62,38322,744,506.213654
MSFT,1H,2025-07-18T16:00:00Z,505.56,505.74,504.39,505.74,24965,578,505.090468
MSFT,1H,2025-07-18T17:00:00Z,505.78,507.03,505.58,506.6,15019,429,506.587634
MSFT,1H,2025-07-18T18:00:00Z,506.9,507.7,506.76,507.5,20727,489,507.357589
MSFT,1H,2025-07-18T19:00:00Z,507.56,507.78,505.16,505.96,94369,1888,506.084164
MSFT,1H,2025-07-21T13:00:00Z,502.69,508.03,501.54,507.2,64080,1254,504.804257
MSFT,1H,2025-07-21T14:00:00Z,507.86,507.97,506.53,506.66,34082,944,507.173927
MSFT,1H,2025-07-21T15:00:00Z,506.61,506.75,505.96,506.75,41160,1151,506.435252
MSFT,1H,2025-07-21T16:00:00Z,506.67,507.3,505.82,506.92,56589,1207,506.472026
MSFT,1H,2025-07-21T17:00:00Z,506.92,506.99,506.27,506.27,44657,1043,506.652476
MSFT,1H,2025-07-21T18:00:00Z,506.17,506.47,506.11,506.47,29093,786,506.317736
MSFT,1H,2025-07-21T19:00:00Z,506.5,506.71,505.53,506.07,70756,1662,506.051081
MSFT,1H,2025-07-22T13:00:00Z,506.92,507.05,503.68,503.97,47662,1043,505.032492
MSFT,1H,2025-07-22T14:00:00Z,503.95,505.53,503.47,504.67,64710,1194,504.662821
MSFT,1H,2025-07-22T15:00:00Z,504.79,505.17,503.1,503.21,34368,827,504.193203
MSFT,1H,2025-07-22T16:00:00Z,503.15,503.7,502.46,502.88,34792,916,503.088691
MSFT,1H,2025-07-22T17:00:00Z,502.88,503.69,502.29,502.55,29728,714,503.015768
MSFT,1H,2025-07-22T18:00:00Z,502.49,502.86,501.57,502.21,42677,1258,502.16313
MSFT,1H,2025-07-22T19:00:00Z,502.32,502.32,501.34,501.72,55035,1681,501.814767
MSFT,1H,2025-07-23T13:00:00Z,502.77,502.77,498.26,499.16,75647,1148,499.221738
MSFT,1H,2025-07-23T14:00:00Z,499.08,499.08,496.75,498.53,95714,1509,498.100244
MSFT,1H,2025-07-23T15:00:00Z,498.5,501.33,497.48,500.51,62334,1152,498.849891
MSFT,1H,2025-07-23T16:00:00Z,500.5,500.63,498.91,499.77,56975,1032,499.900464
MSFT,1H,2025-07-23T17:00:00Z,499.79,501.27,499.74,501.17,33056,682,500.522525
MSFT,1H,2025-07-23T18:00:00Z,501.18,501.71,500.67,501.27,41862,944,501.256347
MSFT,1H,2025-07-23T19:00:00Z,501.31,501.78,500.44,501.78,59818,1481,501.066645
MSFT,1H,2025-07-24T13:00:00Z,504.74,506.22,503.33,505.24,70541,1319,504.641132
MSFT,1H,2025-07-24T14:00:00Z,505.28,506.27,503.82,506.13,61477,1403,504.661009
MSFT,1H,2025-07-24T15:00:00Z,506.16,508.27,505.85,507.93,50083,1168,506.623888
MSFT,1H,2025-07-24T16:00:00Z,507.82,508.6,507.11,508.12,37011,839,507.871144
MSFT,1H,2025-07-24T17:00:00Z,508.09,509.08,507.85,508.01,43474,802,508.391766
MSFT,1H,2025-07-24T18:00:00Z,507.96,508.81,507.57,507.91,54612,1029,508.186275
MSFT,1H,2025-07-24T19:00:00Z,507.87,507.91,506.78,506.97,78021,1813,507.50266
MSFT,1H,2025-07-25T13:00:00Z,508.34,508.74,506.47,508.1,52584,789,507.838269
MSFT,1H,2025-07-25T14:00:00Z,508.25,509.01,507.46,508.54,53213,1149,508.347831
MSFT,1H,2025-07-25T15:00:00Z,508.55,510.01,508.12,509.64,41976,859,509.21435
MSFT,1H,2025-07-25T16:00:00Z,509.55,510.48,509.07,509.86,34888,730,509.800823
MSFT,1H,2025-07-25T17:00:00Z,509.73,512.94,509.69,512.82,34943,751,511.312791
MSFT,1H,2025-07-25T18:00:00Z,512.73,514.11,512.56,513.26,43991,1017,513.317806
MSFT,1H,2025-07-25T19:00:00Z,513.26,513.26,509.19,509.75,67314,1509,511.192036
MSFT,1H,2025-07-28T13:00:00Z,509.99,510.6,508.33,510.58,43423,930,509.780159
MSFT,1H,2025-07-28T14:00:00Z,510.64,510.89,508.17,508.68,51858,1085,509.733029
MSFT,1H,2025-07-28T15:00:00Z,508.65,508.69,507.52,508.35,45784,1067,508.234792
MSFT,1H,2025-07-28T16:00:00Z,508.29,508.38,507.69,508.04,23225,596,508.058919
MSFT,1H,2025-07-28T17:00:00Z,508.03,508.3,507.07,507.59,36731,834,507.711795
MSFT,1H,2025-07-28T18:00:00Z,507.56,507.56,506.16,506.16,49660,1147,506.747159
MSFT,1H,2025-07-28T19:00:00Z,506.13,508.29,506.13,508.29,66445,1701,507.198122
MSFT,1H,2025-07-29T13:00:00Z,511.6,513.45,510.87,511.33,81996,1726,512.12709
MSFT,1H,2025-07-29T14:00:00Z,511.19,511.26,508.66,509.06,91567,1660,509.826609
MSFT,1H,2025-07-29T15:00:00Z,509.02,510.59,508.82,509.93,57708,1461,509.41157
MSFT,1H,2025-07-29T16:00:00Z,509.98,510.03,508.19,509.24,27927,723,508.830352
MSFT,1H,2025-07-29T17:00:00Z,509.2,509.67,507.63,508.18,24607,744,508.421899
MSFT,1H,2025-07-29T18:00:00Z,508.1,508.46,507.52,508.18,31191,906,508.00947
MSFT,1H,2025-07-29T19:00:00Z,508.22,508.73,507.68,508.6,62427,1904,508.266057
MSFT,1H,2025-07-30T13:00:00Z,511.81,511.81,506.75,508.33,60397,1081,508.273324
MSFT,1H,2025-07-30T14:00:00Z,508.37,510.22,507.8,509.25,64643,1264,509.178359
MSFT,1H,2025-07-30T15:00:00Z,509.37,509.43,508.37,508.89,63876,1218,508.80136
MSFT,1H,2025-07-30T16:00:00Z,508.9,509.49,508.56,508.8,64003,1098,508.916048
MSFT,1H,2025-07-30T17:00:00Z,508.79,509.16,508.16,508.86,62250,1274,508.739609
MSFT,1H,2025-07-30T18:00:00Z,508.85,509.3,506.51,506.59,97354,1890,508.289132
MSFT,1H,2025-07-30T19:00:00Z,506.55,509.26,505.46,509.26,168579,3554,507.250273
MSFT,1H,2025-07-31T13:00:00Z,550.8,550.8,531.87,531.97,549375,7338,538.705968
MSFT,1H,2025-07-31T14:00:00Z,532.03,535.84,530.19,530.87,327809,5285,533.00958
MSFT,1H,2025-07-31T15:00:00Z,531.11,533.45,531.06,532.42,150729,2757,532.22551
MSFT,1H,2025-07-31T16:00:00Z,532.59,532.93,530.93,532.2,97192,2150,532.039841
MSFT,1H,2025-07-31T17:00:00Z,531.96,532.43,528.7,529.03,76357,1751,530.37311
MSFT,1H,2025-07-31T18:00:00Z,529.14,530.64,528.36,529.3,103458,2211,529.640153
MSFT,1H,2025-07-31T19:00:00Z,529.55,530.86,527.81,529.7,303227,4693,529.122468
MSFT,1H,2025-08-01T13:00:00Z,531.35,531.35,524.26,525.27,195018,3199,526.66189
MSFT,1H,2025-08-01T14:00:00Z,525.11,525.38,521.12,521.3,198784,3922,523.636892
MSFT,1H,2025-08-01T15:00:00Z,521.37,521.4,518.5,520.06,106778,2470,519.847507
MSFT,1H,2025-08-01T16:00:00Z,519.88,520.69,516.85,516.97,104903,2326,519.338134
MSFT,1H,2025-08-01T17:00:00Z,516.9,519.85,516.85,519.27,98991,2133,518.36159
MSFT,1H,2025-08-01T18:00:00Z,519.26,520.79,518.41,520.29,59466,1494,519.781199
MSFT,1H,2025-08-01T19:00:00Z,520.35,521.34,519.21,520.09,118710,2975,520.08661
MSFT,1H,2025-08-04T13:00:00Z,523.95,532.13,523.95,531.92,84066,1619,529.159616
MSFT,1H,2025-08-04T14:00:00Z,531.95,532.57,529.84,530.41,75533,1626,531.045201
MSFT,1H,2025-08-04T15:00:00Z,530.36,531.27,529.05,531.1,57516,1238,530.121843
MSFT,1H,2025-08-04T16:00:00Z,531.32,533.11,531.07,532.81,67510,1321,532.11405
MSFT,1H,2025-08-04T17:00:00Z,532.65,533.96,532.61,533.47,45452,1131,533.376186
MSFT,1H,2025-08-04T18:00:00Z,533.64,533.76,531.48,531.59,98979,1557,532.646431
MSFT,1H,2025-08-04T19:00:00Z,531.74,532.49,529.9,531.28,143206,2563,530.974896
MSFT,1H,2025-08-05T13:00:00Z,532.55,532.75,530.55,530.91,60910,1080,531.627099
MSFT,1H,2025-08-05T14:00:00Z,530.87,530.87,527.64,527.73,153904,2096,529.59082
MSFT,1H,2025-08-05T15:00:00Z,527.67,528.71,526.56,527.87,78956,1180,527.822964
MSFT,1H,2025-08-05T16:00:00Z,527.88,528.93,527.41,527.52,49714,858,528.224487
MSFT,1H,2025-08-05T17:00:00Z,527.66,528.26,526.86,528.26,44836,766,527.551594
MSFT,1H,2025-08-05T18:00:00Z,528.17,528.19,524.22,524.81,70699,1614,525.532984
MSFT,1H,2025-08-05T19:00:00Z,524.77,529.77,523.14,523.56,158319,3142,524.163886
MSFT,1H,2025-08-06T13:00:00Z,526.62,527.35,522.11,522.68,100136,1473,524.838652
MSFT,1H,2025-08-06T14:00:00Z,522.35,523.53,520.45,521.82,119438,1625,521.822795
MSFT,1H,2025-08-06T15:00:00Z,521.83,522.6,521.1,522.37,72500,1393,521.898083
MSFT,1H,2025-08-06T16:00:00Z,522.36,523.01,521.69,522,39196,918,522.20193
MSFT,1H,2025-08-06T17:00:00Z,522,522.12,521.2,521.7,41959,773,521.618794
MSFT,1H,2025-08-06T18:00:00Z,521.66,522.54,521.19,521.81,73406,1464,521.963299
MSFT,1H,2025-08-06T19:00:00Z,521.72,521.97,520.16,520.66,123629,2621,520.847347
MSFT,1H,2025-08-07T13:00:00Z,522.56,523.73,519.42,521.2,71673,1535,521.061714
MSFT,1H,2025-08-07T14:00:00Z,521.19,522.06,519.36,521.17,63167,1695,520.86335
MSFT,1H,2025-08-07T15:00:00Z,521.23,521.46,518.13,518.13,41982,1501,520.105938
MSFT,1H,2025-08-07T16:00:00Z,518.05,518.7,516.68,518,30128,1018,517.734127
MSFT,1H,2025-08-07T17:00:00Z,517.83,518.13,516.3,516.83,31942,1117,517.17732
MSFT,1H,2025-08-07T18:00:00Z,516.43,516.52,513.47,514.79,45261,1197,514.518655
MSFT,1H,2025-08-07T19:00:00Z,514.78,516.67,514.43,516.67,67164,1880,515.303394
MSFT,1H,2025-08-08T13:00:00Z,518.42,520.35,518.23,519.03,42577,996,519.40027
MSFT,1H,2025-08-08T14:00:00Z,519.04,519.24,516.69,516.79,50166,1195,518.152369
MSFT,1H,2025-08-08T15:00:00Z,516.77,517.67,515.45,517.19,69994,1320,516.924594
MSFT,1H,2025-08-08T16:00:00Z,517.19,517.7,516.83,517.58,29818,745,517.287166
MSFT,1H,2025-08-08T17:00:00Z,517.45,518.7,517.07,518.53,42172,915,517.972857
MSFT,1H,2025-08-08T18:00:00Z,518.57,519.06,518.22,518.44,30933,793,518.61955
MSFT,1H,2025-08-08T19:00:00Z,518.43,518.49,516.07,517.95,63430,1654,517.142454
MSFT,1H,2025-08-11T13:00:00Z,518.23,519.53,515.65,519.43,58929,1254,517.23167
MSFT,1H,2025-08-11T14:00:00Z,519.45,521,518.71,520.88,67382,1461,519.869957
MSFT,1H,2025-08-11T15:00:00Z,520.86,522.52,519.92,521.88,52557,1107,521.306904
MSFT,1H,2025-08-11T16:00:00Z,521.76,523.33,521.28,521.59,36666,856,522.491177
MSFT,1H,2025-08-11T17:00:00Z,521.62,522.46,519.31,519.41,34685,735,521.094274
MSFT,1H,2025-08-11T18:00:00Z,519.53,519.84,517.49,517.85,29804,817,518.703496
MSFT,1H,2025-08-11T19:00:00Z,517.76,517.93,516.19,517.84,70052,1716,517.159415
MSFT,1H,2025-08-12T13:00:00Z,519.72,523.41,519.72,520.4,85694,1779,520.869839
MSFT,1H,2025-08-12T14:00:00Z,520.37,522.62,518.64,520.79,66570,1455,520.635928
MSFT,1H,2025-08-12T15:00:00Z,520.66,523.02,520.66,522.71,45566,1036,522.285813
MSFT,1H,2025-08-12T16:00:00Z,522.48,524.53,522.18,524.07,70067,1171,523.194447
MSFT,1H,2025-08-12T17:00:00Z,524.09,525.08,523.5,525.05,59816,1025,524.288804
MSFT,1H,2025-08-12T18:00:00Z,525.04,526.66,525.01,525.48,35799,1008,525.783526
MSFT,1H,2025-08-12T19:00:00Z,525.49,526.32,524.68,525.06,75751,1846,525.430363
MSFT,1H,2025-08-13T13:00:00Z,527.89,528.32,524.81,526.06,71150,1396,526.216378
MSFT,1H,2025-08-13T14:00:00Z,526.01,527.51,525.41,526.21,70427,1608,526.280718
MSFT,1H,2025-08-13T15:00:00Z,526.13,526.13,522.78,523.79,68173,1328,523.729651
MSFT,1H,2025-08-13T16:00:00Z,523.76,524.26,520.9,521.04,60141,1239,522.399998
MSFT,1H,2025-08-13T17:00:00Z,521.26,521.46,519.54,519.72,42549,940,520.475406
MSFT,1H,2025-08-13T18:00:00Z,519.68,520.41,518.27,518.48,59965,1467,519.552574
MSFT,1H,2025-08-13T19:00:00Z,518.49,518.9,515.35,516.54,139418,2874,516.878651
MSFT,1H,2025-08-14T13:00:00Z,518.26,520.14,516.11,519.21,52767,921,517.757562
MSFT,1H,2025-08-14T14:00:00Z,519.13,521.73,517.78,520.05,65683,1262,519.660926
MSFT,1H,2025-08-14T15:00:00Z,520.16,520.6,517.73,519.28,37327,773,519.099564
MSFT,1H,2025-08-14T16:00:00Z,519.2,520.68,518.44,519.82,32496,762,519.594779
MSFT,1H,2025-08-14T17:00:00Z,519.79,519.94,518.16,518.36,47797,1038,519.425033
MSFT,1H,2025-08-14T18:00:00Z,518.36,518.61,516.08,516.82,55258,1026,517.06973
MSFT,1H,2025-08-14T19:00:00Z,516.85,518.98,516.63,518.29,135162,2194,517.850986
MSFT,1H,2025-08-15T13:00:00Z,518.26,518.97,516.82,518.21,47889,1120,517.773819
MSFT,1H,2025-08-15T14:00:00Z,517.51,520.32,517.2,517.37,74922,1807,518.701754
MSFT,1H,2025-08-15T15:00:00Z,517.59,520.71,517.59,519.76,69415,1554,518.831194
MSFT,1H,2025-08-15T16:00:00Z,519.73,520.94,519.39,520.89,48973,1192,520.085594
MSFT,1H,2025-08-15T17:00:00Z,520.71,521.72,520.47,521.67,37660,912,520.85038
MSFT,1H,2025-08-15T18:00:00Z,521.66,521.81,518.77,518.77,71703,1703,520.033535
MSFT,1H,2025-08-15T19:00:00Z,518.96,519.22,515.07,515.9,154752,3221,517.036143
MSFT,1H,2025-08-18T13:00:00Z,517.42,518.66,514.29,515.01,53391,1201,516.721851
MSFT,1H,2025-08-18T14:00:00Z,515.18,516.01,513.63,514.07,90783,1646,514.2976
MSFT,1H,2025-08-18T15:00:00Z,514.05,514.1,511.79,512.87,63329,1284,512.781112
MSFT,1H,2025-08-18T16:00:00Z,512.89,513.62,511.73,511.91,67332,1497,512.764481
MSFT,1H,2025-08-18T17:00:00Z,511.91,512.87,511.19,511.43,55694,1238,511.838514
MSFT,1H,2025-08-18T18:00:00Z,511.26,512.25,511.23,511.51,54189,1257,511.79186
MSFT,1H,2025-08-18T19:00:00Z,511.51,513.21,509.95,513.03,201731,4168,511.174515
MSFT,1H,2025-08-19T13:00:00Z,510.15,511.05,507.71,509.48,57329,1171,509.45074
MSFT,1H,2025-08-19T14:00:00Z,509.5,509.96,505.58,505.73,90219,1987,507.919541
MSFT,1H,2025-08-19T15:00:00Z,505.75,505.94,504.57,505.74,78830,1836,505.45147
MSFT,1H,2025-08-19T16:00:00Z,505.86,506.89,505.72,506.39,51854,1143,506.173065
MSFT,1H,2025-08-19T17:00:00Z,506.38,507.82,505.92,507.21,46640,1113,506.870206
MSFT,1H,2025-08-19T18:00:00Z,507.17,507.17,505.35,505.6,68490,1683,506.352756
MSFT,1H,2025-08-19T19:00:00Z,505.65,506.02,504.58,506.02,119315,2785,505.235851
MSFT,1H,2025-08-20T13:00:00Z,506.3,506.91,502.33,502.51,130885,1659,504.964683
MSFT,1H,2025-08-20T14:00:00Z,502.52,504.2,502.19,502.8,118960,2198,503.446504
MSFT,1H,2025-08-20T15:00:00Z,502.66,502.88,500.47,500.74,123569,2363,501.99264
MSFT,1H,2025-08-20T16:00:00Z,500.88,502.39,500.85,501.12,58288,1183,501.54231
MSFT,1H,2025-08-20T17:00:00Z,501.12,503.6,501.11,502.73,82824,1426,502.267116
MSFT,1H,2025-08-20T18:00:00Z,502.63,502.63,500.83,500.86,97983,1890,501.460682
MSFT,1H,2025-08-20T19:00:00Z,500.92,503.42,500.82,501.49,124445,2676,502.180231
MSFT,1H,2025-08-21T13:00:00Z,499.92,502.14,499.71,500.06,42937,1289,501.07901
MSFT,1H,2025-08-21T14:00:00Z,500.04,504.39,499.94,503.47,87669,1681,503.262379
MSFT,1H,2025-08-21T15:00:00Z,503.62,504.05,502.3,503.32,52751,1020,503.190024
MSFT,1H,2025-08-21T16:00:00Z,503.32,503.7,501.33,501.46,59300,1332,502.313318
MSFT,1H,2025-08-21T17:00:00Z,501.47,502.76,500.81,502.11,73752,1655,502.03885
MSFT,1H,2025-08-21T18:00:00Z,502.11,502.72,501.72,502.66,56477,1332,502.22938
MSFT,1H,2025-08-21T19:00:00Z,502.46,503.08,500.99,501.06,91677,2000,502.069036
MSFT,1H,2025-08-22T13:00:00Z,501.14,503.16,499.47,500.68,47060,1056,501.163365
MSFT,1H,2025-08-22T14:00:00Z,500.95,507.45,500.95,506.66,240704,4250,505.265579
MSFT,1H,2025-08-22T15:00:00Z,506.69,507.45,503.98,504.18,136143,2667,505.972322
MSFT,1H,2025-08-22T16:00:00Z,504.35,504.64,502.91,502.91,57706,1583,503.779667
MSFT,1H,2025-08-22T17:00:00Z,503.05,504.93,503.04,504.84,46349,1167,504.035647
MSFT,1H,2025-08-22T18:00:00Z,504.82,505.32,504.52,504.84,42581,1094,504.910039
MSFT,1H,2025-08-22T19:00:00Z,504.78,504.82,502.62,504.1,123289,3046,503.877159
MSFT,1H,2025-08-25T13:00:00Z,503.5,504.88,501.44,503.59,68476,1200,503.026926
MSFT,1H,2025-08-25T14:00:00Z,503.68,504.79,502.96,504.41,51053,1059,503.991129
MSFT,1H,2025-08-25T15:00:00Z,504.18,504.93,503.54,503.97,48738,1064,504.26443
MSFT,1H,2025-08-25T16:00:00Z,504.08,504.54,503.61,503.68,37200,780,503.995019
MSFT,1H,2025-08-25T17:00:00Z,503.65,503.65,501.63,502.04,70553,1484,502.315395
MSFT,1H,2025-08-25T18:00:00Z,502.03,502.47,501.53,501.53,81297,1288,502.074079
MSFT,1H,2025-08-25T19:00:00Z,501.54,502.22,501.15,501.15,98646,2102,501.804473
MSFT,1H,2025-08-26T13:00:00Z,501.09,501.74,498.98,499.79,65343,1167,500.554222
MSFT,1H,2025-08-26T14:00:00Z,499.77,501.46,499.57,499.57,55554,1199,500.436041
MSFT,1H,2025-08-26T15:00:00Z,499.59,500.12,498.99,499.13,34870,901,499.513559
MSFT,1H,2025-08-26T16:00:00Z,499.18,499.61,497.25,497.66,46428,1084,498.372325
MSFT,1H,2025-08-26T17:00:00Z,497.73,497.86,495.55,495.86,72868,1721,496.911069
MSFT,1H,2025-08-26T18:00:00Z,495.79,496.68,495.4,495.88,84512,1719,495.905489
MSFT,1H,2025-08-26T19:00:00Z,495.92,499.8,495.42,498.89,321313,5452,497.489634
MSFT,1H,2025-08-27T13:00:00Z,498.84,500.13,496.75,497.06,51680,1173,498.245358
MSFT,1H,2025-08-27T14:00:00Z,497.08,501.93,497.08,500.88,96038,1988,500.045863
MSFT,1H,2025-08-27T15:00:00Z,500.81,501.63,500.31,501.59,65721,1294,501.082823
MSFT,1H,2025-08-27T16:00:00Z,501.28,502.38,500.32,501.95,62203,1170,501.36108
MSFT,1H,2025-08-27T17:00:00Z,501.89,503.38,501.81,503.26,68712,1333,502.509711
MSFT,1H,2025-08-27T18:00:00Z,503.15,503.65,502.55,503.11,50958,1148,503.1979
MSFT,1H,2025-08-27T19:00:00Z,503.04,503.94,501.87,503.5,172069,3319,503.244345
MSFT,1H,2025-08-28T13:00:00Z,503.85,506.92,502.34,503.58,74741,1338,504.632376
MSFT,1H,2025-08-28T14:00:00Z,503.83,504.48,502.75,504,43856,928,503.4526
MSFT,1H,2025-08-28T15:00:00Z,503.91,505.43,503.91,504.9,40893,779,504.646029
MSFT,1H,2025-08-28T16:00:00Z,504.88,505.8,504.45,504.61,36302,710,505.407
MSFT,1H,2025-08-28T17:00:00Z,504.42,505.78,504.4,505.16,40824,889,505.10935
MSFT,1H,2025-08-28T18:00:00Z,505.1,506.46,505.02,506.36,48242,850,505.842135
MSFT,1H,2025-08-28T19:00:00Z,506.59,507.78,506.3,506.39,66652,1417,506.926858
MSFT,1H,2025-08-29T13:00:00Z,504.87,506.29,501.58,501.64,39106,751,503.822482
MSFT,1H,2025-08-29T14:00:00Z,501.87,503.72,501.36,503.47,57204,1280,502.523975
MSFT,1H,2025-08-29T15:00:00Z,503.62,505.09,503.31,504.08,42076,922,504.431834
MSFT,1H,2025-08-29T16:00:00Z,504.07,505.58,504.07,505.47,33364,925,504.630609
MSFT,1H,2025-08-29T17:00:00Z,505.14,505.67,504.16,505.4,24000,594,504.844593
MSFT,1H,2025-08-29T18:00:00Z,505.27,505.81,504.49,505.2,32933,677,505.424728
MSFT,1H,2025-08-29T19:00:00Z,505.34,505.8,502.69,503.55,71362,1710,504.244197
MSFT,1H,2025-09-02T13:00:00Z,497.12,501.18,493.82,500.42,105108,1702,498.271006
MSFT,1H,2025-09-02T14:00:00Z,500.3,502.18,499.36,499.77,104248,2118,500.608909
MSFT,1H,2025-09-02T15:00:00Z,500.02,500.09,497.2,497.44,76750,1428,497.97035
MSFT,1H,2025-09-02T16:00:00Z,497.73,498.64,497.52,498.41,37111,766,498.051308
MSFT,1H,2025-09-02T17:00:00Z,498.43,499.88,497.16,499.17,54446,1070,498.749066
MSFT,1H,2025-09-02T18:00:00Z,499.06,500.12,498.32,499.63,46430,947,499.121623
MSFT,1H,2025-09-02T19:00:00Z,500.03,502.42,499.94,502,121263,2574,501.290458
MSFT,1H,2025-09-02T20:00:00Z,501.47,501.47,501.47,501.47,100,1,501.47
MSFT,1H,2025-09-03T13:00:00Z,500.52,504.5,499.92,501.41,90049,1547,502.098191
MSFT,1H,2025-09-03T14:00:00Z,501.41,503.86,501.18,503.48,79517,1372,502.775025
MSFT,1H,2025-09-03T15:00:00Z,503.5,503.59,501.73,502.08,68188,1152,502.503307
MSFT,1H,2025-09-03T16:00:00Z,502,502.43,500.41,500.45,43323,798,501.265687
MSFT,1H,2025-09-03T17:00:00Z,500.48,501.55,499.79,500.2,51738,923,500.705149
MSFT,1H,2025-09-03T18:00:00Z,500.03,500.29,499.45,499.79,36181,754,499.865706
MSFT,1H,2025-09-03T19:00:00Z,499.85,502.3,499.19,502.13,172763,3000,500.980696
MSFT,1H,2025-09-04T13:00:00Z,501.18,503.58,500.48,500.62,45865,679,501.741139
MSFT,1H,2025-09-04T14:00:00Z,500.73,504.4,500.05,504.33,55113,816,502.745314
MSFT,1H,2025-09-04T15:00:00Z,504.14,504.85,502.98,503.69,62522,830,503.802158
MSFT,1H,2025-09-04T16:00:00Z,503.62,503.88,502.73,503.28,38069,640,503.307108
MSFT,1H,2025-09-04T17:00:00Z,503.42,504.47,503,504.13,27821,583,503.64634
MSFT,1H,2025-09-04T18:00:00Z,504.11,504.93,503.77,504.34,42634,739,504.288123
MSFT,1H,2025-09-04T19:00:00Z,504.36,504.73,503.17,504.73,51804,1075,503.829311
MSFT,1H,2025-09-05T13:00:00Z,505.95,508.69,496.8,498.86,154186,2098,500.469989
MSFT,1H,2025-09-05T14:00:00Z,499.04,499.1,492.16,492.27,71527,1345,496.239627
MSFT,1H,2025-09-05T15:00:00Z,492.11,494.56,491.47,493.15,64747,1122,493.163666
MSFT,1H,2025-09-05T16:00:00Z,493.22,493.99,490.98,492.04,56605,1096,492.487569
MSFT,1H,2025-09-05T17:00:00Z,491.94,492.18,490.25,490.39,76068,1227,491.346066
MSFT,1H,2025-09-05T18:00:00Z,490.45,491.63,489.34,490.03,121579,1921,490.373154
MSFT,1H,2025-09-05T19:00:00Z,489.95,491.92,489.3,491.85,144789,2725,490.645448
MSFT,1H,2025-09-08T13:00:00Z,494.97,496.99,491.96,495.77,79305,1755,495.176103
MSFT,1H,2025-09-08T14:00:00Z,495.74,497.68,495.26,497.01,64192,1222,496.481227
MSFT,1H,2025-09-08T15:00:00Z,497.02,498.04,496.35,497.29,47551,966,497.231527
MSFT,1H,2025-09-08T16:00:00Z,497.21,497.22,494.77,495.51,29784,546,495.820484
MSFT,1H,2025-09-08T17:00:00Z,495.36,495.49,494.48,494.78,33931,656,495.06827
MSFT,1H,2025-09-08T18:00:00Z,494.76,495.42,494.58,494.99,40123,744,495.01938
MSFT,1H,2025-09-08T19:00:00Z,495.01,495.27,494.02,495.19,101156,1885,494.578065
MSFT,1H,2025-09-09T13:00:00Z,498.03,498.92,497.01,497.61,48349,938,498.06865
MSFT,1H,2025-09-09T14:00:00Z,498.05,498.94,495.74,496.59,64394,1379,497.235009
MSFT,1H,2025-09-09T15:00:00Z,496.71,497.03,495.63,496.32,36748,999,496.320336
MSFT,1H,2025-09-09T16:00:00Z,496.48,496.48,495.24,495.71,29069,722,495.769994
MSFT,1H,2025-09-09T17:00:00Z,495.77,496.41,495.37,495.77,42883,917,495.943282
MSFT,1H,2025-09-09T18:00:00Z,495.93,496.27,495.18,495.86,93393,1462,495.632107
MSFT,1H,2025-09-09T19:00:00Z,495.8,495.85,494.58,495.29,95419,2032,495.266487
MSFT,1H,2025-09-10T13:00:00Z,501.56,501.56,493.59,497.28,114538,1738,496.459025
MSFT,1H,2025-09-10T14:00:00Z,497.36,499.69,496.66,496.66,115043,1919,498.562642
MSFT,1H,2025-09-10T15:00:00Z,496.62,498.38,495.39,497.67,95660,1494,497.003813
MSFT,1H,2025-09-10T16:00:00Z,497.68,497.68,495.77,496.33,62501,1182,496.53579
MSFT,1H,2025-09-10T17:00:00Z,496.55,498.2,496.44,497.43,42176,959,497.21104
MSFT,1H,2025-09-10T18:00:00Z,497.61,498.47,496.9,498.45,29768,740,497.666925
MSFT,1H,2025-09-10T19:00:00Z,498.66,498.66,495.99,497.19,69516,1425,496.916984
MSFT,1H,2025-09-11T13:00:00Z,499.04,499.52,494.82,497.11,63581,1188,496.549234
MSFT,1H,2025-09-11T14:00:00Z,497.1,499.96,496.8,497.68,79428,1343,498.26092
MSFT,1H,2025-09-11T15:00:00Z,497.72,499.75,497.71,498.85,44314,913,498.795657
MSFT,1H,2025-09-11T16:00:00Z,498.79,499.93,497.71,497.95,42876,1099,499.138866
MSFT,1H,2025-09-11T17:00:00Z,497.98,498.16,496.68,496.91,43506,929,497.412813
MSFT,1H,2025-09-11T18:00:00Z,496.92,498.05,496.57,497.54,48310,996,497.109774
MSFT,1H,2025-09-11T19:00:00Z,497.43,498.55,497.09,497.72,61529,1283,497.697392
MSFT,1H,2025-09-12T13:00:00Z,503.33,504.88,500.83,504.8,84373,1260,503.2326
MSFT,1H,2025-09-12T14:00:00Z,504.5,506.04,503.32,505.87,70481,1089,504.429653
MSFT,1H,2025-09-12T15:00:00Z,505.84,508.5,505.37,507.91,80888,1411,507.296766
MSFT,1H,2025-09-12T16:00:00Z,507.91,509.25,507.5,509.07,55840,967,508.478191
MSFT,1H,2025-09-12T17:00:00Z,508.93,509.15,508.03,508.63,67213,1026,508.571823
MSFT,1H,2025-09-12T18:00:00Z,508.58,508.96,507.5,508.96,57592,1053,508.158908
MSFT,1H,2025-09-12T19:00:00Z,509.15,509.24,506.69,506.74,100495,1959,507.609448
MSFT,1H,2025-09-15T13:00:00Z,505.59,508.3,503.83,507.21,63943,1260,506.243898
MSFT,1H,2025-09-15T14:00:00Z,507.47,509.27,507.16,509.21,73150,1548,508.262455
MSFT,1H,2025-09-15T15:00:00Z,509.46,510.98,509.06,509.48,45586,883,509.902275
MSFT,1H,2025-09-15T16:00:00Z,509.9,510.11,508.64,508.83,38686,829,509.393981
MSFT,1H,2025-09-15T17:00:00Z,508.62,509.52,508.18,509.52,40177,908,508.812995
MSFT,1H,2025-09-15T18:00:00Z,509.34,510.3,509.23,509.92,33820,769,509.876723
MSFT,1H,2025-09-15T19:00:00Z,510.06,512.18,509.87,512.18,115690,2140,511.228302
MSFT,1H,2025-09-16T13:00:00Z,513.16,513.82,507.98,507.98,53403,1017,510.126401
MSFT,1H,2025-09-16T14:00:00Z,508.03,510.74,507.4,510.03,62607,1346,509.533619
MSFT,1H,2025-09-16T15:00:00Z,510.13,510.19,508.92,509.72,50109,1121,509.55312
MSFT,1H,2025-09-16T16:00:00Z,509.72,510.53,509.4,510.16,32397,701,509.872137
MSFT,1H,2025-09-16T17:00:00Z,510.22,510.88,509.04,509.06,32186,708,510.188451
MSFT,1H,2025-09-16T18:00:00Z,508.82,509.17,507.09,507.44,60950,995,508.142731
MSFT,1H,2025-09-16T19:00:00Z,507.43,507.49,505.6,505.81,159478,2251,506.609752
MSFT,1H,2025-09-17T13:00:00Z,507.16,507.55,502.9,503.26,71192,1236,505.124074
MSFT,1H,2025-09-17T14:00:00Z,503.29,505.34,502.82,504.04,42428,875,504.098045
MSFT,1H,2025-09-17T15:00:00Z,503.9,505.07,503.68,505.07,28322,572,504.252823
MSFT,1H,2025-09-17T16:00:00Z,504.81,505.53,504.32,504.9,21105,490,504.962931
MSFT,1H,2025-09-17T17:00:00Z,504.96,506.68,504.96,506.32,28046,697,505.810121
MSFT,1H,2025-09-17T18:00:00Z,506.44,506.96,503.42,505.35,46023,1052,504.780307
MSFT,1H,2025-09-17T19:00:00Z,505.53,508.05,505.44,506.45,66547,1737,506.78346
MSFT,1H,2025-09-18T13:00:00Z,507.29,507.6,504.49,506.86,59356,929,505.895334
MSFT,1H,2025-09-18T14:00:00Z,506.92,509.67,506.04,507.97,71305,1176,507.66321
MSFT,1H,2025-09-18T15:00:00Z,508.08,508.27,504.96,504.96,39102,707,507.039478
MSFT,1H,2025-09-18T16:00:00Z,504.98,506.38,504.71,506.27,53286,997,505.813454
MSFT,1H,2025-09-18T17:00:00Z,506.59,506.85,505.26,505.3,26854,521,506.103243
MSFT,1H,2025-09-18T18:00:00Z,505.22,505.65,504.7,505.62,51236,964,505.189708
MSFT,1H,2025-09-18T19:00:00Z,505.63,506.43,504.92,505.27,69649,1543,505.482239
MSFT,1H,2025-09-19T13:00:00Z,507.23,511.58,507.19,511.08,56828,871,508.903196
MSFT,1H,2025-09-19T14:00:00Z,511.04,511.24,508.8,510.39,49928,978,509.846886
MSFT,1H,2025-09-19T15:00:00Z,510.66,510.7,508.19,508.52,43770,961,508.980127
MSFT,1H,2025-09-19T16:00:00Z,508.83,510.05,508.7,509.16,44455,1018,509.278285
MSFT,1H,2025-09-19T17:00:00Z,509.1,509.39,507.82,508,42224,903,508.352199
MSFT,1H,2025-09-19T18:00:00Z,508.19,508.64,507.22,508.14,63939,1161,507.785607
MSFT,1H,2025-09-19T19:00:00Z,508.21,515.96,507.63,514.75,260485,3453,512.282424
MSFT,1H,2025-09-22T13:00:00Z,512.61,514.42,511.22,511.27,60139,1109,512.211626
MSFT,1H,2025-09-22T14:00:00Z,511.25,513.34,509.49,512.58,68269,1479,511.598177
MSFT,1H,2025-09-22T15:00:00Z,512.75,512.94,510.57,510.77,67858,1298,511.426273
MSFT,1H,2025-09-22T16:00:00Z,510.65,512.71,509.43,511.76,51400,1291,510.84664
MSFT,1H,2025-09-22T17:00:00Z,511.87,512.06,511.23,511.31,23203,679,511.690242
MSFT,1H,2025-09-22T18:00:00Z,511.31,512.3,510.48,510.7,26531,761,511.339282
MSFT,1H,2025-09-22T19:00:00Z,510.74,511.51,509.98,511.24,58751,1421,510.806704
MSFT,1H,2025-09-23T13:00:00Z,510.37,511.33,507.37,508.48,28855,498,508.893559
MSFT,1H,2025-09-23T14:00:00Z,508.4,509.74,507.64,507.87,51023,871,508.560687
MSFT,1H,2025-09-23T15:00:00Z,507.91,508.21,506.75,507.16,74962,1318,507.489609
MSFT,1H,2025-09-23T16:00:00Z,507.25,508.15,506.95,507.35,37196,632,507.340961
MSFT,1H,2025-09-23T17:00:00Z,507.29,507.29,505.9,506.67,46022,931,506.471053
MSFT,1H,2025-09-23T18:00:00Z,506.7,507.3,505.41,505.57,56381,913,506.498576
MSFT,1H,2025-09-23T19:00:00Z,505.62,506.67,504.12,506.11,104667,2213,505.692735
MSFT,1H,2025-09-24T13:00:00Z,507.82,508.97,504.05,505.42,80852,1259,505.960242
MSFT,1H,2025-09-24T14:00:00Z,505.36,507.47,504.89,506.2,48634,1017,506.184072
MSFT,1H,2025-09-24T15:00:00Z,506.4,507.54,505.04,505.04,36461,746,506.374275
MSFT,1H,2025-09-24T16:00:00Z,505.08,505.66,504.27,504.27,32926,547,504.996609
MSFT,1H,2025-09-24T17:00:00Z,504.4,505.12,503.81,504.43,25267,555,504.445559
MSFT,1H,2025-09-24T18:00:00Z,504.4,506.49,504.4,506.49,14744,440,505.41748
MSFT,1H,2025-09-24T19:00:00Z,506.4,507.29,505.84,506.88,57405,1281,506.593057
MSFT,1H,2025-09-25T12:00:00Z,504,504,504,504,194,3,504
MSFT,1H,2025-09-25T13:00:00Z,504.27,505.96,502.35,503,68466,1215,504.498838
MSFT,1H,2025-09-25T14:00:00Z,502.99,506.79,501.88,506.58,93418,1488,504.023371
MSFT,1H,2025-09-25T15:00:00Z,506.57,506.57,504.56,505.38,51852,932,505.401089
MSFT,1H,2025-09-25T16:00:00Z,505.43,505.79,504.41,504.91,31231,748,505.083018
MSFT,1H,2025-09-25T17:00:00Z,504.77,504.97,503.99,503.99,24094,609,504.541815
MSFT,1H,2025-09-25T18:00:00Z,504,504.46,503.29,503.99,87870,1323,503.890837
MSFT,1H,2025-09-25T19:00:00Z,503.98,504.51,503,503.79,59484,1423,503.669031
MSFT,1H,2025-09-26T13:00:00Z,506.73,510.51,504.83,509.44,69407,1092,508.890009
MSFT,1H,2025-09-26T14:00:00Z,509.52,509.55,503.8,504.43,70769,1487,505.92903
MSFT,1H,2025-09-26T15:00:00Z,504.53,504.98,503.56,503.75,29091,642,504.302051
MSFT,1H,2025-09-26T16:00:00Z,503.56,505.95,503.52,505.87,24096,464,504.820582
MSFT,1H,2025-09-26T17:00:00Z,505.8,506.53,505.09,505.37,20790,410,505.954567
MSFT,1H,2025-09-26T18:00:00Z,505.33,508.06,505.33,508.06,28166,596,506.898754
MSFT,1H,2025-09-26T19:00:00Z,508.08,508.75,507.44,508.21,58377,1306,508.250536
MSFT,1H,2025-09-29T13:00:00Z,507.49,512.55,506,512.17,56538,920,509.851185
MSFT,1H,2025-09-29T14:00:00Z,512.34,513.59,511.01,511.01,70320,1278,512.362023
MSFT,1H,2025-09-29T15:00:00Z,510.99,511.32,509.22,510.3,51871,883,510.169018
MSFT,1H,2025-09-29T16:00:00Z,510.5,512.42,510.32,511.64,42339,839,511.631759
MSFT,1H,2025-09-29T17:00:00Z,511.66,512.2,511.12,511.13,31998,654,511.599303
MSFT,1H,2025-09-29T18:00:00Z,511.06,511.74,510.83,511.46,32340,673,511.402216
MSFT,1H,2025-09-29T19:00:00Z,511.4,511.74,510.57,511.4,68958,1594,511.174584
MSFT,1H,2025-09-30T13:00:00Z,509.93,509.93,506.54,509.47,39149,750,508.227297
MSFT,1H,2025-09-30T14:00:00Z,509.45,513.51,509.13,513.44,75990,1374,511.298474
MSFT,1H,2025-09-30T15:00:00Z,513.4,514.29,511.36,512.61,65253,1296,512.834545
MSFT,1H,2025-09-30T16:00:00Z,512.78,513.34,511.88,512.21,34603,721,512.47782
MSFT,1H,2025-09-30T17:00:00Z,512.07,512.44,511.39,511.86,36550,654,511.900658
MSFT,1H,2025-09-30T18:00:00Z,511.87,514.61,511.06,514.49,56611,983,513.34995
MSFT,1H,2025-09-30T19:00:00Z,514.44,514.86,513.12,514.86,133163,3183,514.011098
MSFT,1H,2025-10-01T13:00:00Z,511.32,513.75,508.89,509.36,111107,1476,510.911395
MSFT,1H,2025-10-01T14:00:00Z,509.29,510.84,508.55,510.74,58518,1089,509.820361
MSFT,1H,2025-10-01T15:00:00Z,511.1,512,510.14,510.64,65874,1268,511.039442
MSFT,1H,2025-10-01T16:00:00Z,510.69,513.79,510.6,513.7,53256,1042,512.129386
MSFT,1H,2025-10-01T17:00:00Z,513.79,516.24,513.43,514.4,55049,1032,514.764723
MSFT,1H,2025-10-01T18:00:00Z,514.33,516.57,514.32,516.09,57907,1098,515.302881
MSFT,1H,2025-10-01T19:00:00Z,516.17,517.18,515.06,516.41,89297,1861,515.9814
MSFT,1H,2025-10-02T13:00:00Z,514.32,518.05,513.66,515.23,45316,837,515.135842
MSFT,1H,2025-10-02T14:00:00Z,515.15,515.8,511.72,511.77,119178,1736,514.751106
MSFT,1H,2025-10-02T15:00:00Z,511.37,511.37,507.49,510.95,115195,2349,509.085576
MSFT,1H,2025-10-02T16:00:00Z,510.96,512.26,510.43,512.19,53215,1112,511.048841
MSFT,1H,2025-10-02T17:00:00Z,512.22,513.95,511.96,513.87,32124,699,512.743686
MSFT,1H,2025-10-02T18:00:00Z,513.81,514.3,513.32,513.85,39060,757,513.814928
MSFT,1H,2025-10-02T19:00:00Z,513.8,514.09,511.87,512.66,102499,2175,513.159319
MSFT,1H,2025-10-03T13:00:00Z,513.64,515.84,511.84,515.58,41206,811,513.858132
MSFT,1H,2025-10-03T14:00:00Z,515.67,516.5,513,516.5,45218,975,515.0849
MSFT,1H,2025-10-03T15:00:00Z,516.33,516.74,515.67,516.38,31021,726,516.305797
MSFT,1H,2025-10-03T16:00:00Z,516.48,517.18,515.83,515.84,37797,889,516.605443
MSFT,1H,2025-10-03T17:00:00Z,515.79,516.17,514.12,514.34,63621,1331,514.999793
MSFT,1H,2025-10-03T18:00:00Z,514.34,515.61,513.43,513.98,59639,1202,514.432017
MSFT,1H,2025-10-03T19:00:00Z,514.04,515.04,513.55,514.13,69234,1915,514.245819
MSFT,1H,2025-10-06T13:00:00Z,515.69,520.79,515.03,519.66,49550,853,518.672291
MSFT,1H,2025-10-06T14:00:00Z,519.54,521.06,517.99,520.91,62024,1313,519.995522
MSFT,1H,2025-10-06T15:00:00Z,520.89,521.91,520.22,521.73,44113,956,520.863644
MSFT,1H,2025-10-06T16:00:00Z,522,522,520.08,520.57,42331,878,520.717916
MSFT,1H,2025-10-06T17:00:00Z,520.46,525.69,520.42,525.36,75597,1520,523.042229
MSFT,1H,2025-10-06T18:00:00Z,525.06,527.23,524.03,526.29,98553,1840,526.044085
MSFT,1H,2025-10-06T19:00:00Z,526.22,527.65,525.09,525.09,128634,2891,526.04986
MSFT,1H,2025-10-07T13:00:00Z,524.96,525.33,520.89,521.96,72325,1380,522.906376
MSFT,1H,2025-10-07T14:00:00Z,521.82,524.1,521.71,522.72,74036,1446,522.945259
MSFT,1H,2025-10-07T15:00:00Z,522.76,522.91,519.25,519.56,67615,1385,520.886051
MSFT,1H,2025-10-07T16:00:00Z,519.52,521.06,518.65,519.13,27370,649,519.782522
MSFT,1H,2025-10-07T17:00:00Z,518.98,519.66,518.58,518.79,20125,450,519.160219
MSFT,1H,2025-10-07T18:00:00Z,518.47,519.75,518.36,519.75,12344,329,519.182123
MSFT,1H,2025-10-07T19:00:00Z,519.71,521.18,519.31,520.53,50313,1267,520.488419
MSFT,1H,2025-10-08T13:00:00Z,519.9,523.57,519.81,522.39,55044,797,522.655043
MSFT,1H,2025-10-08T14:00:00Z,522.46,523.56,520.81,521.13,45698,1051,521.987778
MSFT,1H,2025-10-08T15:00:00Z,521.64,522.37,521.17,521.66,34273,803,521.593876
MSFT,1H,2025-10-08T16:00:00Z,521.57,521.6,520.41,520.96,20283,573,520.912828
MSFT,1H,2025-10-08T17:00:00Z,521.01,521.52,520.27,520.72,24361,549,520.938935
MSFT,1H,2025-10-08T18:00:00Z,520.94,521.91,520.08,520.85,35249,767,521.249458
MSFT,1H,2025-10-08T19:00:00Z,520.61,521.8,520.31,521.4,77025,1781,521.123692
MSFT,1H,2025-10-09T13:00:00Z,518.91,520.73,516.58,518.41,49516,922,518.533181
MSFT,1H,2025-10-09T14:00:00Z,518.53,519.22,517.9,518.42,66267,1337,518.587182
MSFT,1H,2025-10-09T15:00:00Z,518.61,518.62,514.9,516.39,85386,1612,516.429444
MSFT,1H,2025-10-09T16:00:00Z,516.38,516.95,514.45,514.87,90896,2089,516.029017
MSFT,1H,2025-10-09T17:00:00Z,514.88,516.24,514.8,516.09,38833,1069,515.670685
MSFT,1H,2025-10-09T18:00:00Z,516.2,517.03,515.99,516.98,34986,756,516.480629
MSFT,1H,2025-10-09T19:00:00Z,516.94,519.1,514.29,519.1,131292,2320,517.39271
MSFT,1H,2025-10-10T13:00:00Z,516.68,520.22,516.68,519.31,43544,850,519.180031
MSFT,1H,2025-10-10T14:00:00Z,519.26,519.48,515.29,516.05,53543,1189,518.189283
MSFT,1H,2025-10-10T15:00:00Z,515.81,515.81,510.98,512.98,90596,1656,513.63917
MSFT,1H,2025-10-10T16:00:00Z,512.62,513.35,510.76,510.93,39965,812,512.110662
MSFT,1H,2025-10-10T17:00:00Z,511,511.64,510.1,511.1,50578,836,510.88399
MSFT,1H,2025-10-10T18:00:00Z,510.71,512.6,510.61,511.29,47767,1052,511.684966
MSFT,1H,2025-10-10T19:00:00Z,511.54,511.95,506.79,508.02,110751,2329,508.709171
MSFT,1H,2025-10-13T13:00:00Z,512.83,512.88,509.66,511.6,46043,889,511.09365
MSFT,1H,2025-10-13T14:00:00Z,511.56,512.47,509.46,510.21,79628,1421,511.22863
MSFT,1H,2025-10-13T15:00:00Z,510.26,510.59,508.48,509.77,42692,917,509.456427
MSFT,1H,2025-10-13T16:00:00Z,509.81,511.1,509.55,511.09,36919,798,510.250438
MSFT,1H,2025-10-13T17:00:00Z,511.01,511.33,509.06,510.02,24574,585,509.95837
MSFT,1H,2025-10-13T18:00:00Z,510.07,511.5,509.95,510.4,23314,625,510.799177
MSFT,1H,2025-10-13T19:00:00Z,510.23,511.41,509.84,510.82,72340,1727,510.734809
MSFT,1H,2025-10-14T12:00:00Z,507.31,507.4,507.31,507.4,400,8,507.35
MSFT,1H,2025-10-14T13:00:00Z,505.97,506.58,502.88,506.52,63084,912,504.302938
MSFT,1H,2025-10-14T14:00:00Z,506.58,507.55,505.78,506.75,49005,843,506.464408
MSFT,1H,2025-10-14T15:00:00Z,506.85,508.83,506.67,508.08,50955,876,507.634439
MSFT,1H,2025-10-14T16:00:00Z,508.19,510.38,507.74,509.99,32023,590,509.29977
MSFT,1H,2025-10-14T17:00:00Z,509.92,511.71,509.7,511.22,45235,864,510.866422
MSFT,1H,2025-10-14T18:00:00Z,511.29,512.01,511.01,511.84,44574,847,511.404325
MSFT,1H,2025-10-14T19:00:00Z,512.01,512.01,507.73,510.67,95004,1968,509.873239
MSFT,1H,2025-10-15T12:00:00Z,512.73,512.73,512.73,512.73,100,1,512.73
MSFT,1H,2025-10-15T13:00:00Z,511.71,512.64,510.53,511.56,43357,733,511.618228
MSFT,1H,2025-10-15T14:00:00Z,511.86,513.85,511.71,513.14,82151,1981,512.793207
MSFT,1H,2025-10-15T15:00:00Z,513.3,513.73,510.57,511.56,53994,1682,512.340891
MSFT,1H,2025-10-15T16:00:00Z,511.53,512.1,509.97,510.01,33256,1270,511.113599
MSFT,1H,2025-10-15T17:00:00Z,509.33,510.15,506.79,510,36493,969,508.541118
MSFT,1H,2025-10-15T18:00:00Z,509.93,510.95,509.28,510.76,16923,462,510.182193
MSFT,1H,2025-10-15T19:00:00Z,510.74,511.09,507.95,510.28,50365,1630,509.5811
MSFT,1H,2025-10-16T13:00:00Z,509.25,512.3,508.57,511.1,37969,824,510.449333
MSFT,1H,2025-10-16T14:00:00Z,511.26,513.58,509.85,511.67,44432,920,511.582474
MSFT,1H,2025-10-16T15:00:00Z,511.65,512.86,510.24,510.46,31040,756,511.629866
MSFT,1H,2025-10-16T16:00:00Z,510.41,510.96,506.85,509.87,40853,994,508.843049
MSFT,1H,2025-10-16T17:00:00Z,509.75,509.93,507.53,507.82,30994,770,508.467312
MSFT,1H,2025-10-16T18:00:00Z,507.83,507.83,505.04,507.26,28390,718,506.184182
MSFT,1H,2025-10-16T19:00:00Z,507.19,508.56,505.52,508.31,56034,1326,507.302078
MSFT,1H,2025-10-17T13:00:00Z,505.83,508.62,504.22,506.8,41602,996,506.049189
MSFT,1H,2025-10-17T14:00:00Z,506.84,509.29,505.85,506.24,79866,1641,507.818066
MSFT,1H,2025-10-17T15:00:00Z,506.92,508.22,505.48,507.92,54465,925,506.938154
MSFT,1H,2025-10-17T16:00:00Z,507.98,510.85,507.98,509.87,19685,437,509.576753
MSFT,1H,2025-10-17T17:00:00Z,509.91,510.06,508.04,509.69,13923,379,508.844287
MSFT,1H,2025-10-17T18:00:00Z,510.12,512.01,510.12,511.1,19996,590,511.238556
MSFT,1H,2025-10-17T19:00:00Z,511.28,512.23,510.11,510.42,60098,1607,511.195998
MSFT,1H,2025-10-20T13:00:00Z,511.32,512.74,510.21,511.14,40455,927,511.463081
MSFT,1H,2025-10-20T14:00:00Z,511.27,515.26,511.27,514.83,65194,1522,513.515075
MSFT,1H,2025-10-20T15:00:00Z,514.75,515.08,513.56,514.12,51315,1034,514.180904
MSFT,1H,2025-10-20T16:00:00Z,514.03,514.03,513.01,513.3,25800,577,513.510009
MSFT,1H,2025-10-20T17:00:00Z,513.26,514.78,513.19,514.37,24202,554,514.182551
MSFT,1H,2025-10-20T18:00:00Z,514.52,514.78,513.3,513.4,44930,862,514.100692
MSFT,1H,2025-10-20T19:00:00Z,513.45,513.81,512.51,513.55,75810,1675,513.163513
MSFT,1H,2025-10-21T13:00:00Z,514.12,515.28,513.07,514.61,66126,1098,514.315028
MSFT,1H,2025-10-21T14:00:00Z,514.98,515.02,510.92,513.2,74882,1457,512.556317
MSFT,1H,2025-10-21T15:00:00Z,513.26,514.26,512.45,512.49,53858,1028,513.156094
MSFT,1H,2025-10-21T16:00:00Z,512.47,512.87,511.12,511.28,41643,896,512.168725
MSFT,1H,2025-10-21T17:00:00Z,511.16,511.73,509.87,511.72,59782,1210,510.821387
MSFT,1H,2025-10-21T18:00:00Z,511.71,513.87,511.71,513.87,102661,1304,513.034797
MSFT,1H,2025-10-21T19:00:00Z,513.87,515.08,513.19,514.36,162384,2537,513.979574
MSFT,1H,2025-10-22T13:00:00Z,517.41,520.11,515.92,519.39,75935,1193,518.249896
MSFT,1H,2025-10-22T14:00:00Z,519.23,521.57,517.99,521.57,121350,2148,519.884774
MSFT,1H,2025-10-22T15:00:00Z,521.6,521.89,518.79,520.35,73624,1477,520.11463
MSFT,1H,2025-10-22T16:00:00Z,520.31,520.77,517.72,519.52,122695,2156,519.504146
MSFT,1H,2025-10-22T17:00:00Z,519.36,519.67,514.54,515.52,40809,1156,516.757909
MSFT,1H,2025-10-22T18:00:00Z,515.58,516.96,515.58,516.22,32129,694,516.257534
MSFT,1H,2025-10-22T19:00:00Z,516.46,517.61,515.69,517.23,75414,1923,517.005505
MSFT,1H,2025-10-23T13:00:00Z,519.19,519.76,515.39,518.42,53973,1012,517.92767
MSFT,1H,2025-10-23T14:00:00Z,519.14,519.85,517.42,519.44,44994,1058,518.578484
MSFT,1H,2025-10-23T15:00:00Z,519.5,520.26,518.2,519.23,78386,1504,519.231188
MSFT,1H,2025-10-23T16:00:00Z,519.18,520.56,518.77,518.94,22252,653,519.625544
MSFT,1H,2025-10-23T17:00:00Z,519.09,519.79,518.35,519.55,23673,655,519.08173
MSFT,1H,2025-10-23T18:00:00Z,519.62,520.3,519.48,519.84,33145,889,519.935809
MSFT,1H,2025-10-23T19:00:00Z,519.84,519.88,516.83,517.38,117152,2691,518.682951
MSFT,1H,2025-10-24T13:00:00Z,518.97,521.74,517.47,519.64,73692,1414,520.107217
MSFT,1H,2025-10-24T14:00:00Z,519.73,520.47,518.72,519.7,48326,1618,519.653453
MSFT,1H,2025-10-24T15:00:00Z,519.45,520.42,518.85,519,36360,740,519.557728
MSFT,1H,2025-10-24T16:00:00Z,519.22,521.66,519.09,521.4,34630,976,520.546278
MSFT,1H,2025-10-24T17:00:00Z,521.1,521.57,520.17,521.05,35727,843,520.962988
MSFT,1H,2025-10-24T18:00:00Z,521,521.94,520.59,521.76,33914,710,521.516363
MSFT,1H,2025-10-24T19:00:00Z,521.75,521.95,519.67,520.36,131485,2301,521.198395
MSFT,1H,2025-10-27T13:00:00Z,528.22,528.81,525.72,528.4,76109,1405,527.147856
MSFT,1H,2025-10-27T14:00:00Z,528.43,531.16,528.43,529.43,91786,1780,529.746158
MSFT,1H,2025-10-27T15:00:00Z,529.32,529.98,528.59,529.14,52607,1059,529.359979
MSFT,1H,2025-10-27T16:00:00Z,529.3,529.43,527.65,528.05,50796,1112,528.516392
MSFT,1H,2025-10-27T17:00:00Z,528.12,528.5,527.16,528.5,27121,800,527.907806
MSFT,1H,2025-10-27T18:00:00Z,528.54,530.27,527.82,530.16,31617,768,529.083133
MSFT,1H,2025-10-27T19:00:00Z,530,530.08,527.95,528.14,89810,2105,529.212316
MSFT,1H,2025-10-28T13:00:00Z,532.79,550.15,532.79,542.97,269686,3874,544.298159
MSFT,1H,2025-10-28T14:00:00Z,542.93,544.07,538.79,539.07,144031,3036,541.874672
MSFT,1H,2025-10-28T15:00:00Z,539.03,541.41,537.45,537.99,85290,1877,539.543737
MSFT,1H,2025-10-28T16:00:00Z,537.92,540.06,537.76,539.21,90004,1560,539.232031
MSFT,1H,2025-10-28T17:00:00Z,538.93,539.96,538.55,539.05,52360,1185,539.359153
MSFT,1H,2025-10-28T18:00:00Z,538.95,542.01,538.64,541.66,70658,1500,540.525341
MSFT,1H,2025-10-28T19:00:00Z,541.81,541.86,538.55,538.66,111799,2411,539.938758
MSFT,1H,2025-10-29T13:00:00Z,541.3,542.66,534.97,535.3,102851,1962,538.034026
MSFT,1H,2025-10-29T14:00:00Z,535.08,535.66,533.91,534.53,86141,1645,534.741229
MSFT,1H,2025-10-29T15:00:00Z,534.68,536.15,533.4,535.21,83006,1545,534.792135
MSFT,1H,2025-10-29T16:00:00Z,535.24,536.01,534.73,535.34,61623,1253,535.37935
MSFT,1H,2025-10-29T17:00:00Z,535.39,536.13,534.6,535.53,60564,1416,535.52681
MSFT,1H,2025-10-29T18:00:00Z,535.57,537.07,533.7,535.53,109336,2026,535.33277
MSFT,1H,2025-10-29T19:00:00Z,535.96,539.07,534.81,539.01,163157,3184,536.658423
MSFT,1H,2025-10-29T20:00:00Z,516.73,523.19,516.73,522.42,546,6,521.505591
MSFT,1H,2025-10-30T12:00:00Z,527.94,527.94,525.68,525.68,260,3,526.584
MSFT,1H,2025-10-30T13:00:00Z,522.86,531.54,522.3,524.65,225868,3614,527.550859
MSFT,1H,2025-10-30T14:00:00Z,524.69,528.06,521.01,524.86,277929,5096,525.652863
MSFT,1H,2025-10-30T15:00:00Z,524.91,524.91,518.97,519.51,183464,3851,521.218706
MSFT,1H,2025-10-30T16:00:00Z,519.54,524.36,519.44,522.86,155583,3122,522.587841
MSFT,1H,2025-10-30T17:00:00Z,522.84,524.34,522.18,523.28,88182,1585,523.245468
MSFT,1H,2025-10-30T18:00:00Z,523.45,523.45,519.09,520.27,67483,1906,520.589486
MSFT,1H,2025-10-30T19:00:00Z,520.38,523.27,518.91,522.37,181923,3824,521.362128
MSFT,1H,2025-10-31T12:00:00Z,526.75,526.75,526.75,526.75,305,7,526.75
MSFT,1H,2025-10-31T13:00:00Z,525.26,525.63,514.79,515.91,137390,2602,518.28003
MSFT,1H,2025-10-31T14:00:00Z,516,517.65,511.95,517.65,195453,3550,514.404675
MSFT,1H,2025-10-31T15:00:00Z,517.67,518.66,513.24,513.38,128626,2236,515.456625
MSFT,1H,2025-10-31T16:00:00Z,513.31,515.33,512.75,514.05,62997,1354,513.902243
MSFT,1H,2025-10-31T17:00:00Z,514.02,514.05,512.69,513.43,71409,1261,513.416153
MSFT,1H,2025-10-31T18:00:00Z,513.41,515.16,512.85,514.02,103912,1790,513.754298
MSFT,1H,2025-10-31T19:00:00Z,513.98,516.31,513.75,514.56,219773,4028,514.970471
MSFT,1H,2025-11-03T14:00:00Z,511.2,521.6,511.2,519.13,137868,2973,519.14668
MSFT,1H,2025-11-03T15:00:00Z,519.37,519.48,515.48,516.69,89037,2627,517.054676
MSFT,1H,2025-11-03T16:00:00Z,516.76,516.76,514.52,515.96,73479,2320,515.803228
MSFT,1H,2025-11-03T17:00:00Z,516.09,517.11,515.16,515.16,60892,1847,516.034422
MSFT,1H,2025-11-03T18:00:00Z,515.17,515.21,513.46,513.55,61316,1870,514.268043
MSFT,1H,2025-11-03T19:00:00Z,513.61,514.03,512.53,513.21,112692,3107,513.090021
MSFT,1H,2025-11-03T20:00:00Z,513.21,513.85,511.36,513.73,173878,4336,512.754603
MSFT,1H,2025-11-04T13:00:00Z,510.18,510.18,510.18,510.18,40,1,510.18
MSFT,1H,2025-11-04T14:00:00Z,510.11,510.42,504.78,509.45,80291,2103,507.316021
MSFT,1H,2025-11-04T15:00:00Z,509.34,512.25,508.88,510.91,86470,2377,510.599475
MSFT,1H,2025-11-04T16:00:00Z,511.2,511.52,509.59,510.24,36042,1137,510.388396
MSFT,1H,2025-11-04T17:00:00Z,510.01,510.18,508.13,508.32,50589,1295,509.254468
MSFT,1H,2025-11-04T18:00:00Z,508.22,509.11,506.78,508.99,73043,1741,507.712151
MSFT,1H,2025-11-04T19:00:00Z,508.98,510.45,508.22,510.45,60018,1489,509.488103
MSFT,1H,2025-11-04T20:00:00Z,510.42,511.76,509.95,511.47,134915,3255,510.954336
MSFT,1H,2025-11-05T14:00:00Z,509.99,510.27,507.89,508.85,80663,1689,508.803374
MSFT,1H,2025-11-05T15:00:00Z,508.66,511.55,507.3,507.3,144609,3077,509.297736
MSFT,1H,2025-11-05T16:00:00Z,507.21,507.74,505.06,505.85,173316,3320,506.130225
MSFT,1H,2025-11-05T17:00:00Z,505.87,506.32,505.11,505.56,92464,2201,505.628546
MSFT,1H,2025-11-05T18:00:00Z,505.49,506.39,505.07,506.27,61874,1582,505.806707
MSFT,1H,2025-11-05T19:00:00Z,506.19,506.19,504.73,505.07,65512,1513,505.193832
MSFT,1H,2025-11-05T20:00:00Z,505.14,505.17,503.4,503.78,202331,4929,504.188658
MSFT,1H,2025-11-05T21:00:00Z,503.32,503.49,503.32,503.43,280,5,503.411203
MSFT,1H,2025-11-06T14:00:00Z,501.89,502.02,495.42,496.09,109928,2687,498.686468
MSFT,1H,2025-11-06T15:00:00Z,496,498.77,492.79,493.04,165984,4392,496.17826
MSFT,1H,2025-11-06T16:00:00Z,493.17,495.35,492.99,494.8,97896,3488,494.210604
MSFT,1H,2025-11-06T17:00:00Z,494.82,495.36,493.79,494.89,117967,3505,494.356124
MSFT,1H,2025-11-06T18:00:00Z,494.87,496.3,493.35,495.55,70521,3011,494.628073
MSFT,1H,2025-11-06T19:00:00Z,495.42,497.49,495.02,497.03,87499,3420,496.651317
MSFT,1H,2025-11-06T20:00:00Z,497.01,497.14,493.32,494.19,300509,8502,494.676198
MSFT,1H,2025-11-07T13:00:00Z,491.55,493.3,491.55,492.89,320,12,492.878182
MSFT,1H,2025-11-07T14:00:00Z,492.91,496.1,491.33,492.41,103632,2622,493.551605
MSFT,1H,2025-11-07T15:00:00Z,492.25,493.8,490.21,492.05,105838,2856,492.203691
MSFT,1H,2025-11-07T16:00:00Z,491.99,492.72,490.78,491.9,72983,2220,491.684262
MSFT,1H,2025-11-07T17:00:00Z,491.78,492.55,490.51,491.65,49237,1670,491.586464
MSFT,1H,2025-11-07T18:00:00Z,491.68,493.47,491.07,491.8,49830,1561,492.191393
MSFT,1H,2025-11-07T19:00:00Z,491.72,494.28,491.68,492.92,62096,1883,492.901647
MSFT,1H,2025-11-07T20:00:00Z,492.81,495.15,492.14,493.68,196740,4976,493.54013
MSFT,1H,2025-11-07T21:00:00Z,493.81,494.53,493.81,494.53,160,3,494.324286
MSFT,1H,2025-11-10T14:00:00Z,496.87,501.11,495.72,500.11,110215,2062,498.629096
MSFT,1H,2025-11-10T15:00:00Z,500.14,503.28,499.08,499.11,84322,2049,501.328459
MSFT,1H,2025-11-10T16:00:00Z,499.09,499.72,496.85,497.7,64185,1399,498.238035
MSFT,1H,2025-11-10T17:00:00Z,497.7,500.04,497.07,499.92,64175,1667,498.613422
MSFT,1H,2025-11-10T18:00:00Z,499.92,502.72,499.85,501.73,56359,1490,501.480949
MSFT,1H,2025-11-10T19:00:00Z,501.8,503.4,500.86,502.85,54802,1461,502.268198
MSFT,1H,2025-11-10T20:00:00Z,503.05,503.58,501.86,502.87,123749,3153,502.939896
MSFT,1H,2025-11-11T14:00:00Z,501.71,502.19,499.59,501.51,35508,1140,501.022904
MSFT,1H,2025-11-11T15:00:00Z,501.52,502.99,499.79,499.89,42129,1155,501.216003
MSFT,1H,2025-11-11T16:00:00Z,499.93,501.11,499.27,501,39571,1106,500.252115
MSFT,1H,2025-11-11T17:00:00Z,500.92,502.43,500.92,502.07,36458,880,501.652745
MSFT,1H,2025-11-11T18:00:00Z,502.23,505.13,501.64,505.13,39627,1233,503.491431
MSFT,1H,2025-11-11T19:00:00Z,505.11,506.17,504.78,505.91,49964,1176,505.640151
MSFT,1H,2025-11-11T20:00:00Z,505.89,506.39,505.29,505.78,104785,2986,505.775892
MSFT,1H,2025-11-12T14:00:00Z,507.2,507.2,503.35,503.98,34165,1070,504.534139
MSFT,1H,2025-11-12T15:00:00Z,503.92,504.03,500.28,500.59,59641,1755,502.203789
MSFT,1H,2025-11-12T16:00:00Z,500.64,500.83,496.08,496.57,129991,3368,497.675249
MSFT,1H,2025-11-12T17:00:00Z,496.57,502.28,496.54,502.25,103926,2705,498.98685
MSFT,1H,2025-11-12T18:00:00Z,502.35,506.46,501.18,505.53,106169,3065,504.312148
MSFT,1H,2025-11-12T19:00:00Z,505.6,508.23,505.31,507.2,100695,2393,506.901201
MSFT,1H,2025-11-12T20:00:00Z,507.08,508.43,506.51,508.12,164254,4273,507.665744
MSFT,1H,2025-11-13T14:00:00Z,507.67,508.18,502.32,506.46,60666,1449,505.122022
MSFT,1H,2025-11-13T15:00:00Z,506.35,510.2,506.35,508.17,68909,2147,508.458839
MSFT,1H,2025-11-13T16:00:00Z,507.99,508.88,505.16,505.37,59928,1828,506.440586
MSFT,1H,2025-11-13T17:00:00Z,505.4,506.78,503.99,504.18,37040,1083,505.418931
MSFT,1H,2025-11-13T18:00:00Z,504.14,504.68,502.15,502.53,46893,1234,503.075124
MSFT,1H,2025-11-13T19:00:00Z,502.54,502.65,499.16,499.52,68669,1702,500.658921
MSFT,1H,2025-11-13T20:00:00Z,499.49,500.92,498.15,500.12,136114,3629,499.636367
MSFT,1H,2025-11-14T14:00:00Z,494.5,499.83,494.36,499.16,81436,2045,497.879602
MSFT,1H,2025-11-14T15:00:00Z,499.26,504.23,498.76,503.67,124263,2827,502.217301
MSFT,1H,2025-11-14T16:00:00Z,503.73,507.33,503.55,507.25,85390,2521,505.423812
MSFT,1H,2025-11-14T17:00:00Z,507.2,508.17,504.9,505.07,50106,1505,506.716894
MSFT,1H,2025-11-14T18:00:00Z,505.1,506.48,504.27,506.29,42634,1301,504.984723
MSFT,1H,2025-11-14T19:00:00Z,506.19,508.05,506.1,507.69,56560,1871,507.088392
MSFT,1H,2025-11-14T20:00:00Z,507.73,508.37,505.52,507.07,186498,4806,506.711724
MSFT,1H,2025-11-17T14:00:00Z,504.81,508.81,503.03,505.42,71637,1516,506.60989
MSFT,1H,2025-11-17T15:00:00Z,505.74,506.05,503.44,504.44,65321,1337,504.540792
MSFT,1H,2025-11-17T16:00:00Z,504.44,506.97,502.45,506.95,34531,1081,504.283812
MSFT,1H,2025-11-17T17:00:00Z,506.91,507.55,505.03,505.03,43556,1315,506.693655
MSFT,1H,2025-11-17T18:00:00Z,504.97,505.97,503.4,503.4,25103,860,504.669986
MSFT,1H,2025-11-17T19:00:00Z,503.44,504.01,502.13,502.13,31244,1032,503.265204
MSFT,1H,2025-11-17T20:00:00Z,502.16,504.42,501.75,504.42,95129,2763,503.297165
MSFT,1H,2025-11-18T14:00:00Z,493.14,497.84,490.03,490.94,100317,2516,494.21311
MSFT,1H,2025-11-18T15:00:00Z,490.82,493.23,486,486.23,187675,4036,490.479387
MSFT,1H,2025-11-18T16:00:00Z,486.25,491.24,483.94,488.37,102597,2547,487.711316
MSFT,1H,2025-11-18T17:00:00Z,488.46,489.58,484.88,489.43,63420,1977,487.517409
MSFT,1H,2025-11-18T18:00:00Z,489.65,490.09,488.51,488.91,43778,1570,489.30348
MSFT,1H,2025-11-18T19:00:00Z,488.98,492.09,488.98,491.49,62299,1967,490.653618
MSFT,1H,2025-11-18T20:00:00Z,491.63,492.41,490.46,490.56,115353,3483,491.314779
MSFT,1H,2025-11-18T21:00:00Z,490.62,490.62,489.61,489.61,109,9,490.058889
MSFT,1H,2025-11-19T14:00:00Z,487.05,491.71,485.93,491.6,73775,1806,488.60697
MSFT,1H,2025-11-19T15:00:00Z,491.62,491.97,484.78,485.18,93115,2617,489.299503
MSFT,1H,2025-11-19T16:00:00Z,485.14,486.59,484.56,485.82,79967,2509,485.561098
MSFT,1H,2025-11-19T17:00:00Z,485.73,486.06,481.13,482.88,83429,2479,483.37263
MSFT,1H,2025-11-19T18:00:00Z,482.3,484.22,482.27,483.08,59721,1899,483.15917
MSFT,1H,2025-11-19T19:00:00Z,483.16,483.16,479.84,481.88,72928,2490,481.561492
MSFT,1H,2025-11-19T20:00:00Z,482.31,485.54,481.93,483.86,152003,3904,483.868038
MSFT,1H,2025-11-20T13:00:00Z,491.69,491.76,490.5,490.5,425,15,491.530741
MSFT,1H,2025-11-20T14:00:00Z,489.72,491.05,487.83,490.83,92154,2107,489.522192
MSFT,1H,2025-11-20T15:00:00Z,490.89,491.34,488.42,488.56,77175,1840,490.074952
MSFT,1H,2025-11-20T16:00:00Z,488.48,488.48,480.2,480.26,85097,2271,484.666961
MSFT,1H,2025-11-20T17:00:00Z,479.85,481.12,477.13,478.46,123732,2960,479.034046
MSFT,1H,2025-11-20T18:00:00Z,478.24,481.14,476.18,477.14,48287,1328,478.699915
MSFT,1H,2025-11-20T19:00:00Z,477.2,478.26,476.41,478.06,56325,1460,477.319243
MSFT,1H,2025-11-20T20:00:00Z,477.99,478.43,473.97,476.39,175073,4260,476.03585
MSFT,1H,2025-11-20T21:00:00Z,475.31,475.31,475.31,475.31,109,4,475.31
MSFT,1H,2025-11-21T13:00:00Z,475.89,475.89,475.89,475.89,156,12,475.89
MSFT,1H,2025-11-21T14:00:00Z,476.43,476.76,471.52,472.11,98641,2138,474.250716
MSFT,1H,2025-11-21T15:00:00Z,472.8,472.93,467.47,468.61,164506,4437,469.933308
MSFT,1H,2025-11-21T16:00:00Z,468.7,471.69,466.22,471.52,93178,2556,468.650343
MSFT,1H,2025-11-21T17:00:00Z,471.78,473.65,470.9,471.66,70560,2281,472.314626
MSFT,1H,2025-11-21T18:00:00Z,471.75,474.42,469.07,472.54,71057,3095,471.17377
MSFT,1H,2025-11-21T19:00:00Z,472.5,474.75,472.11,472.59,53490,1882,473.596989
MSFT,1H,2025-11-21T20:00:00Z,472.52,473.23,468.65,470.1,183023,4644,470.544508
MSFT,1H,2025-11-24T13:00:00Z,472.55,472.55,472.55,472.55,80,3,472.55
MSFT,1H,2025-11-24T14:00:00Z,473.03,474.02,465.98,468.57,130482,2741,469.147243
MSFT,1H,2025-11-24T15:00:00Z,468.54,473,468.43,471.72,112051,2739,470.635135
MSFT,1H,2025-11-24T16:00:00Z,471.78,474.77,471.19,474.03,82403,2414,473.143002
MSFT,1H,2025-11-24T17:00:00Z,473.93,474.21,472.55,473.74,63232,2078,473.55431
MSFT,1H,2025-11-24T18:00:00Z,473.71,473.94,472.18,473.1,50326,1556,473.0721
MSFT,1H,2025-11-24T19:00:00Z,473.15,473.27,471.76,472.52,63235,1656,472.401876
MSFT,1H,2025-11-24T20:00:00Z,472.55,474.35,471.5,471.81,182625,4360,472.316942
MSFT,1H,2025-11-25T13:00:00Z,469.39,469.65,469.39,469.65,120,4,469.505556
MSFT,1H,2025-11-25T14:00:00Z,468.65,472.49,462.88,467.48,122942,2880,466.714619
MSFT,1H,2025-11-25T15:00:00Z,467.46,469.93,463.27,469.46,94941,2733,466.784454
MSFT,1H,2025-11-25T16:00:00Z,469.55,472.29,468.82,471.74,68049,1954,470.503864
MSFT,1H,2025-11-25T17:00:00Z,471.73,475.04,471.46,473.59,67964,1851,473.915169
MSFT,1H,2025-11-25T18:00:00Z,473.66,475.15,473.53,474.8,46820,1462,474.548866
MSFT,1H,2025-11-25T19:00:00Z,474.78,475.58,473.31,474.15,55922,1763,474.362298
MSFT,1H,2025-11-25T20:00:00Z,474.2,476.74,474.15,474.88,216715,5171,475.514753
MSFT,1H,2025-11-26T13:00:00Z,482.45,482.48,482.45,482.48,216,10,482.46
MSFT,1H,2025-11-26T14:00:00Z,484.84,484.84,479.49,480.68,126477,2530,481.127726
MSFT,1H,2025-11-26T15:00:00Z,480.62,483.7,479.11,482.77,152335,3404,481.660678
MSFT,1H,2025-11-26T16:00:00Z,482.89,486.1,482.61,485.85,109885,2170,484.546066
MSFT,1H,2025-11-26T17:00:00Z,485.89,486.08,484.2,485.45,190893,3329,484.906053
MSFT,1H,2025-11-26T18:00:00Z,485.44,485.44,483.52,484.17,73969,1898,484.490093
MSFT,1H,2025-11-26T19:00:00Z,484.18,484.94,483.45,484.38,87036,2011,484.27333
MSFT,1H,2025-11-26T20:00:00Z,484.37,485.46,482.85,483.18,127971,3448,484.318025
MSFT,1H,2025-11-28T14:00:00Z,485.21,489.53,484.56,489.1,66706,1916,487.112443
MSFT,1H,2025-11-28T15:00:00Z,489.11,489.57,487.74,489.43,75681,1991,488.738985
MSFT,1H,2025-11-28T16:00:00Z,489.48,490.43,488.81,490.18,49079,1519,489.718223
MSFT,1H,2025-11-28T17:00:00Z,490.09,490.09,488.5,489.81,97027,3161,489.312334
MSFT,1H,2025-11-28T18:00:00Z,489.48,489.48,489.48,489.48,40,1,489.48
MSFT,1H,2025-12-01T13:00:00Z,486.68,487.25,486.68,487.25,220,9,486.996667
MSFT,1H,2025-12-01T14:00:00Z,485.59,486.48,482.5,485.73,99166,2124,484.730509
MSFT,1H,2025-12-01T15:00:00Z,485.74,486.51,483.64,486.39,74070,1705,485.040431
MSFT,1H,2025-12-01T16:00:00Z,486.38,487.67,485.29,486.7,45283,1263,486.388773
MSFT,1H,2025-12-01T17:00:00Z,486.7,487.19,485.52,486.77,42757,855,486.719503
MSFT,1H,2025-12-01T18:00:00Z,486.73,487.2,486.23,486.69,40713,1056,486.764488
MSFT,1H,2025-12-01T19:00:00Z,486.7,486.81,484.62,484.76,33419,1068,485.55429
MSFT,1H,2025-12-01T20:00:00Z,484.75,485.96,483.7,484.8,108672,3384,484.878034
MSFT,1H,2025-12-02T14:00:00Z,485.27,486.95,484.31,486.77,63446,1521,485.874879
MSFT,1H,2025-12-02T15:00:00Z,486.89,489.78,486.76,489.44,79876,2076,488.34201
MSFT,1H,2025-12-02T16:00:00Z,489.55,490.04,486.9,488.06,52182,1469,488.702714
MSFT,1H,2025-12-02T17:00:00Z,488.21,491.23,488.21,488.42,40754,1148,489.942492
MSFT,1H,2025-12-02T18:00:00Z,488.38,489.01,487.49,487.79,31359,887,488.084726
MSFT,1H,2025-12-02T19:00:00Z,487.92,488.47,486.99,488.03,33514,1019,487.727144
MSFT,1H,2025-12-02T20:00:00Z,488.06,488.28,487.08,487.68,70029,2305,487.838786
MSFT,1H,2025-12-02T21:00:00Z,487.48,487.58,487.48,487.58,352,16,487.534
MSFT,1H,2025-12-03T14:00:00Z,477.49,478.58,473.13,474.89,180671,4591,475.043843
MSFT,1H,2025-12-03T15:00:00Z,474.95,482.07,473.13,479.17,220725,4284,478.358482
MSFT,1H,2025-12-03T16:00:00Z,479.37,479.71,476.84,478.09,87544,2327,478.145594
MSFT,1H,2025-12-03T17:00:00Z,478.18,480.98,477.92,480.95,55007,1587,479.58972
MSFT,1H,2025-12-03T18:00:00Z,480.94,481.65,478.16,478.56,57964,1664,479.522771
MSFT,1H,2025-12-03T19:00:00Z,478.52,480.93,478.42,480.79,41732,1262,479.978163
MSFT,1H,2025-12-03T20:00:00Z,481,481.02,475.61,475.81,176619,4078,477.602278
MSFT,1H,2025-12-04T14:00:00Z,476.53,479.16,474.57,475.87,92097,1778,476.469342
MSFT,1H,2025-12-04T15:00:00Z,475.72,477.23,474.68,475.98,88561,2160,476.337212
MSFT,1H,2025-12-04T16:00:00Z,475.92,476.88,474.39,476.68,51404,1511,475.757018
MSFT,1H,2025-12-04T17:00:00Z,476.46,476.83,475.86,476.73,46510,1239,476.400123
MSFT,1H,2025-12-04T18:00:00Z,476.73,477.96,475.28,476.43,86213,2083,476.578617
MSFT,1H,2025-12-04T19:00:00Z,476.4,477.16,474.6,476.86,75166,1593,475.91086
MSFT,1H,2025-12-04T20:00:00Z,476.77,478.84,476.33,478.84,107516,2689,477.565292
MSFT,1H,2025-12-04T21:00:00Z,478.7,478.7,478.7,478.7,100,1,478.7
MSFT,1H,2025-12-05T13:00:00Z,480.29,480.38,480.29,480.38,190,7,480.33
MSFT,1H,2025-12-05T14:00:00Z,480.46,481.03,478.22,479.42,64589,1426,479.502562
MSFT,1H,2025-12-05T15:00:00Z,479.49,481.25,478.92,479.65,92633,2191,479.992729
MSFT,1H,2025-12-05T16:00:00Z,479.69,479.95,476.79,477.98,74331,2022,478.128824
MSFT,1H,2025-12-05T17:00:00Z,477.8,478.71,477.6,478.6,29678,962,478.145641
MSFT,1H,2025-12-05T18:00:00Z,478.65,479.7,478.19,479.42,21270,953,478.951444
MSFT,1H,2025-12-05T19:00:00Z,479.37,480.03,479.22,479.76,37383,1128,479.689336
MSFT,1H,2025-12-05T20:00:00Z,479.7,481.19,479.42,480.89,61082,1897,480.286093
MSFT,1H,2025-12-05T21:00:00Z,480.5,480.5,480.5,480.5,71,4,480.5
MSFT,1H,2025-12-08T13:00:00Z,481.46,481.46,481.06,481.06,320,9,481.187273
MSFT,1H,2025-12-08T14:00:00Z,482.59,487.53,482.44,486.92,79313,2010,485.797199
MSFT,1H,2025-12-08T15:00:00Z,486.88,488.44,486.23,487.53,95130,2496,487.060884
MSFT,1H,2025-12-08T16:00:00Z,487.48,490.07,487.37,489.02,80654,2193,488.895739
MSFT,1H,2025-12-08T17:00:00Z,489.01,489.86,488.16,489.02,57231,1529,488.820624
MSFT,1H,2025-12-08T18:00:00Z,488.98,489.51,487.24,487.69,62668,1766,488.564841
MSFT,1H,2025-12-08T19:00:00Z,487.65,488.56,487.25,487.56,48108,1532,487.825623
MSFT,1H,2025-12-08T20:00:00Z,487.55,488.94,486.82,488.9,117951,3401,487.702456
MSFT,1H,2025-12-08T21:00:00Z,488.85,488.85,487.28,487.28,214,4,488.065
MSFT,1H,2025-12-09T14:00:00Z,487.09,489.05,486.41,489.02,50412,1075,487.599142
MSFT,1H,2025-12-09T15:00:00Z,489.08,489.77,487.76,488.82,48213,1299,488.440562
MSFT,1H,2025-12-09T16:00:00Z,488.76,489.72,487.68,489.7,25484,754,488.615463
MSFT,1H,2025-12-09T17:00:00Z,489.64,489.89,487.37,487.59,22051,740,488.401077
MSFT,1H,2025-12-09T18:00:00Z,487.6,489.02,487.55,488.9,30421,923,488.235374
MSFT,1H,2025-12-09T19:00:00Z,488.84,488.86,487.82,488.58,19646,675,488.516734
MSFT,1H,2025-12-09T20:00:00Z,488.55,489.86,488.47,489.86,72110,2126,489.115067
MSFT,1H,2025-12-10T14:00:00Z,481.49,481.96,476.6,478.36,159873,3820,478.440735
MSFT,1H,2025-12-10T15:00:00Z,478.25,478.98,476.26,476.54,130559,3523,477.713788
MSFT,1H,2025-12-10T16:00:00Z,476.48,479.12,476,478.79,72019,2351,477.926177
MSFT,1H,2025-12-10T17:00:00Z,478.69,480.26,478.08,478.66,87457,2188,479.247218
MSFT,1H,2025-12-10T18:00:00Z,478.57,478.63,474.56,475.52,163660,3764,476.000726
MSFT,1H,2025-12-10T19:00:00Z,475.56,476.99,473.01,476.16,158467,4176,475.299247
MSFT,1H,2025-12-10T20:00:00Z,476.24,477.47,474.71,476.58,343166,7152,476.144302
MSFT,1H,2025-12-10T21:00:00Z,475.95,475.95,475.95,475.95,100,1,475.95
MSFT,1H,2025-12-11T14:00:00Z,474.13,479.01,473.8,476.2,120624,3002,476.597116
MSFT,1H,2025-12-11T15:00:00Z,476.21,479.95,475.6,478.65,117586,3275,478.363604
MSFT,1H,2025-12-11T16:00:00Z,478.6,479.39,476.81,477.25,58210,1882,477.988708
MSFT,1H,2025-12-11T17:00:00Z,477.3,479.21,477.3,477.9,49919,1601,478.320599
MSFT,1H,2025-12-11T18:00:00Z,478.17,483.79,478.04,482.8,140619,3675,480.994328
MSFT,1H,2025-12-11T19:00:00Z,482.69,483.87,482.15,482.33,55497,1789,483.141653
MSFT,1H,2025-12-11T20:00:00Z,482.2,482.93,480.25,481.51,149964,4607,481.533098
MSFT,1H,2025-12-11T21:00:00Z,483.18,483.18,482.06,482.06,104,2,482.706154
MSFT,1H,2025-12-12T13:00:00Z,479.55,479.55,479.55,479.55,168,3,479.55
MSFT,1H,2025-12-12T14:00:00Z,480.76,480.76,476.36,478.76,64388,1409,477.96025
MSFT,1H,2025-12-12T15:00:00Z,478.81,479.02,474.29,475.62,80901,1759,477.360275
MSFT,1H,2025-12-12T16:00:00Z,475.48,476.34,474.34,475.03,106716,2256,475.251033
MSFT,1H,2025-12-12T17:00:00Z,474.8,477.1,474.77,476.26,72595,1586,476.015785
MSFT,1H,2025-12-12T18:00:00Z,476.32,477.27,476.17,477.02,70528,1110,476.778051
MSFT,1H,2025-12-12T19:00:00Z,477.05,477.28,476.2,476.41,34548,1063,476.812036
MSFT,1H,2025-12-12T20:00:00Z,476.4,476.82,475.23,476.41,132235,3137,476.035768
MSFT,1H,2025-12-15T14:00:00Z,478.03,478.03,473.31,473.48,104307,1873,475.223629
MSFT,1H,2025-12-15T15:00:00Z,473.48,473.75,470.66,471.98,68411,1711,472.451558
MSFT,1H,2025-12-15T16:00:00Z,471.99,473.43,471.05,472.01,51556,1261,472.171446
MSFT,1H,2025-12-15T17:00:00Z,471.94,473.04,471.63,472.06,43423,1281,472.249194
MSFT,1H,2025-12-15T18:00:00Z,472.2,472.72,471.14,471.88,64338,1753,471.802539
MSFT,1H,2025-12-15T19:00:00Z,471.88,472.79,471.48,472.19,123749,2608,472.030163
MSFT,1H,2025-12-15T20:00:00Z,472.17,474.14,471.56,472.64,95675,3235,472.805841
MSFT,1H,2025-12-16T14:00:00Z,471.03,473.06,468.83,472.73,57551,1429,470.956546
MSFT,1H,2025-12-16T15:00:00Z,472.75,473,470.06,472.61,86725,2039,471.873107
MSFT,1H,2025-12-16T16:00:00Z,472.57,473,470.92,472.92,66809,1917,471.8144
MSFT,1H,2025-12-16T17:00:00Z,472.94,473.18,470.33,470.52,69148,1919,472.248508
MSFT,1H,2025-12-16T18:00:00Z,470.49,473.82,470.16,473.82,41906,1359,471.900379
MSFT,1H,2025-12-16T19:00:00Z,473.74,474.5,471.9,474.13,61477,1877,473.195522
MSFT,1H,2025-12-16T20:00:00Z,474.1,475.72,473.97,474.17,147985,4357,474.753987
MSFT,1H,2025-12-16T21:00:00Z,473.42,473.67,473.42,473.67,180,2,473.531111
MSFT,1H,2025-12-17T13:00:00Z,476.47,476.47,473.89,476.11,433,11,474.676961
MSFT,1H,2025-12-17T14:00:00Z,476.17,476.29,473.25,474.51,48077,1041,474.754633
MSFT,1H,2025-12-17T15:00:00Z,474.56,476.1,473.38,474.32,88200,2003,474.691921
MSFT,1H,2025-12-17T16:00:00Z,474.28,475.26,473.19,473.93,79123,2226,474.276012
MSFT,1H,2025-12-17T17:00:00Z,473.94,475.94,473.64,475.83,95279,1750,475.092384
MSFT,1H,2025-12-17T18:00:00Z,475.89,476.75,475.5,476.64,71502,1534,476.234053
MSFT,1H,2025-12-17T19:00:00Z,476.7,477.75,476.29,477.01,55763,1403,477.018544
MSFT,1H,2025-12-17T20:00:00Z,477.09,477.33,473.95,473.98,206055,4631,475.391448
MSFT,1H,2025-12-17T21:00:00Z,474.98,475.14,474.96,475.14,155,3,475.016129
MSFT,1H,2025-12-18T13:00:00Z,477.68,477.68,477.48,477.48,230,10,477.593043
MSFT,1H,2025-12-18T14:00:00Z,476.25,481.64,476.25,481.2,68467,1469,478.932727
MSFT,1H,2025-12-18T15:00:00Z,481.33,485.36,480.8,485.36,149868,3092,482.711075
MSFT,1H,2025-12-18T16:00:00Z,485.37,487.4,484.96,485.04,72533,2243,485.957847
MSFT,1H,2025-12-18T17:00:00Z,484.99,485.07,482.09,484.67,38663,1261,483.413209
MSFT,1H,2025-12-18T18:00:00Z,484.61,485.19,483.91,484.29,29478,1040,484.640554
MSFT,1H,2025-12-18T19:00:00Z,484.14,484.14,481.72,481.99,27676,1044,483.097002
MSFT,1H,2025-12-18T20:00:00Z,481.93,483.84,481.28,481.77,88189,2775,482.440974
MSFT,1H,2025-12-19T14:00:00Z,484.19,486.1,480.94,484.45,104204,1874,483.471966
MSFT,1H,2025-12-19T15:00:00Z,484.44,485.2,482.02,482.37,113567,2197,483.695824
MSFT,1H,2025-12-19T16:00:00Z,482.34,483.54,482.06,482.27,52426,1515,482.799742
MSFT,1H,2025-12-19T17:00:00Z,482.16,483.93,482.16,482.86,67367,1652,483.043562
MSFT,1H,2025-12-19T18:00:00Z,482.85,483.18,482.46,482.55,38022,1113,482.937216
MSFT,1H,2025-12-19T19:00:00Z,482.58,482.67,481.8,481.8,39307,1215,482.183277
MSFT,1H,2025-12-19T20:00:00Z,481.64,484.38,480.37,483.53,222991,5242,482.451644
MSFT,1H,2025-12-22T13:00:00Z,485.15,485.54,485.15,485.54,304,14,485.309792
MSFT,1H,2025-12-22T14:00:00Z,483.95,486.5,480.56,482.79,73993,1765,482.442923
MSFT,1H,2025-12-22T15:00:00Z,482.76,483.07,481.67,482.63,78036,2000,482.473417
MSFT,1H,2025-12-22T16:00:00Z,482.62,484.17,482.62,484.17,46976,1307,483.367253
MSFT,1H,2025-12-22T17:00:00Z,484.24,484.34,483.53,483.92,22578,744,483.893315
MSFT,1H,2025-12-22T18:00:00Z,483.93,484.14,483.45,483.69,27077,727,483.812364
MSFT,1H,2025-12-22T19:00:00Z,483.7,483.85,482.64,482.78,61321,1305,483.295539
MSFT,1H,2025-12-22T20:00:00Z,482.79,483.39,482.29,482.64,118321,2704,482.75523
MSFT,1H,2025-12-23T14:00:00Z,482.81,485.51,482.73,483.55,63553,1276,483.748053
MSFT,1H,2025-12-23T15:00:00Z,483.6,484.29,483.43,483.67,55540,1129,483.866703
MSFT,1H,2025-12-23T16:00:00Z,483.7,485.09,483.68,484.31,35701,956,484.397282
MSFT,1H,2025-12-23T17:00:00Z,484.31,485.1,483.9,484.07,23244,675,484.554256
MSFT,1H,2025-12-23T18:00:00Z,484.1,485,483.99,484.82,23235,685,484.304873
MSFT,1H,2025-12-23T19:00:00Z,484.76,485.29,484.76,485.17,30088,894,485.017654
MSFT,1H,2025-12-23T20:00:00Z,485.12,485.29,484.33,484.33,41962,1508,484.955093
MSFT,1H,2025-12-24T14:00:00Z,483.41,484.52,482.76,484.5,25216,753,483.91737
MSFT,1H,2025-12-24T15:00:00Z,484.37,485.85,484.37,485.76,26438,870,485.243097
MSFT,1H,2025-12-24T16:00:00Z,485.76,486.98,485.7,486.58,17464,582,486.323141
MSFT,1H,2025-12-24T17:00:00Z,486.64,486.75,485.61,485.88,26323,961,486.214695
MSFT,1H,2025-12-26T14:00:00Z,484.67,485.9,484.34,484.64,16127,459,485.154992
MSFT,1H,2025-12-26T15:00:00Z,484.92,484.92,483.83,484.76,17120,637,484.32934
MSFT,1H,2025-12-26T16:00:00Z,484.85,485.61,484.42,485.12,29852,788,485.038615
MSFT,1H,2025-12-26T17:00:00Z,485.08,485.91,484.57,484.97,22307,824,485.177151
MSFT,1H,2025-12-26T18:00:00Z,484.98,485.38,484.08,485.38,22195,526,484.579038
MSFT,1H,2025-12-26T19:00:00Z,485.4,485.7,485.07,485.31,11225,453,485.350637
MSFT,1H,2025-12-26T20:00:00Z,485.26,485.69,484.76,485.69,28192,1204,485.287762
MSFT,1H,2025-12-29T14:00:00Z,482.77,486.13,482.15,485.31,21703,772,484.885754
MSFT,1H,2025-12-29T15:00:00Z,485.34,485.78,484.49,484.98,24008,800,485.085235
MSFT,1H,2025-12-29T16:00:00Z,485.06,485.12,482.93,483.45,26600,1000,483.722658
MSFT,1H,2025-12-29T17:00:00Z,483.44,483.66,482.61,483.4,16073,648,483.114882
MSFT,1H,2025-12-29T18:00:00Z,483.26,483.83,483.01,483.46,19951,795,483.414318
MSFT,1H,2025-12-29T19:00:00Z,483.38,485.42,482.99,485.27,20453,814,484.228667
MSFT,1H,2025-12-29T20:00:00Z,485.23,485.33,484.26,485.03,52566,1904,484.806745
MSFT,1H,2025-12-30T14:00:00Z,483.78,486.91,483.47,485.98,43207,1063,485.677154
MSFT,1H,2025-12-30T15:00:00Z,486.2,486.65,484.96,486.6,62948,1849,485.639414
MSFT,1H,2025-12-30T16:00:00Z,486.61,487.48,485.88,485.96,49996,1392,486.510821
MSFT,1H,2025-12-30T17:00:00Z,485.91,486.4,485.69,486.21,22721,704,485.937581
MSFT,1H,2025-12-30T18:00:00Z,486.09,486.66,485.8,486.5,17387,674,486.261759
MSFT,1H,2025-12-30T19:00:00Z,486.47,486.59,485.52,485.58,23712,814,486.198629
MSFT,1H,2025-12-30T20:00:00Z,485.56,486.45,485.27,485.33,69868,2225,485.810065
MSFT,1H,2025-12-31T14:00:00Z,485.6,485.89,483.11,483.89,34668,950,484.324302
MSFT,1H,2025-12-31T15:00:00Z,483.78,484.14,482.41,482.5,64467,1562,483.290488
MSFT,1H,2025-12-31T16:00:00Z,482.5,483.71,482.19,483.68,47944,1258,482.821388
MSFT,1H,2025-12-31T17:00:00Z,483.61,483.71,482.8,483.34,30285,915,483.277265
MSFT,1H,2025-12-31T18:00:00Z,483.38,484.34,483.26,484.09,26065,741,483.745194
MSFT,1H,2025-12-31T19:00:00Z,484.18,484.5,482.88,482.91,28391,1133,483.62048
MSFT,1H,2025-12-31T20:00:00Z,482.86,482.86,481.19,481.55,77229,2619,481.79488
MSFT,1H,2026-01-02T13:00:00Z,483.48,483.48,483.48,483.48,51,2,483.48
MSFT,1H,2026-01-02T14:00:00Z,482.24,482.47,477.41,478.2,80170,1687,479.306202
MSFT,1H,2026-01-02T15:00:00Z,478.37,478.88,471.48,471.82,174088,3698,474.474699
MSFT,1H,2026-01-02T16:00:00Z,471.9,471.96,470.32,471.12,91504,2356,471.183927
MSFT,1H,2026-01-02T17:00:00Z,471.1,471.96,470.02,470.2,78666,1722,471.061376
MSFT,1H,2026-01-02T18:00:00Z,470.18,470.58,468.08,468.32,96577,1949,469.602444
MSFT,1H,2026-01-02T19:00:00Z,468.45,471.18,468.36,469.87,139435,1933,470.566636
MSFT,1H,2026-01-02T20:00:00Z,469.81,470.89,469.14,470.84,197233,3476,470.072735
MSFT,1H,2026-01-05T14:00:00Z,471.95,472.13,467.52,470.44,116120,1903,469.484873
MSFT,1H,2026-01-05T15:00:00Z,470.67,471.28,469.74,470.37,137523,2742,470.582661
MSFT,1H,2026-01-05T16:00:00Z,470.31,473.38,470.17,472.97,79103,1881,471.627823
MSFT,1H,2026-01-05T17:00:00Z,472.94,473.88,472.65,472.65,50526,1268,473.35668
MSFT,1H,2026-01-05T18:00:00Z,472.66,473.27,471.69,472.89,57383,1219,472.48318
MSFT,1H,2026-01-05T19:00:00Z,472.92,473.73,471.38,471.88,57007,1388,472.555126
MSFT,1H,2026-01-05T20:00:00Z,471.92,472.4,469.96,470.7,166552,3425,471.059581
MSFT,1H,2026-01-06T14:00:00Z,471.34,472.02,468.8,469.47,57205,1226,470.385285
MSFT,1H,2026-01-06T15:00:00Z,469.37,470.52,467.68,470.09,100985,2201,469.363736
MSFT,1H,2026-01-06T16:00:00Z,470.07,470.38,469.06,469.22,49546,1429,469.937111
MSFT,1H,2026-01-06T17:00:00Z,469.18,473.68,469.05,473.52,75972,1770,471.457248
MSFT,1H,2026-01-06T18:00:00Z,473.43,474.23,471.83,474.09,51553,1264,473.054403
MSFT,1H,2026-01-06T19:00:00Z,474.19,475,473.4,474.73,56718,1268,474.384008
MSFT,1H,2026-01-06T20:00:00Z,474.67,476.59,474.27,476.36,99813,2652,475.51085
MSFT,1H,2026-01-06T21:00:00Z,476.04,476.04,476.04,476.04,123,6,476.04
MSFT,1H,2026-01-07T13:00:00Z,476.22,476.22,476.22,476.22,216,12,476.22
MSFT,1H,2026-01-07T14:00:00Z,477.81,482.88,475.86,481.61,113777,2464,480.432795
MSFT,1H,2026-01-07T15:00:00Z,481.58,485.53,480.37,485.48,96732,2241,482.582263
MSFT,1H,2026-01-07T16:00:00Z,485.62,487.44,484.69,485.72,103551,2478,485.913926
MSFT,1H,2026-01-07T17:00:00Z,485.68,486.94,485.48,486.69,62355,1612,486.129124
MSFT,1H,2026-01-07T18:00:00Z,486.65,486.74,485.43,485.5,40018,1102,486.195616
MSFT,1H,2026-01-07T19:00:00Z,485.38,485.38,482.78,482.94,49862,1420,483.557291
MSFT,1H,2026-01-07T20:00:00Z,482.87,483.05,480.89,481.57,82781,2415,481.875149
MSFT,1H,2026-01-08T13:00:00Z,478.61,478.61,478.61,478.61,145,7,478.61
MSFT,1H,2026-01-08T14:00:00Z,478.76,480.43,473.95,475.77,64732,1316,476.507192
MSFT,1H,2026-01-08T15:00:00Z,475.73,477.33,475.24,475.87,131305,2886,476.079671
MSFT,1H,2026-01-08T16:00:00Z,475.87,476.56,474.41,476.56,68773,1702,475.589896
MSFT,1H,2026-01-08T17:00:00Z,476.59,476.79,475.47,476.08,33433,953,476.142436
MSFT,1H,2026-01-08T18:00:00Z,476.09,476.21,474.99,475.02,35255,1029,475.473111
MSFT,1H,2026-01-08T19:00:00Z,474.99,475.18,474,474.45,39875,1128,474.481654
MSFT,1H,2026-01-08T20:00:00Z,474.44,476.71,474.36,475.92,107120,2934,475.834921
MSFT,1H,2026-01-09T14:00:00Z,472.19,474.12,470.18,470.87,83527,1796,472.751213
MSFT,1H,2026-01-09T15:00:00Z,470.77,474.53,470.17,471.81,108391,2693,472.52201
MSFT,1H,2026-01-09T16:00:00Z,471.87,475.88,471.87,475.66,81702,2670,473.993969
MSFT,1H,2026-01-09T17:00:00Z,475.75,475.96,474.72,474.88,55658,1581,475.254789
MSFT,1H,2026-01-09T18:00:00Z,474.85,477.1,473.77,476.85,43344,1380,475.146723
MSFT,1H,2026-01-09T19:00:00Z,476.84,477.11,476.18,476.65,40514,1130,476.605234
MSFT,1H,2026-01-09T20:00:00Z,476.61,477.65,476.44,477.03,53686,2076,477.186313
MSFT,1H,2026-01-12T14:00:00Z,474.04,478.84,474.04,477.82,75769,1811,476.625065
MSFT,1H,2026-01-12T15:00:00Z,477.79,477.86,475.94,477.03,95713,2349,476.993189
MSFT,1H,2026-01-12T16:00:00Z,477,477.55,476.34,476.74,91202,1929,476.778154
MSFT,1H,2026-01-12T17:00:00Z,476.74,477.67,475.85,476.09,61579,1716,476.664929
MSFT,1H,2026-01-12T18:00:00Z,476.07,476.71,475.77,475.99,39195,1122,476.140212
MSFT,1H,2026-01-12T19:00:00Z,475.97,477.74,475.76,477.69,40313,1181,476.831285
MSFT,1H,2026-01-12T20:00:00Z,477.62,478.5,474.6,475.07,143457,2902,476.234045
MSFT,1H,2026-01-13T13:00:00Z,474.73,474.73,474.72,474.72,292,19,474.725
MSFT,1H,2026-01-13T14:00:00Z,474.1,474.1,469.94,470.84,71417,1780,471.989558
MSFT,1H,2026-01-13T15:00:00Z,470.79,471.54,463.91,466.28,146334,3622,466.93036
MSFT,1H,2026-01-13T16:00:00Z,466.31,468.77,465.9,468.44,99567,2730,466.923956
MSFT,1H,2026-01-13T17:00:00Z,468.43,469.12,465.57,465.66,52900,1809,467.310492
MSFT,1H,2026-01-13T18:00:00Z,465.58,466.84,465.16,465.23,60543,1558,465.982154
MSFT,1H,2026-01-13T19:00:00Z,465.2,465.34,463.93,465.06,81472,1985,464.695002
MSFT,1H,2026-01-13T20:00:00Z,465.1,468.88,465.1,468.58,155762,4227,466.817834
MSFT,1H,2026-01-14T13:00:00Z,465.26,465.26,465.26,465.26,93,1,465.26
MSFT,1H,2026-01-14T14:00:00Z,465.11,465.98,461.93,462.27,122846,2729,463.634445
MSFT,1H,2026-01-14T15:00:00Z,462.38,463.98,459.18,459.72,130654,2901,461.851494
MSFT,1H,2026-01-14T16:00:00Z,459.76,462.23,459.26,459.62,96889,2440,460.510515
MSFT,1H,2026-01-14T17:00:00Z,459.58,460.43,458.71,458.75,96117,2371,459.340154
MSFT,1H,2026-01-14T18:00:00Z,458.73,459.31,456.08,457.77,96222,2653,457.974004
MSFT,1H,2026-01-14T19:00:00Z,457.7,457.96,455.65,455.74,104871,2464,456.754905
MSFT,1H,2026-01-14T20:00:00Z,455.72,457.65,455.18,457.59,323170,5955,456.70136
MSFT,1H,2026-01-15T13:00:00Z,459.22,459.37,458.68,458.68,471,23,459.1925
MSFT,1H,2026-01-15T14:00:00Z,460.07,463.38,455.92,456.86,127542,3010,457.985919
MSFT,1H,2026-01-15T15:00:00Z,456.88,458.4,455.56,457.43,126404,3646,456.867688
MSFT,1H,2026-01-15T16:00:00Z,457.42,458.91,457.17,458.57,64843,1826,458.253644
MSFT,1H,2026-01-15T17:00:00Z,458.6,459.32,457.12,457.12,46862,1332,458.050714
MSFT,1H,2026-01-15T18:00:00Z,457.08,458.16,455.8,456,47158,1564,457.114919
MSFT,1H,2026-01-15T19:00:00Z,455.95,456.23,454.1,454.86,120801,2682,455.266908
MSFT,1H,2026-01-15T20:00:00Z,454.85,455.12,453.9,454.69,153686,3903,454.474936
MSFT,1H,2026-01-16T13:00:00Z,455.19,455.52,455.19,455.52,388,12,455.4
MSFT,1H,2026-01-16T14:00:00Z,455.73,458.29,454.58,457.1,107382,2247,456.605521
MSFT,1H,2026-01-16T15:00:00Z,456.95,458.16,455.97,457.35,112545,2414,457.137364
MSFT,1H,2026-01-16T16:00:00Z,457.33,460.19,457.08,459.21,89041,2079,458.390455
MSFT,1H,2026-01-16T17:00:00Z,459.07,459.61,458.08,459.08,41266,1314,458.868653
MSFT,1H,2026-01-16T18:00:00Z,459.05,461.11,459.05,460.38,43207,1212,460.175852
MSFT,1H,2026-01-16T19:00:00Z,460.38,460.89,459.33,460.14,33666,1177,460.218978
MSFT,1H,2026-01-16T20:00:00Z,460.18,460.31,457.51,457.72,94697,2667,458.58955
MSFT,1H,2026-01-16T21:00:00Z,457.91,457.91,457.91,457.91,100,1,457.91
MSFT,1H,2026-01-20T13:00:00Z,451.6,451.6,449.01,449.01,237,11,450.482791
MSFT,1H,2026-01-20T14:00:00Z,448.74,452.58,446.95,451.57,112406,2927,450.470944
MSFT,1H,2026-01-20T15:00:00Z,451.41,452.73,450.04,452.15,188037,3796,451.476689
MSFT,1H,2026-01-20T16:00:00Z,452.18,454.75,451.9,453.4,51930,1475,453.18435
MSFT,1H,2026-01-20T17:00:00Z,453.33,453.46,451.07,451.68,61562,1364,451.835143
MSFT,1H,2026-01-20T18:00:00Z,451.68,452.16,450.56,450.84,68171,1575,451.296271
MSFT,1H,2026-01-20T19:00:00Z,450.92,452.66,450.66,452.48,65459,1852,451.429143
MSFT,1H,2026-01-20T20:00:00Z,452.36,453.32,451.7,452.62,119132,3523,452.398901
MSFT,1H,2026-01-21T14:00:00Z,450.59,450.59,446.11,449.47,167807,3194,448.174989
MSFT,1H,2026-01-21T15:00:00Z,449.53,449.91,447.66,449.07,156493,3518,448.752445
MSFT,1H,2026-01-21T16:00:00Z,449.05,449.09,441.85,442.02,133468,2873,444.80729
MSFT,1H,2026-01-21T17:00:00Z,441.92,442.75,439.86,440.4,140310,3402,441.370628
MSFT,1H,2026-01-21T18:00:00Z,440.36,440.47,437.1,439.16,143654,3103,438.433596
MSFT,1H,2026-01-21T19:00:00Z,439.18,445.54,436.78,444.81,197351,3715,441.038752
MSFT,1H,2026-01-21T20:00:00Z,444.83,445.06,440.32,442.03,198393,4998,442.048967
MSFT,1H,2026-01-21T21:00:00Z,442.56,442.98,442.56,442.98,308,12,442.675652
MSFT,1H,2026-01-22T13:00:00Z,446.7,447.28,446.56,446.89,949,46,446.948535
MSFT,1H,2026-01-22T14:00:00Z,446.9,447.89,443.06,444.03,141870,2759,445.306668
MSFT,1H,2026-01-22T15:00:00Z,444.12,445.56,442.78,444.62,117255,2980,444.089958
MSFT,1H,2026-01-22T16:00:00Z,444.65,447.86,444.52,447.53,93528,2639,446.066747
MSFT,1H,2026-01-22T17:00:00Z,447.48,449.73,447.33,449.54,71361,2221,448.330805
MSFT,1H,2026-01-22T18:00:00Z,449.55,450.77,448.96,448.99,72774,2226,449.65477
MSFT,1H,2026-01-22T19:00:00Z,448.97,449.92,447.99,448,65939,1894,449.111378
MSFT,1H,2026-01-22T20:00:00Z,448.03,449.44,447.68,448.92,105346,3279,448.684298
MSFT,1H,2026-01-23T13:00:00Z,449.74,449.74,448.58,448.58,265,15,449.122105
MSFT,1H,2026-01-23T14:00:00Z,449.98,455.56,448.65,455.31,193745,2575,452.00976
MSFT,1H,2026-01-23T15:00:00Z,455.4,465.68,455.3,465.65,185237,4441,460.893601
MSFT,1H,2026-01-23T16:00:00Z,465.62,467.44,463.59,465.59,146639,3524,465.919356
MSFT,1H,2026-01-23T17:00:00Z,465.61,468.12,464.9,466.28,93138,2019,466.619244
MSFT,1H,2026-01-23T18:00:00Z,466.28,468.99,466.08,466.12,69031,1691,467.670638
MSFT,1H,2026-01-23T19:00:00Z,465.98,467.78,465.9,466.51,54238,1509,467.097558
MSFT,1H,2026-01-23T20:00:00Z,466.52,466.52,463.63,463.74,201372,4399,464.981094
MSFT,1H,2026-01-26T14:00:00Z,463.18,468.19,460.04,466.83,150624,3231,463.655744
MSFT,1H,2026-01-26T15:00:00Z,466.89,468.7,466.01,467.79,185567,4296,467.456836
MSFT,1H,2026-01-26T16:00:00Z,467.87,471.46,467.87,470.84,116705,2908,470.056275
MSFT,1H,2026-01-26T17:00:00Z,470.84,471.92,470.44,471.22,79478,1710,471.156294
MSFT,1H,2026-01-26T18:00:00Z,471.18,472.13,470.17,470.62,46324,1250,471.17223
MSFT,1H,2026-01-26T19:00:00Z,470.63,471.15,470.23,470.37,51839,1358,470.622757
MSFT,1H,2026-01-26T20:00:00Z,470.33,470.83,467.91,468.21,115326,2671,469.147117
MSFT,1H,2026-01-26T21:00:00Z,468.99,468.99,468.75,468.75,180,8,468.921429
MSFT,1H,2026-01-27T13:00:00Z,471.03,471.41,471.03,471.41,343,18,471.267857
MSFT,1H,2026-01-27T14:00:00Z,470.54,475.94,469.92,475.49,136520,2757,474.501732
MSFT,1H,2026-01-27T15:00:00Z,475.58,476.72,473.8,475.87,187010,3131,475.549228
MSFT,1H,2026-01-27T16:00:00Z,475.88,478.73,475.88,478.43,110969,2692,477.27832
MSFT,1H,2026-01-27T17:00:00Z,478.44,479.03,476.28,478.58,86140,2484,478.002351
MSFT,1H,2026-01-27T18:00:00Z,478.58,480.71,477.95,480.64,77156,2635,479.091385
MSFT,1H,2026-01-27T19:00:00Z,480.58,480.58,478.69,479.68,73667,2613,479.598808
MSFT,1H,2026-01-27T20:00:00Z,479.66,479.83,478.11,478.47,141510,4221,478.834485
MSFT,1H,2026-01-27T21:00:00Z,478.31,478.94,478.31,478.94,149,6,478.73
MSFT,1H,2026-01-28T13:00:00Z,479.66,479.66,479.39,479.4,148,4,479.471429
MSFT,1H,2026-01-28T14:00:00Z,481.47,481.51,477.35,478.69,84581,1959,478.604716
MSFT,1H,2026-01-28T15:00:00Z,478.67,479.23,476.8,477.01,104125,2058,478.04948
MSFT,1H,2026-01-28T16:00:00Z,476.95,478.11,475.88,476.9,54820,1446,477.062768
MSFT,1H,2026-01-28T17:00:00Z,476.83,477.95,476.02,477.04,48863,1240,476.954588
MSFT,1H,2026-01-28T18:00:00Z,477.02,478.83,476.29,478.54,45388,1215,477.398859
MSFT,1H,2026-01-28T19:00:00Z,478.52,479.47,477.53,478.49,99375,2395,478.750708
MSFT,1H,2026-01-28T20:00:00Z,478.41,481.19,477.09,479.5,221650,4618,479.204272
MSFT,1H,2026-01-28T21:00:00Z,460.69,463.04,443.03,456.84,24798,1217,453.304831
MSFT,1H,2026-01-29T13:00:00Z,446.7,449.27,446.63,446.97,1657,57,447.575408
MSFT,1H,2026-01-29T14:00:00Z,447.02,447.02,426.12,426.63,970394,16085,430.935365
MSFT,1H,2026-01-29T15:00:00Z,426.67,427.55,421.51,421.57,891351,17108,424.201589
MSFT,1H,2026-01-29T16:00:00Z,421.34,423.33,419.18,421.96,590434,11771,421.257507
MSFT,1H,2026-01-29T17:00:00Z,421.96,423.48,421.14,422.55,346180,7645,422.629476
MSFT,1H,2026-01-29T18:00:00Z,422.6,423.61,421.17,421.53,373539,8496,422.393197
MSFT,1H,2026-01-29T19:00:00Z,421.49,422.43,421.13,421.82,237623,6864,421.851021
MSFT,1H,2026-01-29T20:00:00Z,421.87,431.2,421.52,431.2,648840,13181,427.968871
MSFT,1H,2026-01-29T21:00:00Z,431.03,434.16,431.03,433.66,1122,49,432.597853
MSFT,1H,2026-01-30T13:00:00Z,435.63,435.63,434.76,434.76,436,16,435.18
MSFT,1H,2026-01-30T14:00:00Z,433.16,437.58,430.56,433.59,226579,4987,433.052627
MSFT,1H,2026-01-30T15:00:00Z,433.57,435.26,428.97,429.17,267818,6635,432.464754
MSFT,1H,2026-01-30T16:00:00Z,429.09,430.73,427.68,428.48,267625,6358,428.81741
MSFT,1H,2026-01-30T17:00:00Z,428.67,430.7,427.49,429.85,166355,4175,429.485267
MSFT,1H,2026-01-30T18:00:00Z,429.81,430.53,427.64,428.91,143727,4118,429.107685
MSFT,1H,2026-01-30T19:00:00Z,428.91,429.95,427.7,427.84,156422,4400,428.734515
MSFT,1H,2026-01-30T20:00:00Z,427.84,428.46,424.58,428.14,475763,9480,426.48568
MSFT,1H,2026-01-30T21:00:00Z,428.13,428.13,428.13,428.13,137,9,428.13
MSFT,1H,2026-02-02T13:00:00Z,425.58,426.16,425.45,425.45,605,20,425.60913
MSFT,1H,2026-02-02T14:00:00Z,425.89,428.35,422.67,427.76,302760,4419,425.875336
MSFT,1H,2026-02-02T15:00:00Z,427.96,428.76,424.97,425.09,195557,4289,426.756652
MSFT,1H,2026-02-02T16:00:00Z,425.18,425.7,422.33,422.8,155579,3677,423.804308
MSFT,1H,2026-02-02T17:00:00Z,422.82,423.71,422.42,423.08,132658,3215,422.859324
MSFT,1H,2026-02-02T18:00:00Z,423.06,423.81,422.18,422.66,114350,2721,422.863835
MSFT,1H,2026-02-02T19:00:00Z,422.56,422.62,420.44,421.12,109187,2515,421.78484
MSFT,1H,2026-02-02T20:00:00Z,421.16,423.02,420.93,421.36,152634,3851,422.101263
MSFT,1H,2026-02-02T21:00:00Z,421.35,421.35,420.85,420.85,196,7,421.158642
MSFT,1H,2026-02-03T13:00:00Z,420.59,420.59,420.47,420.47,250,10,420.53
MSFT,1H,2026-02-03T14:00:00Z,420.07,420.1,412.9,413.64,201298,4708,414.588803
MSFT,1H,2026-02-03T15:00:00Z,413.54,414.02,409.57,411.49,321767,5986,411.878317
MSFT,1H,2026-02-03T16:00:00Z,411.62,412.83,409.45,410.85,256039,5250,411.169865
MSFT,1H,2026-02-03T17:00:00Z,410.73,411.04,407.62,409.35,269496,4799,409.300209
MSFT,1H,2026-02-03T18:00:00Z,409.37,410.94,407.77,408.02,225754,4107,409.382647
MSFT,1H,2026-02-03T19:00:00Z,407.94,409.65,406.77,408.28,241046,4667,408.101627
MSFT,1H,2026-02-03T20:00:00Z,408.28,409.52,407.2,409.43,394517,7217,408.231261
MSFT,1H,2026-02-03T21:00:00Z,409.15,409.45,409.15,409.45,101,3,409.309574
MSFT,1H,2026-02-04T13:00:00Z,409.85,409.89,409.59,409.71,722,19,409.753516
MSFT,1H,2026-02-04T14:00:00Z,407.95,413.34,407.81,408.4,207253,3536,410.5111
MSFT,1H,2026-02-04T15:00:00Z,408.44,416.15,407.48,413.58,296431,5208,413.294991
MSFT,1H,2026-02-04T16:00:00Z,413.6,414.98,411.94,413.58,161210,3883,413.593401
MSFT,1H,2026-02-04T17:00:00Z,413.61,413.91,410.66,412.58,106477,2894,412.13257
MSFT,1H,2026-02-04T18:00:00Z,412.5,416.43,411.67,415.65,85085,2445,413.782239
MSFT,1H,2026-02-04T19:00:00Z,415.7,416.81,414.29,415.85,115667,2932,415.62246
MSFT,1H,2026-02-04T20:00:00Z,415.86,415.9,410.88,412.34,183710,4314,413.030766
MSFT,1H,2026-02-04T21:00:00Z,410.16,410.16,410.16,410.16,52,2,410.16
MSFT,1H,2026-02-05T13:00:00Z,403.46,404.25,403.06,403.06,410,15,403.6324
MSFT,1H,2026-02-05T14:00:00Z,405.78,406.43,398.44,398.96,268267,5006,401.767633
MSFT,1H,2026-02-05T15:00:00Z,398.96,401.47,395.95,398.55,440744,8490,398.187979
MSFT,1H,2026-02-05T16:00:00Z,398.53,404.15,397.77,403.86,281355,6009,401.242148
MSFT,1H,2026-02-05T17:00:00Z,403.83,404.5,401.03,401.04,180312,4304,403.354786
MSFT,1H,2026-02-05T18:00:00Z,400.96,401.82,398.29,398.46,143558,3570,399.638613
MSFT,1H,2026-02-05T19:00:00Z,398.46,398.73,394.05,394.33,246285,4958,396.634271
MSFT,1H,2026-02-05T20:00:00Z,394.07,395.16,390.65,391.9,436432,8754,392.326172
MSFT,1H,2026-02-05T21:00:00Z,391.31,391.31,389.02,390.33,691,47,390.077089
MSFT,1H,2026-02-06T13:00:00Z,396.27,398.68,396.27,398.68,654,38,398.010244
MSFT,1H,2026-02-06T14:00:00Z,398.82,398.82,392.06,393.86,367005,5693,396.365267
MSFT,1H,2026-02-06T15:00:00Z,394.18,395.24,391.22,392.3,315175,6727,393.788418
MSFT,1H,2026-02-06T16:00:00Z,392.31,396.59,392.31,394.71,150599,3288,395.021104
MSFT,1H,2026-02-06T17:00:00Z,394.5,397.39,394.28,397.1,132345,2746,395.880914
MSFT,1H,2026-02-06T18:00:00Z,397.2,399.53,395.32,395.98,112290,2632,397.43523
MSFT,1H,2026-02-06T19:00:00Z,396.02,398.06,395.75,397.71,151684,2639,397.070788
MSFT,1H,2026-02-06T20:00:00Z,397.69,399.98,397.5,399.24,334688,4530,398.965452
MSFT,1H,2026-02-06T21:00:00Z,399.67,399.67,399.46,399.46,1158,28,399.474361
MSFT,1H,2026-02-09T13:00:00Z,403.82,403.82,403.82,403.82,120,5,403.82
MSFT,1H,2026-02-09T14:00:00Z,402.79,408.04,399.1,405.65,332236,3947,403.445484
MSFT,1H,2026-02-09T15:00:00Z,405.73,410.01,405.33,409.94,367217,5963,408.222347
MSFT,1H,2026-02-09T16:00:00Z,409.96,410.93,408.94,410.23,370611,4535,409.892165
MSFT,1H,2026-02-09T17:00:00Z,410.23,411.06,410.02,410.11,293629,3106,410.498099
MSFT,1H,2026-02-09T18:00:00Z,410.13,411.51,409.93,411.09,154767,2611,410.666623
MSFT,1H,2026-02-09T19:00:00Z,411.23,413.04,410.94,411.96,205199,3390,412.38108
MSFT,1H,2026-02-09T20:00:00Z,412.02,412.64,410.62,411.86,352338,6905,411.74921
MSFT,1H,2026-02-09T21:00:00Z,411.62,411.62,411.62,411.62,80,2,411.62
MSFT,1H,2026-02-10T13:00:00Z,413.41,414.13,413.41,414.13,322,11,413.896486
MSFT,1H,2026-02-10T14:00:00Z,415.74,419.46,412.92,419.42,319691,3515,416.101771
MSFT,1H,2026-02-10T15:00:00Z,419.26,421.78,418.03,419.92,456388,5006,419.786195
MSFT,1H,2026-02-10T16:00:00Z,419.86,420.75,417.69,418.51,256914,3177,418.803384
MSFT,1H,2026-02-10T17:00:00Z,418.5,418.74,416.43,416.63,346714,1782,417.910426
MSFT,1H,2026-02-10T18:00:00Z,416.67,416.9,414.13,415.44,266562,1738,415.333469
MSFT,1H,2026-02-10T19:00:00Z,415.49,415.75,413.16,413.62,72454,1529,414.439231
MSFT,1H,2026-02-10T20:00:00Z,413.62,413.62,410.89,411.49,174691,3182,411.995463
MSFT,1H,2026-02-10T21:00:00Z,412.3,412.3,411.92,411.92,136,4,412.069697
MSFT,1H,2026-02-11T13:00:00Z,412.24,414.15,412.24,414.15,805,29,413.123409
MSFT,1H,2026-02-11T14:00:00Z,414.93,414.93,403.86,404.12,122482,2592,407.562646
MSFT,1H,2026-02-11T15:00:00Z,404.14,405.81,401.07,402.65,205375,4154,403.171422
MSFT,1H,2026-02-11T16:00:00Z,402.66,402.9,399.86,400.03,147901,3291,401.303422
MSFT,1H,2026-02-11T17:00:00Z,400.01,402.67,399.25,401.52,116724,3403,401.380788
MSFT,1H,2026-02-11T18:00:00Z,401.54,403.39,400.57,403.3,195147,3002,402.150898
MSFT,1H,2026-02-11T19:00:00Z,403.32,403.81,402.39,402.8,163038,2784,403.156419
MSFT,1H,2026-02-11T20:00:00Z,402.75,403.33,401.25,402.45,198062,5407,402.356197
MSFT,1H,2026-02-11T21:00:00Z,403.34,403.34,403.34,403.34,125,5,403.34
MSFT,1H,2026-02-12T13:00:00Z,403.83,404.43,403.83,404.43,310,9,404.2725
MSFT,1H,2026-02-12T14:00:00Z,403.02,403.45,398.48,399.69,169446,3278,400.377218
MSFT,1H,2026-02-12T15:00:00Z,399.62,402.1,397.97,398.14,243327,3287,399.493455
MSFT,1H,2026-02-12T16:00:00Z,398.08,398.81,396.26,398.56,131399,2854,397.530863
MSFT,1H,2026-02-12T17:00:00Z,398.5,402.11,398.4,401.42,89346,2011,400.574686
MSFT,1H,2026-02-12T18:00:00Z,401.58,404.39,400.6,403.84,164487,3312,402.677656
MSFT,1H,2026-02-12T19:00:00Z,403.8,404.31,402.33,403.62,111079,2853,403.577003
MSFT,1H,2026-02-12T20:00:00Z,403.67,403.92,398.92,400.1,207619,5392,401.496797
MSFT,1H,2026-02-12T21:00:00Z,400.15,400.72,400.15,400.15,251,5,400.3875
MSFT,1H,2026-02-13T13:00:00Z,399.46,401.61,399.41,401.05,1376,41,400.999718
MSFT,1H,2026-02-13T14:00:00Z,402.74,403.6,398.58,400.83,166325,2851,400.901241
MSFT,1H,2026-02-13T15:00:00Z,400.8,403.07,396.9,398.35,250200,4707,400.378409
MSFT,1H,2026-02-13T16:00:00Z,398.41,401.11,396.33,400.44,128863,2710,398.563182
MSFT,1H,2026-02-13T17:00:00Z,400.49,402.5,400.49,401.45,113225,2433,401.450829
MSFT,1H,2026-02-13T18:00:00Z,401.5,403.06,401.09,401.69,51498,1320,401.870687
MSFT,1H,2026-02-13T19:00:00Z,401.8,402.26,399.77,399.86,48912,1377,401.401838
MSFT,1H,2026-02-13T20:00:00Z,399.98,400.46,398.32,399.4,152829,3328,399.223025
MSFT,1H,2026-02-17T13:00:00Z,397.25,397.36,396.83,396.83,235,7,397.115263
MSFT,1H,2026-02-17T14:00:00Z,397.29,398.22,392.8,393.47,150362,3067,395.546813
MSFT,1H,2026-02-17T15:00:00Z,393.29,396.45,393.01,395.91,145486,3370,394.945428
MSFT,1H,2026-02-17T16:00:00Z,396.07,398.63,395.98,396.98,128468,2592,397.258546
MSFT,1H,2026-02-17T17:00:00Z,396.94,396.94,392.97,394.09,98824,2138,394.865471
MSFT,1H,2026-02-17T18:00:00Z,394.09,396.3,393.59,395.48,79042,1980,394.781049
MSFT,1H,2026-02-17T19:00:00Z,395.48,396.02,394.62,395.04,76103,2197,395.242104
MSFT,1H,2026-02-17T20:00:00Z,395.04,395.89,394.24,395,120183,3148,394.987352
MSFT,1H,2026-02-18T13:00:00Z,397.04,397.13,396.03,396.03,300,8,396.553
MSFT,1H,2026-02-18T14:00:00Z,396,397.56,394.68,397.12,60725,1481,396.253605
MSFT,1H,2026-02-18T15:00:00Z,397.1,400.12,396.99,400.07,90220,2390,398.592226
MSFT,1H,2026-02-18T16:00:00Z,400.14,400.75,398.94,399.3,83623,2268,399.887064
MSFT,1H,2026-02-18T17:00:00Z,399.31,400.33,399.03,399.31,40964,1467,399.538531
MSFT,1H,2026-02-18T18:00:00Z,399.29,400.1,397.99,398.67,50146,1740,399.19893
MSFT,1H,2026-02-18T19:00:00Z,398.6,399.27,397.14,397.2,58534,1918,398.206221
MSFT,1H,2026-02-18T20:00:00Z,397.24,398.69,397.24,397.79,119765,3656,398.137695
MSFT,1H,2026-02-19T14:00:00Z,399.15,402.08,397.12,401.04,96139,2064,399.708463
MSFT,1H,2026-02-19T15:00:00Z,401.03,403.51,398.97,399.87,158335,3007,400.857107
MSFT,1H,2026-02-19T16:00:00Z,399.88,400.19,397.56,397.95,147971,2479,399.030324
MSFT,1H,2026-02-19T17:00:00Z,397.93,398.92,396.91,396.96,91467,1670,398.101425
MSFT,1H,2026-02-19T18:00:00Z,397.03,397.49,396.25,397.29,90030,1775,396.878043
MSFT,1H,2026-02-19T19:00:00Z,397.27,397.63,395.84,396.09,86612,2338,396.722162
MSFT,1H,2026-02-19T20:00:00Z,396.09,397.77,395.93,397.55,111907,3442,396.737438
MSFT,1H,2026-02-20T13:00:00Z,395.91,395.93,395.55,395.55,291,13,395.735
MSFT,1H,2026-02-20T14:00:00Z,396,397.73,394.47,395.7,127083,2354,396.009846
MSFT,1H,2026-02-20T15:00:00Z,395.69,398.81,395.15,398.81,275281,5479,396.681865
MSFT,1H,2026-02-20T16:00:00Z,398.77,399.25,396.23,398.26,97127,2185,397.606354
MSFT,1H,2026-02-20T17:00:00Z,398.32,398.64,395.2,396.7,96142,2211,396.255505
MSFT,1H,2026-02-20T18:00:00Z,396.69,398.08,395.39,397.85,107751,2689,396.569528
MSFT,1H,2026-02-20T19:00:00Z,397.88,397.92,395.94,396.02,99513,2298,396.492187
MSFT,1H,2026-02-20T20:00:00Z,396.02,397.01,395.69,396.42,148312,3988,396.303214
MSFT,1H,2026-02-23T13:00:00Z,394.3,394.76,394.3,394.76,452,18,394.414902
MSFT,1H,2026-02-23T14:00:00Z,394.21,394.21,386.47,387.9,208816,4132,388.414188
MSFT,1H,2026-02-23T15:00:00Z,387.84,388.87,384.71,384.81,269476,5430,387.068005
MSFT,1H,2026-02-23T16:00:00Z,384.83,386.09,384.29,384.91,169450,3825,385.298844
MSFT,1H,2026-02-23T17:00:00Z,384.92,387.08,384.38,386.62,78699,2180,385.506872
MSFT,1H,2026-02-23T18:00:00Z,386.63,386.9,385.45,385.56,88019,2512,386.103915
MSFT,1H,2026-02-23T19:00:00Z,385.52,385.86,382.78,383.2,210184,4606,384.36423
MSFT,1H,2026-02-23T20:00:00Z,383.18,383.8,382.3,383.8,197286,5073,382.892121
MSFT,1H,2026-02-23T21:00:00Z,384,384,384,384,40,1,384
MSFT,1H,2026-02-24T13:00:00Z,384.12,384.12,384.12,384.12,40,1,384.12
MSFT,1H,2026-02-24T14:00:00Z,383.09,388.39,381.06,384.26,167774,2856,385.16088
MSFT,1H,2026-02-24T15:00:00Z,384.24,387.53,383.17,385.95,144193,3299,385.721763
MSFT,1H,2026-02-24T16:00:00Z,386.03,386.69,384.9,385.38,128723,2710,385.485719
MSFT,1H,2026-02-24T17:00:00Z,385.39,386.28,384.85,386.23,84104,2385,385.61286
MSFT,1H,2026-02-24T18:00:00Z,386.14,387.43,385.32,386.79,69469,2175,386.22228
MSFT,1H,2026-02-24T19:00:00Z,386.8,387.76,386.3,387.05,64687,2040,386.970118
MSFT,1H,2026-02-24T20:00:00Z,387.08,388.39,386.51,388.22,185398,3780,387.527689
MSFT,1H,2026-02-25T14:00:00Z,390.79,397.25,389.32,397.15,311891,2975,392.752375
MSFT,1H,2026-02-25T15:00:00Z,397.23,399.37,395.71,397.9,230763,3464,397.662497
MSFT,1H,2026-02-25T16:00:00Z,397.75,397.78,395.75,395.84,184887,2782,396.572968
MSFT,1H,2026-02-25T17:00:00Z,395.8,397.8,395.62,397.8,155361,1732,396.349456
MSFT,1H,2026-02-25T18:00:00Z,397.74,398.4,397.55,398.4,110663,1358,397.90152
MSFT,1H,2026-02-25T19:00:00Z,398.41,399.08,397.09,397.54,112555,2437,397.916751
MSFT,1H,2026-02-25T20:00:00Z,397.53,400.23,397.4,399.65,246953,5489,399.377059
MSFT,1H,2026-02-25T21:00:00Z,399.03,399.58,399.03,399.27,520,23,399.372395
MSFT,1H,2026-02-26T13:00:00Z,400.16,400.16,400.16,400.16,144,6,400.16
MSFT,1H,2026-02-26T14:00:00Z,403.72,406.58,400.34,404.91,168228,3232,403.243748
MSFT,1H,2026-02-26T15:00:00Z,404.92,405.37,398.88,401.19,228536,4264,401.827117
MSFT,1H,2026-02-26T16:00:00Z,401.25,403.28,397.9,398.22,398199,3993,399.444983
MSFT,1H,2026-02-26T17:00:00Z,398.23,400.55,398.21,399.28,109797,2350,399.469069
MSFT,1H,2026-02-26T18:00:00Z,399.29,400.74,398.22,400.04,92195,1968,399.16834
MSFT,1H,2026-02-26T19:00:00Z,400.04,402.01,399.87,401.35,68281,1751,401.133351
MSFT,1H,2026-02-26T20:00:00Z,401.38,401.54,400.18,400.91,117169,3786,400.690219
MSFT,1H,2026-02-27T13:00:00Z,395.39,395.39,395.39,395.39,80,3,395.39
MSFT,1H,2026-02-27T14:00:00Z,392.02,393.87,389.22,393.54,195340,2763,391.593753
MSFT,1H,2026-02-27T15:00:00Z,393.47,395.07,392.34,395.06,169058,3827,393.580332
MSFT,1H,2026-02-27T16:00:00Z,395.1,395.86,392.81,394.09,97603,2856,394.075061
MSFT,1H,2026-02-27T17:00:00Z,394.22,394.93,392.54,393.89,82380,2462,393.645926
MSFT,1H,2026-02-27T18:00:00Z,393.93,394.21,391.95,392.3,98936,2626,392.890125
MSFT,1H,2026-02-27T19:00:00Z,392.31,392.78,391.58,392.41,81949,2373,392.156433
MSFT,1H,2026-02-27T20:00:00Z,392.38,394.09,389.33,391.95,246610,6533,392.380668
MSFT,1H,2026-03-02T13:00:00Z,389,390.49,389,390.16,312,10,390.195263
MSFT,1H,2026-03-02T14:00:00Z,391.03,397.53,389.89,397.21,100946,1850,394.643835
MSFT,1H,2026-03-02T15:00:00Z,397.12,398.83,395.46,398.58,102685,2244,397.712795
MSFT,1H,2026-03-02T16:00:00Z,398.48,400.22,395.48,399.93,113622,2348,398.000536
MSFT,1H,2026-03-02T17:00:00Z,399.81,400.31,398.6,398.64,61970,1646,399.457412
MSFT,1H,2026-03-02T18:00:00Z,398.65,399.82,397.71,397.76,62590,1739,399.083984
MSFT,1H,2026-03-02T19:00:00Z,397.8,399.65,397.8,398.69,42103,1522,398.819464
MSFT,1H,2026-03-02T20:00:00Z,398.6,398.65,395.78,397.63,96355,2984,397.281629
MSFT,1H,2026-03-02T21:00:00Z,396.87,397.41,396.87,397.41,280,8,397.216041
MSFT,1H,2026-03-03T13:00:00Z,390.8,390.8,390.35,390.37,575,8,390.559217
MSFT,1H,2026-03-03T14:00:00Z,389.93,398.14,389.63,393.53,99331,1870,394.920024
MSFT,1H,2026-03-03T15:00:00Z,393.47,397.3,391.86,395.21,114833,2847,394.584136
MSFT,1H,2026-03-03T16:00:00Z,395.04,400.75,395.04,400.08,167637,3170,398.819341
MSFT,1H,2026-03-03T17:00:00Z,400.2,401.68,399.5,400.81,81572,2108,400.637959
MSFT,1H,2026-03-03T18:00:00Z,400.91,405.8,400.83,404.59,64289,1791,403.783019
MSFT,1H,2026-03-03T19:00:00Z,404.64,405.49,403.3,403.32,124988,2259,404.253031
MSFT,1H,2026-03-03T20:00:00Z,403.41,405.11,401.88,402.93,151650,3764,403.078141
MSFT,1H,2026-03-03T21:00:00Z,402.68,402.92,402.32,402.92,490,10,402.665799
MSFT,1H,2026-03-04T13:00:00Z,403.76,404.37,403.76,404.37,737,13,403.831749
MSFT,1H,2026-03-04T14:00:00Z,403.82,405.27,399.76,404.9,108745,2245,403.346572
MSFT,1H,2026-03-04T15:00:00Z,405,405.66,402.3,404.3,143574,3131,403.580283
MSFT,1H,2026-03-04T16:00:00Z,404.32,406.07,403.35,404.28,108211,2615,404.695823
MSFT,1H,2026-03-04T17:00:00Z,404.25,408.23,403.91,407.12,118893,2816,406.500227
MSFT,1H,2026-03-04T18:00:00Z,407.08,410.08,407.08,408.32,107219,2547,408.848546
MSFT,1H,2026-03-04T19:00:00Z,408.35,409.24,407.88,408.39,62151,1773,408.551195
MSFT,1H,2026-03-04T20:00:00Z,408.39,408.52,404.12,404.12,249648,4767,405.603832
MSFT,1H,2026-03-04T21:00:00Z,403.98,404.98,403.98,404.66,646,18,404.532885
MSFT,1H,2026-03-05T13:00:00Z,402.93,402.93,402.93,402.93,42,1,402.93
MSFT,1H,2026-03-05T14:00:00Z,401.76,410.15,401.71,410.01,115534,2030,407.868842
MSFT,1H,2026-03-05T15:00:00Z,410.02,410.69,405.08,406.17,155609,3171,408.186302
MSFT,1H,2026-03-05T16:00:00Z,406.25,409.64,404.69,409.62,104974,2098,406.42124
MSFT,1H,2026-03-05T17:00:00Z,409.42,410.68,407.58,407.89,127925,2833,408.972311
MSFT,1H,2026-03-05T18:00:00Z,407.81,409.37,406.72,407.27,82334,2106,407.944382
MSFT,1H,2026-03-05T19:00:00Z,407.33,409.14,406.97,408.73,73008,1953,408.107934
MSFT,1H,2026-03-05T20:00:00Z,408.65,410.19,407.89,409.77,283008,6323,409.446234
MSFT,1H,2026-03-06T13:00:00Z,407.73,407.81,404.92,405.05,1076,17,405.371161
MSFT,1H,2026-03-06T14:00:00Z,405.77,412.14,404.87,409.7,134547,2799,410.22891
MSFT,1H,2026-03-06T15:00:00Z,409.76,411.97,408.26,410.3,108189,2606,410.208073
MSFT,1H,2026-03-06T16:00:00Z,410.11,411.92,410.08,411.05,99127,2635,411.206813
MSFT,1H,2026-03-06T17:00:00Z,410.98,411.72,407.93,408.89,73314,1999,409.469119
MSFT,1H,2026-03-06T18:00:00Z,408.84,410.23,408.63,408.9,70608,2061,409.375716
MSFT,1H,2026-03-06T19:00:00Z,409.07,410.45,408.54,409.54,60758,1815,409.377233
MSFT,1H,2026-03-06T20:00:00Z,409.63,410.61,407.72,407.84,145442,4190,408.65746
MSFT,1H,2026-03-06T21:00:00Z,407.75,407.75,407.74,407.74,166,3,407.7425
MSFT,1H,2026-03-09T12:00:00Z,404.11,404.11,404.11,404.11,110,3,404.11
MSFT,1H,2026-03-09T13:00:00Z,403.8,407.52,402.69,404.57,124012,1738,404.417738
MSFT,1H,2026-03-09T14:00:00Z,404.55,407.76,403.3,406.65,130592,2528,405.035405
MSFT,1H,2026-03-09T15:00:00Z,406.61,408.27,405.83,407.36,130393,2069,407.246981
MSFT,1H,2026-03-09T16:00:00Z,407.28,407.78,405.12,406.28,87618,1678,406.736305
MSFT,1H,2026-03-09T17:00:00Z,406.3,406.3,403.62,404.03,47378,1237,404.691307
MSFT,1H,2026-03-09T18:00:00Z,404,405.11,403.82,404.04,61307,1368,404.2435
MSFT,1H,2026-03-09T19:00:00Z,404.1,409.3,403.56,408.51,124139,3213,407.392023
MSFT,1H,2026-03-10T13:00:00Z,408.78,409.07,403.48,404.07,99082,1898,405.90501
MSFT,1H,2026-03-10T14:00:00Z,403.85,405.29,402.11,405.18,150930,3163,403.445336
MSFT,1H,2026-03-10T15:00:00Z,405.11,405.98,404.08,405.72,89642,1980,405.173026
MSFT,1H,2026-03-10T16:00:00Z,405.49,407.02,404.34,405.18,151935,2566,405.603662
MSFT,1H,2026-03-10T17:00:00Z,405.18,405.78,403.88,404.98,47724,1379,405.035538
MSFT,1H,2026-03-10T18:00:00Z,404.81,405.22,403.35,403.76,86998,2520,404.198346
MSFT,1H,2026-03-10T19:00:00Z,403.72,404.97,403.04,404.88,131785,3139,403.962149
MSFT,1H,2026-03-10T20:00:00Z,405.22,405.4,405.22,405.4,373,8,405.292262
MSFT,1H,2026-03-11T12:00:00Z,404.81,404.84,404.81,404.84,160,4,404.818392
MSFT,1H,2026-03-11T13:00:00Z,405.08,408.13,405.08,406.36,62419,1560,406.721605
MSFT,1H,2026-03-11T14:00:00Z,406.4,407.39,402.39,403.45,83438,2195,404.249878
MSFT,1H,2026-03-11T15:00:00Z,403.38,403.62,400.74,402.21,71609,1725,402.115349
MSFT,1H,2026-03-11T16:00:00Z,401.9,403.08,401.04,402.87,49992,1375,402.144023
MSFT,1H,2026-03-11T17:00:00Z,402.94,403.61,401.22,402.68,49553,1272,402.705008
MSFT,1H,2026-03-11T18:00:00Z,402.71,403.49,402.03,403.47,66235,1481,402.694626
MSFT,1H,2026-03-11T19:00:00Z,403.46,404.24,402.51,403.94,80935,2332,403.384226
MSFT,1H,2026-03-12T12:00:00Z,402.06,402.1,402.06,402.1,80,2,402.08
MSFT,1H,2026-03-12T13:00:00Z,402.88,404.87,400.97,401.85,56835,1305,403.267864
MSFT,1H,2026-03-12T14:00:00Z,401.8,404.85,401.73,404.33,116799,2046,403.086966
MSFT,1H,2026-03-12T15:00:00Z,404.32,404.58,401.59,403.04,96998,1935,402.87119
MSFT,1H,2026-03-12T16:00:00Z,403.02,405.16,401.83,404.12,111236,2431,403.907811
MSFT,1H,2026-03-12T17:00:00Z,404.13,405.14,402.23,402.91,87183,1898,403.884664
MSFT,1H,2026-03-12T18:00:00Z,402.91,403.26,401.78,402.38,70327,1614,402.298432
MSFT,1H,2026-03-12T19:00:00Z,402.33,403.19,400.84,401.02,105261,2954,402.098193
MSFT,1H,2026-03-12T20:00:00Z,401.54,401.54,401.54,401.54,50,1,401.54
MSFT,1H,2026-03-13T12:00:00Z,401.76,401.76,401.75,401.75,199,4,401.75
MSFT,1H,2026-03-13T13:00:00Z,401.41,403.92,399.11,400.35,106816,1700,401.379674
MSFT,1H,2026-03-13T14:00:00Z,400.42,401.66,398,398,156639,2319,399.960677
MSFT,1H,2026-03-13T15:00:00Z,398.29,398.32,394.56,394.77,130783,2753,396.236799
MSFT,1H,2026-03-13T16:00:00Z,394.68,395.93,394.11,394.27,82457,2189,395.246975
MSFT,1H,2026-03-13T17:00:00Z,394.32,395.93,394.25,395.69,53402,1108,395.23387
MSFT,1H,2026-03-13T18:00:00Z,396,396.52,394.67,394.91,42415,1016,395.434387
MSFT,1H,2026-03-13T19:00:00Z,394.87,394.9,393.61,394.68,104112,2783,394.2878
MSFT,1H,2026-03-16T12:00:00Z,396.62,397.07,396.62,397.07,160,4,396.851429
MSFT,1H,2026-03-16T13:00:00Z,397.13,397.13,394.04,394.26,82924,1907,395.289842
MSFT,1H,2026-03-16T14:00:00Z,394.48,397.12,394.03,397.03,76125,1687,395.97722
MSFT,1H,2026-03-16T15:00:00Z,397.01,397.8,395.42,397.35,66901,1786,396.936754
MSFT,1H,2026-03-16T16:00:00Z,397.3,398.74,396.79,398.12,66732,1559,397.905505
MSFT,1H,2026-03-16T17:00:00Z,398.17,398.63,396.8,397.41,102144,1758,397.974876
MSFT,1H,2026-03-16T18:00:00Z,397.36,399.73,397.26,399.18,128010,2360,398.415674
MSFT,1H,2026-03-16T19:00:00Z,399.3,399.37,397.94,399,165478,4167,398.676295
MSFT,1H,2026-03-17T13:00:00Z,399.04,403.42,398.33,400.94,136853,2259,400.971684
MSFT,1H,2026-03-17T14:00:00Z,400.95,401.1,397.92,399.04,168063,3244,399.265277
MSFT,1H,2026-03-17T15:00:00Z,398.95,399.36,396.9,397.99,131347,2505,398.005717
MSFT,1H,2026-03-17T16:00:00Z,397.92,399.17,397.27,398.7,72007,1578,398.212418
MSFT,1H,2026-03-17T17:00:00Z,398.84,399.47,398.05,398.45,43463,1172,398.762345
MSFT,1H,2026-03-17T18:00:00Z,398.47,398.48,397.6,397.94,46037,1109,398.029483
MSFT,1H,2026-03-17T19:00:00Z,397.98,398.85,397.67,398.79,140717,2793,398.111724
MSFT,1H,2026-03-18T12:00:00Z,398.35,398.35,396.48,396.48,456,9,396.783163
MSFT,1H,2026-03-18T13:00:00Z,396.17,397.1,394.38,397.06,75611,1783,396.220234
MSFT,1H,2026-03-18T14:00:00Z,397.13,397.13,393.49,394.36,78687,2396,395.293138
MSFT,1H,2026-03-18T15:00:00Z,394.32,395.26,394.06,394.11,65454,1894,394.619618
MSFT,1H,2026-03-18T16:00:00Z,394.07,394.28,392.08,392.6,71633,1869,393.219614
MSFT,1H,2026-03-18T17:00:00Z,392.54,393.9,391.58,393.49,103283,2217,392.530573
MSFT,1H,2026-03-18T18:00:00Z,393.52,394.16,390.9,391.06,86166,2538,392.351571
MSFT,1H,2026-03-18T19:00:00Z,391.06,391.97,390.16,390.94,227350,4397,390.843254
MSFT,1H,2026-03-18T20:00:00Z,391.06,391.06,391.06,391.06,80,1,391.06
MSFT,1H,2026-03-19T12:00:00Z,389.36,389.69,389.36,389.69,200,4,389.586875
MSFT,1H,2026-03-19T13:00:00Z,389.3,391.62,387.21,389.31,163340,3166,389.319653
MSFT,1H,2026-03-19T14:00:00Z,389.44,390.16,387.48,389.3,153579,3202,388.724092
MSFT,1H,2026-03-19T15:00:00Z,389.19,390.31,387.91,388.77,137335,2870,388.856051
MSFT,1H,2026-03-19T16:00:00Z,388.75,389.26,387.42,387.62,120938,2436,388.255553
MSFT,1H,2026-03-19T17:00:00Z,387.61,387.71,386.66,387.02,90814,2059,387.035377
MSFT,1H,2026-03-19T18:00:00Z,386.97,387.87,386.28,387.38,105637,2455,387.000923
MSFT,1H,2026-03-19T19:00:00Z,387.44,389.48,386.98,388.15,300354,5540,387.973088
MSFT,1H,2026-03-19T20:00:00Z,388.49,388.49,388.49,388.49,80,1,388.49
MSFT,1H,2026-03-20T13:00:00Z,385.83,385.83,381.57,381.98,100593,2484,383.150279
MSFT,1H,2026-03-20T14:00:00Z,381.89,385,381.51,383.42,144133,3285,383.594847
MSFT,1H,2026-03-20T15:00:00Z,383.44,384.04,381.81,383.44,103188,2651,382.944079
MSFT,1H,2026-03-20T16:00:00Z,383.46,384.49,382.31,382.71,132494,2460,383.427886
MSFT,1H,2026-03-20T17:00:00Z,382.71,383.01,381.51,382.29,70850,1960,382.377659
MSFT,1H,2026-03-20T18:00:00Z,382.31,382.69,380.59,381.08,100632,2490,381.458803
MSFT,1H,2026-03-20T19:00:00Z,381.03,381.53,379.36,381.07,159120,3678,380.47815
MSFT,1H,2026-03-20T20:00:00Z,381.81,381.81,381.81,381.81,183,8,381.81
MSFT,1H,2026-03-23T12:00:00Z,383.29,383.29,382.86,383.25,867,11,383.097876
MSFT,1H,2026-03-23T13:00:00Z,383.07,386.19,382.79,384.97,84471,1803,384.529153
MSFT,1H,2026-03-23T14:00:00Z,385.18,386.25,383.92,384.79,83484,1806,384.939379
MSFT,1H,2026-03-23T15:00:00Z,384.76,386.28,381.82,382.61,104975,2228,384.685012
MSFT,1H,2026-03-23T16:00:00Z,382.75,384.16,381.48,381.75,79438,1957,382.676733
MSFT,1H,2026-03-23T17:00:00Z,381.8,383.17,380.88,382.4,66107,1774,381.937792
MSFT,1H,2026-03-23T18:00:00Z,382.3,382.76,381.46,382.51,82928,2058,382.123015
MSFT,1H,2026-03-23T19:00:00Z,382.52,383.23,381.78,382.28,130062,3326,382.410299
MSFT,1H,2026-03-23T20:00:00Z,381.99,381.99,381.99,381.99,120,2,381.99
MSFT,1H,2026-03-24T12:00:00Z,381.27,381.27,381.27,381.27,120,1,381.27
MSFT,1H,2026-03-24T13:00:00Z,381.58,381.58,374.45,374.65,85888,2185,376.876876
MSFT,1H,2026-03-24T14:00:00Z,374.72,375.37,371.55,372.3,208711,4525,373.188051
MSFT,1H,2026-03-24T15:00:00Z,372.32,373.48,371.83,371.86,153303,3346,372.805227
MSFT,1H,2026-03-24T16:00:00Z,371.92,373.38,371.37,372.8,76301,1887,372.312144
MSFT,1H,2026-03-24T17:00:00Z,372.84,372.96,371.05,372.21,68589,1898,371.868875
MSFT,1H,2026-03-24T18:00:00Z,372.37,374.59,372.37,372.7,79281,2283,373.132654
MSFT,1H,2026-03-24T19:00:00Z,372.68,373.75,371.2,371.86,144925,3979,372.362655
MSFT,1H,2026-03-24T20:00:00Z,371.99,374.55,371.99,373.35,1335,42,373.77968
MSFT,1H,2026-03-25T13:00:00Z,376.22,376.22,372.39,372.61,101019,2125,373.965178
MSFT,1H,2026-03-25T14:00:00Z,372.62,373.54,371.88,372.49,145881,3100,372.651668
MSFT,1H,2026-03-25T15:00:00Z,372.43,372.64,368.96,369.74,111499,2368,370.035732
MSFT,1H,2026-03-25T16:00:00Z,369.58,370.75,369.2,370.2,85252,1766,369.991089
MSFT,1H,2026-03-25T17:00:00Z,370.22,370.78,369.65,370.11,88727,1911,370.196258
MSFT,1H,2026-03-25T18:00:00Z,370.2,370.28,368.86,369.47,82126,1770,369.503784
MSFT,1H,2026-03-25T19:00:00Z,369.46,370.53,368.85,370.27,141538,3583,369.659817
MSFT,1H,2026-03-25T20:00:00Z,370.32,370.32,370.32,370.32,128,4,370.32
MSFT,1H,2026-03-26T13:00:00Z,368.37,372.99,368.37,372.93,191407,2435,371.359191
MSFT,1H,2026-03-26T14:00:00Z,372.99,373.85,369.73,370.58,171431,3525,371.395711
MSFT,1H,2026-03-26T15:00:00Z,370.61,370.68,366.98,367.2,215241,3690,368.633818
MSFT,1H,2026-03-26T16:00:00Z,367.08,367.72,366.25,367.34,118675,2675,366.999868
MSFT,1H,2026-03-26T17:00:00Z,367.32,367.83,365.79,366.14,118707,2640,366.970619
MSFT,1H,2026-03-26T18:00:00Z,366.14,366.64,365.21,365.86,141166,2962,365.907641
MSFT,1H,2026-03-26T19:00:00Z,365.86,365.98,364.41,365,226380,5163,365.00263
MSFT,1H,2026-03-26T20:00:00Z,365.49,365.49,365.49,365.49,41,2,365.49
MSFT,1H,2026-03-27T12:00:00Z,361.6,361.6,361.6,361.6,40,1,361.6
MSFT,1H,2026-03-27T13:00:00Z,361.11,361.67,356.69,356.69,144901,3183,358.848621
MSFT,1H,2026-03-27T14:00:00Z,356.62,359.65,355.84,359.08,201652,4308,357.827585
MSFT,1H,2026-03-27T15:00:00Z,359.13,360.18,358.34,359.42,133928,3090,359.357478
MSFT,1H,2026-03-27T16:00:00Z,359.5,359.93,358.44,358.91,127174,2346,359.22061
MSFT,1H,2026-03-27T17:00:00Z,358.95,359.32,357.71,358.07,108670,2434,358.358216
MSFT,1H,2026-03-27T18:00:00Z,358.06,358.55,356.8,357.04,135244,2642,357.790634
MSFT,1H,2026-03-27T19:00:00Z,357.08,357.22,355.76,356.08,337593,5897,356.427686
MSFT,1H,2026-03-30T13:00:00Z,359.72,360.92,357.65,359.76,119935,2509,359.709885
MSFT,1H,2026-03-30T14:00:00Z,359.97,364.54,359.01,364.12,246253,4555,362.182771
MSFT,1H,2026-03-30T15:00:00Z,364.18,364.54,361.87,362.92,197106,4038,363.070406
MSFT,1H,2026-03-30T16:00:00Z,362.93,362.95,360.11,360.58,225961,3838,361.404234
MSFT,1H,2026-03-30T17:00:00Z,360.63,360.98,357.41,358.33,211449,4031,359.133547
MSFT,1H,2026-03-30T18:00:00Z,358.34,359.44,356.09,356.6,182263,3987,357.592141
MSFT,1H,2026-03-30T19:00:00Z,356.61,358.82,355.52,358.04,337839,6683,357.171484
MSFT,1H,2026-03-30T20:00:00Z,358.01,358.01,358.01,358.01,40,1,358.01
MSFT,1H,2026-03-31T12:00:00Z,363.71,363.71,363.71,363.71,40,1,363.71
MSFT,1H,2026-03-31T13:00:00Z,363.26,367.31,362.96,366.3,118193,2311,365.837986
MSFT,1H,2026-03-31T14:00:00Z,366.32,366.68,362.36,362.67,143200,3381,364.718481
MSFT,1H,2026-03-31T15:00:00Z,362.68,364.11,362.38,363.13,97602,2319,363.28063
MSFT,1H,2026-03-31T16:00:00Z,363.06,367.19,362.89,367.19,87905,2196,364.949736
MSFT,1H,2026-03-31T17:00:00Z,367.21,369.76,367.21,367.54,118257,2758,368.30567
MSFT,1H,2026-03-31T18:00:00Z,367.69,369.99,367.6,369.72,140218,2627,369.112772
MSFT,1H,2026-03-31T19:00:00Z,369.7,372.02,368.94,369.33,270076,5551,370.231921
MSFT,1H,2026-03-31T20:00:00Z,369.87,369.87,369.87,369.87,62,5,369.87
MSFT,1H,2026-04-01T12:00:00Z,375.21,375.21,373.43,373.43,160,4,374.04913
MSFT,1H,2026-04-01T13:00:00Z,373.05,373.05,367.51,368.77,145362,2479,370.065772
MSFT,1H,2026-04-01T14:00:00Z,368.82,371.4,368.78,371,100135,2010,370.463225
MSFT,1H,2026-04-01T15:00:00Z,370.94,371.67,369.95,371.41,80798,1868,371.005659
MSFT,1H,2026-04-01T16:00:00Z,371.37,372.07,371.19,371.71,53320,1404,371.693959
MSFT,1H,2026-04-01T17:00:00Z,371.68,372.01,369.98,369.98,52349,1425,371.206918
MSFT,1H,2026-04-01T18:00:00Z,369.95,370.02,367.94,368.48,84629,2054,368.847617
MSFT,1H,2026-04-01T19:00:00Z,368.51,369.06,368.08,368.66,117427,3168,368.463848
MSFT,1H,2026-04-01T20:00:00Z,368.88,368.88,368.88,368.88,50,1,368.88
MSFT,1H,2026-04-02T12:00:00Z,363.55,364.24,363.55,364.24,360,8,363.930606
MSFT,1H,2026-04-02T13:00:00Z,364.09,366.41,363.43,365.12,56338,1446,364.707373
MSFT,1H,2026-04-02T14:00:00Z,365.13,370.2,364.32,369.13,101264,2260,367.319893
MSFT,1H,2026-04-02T15:00:00Z,369.19,370.46,368.64,369.49,70310,1744,369.680186
MSFT,1H,2026-04-02T16:00:00Z,369.47,370.82,368.63,370.49,40468,1144,369.641502
MSFT,1H,2026-04-02T17:00:00Z,370.25,371.07,369.71,370.07,39592,1198,370.368558
MSFT,1H,2026-04-02T18:00:00Z,370.16,370.88,370.04,370.55,56133,1522,370.48068
MSFT,1H,2026-04-02T19:00:00Z,370.57,372.77,369.96,372.7,169480,3776,371.522765
MSFT,1H,2026-04-06T13:00:00Z,372.7,372.83,368.81,372.17,82583,1726,371.088482
MSFT,1H,2026-04-06T14:00:00Z,372.03,372.63,370.36,371.23,65365,1339,371.487152
MSFT,1H,2026-04-06T15:00:00Z,371.2,371.85,370.06,370.8,45907,1234,371.011675
MSFT,1H,2026-04-06T16:00:00Z,370.79,372.13,370.45,371.38,53153,1365,371.303285
MSFT,1H,2026-04-06T17:00:00Z,371.29,371.86,369.9,370.84,48598,1247,371.117087
MSFT,1H,2026-04-06T18:00:00Z,370.86,372.76,370.7,371.76,65017,1324,371.863285
MSFT,1H,2026-04-06T19:00:00Z,371.75,372.17,370.99,371.94,115905,2527,371.683488
MSFT,1H,2026-04-07T12:00:00Z,369.99,370.65,369.99,370.65,263,5,370.364595
MSFT,1H,2026-04-07T13:00:00Z,370.62,370.65,368.86,368.86,53669,1271,369.711341
MSFT,1H,2026-04-07T14:00:00Z,368.85,369.2,366.57,366.57,119862,2572,367.984396
MSFT,1H,2026-04-07T15:00:00Z,366.54,368.62,365.81,368.42,102274,2680,367.194456
MSFT,1H,2026-04-07T16:00:00Z,368.48,370.36,368.43,369.87,41378,1218,369.561677
MSFT,1H,2026-04-07T17:00:00Z,369.87,370.88,369.31,370.03,38586,1013,369.946152
MSFT,1H,2026-04-07T18:00:00Z,369.97,370.41,367.98,368.12,89392,2351,369.497195
MSFT,1H,2026-04-07T19:00:00Z,367.94,371.64,367.94,371.6,171440,3866,370.239713
MSFT,1H,2026-04-07T20:00:00Z,371.67,371.67,371.25,371.25,163,6,371.404359
MSFT,1H,2026-04-08T13:00:00Z,383.94,384.16,377.47,378.21,99695,2605,380.518477
MSFT,1H,2026-04-08T14:00:00Z,378.19,378.68,376.17,377.42,120726,2729,377.931177
MSFT,1H,2026-04-08T15:00:00Z,377.42,377.97,376.25,377.71,77343,2204,377.133645
MSFT,1H,2026-04-08T16:00:00Z,377.7,378.11,376.89,377.64,75236,1859,377.615985
MSFT,1H,2026-04-08T17:00:00Z,377.59,377.85,374.3,374.93,93798,2335,375.876246
MSFT,1H,2026-04-08T18:00:00Z,374.89,375.38,371.32,371.47,103155,2738,373.243536
MSFT,1H,2026-04-08T19:00:00Z,371.46,373.52,370.61,373.45,231264,5662,371.871992
MSFT,1H,2026-04-09T12:00:00Z,373.16,373.25,373.16,373.25,265,3,373.21
MSFT,1H,2026-04-09T13:00:00Z,371.63,371.63,366.86,367.49,107248,2727,368.156552
MSFT,1H,2026-04-09T14:00:00Z,367.53,367.77,366.28,367.27,174616,3527,366.835424
MSFT,1H,2026-04-09T15:00:00Z,367.3,369.6,366.93,369.42,105417,3068,368.151917
MSFT,1H,2026-04-09T16:00:00Z,369.37,371.47,369.37,371.14,82130,1990,370.629041
MSFT,1H,2026-04-09T17:00:00Z,371.21,372.08,370.4,371.07,95161,2311,371.3518
MSFT,1H,2026-04-09T18:00:00Z,371.12,371.15,368.12,369.69,99376,2509,369.326922
MSFT,1H,2026-04-09T19:00:00Z,369.69,372.61,369.59,372.18,173335,4349,371.639564
MSFT,1H,2026-04-09T20:00:00Z,371.9,372.77,371.9,372.77,127,7,372.335
MSFT,1H,2026-04-10T13:00:00Z,373.28,374.81,370.33,372.14,181328,3712,372.507206
MSFT,1H,2026-04-10T14:00:00Z,372,373.43,370.87,371.53,203206,4351,372.084372
MSFT,1H,2026-04-10T15:00:00Z,371.45,372.44,369.36,369.94,134884,3108,370.970473
MSFT,1H,2026-04-10T16:00:00Z,369.94,371.6,369.71,370.6,98873,2244,370.60299
MSFT,1H,2026-04-10T17:00:00Z,370.64,370.7,369.52,370.36,90645,1995,370.125332
MSFT,1H,2026-04-10T18:00:00Z,370.34,370.35,369.23,370.2,88656,2226,369.630111
MSFT,1H,2026-04-10T19:00:00Z,370.21,370.94,369.8,370.09,178004,4262,370.40157
MSFT,1H,2026-04-10T20:00:00Z,370.02,370.02,370.02,370.02,40,1,370.02
MSFT,1H,2026-04-13T12:00:00Z,369,369.03,367.07,368.49,477,12,368.440284
MSFT,1H,2026-04-13T13:00:00Z,370.73,373.71,370.3,373.62,136564,2546,371.520925
MSFT,1H,2026-04-13T14:00:00Z,373.62,378.78,373.62,378.47,243194,4587,375.857035
MSFT,1H,2026-04-13T15:00:00Z,378.56,380.26,377.37,379.05,161427,3108,378.856444
MSFT,1H,2026-04-13T16:00:00Z,379.06,381.03,378.48,380.29,83801,2031,379.697466
MSFT,1H,2026-04-13T17:00:00Z,380.28,381.1,379.97,381.07,90369,2050,380.696355
MSFT,1H,2026-04-13T18:00:00Z,381.17,381.73,380.77,381.7,121172,2597,381.238193
MSFT,1H,2026-04-13T19:00:00Z,381.74,383.7,380.9,383.5,233755,4811,382.298027
MSFT,1H,2026-04-14T12:00:00Z,388.65,389.64,388.22,389.64,480,11,388.861364
MSFT,1H,2026-04-14T13:00:00Z,389.87,393.55,385.75,389.17,136311,2867,390.546809
MSFT,1H,2026-04-14T14:00:00Z,389.21,392.71,388.94,390.86,207100,4858,390.678757
MSFT,1H,2026-04-14T15:00:00Z,390.8,393.02,389.56,392.71,155657,3592,391.21514
MSFT,1H,2026-04-14T16:00:00Z,392.75,393.75,392.56,393.47,140320,2994,393.106834
MSFT,1H,2026-04-14T17:00:00Z,393.5,393.81,391.89,392.03,97145,2475,393.267556
MSFT,1H,2026-04-14T18:00:00Z,391.98,392.12,389.52,390.38,115067,2696,390.63962
MSFT,1H,2026-04-14T19:00:00Z,390.42,392.49,390.3,392.17,194180,5295,391.722869
MSFT,1H,2026-04-14T20:00:00Z,391.45,391.45,391.45,391.45,40,1,391.45
MSFT,1H,2026-04-15T12:00:00Z,395.94,395.94,395.94,395.94,40,1,395.94
MSFT,1H,2026-04-15T13:00:00Z,396.92,403.02,395.9,401.65,123852,3030,399.776665
MSFT,1H,2026-04-15T14:00:00Z,401.87,406.91,401.74,406.79,173109,4285,404.947078
MSFT,1H,2026-04-15T15:00:00Z,406.86,408,405.77,406.3,121146,3260,406.722403
MSFT,1H,2026-04-15T16:00:00Z,406.07,408.54,405.98,407.11,96947,2691,407.382613
MSFT,1H,2026-04-15T17:00:00Z,407.17,409.52,407.09,409.12,106886,3480,408.42892
MSFT,1H,2026-04-15T18:00:00Z,409.1,413.44,408.96,412.92,186591,4881,411.628859
MSFT,1H,2026-04-15T19:00:00Z,412.9,412.9,409.85,410.41,253165,6064,411.456508
MSFT,1H,2026-04-15T20:00:00Z,409.8,409.86,409.8,409.86,192,10,409.85
MSFT,1H,2026-04-16T12:00:00Z,417.65,417.65,417.65,417.65,120,2,417.65
MSFT,1H,2026-04-16T13:00:00Z,416.79,419.08,411.47,412.46,282026,5438,415.71703
MSFT,1H,2026-04-16T14:00:00Z,412.41,414.9,411.27,413.98,190045,4074,413.495396
MSFT,1H,2026-04-16T15:00:00Z,414.05,418.61,412.98,418.5,109073,2800,416.060943
MSFT,1H,2026-04-16T16:00:00Z,418.62,419.61,416.91,417.85,88489,2228,418.685029
MSFT,1H,2026-04-16T17:00:00Z,417.85,419.16,416.87,418.55,86761,2209,418.159121
MSFT,1H,2026-04-16T18:00:00Z,418.66,418.79,416.14,418.24,87480,2353,417.668175
MSFT,1H,2026-04-16T19:00:00Z,418.31,419.85,416.86,419.21,243956,4691,418.783297
MSFT,1H,2026-04-16T20:00:00Z,418.87,418.99,418.84,418.99,246,6,418.912105
MSFT,1H,2026-04-17T12:00:00Z,425.14,426.63,425.14,426.63,277,7,425.879746
MSFT,1H,2026-04-17T13:00:00Z,425.46,425.46,422.05,423.82,146086,3303,423.865922
MSFT,1H,2026-04-17T14:00:00Z,423.8,429.42,422.73,429.13,239244,5038,425.385241
MSFT,1H,2026-04-17T15:00:00Z,429.13,430.65,426.77,427.25,245739,5271,428.884283
MSFT,1H,2026-04-17T16:00:00Z,427.16,428.51,425.96,426.11,107983,2935,427.445136
MSFT,1H,2026-04-17T17:00:00Z,426.16,426.21,422.41,423.64,156429,3817,424.226479
MSFT,1H,2026-04-17T18:00:00Z,423.65,423.83,419.81,420.81,118552,3087,421.324891
MSFT,1H,2026-04-17T19:00:00Z,420.82,422.65,420.45,421.84,190861,4661,421.745446
MSFT,1H,2026-04-20T12:00:00Z,418.68,418.68,418.68,418.68,100,1,418.68
MSFT,1H,2026-04-20T13:00:00Z,419.78,422.18,416.28,419.64,69958,1622,418.697052
MSFT,1H,2026-04-20T14:00:00Z,419.67,421.83,417,417.33,73678,1945,419.39
MSFT,1H,2026-04-20T15:00:00Z,417.32,417.7,415.45,416.57,85302,2292,416.500665
MSFT,1H,2026-04-20T16:00:00Z,416.52,418.56,416.52,417.91,50752,1435,417.632642
MSFT,1H,2026-04-20T17:00:00Z,417.85,419.24,417.38,417.44,42632,1214,418.185965
MSFT,1H,2026-04-20T18:00:00Z,417.46,418.11,415.83,416.04,78467,1758,417.065687
MSFT,1H,2026-04-20T19:00:00Z,416.09,417.23,415.92,417.21,86972,2619,416.56683
MSFT,1H,2026-04-20T20:00:00Z,417.1,417.1,416.48,416.48,171,6,416.657143
MSFT,1H,2026-04-21T13:00:00Z,419.32,423.01,416.39,422.85,70958,1852,419.344378
MSFT,1H,2026-04-21T14:00:00Z,423.08,426.24,421.91,423.29,133360,3017,424.125263
MSFT,1H,2026-04-21T15:00:00Z,423.33,425.41,422.09,425.23,128408,2471,423.963782
MSFT,1H,2026-04-21T16:00:00Z,425.27,425.99,423.65,424.04,117420,2698,424.879883
MSFT,1H,2026-04-21T17:00:00Z,424.13,425.87,422.53,425.26,130364,3168,424.340791
MSFT,1H,2026-04-21T18:00:00Z,425.26,425.96,424.24,425.59,121374,2855,424.974337
MSFT,1H,2026-04-21T19:00:00Z,425.6,426.26,422.44,423.11,225297,5451,424.208384
MSFT,1H,2026-04-21T20:00:00Z,422.44,425.31,422.44,424.53,1293,17,424.503234
MSFT,1H,2026-04-22T12:00:00Z,426.6,426.6,426.42,426.42,180,3,426.4875
MSFT,1H,2026-04-22T13:00:00Z,425.16,428.22,422.77,427.24,105698,2457,425.831307
MSFT,1H,2026-04-22T14:00:00Z,427.26,430.81,427.17,429.45,153145,3923,429.323937
MSFT,1H,2026-04-22T15:00:00Z,429.5,432.21,428.85,430.69,87878,2072,430.764285
MSFT,1H,2026-04-22T16:00:00Z,430.85,431.59,429.41,429.7,76147,2044,430.760427
MSFT,1H,2026-04-22T17:00:00Z,429.66,431.16,429.66,430.24,92166,2170,430.611388
MSFT,1H,2026-04-22T18:00:00Z,430.19,431.24,429.71,430.33,67664,1655,430.309509
MSFT,1H,2026-04-22T19:00:00Z,430.39,432.39,430.29,431.85,144318,4067,431.608685
MSFT,1H,2026-04-22T20:00:00Z,432.19,432.19,424.7,426.57,1468,80,427.698705
MSFT,1H,2026-04-23T12:00:00Z,424.77,424.77,423.78,423.78,279,9,423.992195
MSFT,1H,2026-04-23T13:00:00Z,421.03,422.14,416.36,416.5,210473,4036,419.417529
MSFT,1H,2026-04-23T14:00:00Z,416.44,420.87,414.93,420.69,192243,3689,417.419057
MSFT,1H,2026-04-23T15:00:00Z,420.73,422.39,417.61,418.35,108340,2438,420.460921
MSFT,1H,2026-04-23T16:00:00Z,418.47,418.67,415.91,416.85,79284,2048,417.089644
MSFT,1H,2026-04-23T17:00:00Z,416.83,417.03,410.53,413.61,93031,2414,413.406235
MSFT,1H,2026-04-23T18:00:00Z,413.62,415.05,413.28,413.58,68456,1966,414.101974
MSFT,1H,2026-04-23T19:00:00Z,413.53,415.8,413.5,414.82,98865,3094,414.912075
MSFT,1H,2026-04-23T20:00:00Z,413.87,416.51,413.67,416.12,357,7,415.742012
MSFT,1H,2026-04-24T12:00:00Z,420.31,420.31,418.21,418.21,386,11,419.486364
MSFT,1H,2026-04-24T13:00:00Z,416.07,420.71,415.09,418.75,129117,2467,418.770772
MSFT,1H,2026-04-24T14:00:00Z,418.67,418.7,416.32,417.41,138383,2934,417.474676
MSFT,1H,2026-04-24T15:00:00Z,417.46,420.96,417.39,418.76,81552,1912,419.156801
MSFT,1H,2026-04-24T16:00:00Z,418.71,418.88,417.36,418.85,70790,1397,418.089312
MSFT,1H,2026-04-24T17:00:00Z,419,420.18,417.83,419.84,49772,1204,418.813661
MSFT,1H,2026-04-24T18:00:00Z,419.91,421.82,419.68,421.48,51892,1397,421.113297
MSFT,1H,2026-04-24T19:00:00Z,421.52,423.92,421.5,423.67,114594,2847,423.132652
MSFT,1H,2026-04-24T20:00:00Z,423.18,423.18,423.09,423.09,425,4,423.169524
MSFT,1H,2026-04-27T13:00:00Z,422.17,425.84,416.22,419.06,89953,1902,419.335519
MSFT,1H,2026-04-27T14:00:00Z,419.04,423.74,418.81,422.83,143508,2624,421.216164
MSFT,1H,2026-04-27T15:00:00Z,422.92,423.08,420.48,421.44,94072,1832,421.415295
MSFT,1H,2026-04-27T16:00:00Z,421.4,423.48,421.38,423.48,44816,1058,422.446445
MSFT,1H,2026-04-27T17:00:00Z,423.5,424.99,423.04,424.85,52796,1289,424.218135
MSFT,1H,2026-04-27T18:00:00Z,424.71,426.16,424.63,424.99,64977,1544,425.336247
MSFT,1H,2026-04-27T19:00:00Z,424.96,425.24,423.37,424.04,203142,3545,424.15805
MSFT,1H,2026-04-28T12:00:00Z,419.08,419.08,418.86,418.86,120,2,419.006667
MSFT,1H,2026-04-28T13:00:00Z,423.42,427.08,421.03,425.7,80164,1765,423.533085
MSFT,1H,2026-04-28T14:00:00Z,425.6,426.19,423.98,424.91,137547,2445,424.975769
MSFT,1H,2026-04-28T15:00:00Z,425.06,426.75,424.51,426.75,149459,2474,425.394037
MSFT,1H,2026-04-28T16:00:00Z,426.74,428.1,425.85,427.6,71706,1585,427.038753
MSFT,1H,2026-04-28T17:00:00Z,427.54,428.19,426.64,427.03,78116,1582,427.261863
MSFT,1H,2026-04-28T18:00:00Z,426.94,426.94,425.17,426.66,67777,1608,425.873455
MSFT,1H,2026-04-28T19:00:00Z,426.7,428.97,426.12,428.47,129239,3605,427.965667
MSFT,1H,2026-04-29T12:00:00Z,426.07,426.12,426.07,426.12,140,4,426.1
MSFT,1H,2026-04-29T13:00:00Z,426.54,426.57,420.89,424.61,141725,2850,423.505026
MSFT,1H,2026-04-29T14:00:00Z,424.63,424.81,422.36,424.43,107024,2595,423.796442
MSFT,1H,2026-04-29T15:00:00Z,424.32,424.87,422.78,423.39,126208,2728,423.789986
MSFT,1H,2026-04-29T16:00:00Z,423.45,423.85,419.4,421.53,71504,1902,421.670129
MSFT,1H,2026-04-29T17:00:00Z,421.51,423.18,421.05,422.42,47348,1520,422.064916
MSFT,1H,2026-04-29T18:00:00Z,422.46,424.24,421.64,424.05,97312,2140,422.865579
MSFT,1H,2026-04-29T19:00:00Z,424.11,424.51,422.27,423.88,210450,4929,423.286989
MSFT,1H,2026-04-29T20:00:00Z,430.57,439.15,408.63,413.22,7695,429,422.154688
MSFT,1H,2026-04-30T12:00:00Z,417.24,419.66,417.24,418.1,433,11,418.534769
MSFT,1H,2026-04-30T13:00:00Z,414.62,414.63,402.85,404.16,406265,6602,408.82349
MSFT,1H,2026-04-30T14:00:00Z,404.1,405.43,399.31,405.35,430479,8794,402.237897
MSFT,1H,2026-04-30T15:00:00Z,405.4,406.07,400.8,401.89,229857,5247,403.246743
MSFT,1H,2026-04-30T16:00:00Z,401.71,402.59,397.15,398.16,200014,4586,399.94449
MSFT,1H,2026-04-30T17:00:00Z,398.19,402.12,398.14,401.81,169229,3598,400.045466
MSFT,1H,2026-04-30T18:00:00Z,401.73,407.21,401.73,406.44,237343,4309,405.427999
MSFT,1H,2026-04-30T19:00:00Z,406.63,409.23,405.85,406.88,701578,10582,407.420611
MSFT,1H,2026-04-30T20:00:00Z,408.9,408.9,408.9,408.9,121,4,408.9
MSFT,1H,2026-05-01T12:00:00Z,409.1,409.98,409.1,409.38,583,18,409.377647
MSFT,1H,2026-05-01T13:00:00Z,409.86,415.36,409.86,411.39,174741,2946,413.316598
MSFT,1H,2026-05-01T14:00:00Z,411.34,413.21,409.63,413.13,218091,3410,411.181661
MSFT,1H,2026-05-01T15:00:00Z,413.19,416.17,412.16,414.9,156253,2997,414.003288
MSFT,1H,2026-05-01T16:00:00Z,415.08,415.39,411.9,412.27,84582,1735,413.026294
MSFT,1H,2026-05-01T17:00:00Z,412.33,414.45,412.33,414.35,58910,1536,413.443858
MSFT,1H,2026-05-01T18:00:00Z,414.29,415.07,413.53,413.99,67983,1628,414.392174
MSFT,1H,2026-05-01T19:00:00Z,414.01,416.17,412.81,413.56,184002,4265,414.251629
MSFT,1H,2026-05-01T20:00:00Z,412.44,412.44,412.44,412.44,65,3,412.44
MSFT,1H,2026-05-04T12:00:00Z,411.9,411.9,411.9,411.9,80,1,411.9
MSFT,1H,2026-05-04T13:00:00Z,412.28,419.45,409.96,415.01,120532,2741,414.960285
MSFT,1H,2026-05-04T14:00:00Z,414.78,419.8,413.96,416.43,135958,2642,415.982914
MSFT,1H,2026-05-04T15:00:00Z,416.33,417.43,412.7,413.98,97676,2207,414.936931
MSFT,1H,2026-05-04T16:00:00Z,414.12,415.53,412.47,413.28,109382,1981,413.941137
MSFT,1H,2026-05-04T17:00:00Z,413.24,414.28,412.85,413.82,109520,1872,413.355227
MSFT,1H,2026-05-04T18:00:00Z,413.64,414.63,412.35,412.43,47229,1282,413.413641
MSFT,1H,2026-05-04T19:00:00Z,412.46,412.76,411.12,412.74,169329,3920,411.93841
MSFT,1H,2026-05-04T20:00:00Z,412.05,412.05,412.05,412.05,120,5,412.05
MSFT,1H,2026-05-05T12:00:00Z,415.08,415.17,414.8,414.8,294,9,415.061538
MSFT,1H,2026-05-05T13:00:00Z,414.53,415.57,409.41,409.86,99683,1967,411.86758
MSFT,1H,2026-05-05T14:00:00Z,409.75,411.72,408.51,409.45,134174,2788,409.733997
MSFT,1H,2026-05-05T15:00:00Z,409.37,410.7,408.3,408.49,84398,2358,409.601917
MSFT,1H,2026-05-05T16:00:00Z,408.46,409.53,407.94,408.7,81792,2014,408.736515
MSFT,1H,2026-05-05T17:00:00Z,408.68,410.04,408.18,409.4,50484,1385,409.050808
MSFT,1H,2026-05-05T18:00:00Z,409.29,410.47,408.79,410.19,76643,1829,409.679816
MSFT,1H,2026-05-05T19:00:00Z,410.21,412.47,410.02,410.44,106008,2961,411.036767
MSFT,1H,2026-05-05T20:00:00Z,410.4,410.4,410.1,410.21,302,7,410.22545
MSFT,1H,2026-05-06T12:00:00Z,409.35,409.35,408.41,408.41,119,3,408.742743
MSFT,1H,2026-05-06T13:00:00Z,408.14,409.66,404.29,408.88,143703,2926,406.045272
MSFT,1H,2026-05-06T14:00:00Z,409.06,417.36,409.03,413.63,233695,3638,413.634553
MSFT,1H,2026-05-06T15:00:00Z,414,415.35,412.24,414.29,124380,2851,413.46503
MSFT,1H,2026-05-06T16:00:00Z,414.22,414.74,411.37,411.81,46627,1370,412.864534
MSFT,1H,2026-05-06T17:00:00Z,411.76,412.66,411.43,411.67,34976,1228,412.051513
MSFT,1H,2026-05-06T18:00:00Z,411.54,413.2,411.41,412.48,41544,1337,412.549491
MSFT,1H,2026-05-06T19:00:00Z,412.47,413.55,411.74,412.93,138932,3140,412.807141
MSFT,1H,2026-05-06T20:00:00Z,412.81,413.6,412.8,412.8,450,7,413.311624
MSFT,1H,2026-05-07T12:00:00Z,416.99,418.29,416.99,417.98,412,10,418.041852
MSFT,1H,2026-05-07T13:00:00Z,418.1,427,417.88,423.18,116988,2336,423.392216
MSFT,1H,2026-05-07T14:00:00Z,422.93,424.95,421.8,424.95,121706,2835,423.339835
MSFT,1H,2026-05-07T15:00:00Z,424.88,425.59,423.15,424.44,102604,2321,424.674492
MSFT,1H,2026-05-07T16:00:00Z,424.56,424.56,420.16,420.39,52581,1554,422.549274
MSFT,1H,2026-05-07T17:00:00Z,420.43,421.85,419.73,420.89,71474,1788,420.736866
MSFT,1H,2026-05-07T18:00:00Z,421.02,423.35,420.33,422.08,51849,1441,421.848703
MSFT,1H,2026-05-07T19:00:00Z,422.08,422.65,419.38,419.88,190305,4695,420.28962
MSFT,1H,2026-05-07T20:00:00Z,419.9,419.9,419.9,419.9,40,1,419.9
MSFT,1H,2026-05-08T12:00:00Z,419.74,419.75,419.74,419.75,112,2,419.743571
MSFT,1H,2026-05-08T13:00:00Z,416.48,417.67,414.1,415.57,140179,2439,415.777625
MSFT,1H,2026-05-08T14:00:00Z,415.5,416.76,413.5,415.57,197011,3171,414.977482
MSFT,1H,2026-05-08T15:00:00Z,415.47,416.26,414.65,415.03,114667,2223,415.543679
MSFT,1H,2026-05-08T16:00:00Z,415.2,415.98,414.46,415.36,67151,1500,415.174366
MSFT,1H,2026-05-08T17:00:00Z,415.37,416.5,414.7,414.94,83452,1747,415.575806
MSFT,1H,2026-05-08T18:00:00Z,414.9,415.45,413.77,413.84,61478,1623,414.728426
MSFT,1H,2026-05-08T19:00:00Z,413.88,414.98,413.11,414.07,154380,3952,414.014391
MSFT,1H,2026-05-08T20:00:00Z,414.29,414.29,414.02,414.02,281,4,414.158971
MSFT,1H,2026-05-11T13:00:00Z,407.02,410.62,404.63,409.29,154614,2702,408.489925
MSFT,1H,2026-05-11T14:00:00Z,409.14,410.52,408.16,408.52,142716,2756,409.12031
MSFT,1H,2026-05-11T15:00:00Z,408.57,411.26,408.12,409.8,125893,2690,409.166721
MSFT,1H,2026-05-11T16:00:00Z,409.5,410.3,408.6,408.6,57786,1290,409.581112
MSFT,1H,2026-05-11T17:00:00Z,408.69,410.53,407.74,410.22,54425,1356,408.712518
MSFT,1H,2026-05-11T18:00:00Z,410.21,410.96,409.36,409.47,31675,981,410.179021
MSFT,1H,2026-05-11T19:00:00Z,409.46,411.73,408.84,411.73,107285,3230,410.821587
MSFT,1H,2026-05-12T13:00:00Z,412.9,414.54,405.84,407.46,200959,3840,407.927152
MSFT,1H,2026-05-12T14:00:00Z,407.45,409.7,406.34,407.6,149159,3329,407.934115
MSFT,1H,2026-05-12T15:00:00Z,407.48,407.98,406.53,407.83,100075,2368,407.356589
MSFT,1H,2026-05-12T16:00:00Z,407.81,409.54,407.38,408.11,78755,1887,408.291818
MSFT,1H,2026-05-12T17:00:00Z,408.1,408.78,406.89,407.96,73558,2020,407.899827
MSFT,1H,2026-05-12T18:00:00Z,407.98,408.16,406.44,407.58,105742,2396,407.269146
MSFT,1H,2026-05-12T19:00:00Z,407.49,408.11,406.37,406.89,188883,4486,407.201905
MSFT,1H,2026-05-12T20:00:00Z,406.66,406.83,406.32,406.83,435,11,406.556614
MSFT,1H,2026-05-13T12:00:00Z,404.68,404.68,404.23,404.23,317,13,404.5675
MSFT,1H,2026-05-13T13:00:00Z,404.32,404.32,400.18,401.89,104471,2544,401.362948
MSFT,1H,2026-05-13T14:00:00Z,401.94,403.57,401.2,402.25,98199,2447,401.991535
MSFT,1H,2026-05-13T15:00:00Z,402.15,404.24,402.02,403.43,138108,3238,402.939762
MSFT,1H,2026-05-13T16:00:00Z,403.4,405.39,403.22,404.83,89319,2177,404.474328
MSFT,1H,2026-05-13T17:00:00Z,404.88,405.01,402.86,402.98,77789,1909,403.69105
MSFT,1H,2026-05-13T18:00:00Z,403.02,405.22,402.96,404.09,101502,2796,404.18691
MSFT,1H,2026-05-13T19:00:00Z,404.19,405,403.45,404.21,174284,4737,404.197051
MSFT,1H,2026-05-13T20:00:00Z,403.53,403.53,403.48,403.48,84,2,403.50381
MSFT,1H,2026-05-14T12:00:00Z,405.21,405.31,405.13,405.13,520,16,405.204
MSFT,1H,2026-05-14T13:00:00Z,403.85,404.54,400.05,401.99,121238,2515,402.164382
MSFT,1H,2026-05-14T14:00:00Z,402.09,409.38,401.98,408.5,187541,3665,406.146539
MSFT,1H,2026-05-14T15:00:00Z,408.6,410.91,408.02,408.11,156013,3303,409.147279
MSFT,1H,2026-05-14T16:00:00Z,408.11,408.56,406.39,407.13,134519,2628,407.402979
MSFT,1H,2026-05-14T17:00:00Z,407.15,408.96,407.01,408.9,46540,1315,407.85062
MSFT,1H,2026-05-14T18:00:00Z,408.89,409,407.67,408,33370,1017,408.429719
MSFT,1H,2026-05-14T19:00:00Z,408.05,408.85,408.05,408.56,114630,2652,408.463822
MSFT,1H,2026-05-15T12:00:00Z,411.12,411.25,409.72,409.72,797,32,410.796199
MSFT,1H,2026-05-15T13:00:00Z,410.86,417.3,410.86,414.5,115895,2469,414.513715
MSFT,1H,2026-05-15T14:00:00Z,414.61,425.32,414.51,423.53,310361,5716,420.388116
MSFT,1H,2026-05-15T15:00:00Z,423.6,424.12,419.63,420.72,143862,2668,422.555139
MSFT,1H,2026-05-15T16:00:00Z,421.29,425.47,421.17,424.02,103778,2626,423.550669
MSFT,1H,2026-05-15T17:00:00Z,423.95,427.23,422.96,426.93,95694,2370,425.920503
MSFT,1H,2026-05-15T18:00:00Z,426.85,427.14,423.67,423.78,81396,2351,425.531911
MSFT,1H,2026-05-15T19:00:00Z,423.76,424.19,419.87,421.09,254006,5322,421.826443
MSFT,1H,2026-05-15T20:00:00Z,419.89,419.89,419.89,419.89,2881,20,419.89
MSFT,1H,2026-05-18T12:00:00Z,418.09,420.26,418.09,418.49,490,12,419.211667
MSFT,1H,2026-05-18T13:00:00Z,417.78,422.07,414.74,421.49,110623,2285,418.856371
MSFT,1H,2026-05-18T14:00:00Z,421.82,423.1,418.04,418.18,101684,2394,420.603346
MSFT,1H,2026-05-18T15:00:00Z,418.12,418.37,416.11,417.72,107702,2277,416.998387
MSFT,1H,2026-05-18T16:00:00Z,417.8,420.26,416.87,419.55,56028,1366,418.336378
MSFT,1H,2026-05-18T17:00:00Z,419.49,424.11,419.29,423.61,50783,1635,421.953722
MSFT,1H,2026-05-18T18:00:00Z,423.41,423.57,420.03,420.08,75133,2033,422.206526
MSFT,1H,2026-05-18T19:00:00Z,420.11,422.83,420.09,422.69,125636,3643,421.883064
MSFT,1H,2026-05-18T20:00:00Z,422.7,422.7,422.55,422.55,159,6,422.657143
MSFT,1H,2026-05-19T12:00:00Z,427.22,427.22,426.72,426.72,130,5,426.942222
MSFT,1H,2026-05-19T13:00:00Z,428.99,431.74,423.32,428.07,184057,3360,427.142175
MSFT,1H,2026-05-19T14:00:00Z,428.47,428.78,421.65,422.27,174992,3636,425.140316
MSFT,1H,2026-05-19T15:00:00Z,422.74,422.89,418.11,418.35,88444,2084,420.603524
MSFT,1H,2026-05-19T16:00:00Z,418.43,419.11,416.22,417.66,78169,1704,417.39269
MSFT,1H,2026-05-19T17:00:00Z,417.54,418.93,416.33,418.22,47709,1253,417.954163
MSFT,1H,2026-05-19T18:00:00Z,418.19,418.91,417.13,417.61,38827,1204,418.007845
MSFT,1H,2026-05-19T19:00:00Z,417.65,418.09,415.59,416.61,137379,3626,416.800342
MSFT,1H,2026-05-20T12:00:00Z,414.8,414.8,414.03,414.03,142,4,414.58
MSFT,1H,2026-05-20T13:00:00Z,413.24,415.1,410.42,412.11,109156,2755,412.527294
MSFT,1H,2026-05-20T14:00:00Z,412.06,415.65,410.76,415.24,133535,3299,412.906233
MSFT,1H,2026-05-20T15:00:00Z,415.22,416.93,414.38,416.35,71484,2009,415.726126
MSFT,1H,2026-05-20T16:00:00Z,416.4,418.35,416,416.97,109772,2343,416.715629
MSFT,1H,2026-05-20T17:00:00Z,416.91,420.23,416.85,419.31,92108,2277,418.888226
MSFT,1H,2026-05-20T18:00:00Z,419.15,419.77,418.01,418.96,84750,2145,418.983594
MSFT,1H,2026-05-20T19:00:00Z,418.92,421.08,418.33,420.17,238298,5543,419.82856
MSFT,1H,2026-05-20T20:00:00Z,419.45,419.45,418.89,419.02,742,28,419.058368
MSFT,1H,2026-05-21T12:00:00Z,418.36,418.45,418.36,418.45,307,11,418.4
MSFT,1H,2026-05-21T13:00:00Z,431.88,431.88,418.05,418.65,118725,2320,421.727262
MSFT,1H,2026-05-21T14:00:00Z,418.655,419.18,415.78,418.68,102603,2536,417.642064
MSFT,1H,2026-05-21T15:00:00Z,418.68,419.015,417.15,418.16,110119,2677,418.143311
MSFT,1H,2026-05-21T16:00:00Z,418.3,418.5,416.26,416.26,69838,2076,417.137882
MSFT,1H,2026-05-21T17:00:00Z,416.25,420.225,416.075,419.195,109806,2977,417.346781
MSFT,1H,2026-05-21T18:00:00Z,419.045,419.76,417.59,418.61,93596,2163,418.382078
MSFT,1H,2026-05-21T19:00:00Z,418.68,419.88,417.575,419,161490,3780,419.10777
MSFT,1H,2026-05-21T20:00:00Z,420.03,420.03,420.03,420.03,47,2,420.03
MSFT,1H,2026-05-22T12:00:00Z,419.7,419.7,419.7,419.7,138,5,419.7
MSFT,1H,2026-05-22T13:00:00Z,420.78,424.33,419.47,420.265,60896,1445,422.045868
MSFT,1H,2026-05-22T14:00:00Z,420.265,420.33,416.36,417.565,167635,2450,417.683641
MSFT,1H,2026-05-22T15:00:00Z,417.56,419.94,417.47,419.89,54196,1450,418.962953
MSFT,1H,2026-05-22T16:00:00Z,419.83,420.46,418.42,418.68,69503,1586,419.654146
MSFT,1H,2026-05-22T17:00:00Z,418.685,419.345,417.61,417.66,68147,1698,418.826439
MSFT,1H,2026-05-22T18:00:00Z,417.685,419.79,417.26,418.905,47022,1337,418.367639
MSFT,1H,2026-05-22T19:00:00Z,418.86,419.145,418.04,418.5,68706,2285,418.621492
MSFT,1H,2026-05-26T13:00:00Z,416.575,417.71,413.36,417.71,155974,3151,415.866514
MSFT,1H,2026-05-26T14:00:00Z,417.72,419.73,415.18,415.26,194208,5361,417.917314
MSFT,1H,2026-05-26T15:00:00Z,415,416.4,414.21,415.015,90592,2244,415.382467
MSFT,1H,2026-05-26T16:00:00Z,415.07,416.185,414.39,414.45,54217,1252,415.298225
MSFT,1H,2026-05-26T17:00:00Z,414.465,414.52,413.075,413.75,74595,1634,413.750335
MSFT,1H,2026-05-26T18:00:00Z,413.72,415.83,413.65,415.09,51439,1464,415.072215
MSFT,1H,2026-05-26T19:00:00Z,414.805,416.24,414.6,416.09,128042,3672,415.75588
MSFT,1H,2026-05-26T20:00:00Z,415.28,415.28,415.15,415.16,664,35,415.219842
MSFT,1H,2026-05-27T12:00:00Z,412.51,413.18,412.51,413.18,311,12,412.703295
MSFT,1H,2026-05-27T13:00:00Z,413.04,413.89,409.66,411.44,105761,2150,411.782673
MSFT,1H,2026-05-27T14:00:00Z,411.47,415.94,411.38,414.58,151456,3228,413.796797
MSFT,1H,2026-05-27T15:00:00Z,414.64,415.53,412.57,412.91,90378,2116,413.541091
MSFT,1H,2026-05-27T16:00:00Z,412.95,414.045,412.43,413.85,61106,1825,413.169884
MSFT,1H,2026-05-27T17:00:00Z,413.845,413.91,411.24,411.61,59773,1835,412.063828
MSFT,1H,2026-05-27T18:00:00Z,411.61,413.005,411.61,412.52,117895,2892,412.452141
MSFT,1H,2026-05-27T19:00:00Z,412.53,413.51,411.4,412.71,248328,4071,412.431156
MSFT,1H,2026-05-27T20:00:00Z,413.51,413.9,413.34,413.61,1137,28,413.528218
MSFT,1H,2026-05-28T12:00:00Z,415.25,415.25,415.25,415.25,140,6,415.25
MSFT,1H,2026-05-28T13:00:00Z,413.015,424.62,412.895,424.48,340434,4646,418.073086
MSFT,1H,2026-05-28T14:00:00Z,424.48,429.44,422.27,424.49,349540,6726,426.130629
MSFT,1H,2026-05-28T15:00:00Z,424.315,425.425,423.55,425.01,108311,2507,424.608605
MSFT,1H,2026-05-28T16:00:00Z,424.94,426.5,422.74,424.46,98182,1995,424.933553
MSFT,1H,2026-05-28T17:00:00Z,424.51,427.61,424.51,427.5,114912,2838,426.171613
MSFT,1H,2026-05-28T18:00:00Z,427.485,429.06,426.09,426.12,159337,3628,427.147632
MSFT,1H,2026-05-28T19:00:00Z,426.12,426.97,424.995,426.97,162914,4061,426.208965
MSFT,1H,2026-05-28T20:00:00Z,426.8,427.71,426.8,427.71,104,3,427.268788
MSFT,1H,2026-05-29T12:00:00Z,431.97,432.93,431.97,432.63,551,14,432.321944
MSFT,1H,2026-05-29T13:00:00Z,433.89,441.705,432.48,441.13,213481,3725,438.680726
MSFT,1H,2026-05-29T14:00:00Z,441.09,444.875,437.96,444.44,328769,5931,441.623095
MSFT,1H,2026-05-29T15:00:00Z,444.705,445.6,442.545,442.65,206410,3485,444.167528
MSFT,1H,2026-05-29T16:00:00Z,442.765,444.97,442.14,442.86,160622,3456,443.384501
MSFT,1H,2026-05-29T17:00:00Z,442.945,444.07,442.495,442.495,95570,2342,443.421135
MSFT,1H,2026-05-29T18:00:00Z,442.51,443.74,441.435,441.58,92082,2352,442.634028
MSFT,1H,2026-05-29T19:00:00Z,441.62,450.3,441.38,449.44,410554,8086,447.19604
MSFT,1H,2026-05-29T20:00:00Z,449.79,449.82,447.99,448.17,1059,29,449.039698
MSFT,1H,2026-06-01T12:00:00Z,468.4,468.4,466.88,467.28,846,23,467.560169
MSFT,1H,2026-06-01T13:00:00Z,464.84,465.68,459.005,464.67,354236,5971,462.913513
MSFT,1H,2026-06-01T14:00:00Z,464.785,466.27,459.21,463.2,310822,5726,461.384987
MSFT,1H,2026-06-01T15:00:00Z,463.2,463.88,459.285,460.48,226850,4582,461.471351
MSFT,1H,2026-06-01T16:00:00Z,460.47,462.45,459.225,461.95,178571,4120,460.866984
MSFT,1H,2026-06-01T17:00:00Z,461.945,462.11,458.3,459.975,150617,3334,459.944876
MSFT,1H,2026-06-01T18:00:00Z,459.92,461.66,459.66,460.975,114266,2908,460.796331
MSFT,1H,2026-06-01T19:00:00Z,460.91,464.135,460.035,460.48,236943,6138,462.001917
MSFT,1H,2026-06-01T20:00:00Z,460.1,460.11,456.42,456.42,1152,23,459.598893
MSFT,1H,2026-06-02T12:00:00Z,448.71,448.71,445.84,445.84,329,8,446.573454
MSFT,1H,2026-06-02T13:00:00Z,447.065,453.49,443.555,445.05,209037,4558,446.974783
MSFT,1H,2026-06-02T14:00:00Z,445.125,447.89,442.79,443.665,224151,4589,444.882719
MSFT,1H,2026-06-02T15:00:00Z,443.68,444.65,442.37,443.83,162215,3740,443.578067
MSFT,1H,2026-06-02T16:00:00Z,443.84,446.13,442.49,443.71,72566,2104,444.338902
MSFT,1H,2026-06-02T17:00:00Z,443.62,445.36,442.82,442.82,82947,2212,444.137499
MSFT,1H,2026-06-02T18:00:00Z,442.7,443.09,440.48,440.625,98723,2400,441.97247
MSFT,1H,2026-06-02T19:00:00Z,440.625,442.09,440.615,441.35,254051,5671,441.653976
MSFT,1H,2026-06-02T20:00:00Z,441.57,442.04,441.51,441.51,200,3,441.681
MSFT,1H,2026-06-03T12:00:00Z,440.08,440.08,440.04,440.04,80,2,440.06
MSFT,1H,2026-06-03T13:00:00Z,438.45,440.22,431.375,431.4,211033,3323,433.965298
MSFT,1H,2026-06-03T14:00:00Z,431.47,433.2,426.89,427.4,290627,4395,429.860288
MSFT,1H,2026-06-03T15:00:00Z,427.395,427.995,425.875,426.99,178048,2787,426.915705
MSFT,1H,2026-06-03T16:00:00Z,427.09,427.155,424.28,424.6,139895,3179,425.434597
MSFT,1H,2026-06-03T17:00:00Z,424.63,426.93,424.34,426.595,109266,2610,425.598832
MSFT,1H,2026-06-03T18:00:00Z,426.61,428.75,426.42,428.265,113892,2574,427.712422
MSFT,1H,2026-06-03T19:00:00Z,428.27,428.93,426.78,427.58,221509,5080,427.808791
MSFT,1H,2026-06-03T20:00:00Z,427.55,427.73,425.29,425.43,811,26,426.622665
MSFT,1H,2026-06-04T12:00:00Z,433.69,433.93,433.04,433.69,671,13,433.662446
MSFT,1H,2026-06-04T13:00:00Z,433.45,436.05,428.78,432.69,135099,2980,431.406183
MSFT,1H,2026-06-04T14:00:00Z,432.455,434.125,428.96,429.72,161099,3157,431.219269
MSFT,1H,2026-06-04T15:00:00Z,429.745,431.22,428.995,429.03,112834,2041,430.115661
MSFT,1H,2026-06-04T16:00:00Z,429.05,429.915,426.75,426.82,96674,2029,428.601321
MSFT,1H,2026-06-04T17:00:00Z,426.81,427.79,426.44,427.75,88544,1893,426.928412
MSFT,1H,2026-06-04T18:00:00Z,427.75,428.93,427.01,427.53,54828,1481,427.913453
MSFT,1H,2026-06-04T19:00:00Z,427.445,428.55,426.99,428.09,169003,4839,427.865181
MSFT,1H,2026-06-04T20:00:00Z,427.65,427.65,427.65,427.65,200,2,427.65
MSFT,1H,2026-06-05T12:00:00Z,429.63,429.83,429.12,429.12,630,22,429.64169
MSFT,1H,2026-06-05T13:00:00Z,428.005,429.385,424.6,424.81,155376,2202,427.051468
MSFT,1H,2026-06-05T14:00:00Z,424.8,425.09,420.75,421.36,123063,2284,422.684749
MSFT,1H,2026-06-05T15:00:00Z,421.4,422.59,420.53,421.305,91408,1889,421.660934
MSFT,1H,2026-06-05T16:00:00Z,420.77,420.98,418.62,420.07,86627,1703,419.608895
MSFT,1H,2026-06-05T17:00:00Z,419.955,421.47,419.255,420.66,87520,1525,420.314616
MSFT,1H,2026-06-05T18:00:00Z,420.67,421.035,416.56,417.08,96705,2498,418.364239
MSFT,1H,2026-06-05T19:00:00Z,417.11,417.47,414.46,416.635,217520,5403,416.430438
MSFT,1H,2026-06-05T20:00:00Z,416.94,416.94,414.4,414.69,621,16,415.201103
MSFT,1H,2026-06-08T12:00:00Z,414.68,415.46,414.68,415.46,275,12,415.16
MSFT,1H,2026-06-08T13:00:00Z,414.9,416.89,411.35,412.43,90511,2281,413.248978
MSFT,1H,2026-06-08T14:00:00Z,412.4,413.55,411.345,412.61,176367,3424,412.424272
MSFT,1H,2026-06-08T15:00:00Z,412.57,413.54,410.34,410.385,105889,2259,411.958045
MSFT,1H,2026-06-08T16:00:00Z,410.39,411.12,409.51,409.51,59790,1667,410.207609
MSFT,1H,2026-06-08T17:00:00Z,409.39,411.8,408.6,411.19,87284,1975,410.180717
MSFT,1H,2026-06-08T18:00:00Z,411.295,413,411.13,412.745,88070,1992,412.336968
MSFT,1H,2026-06-08T19:00:00Z,412.78,413.24,411.2,411.76,162328,3892,412.315043
MSFT,1H,2026-06-09T12:00:00Z,410.19,410.84,410.19,410.84,676,18,410.520439
MSFT,1H,2026-06-09T13:00:00Z,409.03,411.93,407.34,410.985,166518,3289,409.585412
MSFT,1H,2026-06-09T14:00:00Z,410.93,411.88,405.89,407.63,205452,3008,409.709087
MSFT,1H,2026-06-09T15:00:00Z,407.705,407.92,401.69,401.92,138763,2860,404.624013
MSFT,1H,2026-06-09T16:00:00Z,401.99,402.9,398.49,400.09,114858,2558,400.612218
MSFT,1H,2026-06-09T17:00:00Z,400.4,403.315,400.2,402.85,76456,1858,401.913363
MSFT,1H,2026-06-09T18:00:00Z,402.89,404.32,402.82,404.03,91650,2371,403.555598
MSFT,1H,2026-06-09T19:00:00Z,403.89,404.415,401.5,403.11,248128,5066,402.946802
MSFT,1H,2026-06-09T20:00:00Z,403.92,403.92,403.92,403.92,65,2,403.92
MSFT,1H,2026-06-10T12:00:00Z,399.57,399.57,399.09,399.09,100,3,399.303333
MSFT,1H,2026-06-10T13:00:00Z,397.8,404.87,397.75,404.72,120950,2667,401.720669
MSFT,1H,2026-06-10T14:00:00Z,404.63,404.99,401.615,402.49,90137,2247,402.81884
MSFT,1H,2026-06-10T15:00:00Z,402.53,403.71,401.12,402.92,209091,4134,402.13026
MSFT,1H,2026-06-10T16:00:00Z,402.62,403.79,401.65,403.08,70494,1430,402.629888
MSFT,1H,2026-06-10T17:00:00Z,403.1,403.6,400.41,401.64,61102,1502,401.693227
MSFT,1H,2026-06-10T18:00:00Z,401.83,402.155,399.78,400.065,42660,1182,401.099182
MSFT,1H,2026-06-10T19:00:00Z,400,400.26,397.32,397.41,216647,5427,398.607773
MSFT,1H,2026-06-10T20:00:00Z,396.84,397.38,396.84,397.38,119,3,397.027826
MSFT,1H,2026-06-11T12:00:00Z,397.68,397.68,395.43,395.43,345,10,396.168
MSFT,1H,2026-06-11T13:00:00Z,395.31,396.78,388.42,391.54,118529,2164,391.526736
MSFT,1H,2026-06-11T14:00:00Z,391.52,393.51,386.72,387.055,139631,2624,390.168884
MSFT,1H,2026-06-11T15:00:00Z,387.025,389.25,386.18,386.46,174197,3514,387.68253
MSFT,1H,2026-06-11T16:00:00Z,386.445,389.265,386,386.24,133427,2813,387.494664
MSFT,1H,2026-06-11T17:00:00Z,386.18,389.72,384,388.73,261430,3926,386.935554
MSFT,1H,2026-06-11T18:00:00Z,388.78,389.17,387.15,387.34,141423,2489,388.338624
MSFT,1H,2026-06-11T19:00:00Z,387.29,391.285,386.65,390.255,312759,6828,388.898691
MSFT,1H,2026-06-11T20:00:00Z,390.34,392.16,390.34,391.47,475,21,391.430206
MSFT,1H,2026-06-12T12:00:00Z,393.18,393.86,393.18,393.86,307,8,393.650485
MSFT,1H,2026-06-12T13:00:00Z,391.84,392.59,382.29,383.57,212347,3910,384.535687
MSFT,1H,2026-06-12T14:00:00Z,383.66,388.73,382.41,388.73,240450,4506,384.474895
MSFT,1H,2026-06-12T15:00:00Z,388.83,389.905,386.735,387.165,118496,2431,388.500609
MSFT,1H,2026-06-12T16:00:00Z,387.19,388.455,386.635,387.84,122226,2756,387.492049
MSFT,1H,2026-06-12T17:00:00Z,387.81,388.92,386.53,386.81,93106,2029,387.634389
MSFT,1H,2026-06-12T18:00:00Z,386.78,389.12,386.64,388.64,95183,2283,387.872505
MSFT,1H,2026-06-12T19:00:00Z,388.62,390.93,388.1,390.67,193436,4529,389.679073
MSFT,1H,2026-06-12T20:00:00Z,390.69,391.74,390.42,390.42,295,5,390.788454
MSFT,1H,2026-06-15T12:00:00Z,396.39,396.42,396,396.19,322,8,396.178817
MSFT,1H,2026-06-15T13:00:00Z,396.03,398.55,392.93,398.35,109590,2136,396.074872
MSFT,1H,2026-06-15T14:00:00Z,398.35,399.53,397.34,398.17,224220,3882,398.139041
MSFT,1H,2026-06-15T15:00:00Z,398.09,400.92,397.39,400.77,181385,2698,398.86625
MSFT,1H,2026-06-15T16:00:00Z,400.89,401.75,398.72,399.24,81374,1930,400.673098
MSFT,1H,2026-06-15T17:00:00Z,399.19,399.99,398.925,399.28,71075,1973,399.657328
MSFT,1H,2026-06-15T18:00:00Z,399.345,399.55,398.27,398.63,50949,1343,398.867961
MSFT,1H,2026-06-15T19:00:00Z,398.96,400.59,398.28,400.05,143595,3266,399.378297
MSFT,1H,2026-06-15T20:00:00Z,399.76,400.11,399.75,399.75,244,4,399.814167
MSFT,1H,2026-06-16T12:00:00Z,396.51,396.93,396.51,396.93,115,2,396.656087
MSFT,1H,2026-06-16T13:00:00Z,395.295,396.56,391,394.82,185446,3385,393.431075
MSFT,1H,2026-06-16T14:00:00Z,394.78,395.2,391.95,393.66,228893,3097,393.443617
MSFT,1H,2026-06-16T15:00:00Z,393.665,394.355,392.79,392.99,182156,3107,393.657971
MSFT,1H,2026-06-16T16:00:00Z,392.815,392.94,391.4,391.765,103144,1882,392.157666
MSFT,1H,2026-06-16T17:00:00Z,391.76,392.055,390.715,391.295,105019,1866,391.334657
MSFT,1H,2026-06-16T18:00:00Z,391.295,393.54,390.89,393.25,59215,1355,392.232628
MSFT,1H,2026-06-16T19:00:00Z,393.26,394.28,392.245,393.97,154883,3786,393.47256
MSFT,1H,2026-06-16T20:00:00Z,393.27,393.27,393.27,393.27,140,2,393.27
MSFT,1H,2026-06-17T12:00:00Z,391.04,391.04,391.04,391.04,100,1,391.04
MSFT,1H,2026-06-17T13:00:00Z,390.03,390.36,386.85,389.74,169147,3505,388.574799
MSFT,1H,2026-06-17T14:00:00Z,389.85,389.85,384.675,384.86,167770,3369,387.187911
MSFT,1H,2026-06-17T15:00:00Z,384.97,386.61,384.74,385.39,122180,2706,385.778249
MSFT,1H,2026-06-17T16:00:00Z,385.365,386.045,384.06,384.15,90707,2420,385.199819
MSFT,1H,2026-06-17T17:00:00Z,384.13,385.97,383.47,385.74,68820,1803,384.798106
MSFT,1H,2026-06-17T18:00:00Z,384.88,385.205,381.48,381.785,115218,3055,383.160229
MSFT,1H,2026-06-17T19:00:00Z,381.805,382.46,377.38,379.05,314439,7143,379.344002
MSFT,1H,2026-06-17T20:00:00Z,379.89,380.46,379.89,380.34,246,6,380.284737
MSFT,1H,2026-06-18T12:00:00Z,377.85,378.27,377.85,378.27,140,3,378.13
MSFT,1H,2026-06-18T13:00:00Z,377.915,379.29,373.32,376.18,212323,3686,375.552504
MSFT,1H,2026-06-18T14:00:00Z,376.32,379.615,375.35,376.69,215663,3890,377.670327
MSFT,1H,2026-06-18T15:00:00Z,376.6,378.02,374.84,377.91,145344,2811,376.015764
MSFT,1H,2026-06-18T16:00:00Z,377.89,379.6,376.595,379.51,94158,1816,378.044683
MSFT,1H,2026-06-18T17:00:00Z,379.52,381.36,379.205,379.76,84978,1746,380.267909
MSFT,1H,2026-06-18T18:00:00Z,379.72,379.75,377.36,377.995,121273,2519,378.204159
MSFT,1H,2026-06-18T19:00:00Z,377.865,380.48,377.13,379.08,289684,4853,378.804176
MSFT,1H,2026-06-22T12:00:00Z,378.18,378.18,377.28,377.28,357,7,377.75
MSFT,1H,2026-06-22T13:00:00Z,377.34,381.51,374.36,379.85,121719,2199,377.294423
MSFT,1H,2026-06-22T14:00:00Z,380.01,380.89,371.48,372.22,214115,4006,374.850439
MSFT,1H,2026-06-22T15:00:00Z,372.36,373.04,370.4,370.54,168995,2952,371.269096
MSFT,1H,2026-06-22T16:00:00Z,370.61,370.66,367.96,368.865,202163,3688,368.967464
MSFT,1H,2026-06-22T17:00:00Z,368.9,370.105,368.15,370.03,132637,2717,369.130446
MSFT,1H,2026-06-22T18:00:00Z,369.99,370.65,369.135,369.32,161987,3312,370.041626
MSFT,1H,2026-06-22T19:00:00Z,369.33,370.45,367.07,367.21,361333,7624,368.895833
MSFT,1H,2026-06-22T20:00:00Z,367.98,367.98,367.98,367.98,150,5,367.98
MSFT,1H,2026-06-23T12:00:00Z,371.91,372.42,371.91,372.42,110,2,372.095455
MSFT,1H,2026-06-23T13:00:00Z,371.8,375.85,370.82,374.86,143154,2970,373.31911
MSFT,1H,2026-06-23T14:00:00Z,374.865,377.19,373.26,374.725,133755,2848,375.162232
MSFT,1H,2026-06-23T15:00:00Z,374.57,374.97,372.5,373.39,112443,2271,373.413439
MSFT,1H,2026-06-23T16:00:00Z,373.46,373.53,371.675,372.9,80652,1713,372.791094
MSFT,1H,2026-06-23T17:00:00Z,372.85,374.56,372.43,373.53,109144,2315,373.177372
MSFT,1H,2026-06-23T18:00:00Z,373.48,374.23,372.28,372.87,135930,2552,373.31324
MSFT,1H,2026-06-23T19:00:00Z,372.9,376.12,372.815,373.93,190262,4469,374.215721
MSFT,1H,2026-06-24T12:00:00Z,370.64,370.64,370.64,370.64,40,1,370.64
MSFT,1H,2026-06-24T13:00:00Z,371.83,378.87,371.35,374.54,111968,1824,375.529488
MSFT,1H,2026-06-24T14:00:00Z,374.6,375.55,372.65,375.55,118650,2220,373.942399
MSFT,1H,2026-06-24T15:00:00Z,375.57,375.57,373.4,374.105,87464,1585,374.432625
MSFT,1H,2026-06-24T16:00:00Z,374.095,374.55,372.21,372.81,89275,1723,373.291168
MSFT,1H,2026-06-24T17:00:00Z,372.855,373.31,370.31,370.675,108464,2441,371.372075
MSFT,1H,2026-06-24T18:00:00Z,370.665,372.245,368.59,368.98,214546,3501,370.163241
MSFT,1H,2026-06-24T19:00:00Z,369.04,369.28,364.8,365.46,452041,7968,367.604969
MSFT,1H,2026-06-24T20:00:00Z,366.12,366.12,366.12,366.12,136,4,366.12
MSFT,1H,2026-06-25T12:00:00Z,363.84,363.84,363.16,363.16,260,6,363.462222
MSFT,1H,2026-06-25T13:00:00Z,362.81,364.19,356.645,357.475,214610,3711,358.966423
MSFT,1H,2026-06-25T14:00:00Z,357.42,359.99,355.43,355.46,323015,5346,358.123759
MSFT,1H,2026-06-25T15:00:00Z,355.62,356.58,353.75,355.605,346649,6532,355.261523
MSFT,1H,2026-06-25T16:00:00Z,355.585,355.61,351.12,351.6,370285,6988,352.50528
MSFT,1H,2026-06-25T17:00:00Z,351.62,352.31,349.205,350.61,291619,6061,351.045465
MSFT,1H,2026-06-25T18:00:00Z,350.63,357.775,350.28,355.41,315790,4937,354.561354
MSFT,1H,2026-06-25T19:00:00Z,355.35,355.63,351.65,352.415,659323,11985,353.385926
MSFT,1H,2026-06-25T20:00:00Z,354.21,354.21,353.97,353.97,80,2,354.09
MSFT,1H,2026-06-26T12:00:00Z,357.37,357.37,356.79,356.79,300,8,356.905454
MSFT,1H,2026-06-26T13:00:00Z,357.72,364.175,355.45,362.26,432730,5899,360.999801
MSFT,1H,2026-06-26T14:00:00Z,362.07,370.24,360.945,369.87,499020,7935,365.683047
MSFT,1H,2026-06-26T15:00:00Z,369.88,371.485,367.62,370.12,330354,6714,369.908916
MSFT,1H,2026-06-26T16:00:00Z,370.165,370.82,367.51,369.485,249711,4443,369.087142
MSFT,1H,2026-06-26T17:00:00Z,369.49,371.47,368.62,370.69,195684,3827,370.027705
MSFT,1H,2026-06-26T18:00:00Z,370.725,372,369.45,369.67,396553,8064,370.855237
MSFT,1H,2026-06-26T19:00:00Z,369.64,376.6,369.635,371.67,883557,14040,373.148706
MSFT,1H,2026-06-26T20:00:00Z,372.93,372.93,371.94,371.94,239,5,372.435
MSFT,1H,2026-06-29T12:00:00Z,379.42,379.61,379.42,379.61,80,2,379.515
MSFT,1H,2026-06-29T13:00:00Z,379.85,380.48,374.6,379.125,241081,3942,378.284992
MSFT,1H,2026-06-29T14:00:00Z,379.39,379.43,371.69,371.96,278240,4340,375.967933
MSFT,1H,2026-06-29T15:00:00Z,371.99,373.65,370.29,371.58,229325,4068,371.955509
MSFT,1H,2026-06-29T16:00:00Z,371.615,371.76,367.25,368.97,173654,3423,368.932579
MSFT,1H,2026-06-29T17:00:00Z,369.01,370.22,367.8,368.81,200083,3391,369.113544
MSFT,1H,2026-06-29T18:00:00Z,368.59,368.78,367.3,368.11,132630,2557,368.18346
MSFT,1H,2026-06-29T19:00:00Z,368.15,369.585,366.86,368.515,322501,5884,368.075844
MSFT,1H,2026-06-29T20:00:00Z,369.03,369.03,369.03,369.03,120,2,369.03
MSFT,1H,2026-06-30T12:00:00Z,368.31,368.37,368.31,368.37,140,3,368.327143
MSFT,1H,2026-06-30T13:00:00Z,370.93,372.57,367.54,371.51,124058,2600,370.807395
MSFT,1H,2026-06-30T14:00:00Z,371.54,372.585,369.19,369.775,175211,3083,371.540665
MSFT,1H,2026-06-30T15:00:00Z,369.73,370.89,368.19,370.335,109830,2073,369.960823
MSFT,1H,2026-06-30T16:00:00Z,370.565,373.37,370.255,372.73,94004,1857,371.592708
MSFT,1H,2026-06-30T17:00:00Z,372.72,373,370.43,370.89,106839,2376,371.312164
MSFT,1H,2026-06-30T18:00:00Z,370.87,371.43,369.83,370.475,143931,2497,370.667709
MSFT,1H,2026-06-30T19:00:00Z,370.49,374.12,370.37,372.92,233620,4645,372.12917
MSFT,1H,2026-07-01T12:00:00Z,376.89,380.99,376.89,380.99,643,19,378.331622
MSFT,1H,2026-07-01T13:00:00Z,379.14,382.13,374.91,377.44,140104,2421,378.025778
MSFT,1H,2026-07-01T14:00:00Z,377.765,385.38,376.77,385.33,221837,4270,382.289575
MSFT,1H,2026-07-01T15:00:00Z,385.33,387.78,383.82,385.78,180849,3568,385.885421
MSFT,1H,2026-07-01T16:00:00Z,385.885,387.055,385.09,386.265,143127,2502,385.98756
MSFT,1H,2026-07-01T17:00:00Z,386.33,388.25,386.09,387.735,136474,2686,387.344579
MSFT,1H,2026-07-01T18:00:00Z,387.745,388.81,386.81,386.94,198472,3942,387.908698
MSFT,1H,2026-07-01T19:00:00Z,386.93,387.985,383.12,384.38,517500,8248,385.383084
MSFT,1H,2026-07-01T20:00:00Z,383.4,383.4,383.4,383.4,100,2,383.4
MSFT,1H,2026-07-02T12:00:00Z,382.35,382.35,381.2,381.2,204,6,381.861538
MSFT,1H,2026-07-02T13:00:00Z,384.35,387.205,383.79,386.55,111575,1946,385.70238
MSFT,1H,2026-07-02T14:00:00Z,386.31,390.44,385.975,390.05,172435,2780,389.083305
MSFT,1H,2026-07-02T15:00:00Z,390.01,390.535,386.35,389.14,221781,3306,388.557398
MSFT,1H,2026-07-02T16:00:00Z,389.25,391.02,388.515,390.385,168991,3013,389.937171
MSFT,1H,2026-07-02T17:00:00Z,390.43,392.02,388.83,390.6,191870,3069,390.633634
MSFT,1H,2026-07-02T18:00:00Z,390.63,391.835,389.715,390.89,128538,2468,391.01405
MSFT,1H,2026-07-02T19:00:00Z,390.92,392.2,389.665,389.79,350210,6107,390.959772
MSFT,1H,2026-07-02T20:00:00Z,389.88,390.3,389.88,390.3,371,14,390.035556
MSFT,1H,2026-07-06T13:00:00Z,386.7,388.995,381.335,384.71,162240,3309,385.201691
MSFT,1H,2026-07-06T14:00:00Z,384.88,385.38,382.62,385.255,230069,4026,384.099901
MSFT,1H,2026-07-06T15:00:00Z,385.3,387.01,385.06,386.09,206098,3394,386.220311
MSFT,1H,2026-07-06T16:00:00Z,386.04,386.28,383.69,385.06,116194,2483,384.811708
MSFT,1H,2026-07-06T17:00:00Z,385.07,386.14,384.13,384.71,102839,2294,385.352072
MSFT,1H,2026-07-06T18:00:00Z,384.76,386.745,384.2,385.795,106441,2464,385.764828
MSFT,1H,2026-07-06T19:00:00Z,385.84,387.19,385.755,386.81,191367,4622,386.394645
MSFT,1H,2026-07-06T20:00:00Z,387.18,387.18,387.09,387.12,302,7,387.136034
MSFT,1H,2026-07-07T13:00:00Z,392.7,394.7,388.59,393.38,194020,4050,392.740218
MSFT,1H,2026-07-07T14:00:00Z,393.3,395.52,391.52,391.89,307282,5366,393.387097
MSFT,1H,2026-07-07T15:00:00Z,391.94,394.09,391.79,393.72,163112,3797,393.187041
MSFT,1H,2026-07-07T16:00:00Z,393.83,394.85,392.73,394.09,114725,2604,393.972549
MSFT,1H,2026-07-07T17:00:00Z,394.035,394.28,392.3,392.79,106136,2917,393.244326
MSFT,1H,2026-07-07T18:00:00Z,392.82,393.365,390.69,391.065,124618,3010,392.327115
MSFT,1H,2026-07-07T19:00:00Z,391.03,391.03,388.24,388.74,259802,7492,389.317684
MSFT,1H,2026-07-07T20:00:00Z,388.69,388.69,388.69,388.69,80,2,388.69
MSFT,1H,2026-07-08T12:00:00Z,384.66,384.66,384.66,384.66,120,3,384.66
MSFT,1H,2026-07-08T13:00:00Z,383.77,385.205,381.87,383.265,187908,3375,383.638767
MSFT,1H,2026-07-08T14:00:00Z,383.3,384.48,381.34,383.15,220874,4130,382.935826
MSFT,1H,2026-07-08T15:00:00Z,383.15,383.225,381.59,382.695,130556,2987,382.4734
MSFT,1H,2026-07-08T16:00:00Z,382.75,383.22,382.05,382.1,98737,2221,382.597685
MSFT,1H,2026-07-08T17:00:00Z,382.03,383.77,381.55,383.49,116321,2279,382.8806
MSFT,1H,2026-07-08T18:00:00Z,383.44,384.54,383.3,383.89,135079,2505,383.868986
MSFT,1H,2026-07-08T19:00:00Z,383.92,383.94,382.67,383.11,235080,5154,383.304302
MSFT,1H,2026-07-09T12:00:00Z,376.74,376.98,375.84,375.84,283,8,376.502963
MSFT,1H,2026-07-09T13:00:00Z,374.47,379.31,373.475,378.665,217720,3704,376.248482
MSFT,1H,2026-07-09T14:00:00Z,378.66,378.94,375.16,378.94,197999,4132,376.792242
MSFT,1H,2026-07-09T15:00:00Z,378.895,380.6,378.83,380.095,122681,2616,379.915193
MSFT,1H,2026-07-09T16:00:00Z,380.12,380.19,379.015,379.45,113505,2432,379.601005
MSFT,1H,2026-07-09T17:00:00Z,379.415,380.905,379.415,380.66,153795,3259,380.36075
MSFT,1H,2026-07-09T18:00:00Z,380.67,381.25,380.43,380.805,194765,3741,380.732098
MSFT,1H,2026-07-09T19:00:00Z,380.785,384.64,380.76,384.24,216832,5131,383.238195
MSFT,1H,2026-07-10T12:00:00Z,387.13,387.13,387.13,387.13,160,2,387.13
MSFT,1H,2026-07-10T13:00:00Z,388.42,391.8,384.775,385.19,185968,3373,388.189428
MSFT,1H,2026-07-10T14:00:00Z,385.03,385.77,381.97,382.585,185077,4374,383.857206
MSFT,1H,2026-07-10T15:00:00Z,382.44,384.7,381.54,384.15,134936,3231,383.29164
MSFT,1H,2026-07-10T16:00:00Z,384.19,385.725,383.615,385.67,100643,2543,384.550563
MSFT,1H,2026-07-10T17:00:00Z,385.675,385.74,383.155,383.505,105265,2712,384.597118
MSFT,1H,2026-07-10T18:00:00Z,383.51,385.59,383.47,384.99,78581,2208,384.796827
MSFT,1H,2026-07-10T19:00:00Z,384.96,385.7,384.78,385.09,178652,4651,385.171974
MSFT,1H,2026-07-13T13:00:00Z,386.95,391.04,385.66,387.33,194333,3643,388.179003
MSFT,1H,2026-07-13T14:00:00Z,387.39,389.68,384.19,389.47,214055,4280,385.960859
MSFT,1H,2026-07-13T15:00:00Z,389.45,391.23,389.33,390.57,176606,3812,390.553559
MSFT,1H,2026-07-13T16:00:00Z,390.49,393.325,390.31,393.06,130287,3037,391.797012
MSFT,1H,2026-07-13T17:00:00Z,393.02,393.555,391.405,391.88,117585,2862,392.525733
MSFT,1H,2026-07-13T18:00:00Z,391.915,393.65,391.86,392.88,137144,3427,392.577992
MSFT,1H,2026-07-13T19:00:00Z,392.91,393.16,389.67,390.985,283179,5937,391.248388
MSFT,1H,2026-07-13T20:00:00Z,390.54,391.2,390.54,390.6,140,4,390.757778
MSFT,1H,2026-07-14T12:00:00Z,378.69,380.7,378.3,379,701,18,379.130938
MSFT,1H,2026-07-14T13:00:00Z,380.16,385.21,378.71,385.16,151485,3212,381.956033
MSFT,1H,2026-07-14T14:00:00Z,385.25,387.74,382.86,387.46,241141,4933,384.830385
MSFT,1H,2026-07-14T15:00:00Z,387.53,387.645,384.45,384.755,139566,3200,385.87363
MSFT,1H,2026-07-14T16:00:00Z,384.75,387.58,384.195,387.53,110121,3104,386.120338
MSFT,1H,2026-07-14T17:00:00Z,387.54,388.15,386.35,387.16,117261,3101,386.991951
MSFT,1H,2026-07-14T18:00:00Z,387.14,387.58,385.28,385.29,115816,3177,386.544144
MSFT,1H,2026-07-14T19:00:00Z,385.315,386.35,384.77,384.94,236759,5450,385.448571
MSFT,1H,2026-07-14T20:00:00Z,385.14,385.35,385.14,385.35,205,4,385.245
MSFT,1H,2026-07-15T12:00:00Z,386.09,386.09,386.09,386.09,100,2,386.09
MSFT,1H,2026-07-15T13:00:00Z,387.655,391.425,386.535,389.49,159293,3021,389.582774
MSFT,1H,2026-07-15T14:00:00Z,389.62,397.75,389.56,394.05,206803,3987,395.297228
MSFT,1H,2026-07-15T15:00:00Z,394.09,397.895,393.77,397.34,298298,5720,396.238608
MSFT,1H,2026-07-15T16:00:00Z,397.27,398.95,394.215,394.515,252420,4263,396.771525
MSFT,1H,2026-07-15T17:00:00Z,394.515,396.87,394.365,396.13,163006,3228,395.811942
MSFT,1H,2026-07-15T18:00:00Z,396.13,397.145,395.33,395.67,245846,3772,396.387783
MSFT,1H,2026-07-15T19:00:00Z,395.64,396.37,394.64,395.61,251952,5212,395.418125
MSFT,1H,2026-07-15T20:00:00Z,396,396,396,396,100,2,396
MSFT,1H,2026-07-16T13:00:00Z,398.2,398.69,392.15,393.28,168820,2878,395.512294
MSFT,1H,2026-07-16T14:00:00Z,393.31,398.17,392.71,397.305,176788,3593,395.27538
MSFT,1H,2026-07-16T15:00:00Z,397.4,400.445,397.01,400.445,110231,2408,398.596037
MSFT,1H,2026-07-16T16:00:00Z,400.6,404.47,399.555,403.055,146225,2979,401.659186
MSFT,1H,2026-07-16T17:00:00Z,403.045,403.97,401.4,402.68,147424,3114,402.539862
MSFT,1H,2026-07-16T18:00:00Z,402.64,405.76,402.515,405.57,181940,3737,404.24914
MSFT,1H,2026-07-16T19:00:00Z,405.565,405.98,399.01,401.12,313313,5950,401.734558
MSFT,1H,2026-07-17T12:00:00Z,393.92,393.92,393.84,393.84,160,4,393.897143
MSFT,1H,2026-07-17T13:00:00Z,395.05,398.39,392.475,393.11,153278,3088,395.373632
MSFT,1H,2026-07-17T14:00:00Z,393.355,393.75,390.745,392.3,155857,3423,392.369034
MSFT,1H,2026-07-17T15:00:00Z,392.35,392.71,389.42,392.525,142244,2982,391.268473
MSFT,1H,2026-07-17T16:00:00Z,392.58,394.705,391.16,393.935,99871,2489,392.876077
MSFT,1H,2026-07-17T17:00:00Z,393.935,395.45,393.935,395.04,82319,1945,394.688916
MSFT,1H,2026-07-17T18:00:00Z,395.03,395.96,393.99,395.175,92177,2128,394.981228
MSFT,1H,2026-07-17T19:00:00Z,395.175,395.89,393.81,394.015,254597,5210,394.858925
MSFT,1H,2026-07-17T20:00:00Z,393.33,393.33,393.33,393.33,40,1,393.33
