symbol,timeframe,timestamp,open,high,low,close,volume,trade_count,vwap
AMZN,1H,2025-07-18T13:00:00Z,224.38,225.47,224,224.31,150666,1764,224.871465
AMZN,1H,2025-07-18T14:00:00Z,224.5,224.57,222.985,223.49,165360,2257,223.646516
AMZN,1H,2025-07-18T15:00:00Z,223.47,225.2,223.37,225.12,117970,1589,224.522188
AMZN,1H,2025-07-18T16:00:00Z,225.2,226,224.57,225.82,135915,1625,225.245056
AMZN,1H,2025-07-18T17:00:00Z,225.825,226.01,225.3,225.305,113239,1686,225.777657
AMZN,1H,2025-07-18T18:00:00Z,225.33,226.01,225.32,225.855,101527,1574,225.856678
AMZN,1H,2025-07-18T19:00:00Z,225.905,226.34,225.75,226.09,190004,2606,226.028167
AMZN,1H,2025-07-21T13:00:00Z,226.005,227.98,225.79,227.43,171542,2236,227.294515
AMZN,1H,2025-07-21T14:00:00Z,227.46,228.16,227.02,228.09,293829,3352,227.804572
AMZN,1H,2025-07-21T15:00:00Z,228.08,228.465,227.565,228.03,181237,2298,228.026679
AMZN,1H,2025-07-21T16:00:00Z,228.01,229.06,227.93,228.61,137888,1628,228.428581
AMZN,1H,2025-07-21T17:00:00Z,228.72,229.43,228.66,229.25,65605,1163,228.950044
AMZN,1H,2025-07-21T18:00:00Z,229.24,229.595,228.96,229.13,68120,1179,229.25889
AMZN,1H,2025-07-21T19:00:00Z,229.18,229.67,228.81,229.33,252226,3188,229.298511
AMZN,1H,2025-07-22T13:00:00Z,229.5,230,227.44,227.66,363850,4107,229.134926
AMZN,1H,2025-07-22T14:00:00Z,227.535,227.985,226.58,227.53,215456,2696,227.486543
AMZN,1H,2025-07-22T15:00:00Z,227.48,227.61,226.64,226.705,111544,1516,227.09899
AMZN,1H,2025-07-22T16:00:00Z,226.73,227.19,226.36,227.155,119112,1409,226.79761
AMZN,1H,2025-07-22T17:00:00Z,227.15,227.73,227.03,227.04,80669,1068,227.268455
AMZN,1H,2025-07-22T18:00:00Z,227.04,227.855,226.825,227.76,74364,1214,227.362086
AMZN,1H,2025-07-22T19:00:00Z,227.76,227.995,227.5,227.505,118077,1813,227.746637
AMZN,1H,2025-07-23T13:00:00Z,228.46,228.73,227.58,228.27,148870,1604,228.271571
AMZN,1H,2025-07-23T14:00:00Z,228.24,228.49,227.63,227.84,73218,1272,228.038653
AMZN,1H,2025-07-23T15:00:00Z,227.845,228.38,227.1,227.935,88308,1336,227.580554
AMZN,1H,2025-07-23T16:00:00Z,227.86,228.12,227.4,228.06,46609,814,227.802079
AMZN,1H,2025-07-23T17:00:00Z,228.12,228.48,227.845,228.38,60519,1006,228.217266
AMZN,1H,2025-07-23T18:00:00Z,228.36,228.49,228.3,228.375,55532,932,228.403716
AMZN,1H,2025-07-23T19:00:00Z,228.365,228.415,227.85,228.29,78532,1469,228.101248
AMZN,1H,2025-07-24T12:00:00Z,229.56,229.7,229.56,229.7,718,7,229.599706
AMZN,1H,2025-07-24T13:00:00Z,229.17,234.04,228.66,233.87,354515,4278,231.304546
AMZN,1H,2025-07-24T14:00:00Z,233.85,233.92,230.33,231.22,248747,3321,231.692032
AMZN,1H,2025-07-24T15:00:00Z,231.11,233.03,231.01,232.46,196065,2463,232.244014
AMZN,1H,2025-07-24T16:00:00Z,232.415,232.57,231.75,232.19,94042,1496,232.102176
AMZN,1H,2025-07-24T17:00:00Z,232.26,232.46,231.865,231.92,64323,1030,232.118884
AMZN,1H,2025-07-24T18:00:00Z,231.91,232.27,231.63,231.94,66733,1077,231.99385
AMZN,1H,2025-07-24T19:00:00Z,231.93,232.65,231.79,232.26,159316,2416,232.143501
AMZN,1H,2025-07-25T13:00:00Z,232.11,232.28,231.33,231.79,109248,1464,231.812652
AMZN,1H,2025-07-25T14:00:00Z,231.78,232.24,231.2,231.84,92002,1384,231.691151
AMZN,1H,2025-07-25T15:00:00Z,231.78,232.38,231.51,232.32,78541,1303,231.968715
AMZN,1H,2025-07-25T16:00:00Z,232.365,232.47,232.01,232.11,88794,1262,232.286998
AMZN,1H,2025-07-25T17:00:00Z,232.1,232.14,231.66,231.84,51836,989,231.870353
AMZN,1H,2025-07-25T18:00:00Z,231.82,231.94,231.445,231.795,56745,1058,231.780768
AMZN,1H,2025-07-25T19:00:00Z,231.74,232.08,231.36,231.44,114621,2035,231.710919
AMZN,1H,2025-07-28T13:00:00Z,233.475,234.27,232.27,233.43,138424,1933,233.092281
AMZN,1H,2025-07-28T14:00:00Z,233.46,234.19,233.07,233.66,167288,2298,233.698029
AMZN,1H,2025-07-28T15:00:00Z,233.675,234.01,232.85,232.98,119776,1631,233.325272
AMZN,1H,2025-07-28T16:00:00Z,232.875,233.29,232.64,233.13,107928,1731,232.875615
AMZN,1H,2025-07-28T17:00:00Z,233.16,233.255,232.82,232.89,55100,935,233.052444
AMZN,1H,2025-07-28T18:00:00Z,232.91,233.01,232.65,232.77,46040,852,232.80348
AMZN,1H,2025-07-28T19:00:00Z,232.745,233.155,232.5,232.79,120679,2133,232.781449
AMZN,1H,2025-07-29T13:00:00Z,234.205,234.72,231.42,231.93,165118,2155,232.772722
AMZN,1H,2025-07-29T14:00:00Z,231.86,232.005,230.315,230.685,164474,2317,231.295217
AMZN,1H,2025-07-29T15:00:00Z,230.72,231.39,230.53,231.36,120497,2006,230.934967
AMZN,1H,2025-07-29T16:00:00Z,231.34,231.7,230.63,231.62,113568,1755,231.219035
AMZN,1H,2025-07-29T17:00:00Z,231.61,231.85,231.075,231.375,65289,1223,231.528041
AMZN,1H,2025-07-29T18:00:00Z,231.39,231.82,231.05,231.56,79279,1205,231.469408
AMZN,1H,2025-07-29T19:00:00Z,231.57,231.71,230.8,231.05,151697,2239,231.16988
AMZN,1H,2025-07-30T13:00:00Z,231.58,231.69,230.66,230.82,119821,1493,231.092951
AMZN,1H,2025-07-30T14:00:00Z,230.735,230.74,229.74,229.87,179068,2281,230.268986
AMZN,1H,2025-07-30T15:00:00Z,229.855,230.32,229.56,230.27,130167,1515,230.02213
AMZN,1H,2025-07-30T16:00:00Z,230.27,230.64,230.08,230.46,70503,954,230.316295
AMZN,1H,2025-07-30T17:00:00Z,230.5,230.95,230.185,230.68,56879,903,230.506521
AMZN,1H,2025-07-30T18:00:00Z,230.75,231,229.68,229.81,127013,1846,230.535363
AMZN,1H,2025-07-30T19:00:00Z,229.735,230.33,229.33,230.23,179511,2677,229.785238
AMZN,1H,2025-07-30T20:00:00Z,235.52,237.26,235.52,237.26,1147,26,236.134118
AMZN,1H,2025-07-31T13:00:00Z,235.71,235.9,231.43,233.54,479693,5272,233.089638
AMZN,1H,2025-07-31T14:00:00Z,233.55,234.36,231.52,232.22,339451,4301,233.026259
AMZN,1H,2025-07-31T15:00:00Z,232.18,234.775,231.975,234.755,345821,5136,233.223174
AMZN,1H,2025-07-31T16:00:00Z,234.77,236.53,234.47,234.97,314266,4212,235.287565
AMZN,1H,2025-07-31T17:00:00Z,235.02,235.47,233.11,233.335,274111,3722,234.501373
AMZN,1H,2025-07-31T18:00:00Z,233.3,235,233.21,234.15,357999,4587,234.212383
AMZN,1H,2025-07-31T19:00:00Z,234.22,235.15,233.395,234.18,641185,8215,234.117794
AMZN,1H,2025-07-31T20:00:00Z,235.09,236.29,224.56,227.22,1252,57,228.943333
AMZN,1H,2025-08-01T13:00:00Z,217.14,220.4,215.26,218.465,1057602,11042,218.284343
AMZN,1H,2025-08-01T14:00:00Z,218.55,220.27,216.11,216.36,801418,9838,218.793994
AMZN,1H,2025-08-01T15:00:00Z,216.34,216.53,215.105,215.93,416641,6094,215.901518
AMZN,1H,2025-08-01T16:00:00Z,215.88,216.475,214.82,214.87,348751,5055,215.911686
AMZN,1H,2025-08-01T17:00:00Z,215.01,215.18,213.46,213.62,385412,5685,214.351584
AMZN,1H,2025-08-01T18:00:00Z,213.64,215.17,212.815,214.54,405278,6374,214.059026
AMZN,1H,2025-08-01T19:00:00Z,214.51,215.87,214.5,214.855,555582,7670,215.109986
AMZN,1H,2025-08-04T13:00:00Z,217.35,217.37,214.39,215.61,373198,4159,215.304091
AMZN,1H,2025-08-04T14:00:00Z,215.55,215.67,212.09,212.72,558973,6578,213.492791
AMZN,1H,2025-08-04T15:00:00Z,212.71,213.07,211.42,212.795,442867,5318,212.091759
AMZN,1H,2025-08-04T16:00:00Z,212.82,213.61,212.46,212.84,277389,3515,213.162803
AMZN,1H,2025-08-04T17:00:00Z,212.82,213.28,212.47,212.67,149818,2444,212.8292
AMZN,1H,2025-08-04T18:00:00Z,212.64,213.11,212.05,212.21,223045,2671,212.561344
AMZN,1H,2025-08-04T19:00:00Z,212.24,212.685,211.58,211.67,404038,4522,212.060813
AMZN,1H,2025-08-05T13:00:00Z,213.22,216.265,212.94,215.66,248212,3002,215.162643
AMZN,1H,2025-08-05T14:00:00Z,215.63,215.97,213.5,214.36,265865,3716,214.838795
AMZN,1H,2025-08-05T15:00:00Z,214.34,215.35,213.965,214.35,206116,2717,214.691987
AMZN,1H,2025-08-05T16:00:00Z,214.35,215.69,214.34,214.88,132536,1865,215.097
AMZN,1H,2025-08-05T17:00:00Z,214.9,215.66,214.37,215.41,102292,1516,214.970395
AMZN,1H,2025-08-05T18:00:00Z,215.41,215.46,213.62,213.8,154194,1793,214.272693
AMZN,1H,2025-08-05T19:00:00Z,213.82,214.205,213.55,213.86,232680,2947,213.835434
AMZN,1H,2025-08-06T13:00:00Z,214.67,214.67,213.76,213.875,158548,2131,214.173796
AMZN,1H,2025-08-06T14:00:00Z,213.84,217.77,213.75,217.6,321586,4061,215.859548
AMZN,1H,2025-08-06T15:00:00Z,217.66,218.55,217.17,218.53,269157,3453,217.64255
AMZN,1H,2025-08-06T16:00:00Z,218.52,219.9,218.3,219.78,153789,2110,218.954734
AMZN,1H,2025-08-06T17:00:00Z,219.9,221.655,219.56,221.11,197371,2672,220.72845
AMZN,1H,2025-08-06T18:00:00Z,221.075,221.925,220.83,220.92,160391,2190,221.435887
AMZN,1H,2025-08-06T19:00:00Z,220.79,222.52,220.79,222.33,291104,3652,221.694645
AMZN,1H,2025-08-07T13:00:00Z,220.95,225.815,220.95,225.53,305731,3783,224.027848
AMZN,1H,2025-08-07T14:00:00Z,225.57,226.17,223.055,223.34,245462,3353,224.71471
AMZN,1H,2025-08-07T15:00:00Z,223.45,223.73,222.77,222.84,112256,1874,223.200511
AMZN,1H,2025-08-07T16:00:00Z,222.84,223.22,221.825,222.92,105631,1779,222.695658
AMZN,1H,2025-08-07T17:00:00Z,222.96,223.15,221.46,222,77222,1340,222.153186
AMZN,1H,2025-08-07T18:00:00Z,222.03,222.09,220.82,221.49,89150,1608,221.257141
AMZN,1H,2025-08-07T19:00:00Z,221.43,223.18,221.13,223.18,157758,2679,222.207528
AMZN,1H,2025-08-08T13:00:00Z,223.24,223.765,222.57,222.95,134746,2009,223.167582
AMZN,1H,2025-08-08T14:00:00Z,222.95,223.3,222.03,222.8,236370,2608,222.703296
AMZN,1H,2025-08-08T15:00:00Z,222.89,223.46,222.205,222.88,181358,2319,222.870851
AMZN,1H,2025-08-08T16:00:00Z,222.86,223.145,222.22,222.485,144181,1510,222.670638
AMZN,1H,2025-08-08T17:00:00Z,222.455,222.64,222.23,222.58,106643,1113,222.451131
AMZN,1H,2025-08-08T18:00:00Z,222.61,222.69,221.9,222.29,77097,1012,222.213499
AMZN,1H,2025-08-08T19:00:00Z,222.3,222.71,222.15,222.695,196476,2370,222.470827
AMZN,1H,2025-08-11T13:00:00Z,223.2,223.2,220.4,220.995,179111,2452,221.731682
AMZN,1H,2025-08-11T14:00:00Z,221,222.01,220.87,221.5,128098,2188,221.560018
AMZN,1H,2025-08-11T15:00:00Z,221.5,221.85,221.05,221.53,128632,2062,221.425951
AMZN,1H,2025-08-11T16:00:00Z,221.5,222.225,221.335,221.82,105483,1719,221.892127
AMZN,1H,2025-08-11T17:00:00Z,221.81,221.9,220.85,220.92,209027,2114,221.371886
AMZN,1H,2025-08-11T18:00:00Z,221.03,221.095,220.635,220.955,109566,1866,220.862045
AMZN,1H,2025-08-11T19:00:00Z,221.07,221.47,220.45,221.39,187451,2692,221.000648
AMZN,1H,2025-08-12T13:00:00Z,222.215,223.465,219.065,219.82,212988,2778,221.146829
AMZN,1H,2025-08-12T14:00:00Z,219.82,221.18,219.34,220.83,194239,2753,220.4141
AMZN,1H,2025-08-12T15:00:00Z,220.82,222.025,220.82,222.02,123755,1935,221.309845
AMZN,1H,2025-08-12T16:00:00Z,221.88,222.16,221.39,221.99,87744,1410,221.766366
AMZN,1H,2025-08-12T17:00:00Z,222.01,222.425,221.68,222.13,93661,1591,222.085583
AMZN,1H,2025-08-12T18:00:00Z,222.1,222.16,221.755,221.97,80478,1250,221.969461
AMZN,1H,2025-08-12T19:00:00Z,221.95,221.96,221.075,221.43,218861,2869,221.615314
AMZN,1H,2025-08-13T13:00:00Z,222.31,224.83,222.16,224.335,127046,1881,223.882873
AMZN,1H,2025-08-13T14:00:00Z,224.33,224.33,222.51,223.19,175480,4222,223.256732
AMZN,1H,2025-08-13T15:00:00Z,223.16,224.83,222.865,223.39,183922,2688,223.843717
AMZN,1H,2025-08-13T16:00:00Z,223.4,224.585,223.21,224.3,114473,2195,223.921597
AMZN,1H,2025-08-13T17:00:00Z,224.41,224.695,224.18,224.55,81545,1308,224.410201
AMZN,1H,2025-08-13T18:00:00Z,224.48,224.505,223.92,224.26,83978,1288,224.097194
AMZN,1H,2025-08-13T19:00:00Z,224.275,224.81,224.11,224.53,151049,2229,224.466422
AMZN,1H,2025-08-14T13:00:00Z,227.375,230.48,227.115,230.165,412157,4540,229.501282
AMZN,1H,2025-08-14T14:00:00Z,230.21,230.49,228.52,229.9,300550,3981,229.451533
AMZN,1H,2025-08-14T15:00:00Z,229.95,230.08,228.325,229.81,224403,3155,229.151828
AMZN,1H,2025-08-14T16:00:00Z,229.79,231.72,229.59,231.575,232964,3126,230.686692
AMZN,1H,2025-08-14T17:00:00Z,231.59,233.03,231.11,232.97,122828,2085,232.114076
AMZN,1H,2025-08-14T18:00:00Z,232.97,233.1,231.55,231.61,201718,2737,232.460006
AMZN,1H,2025-08-14T19:00:00Z,231.58,232.04,230.89,230.89,370140,4344,231.368525
AMZN,1H,2025-08-15T13:00:00Z,232.46,234.06,231.225,231.71,309258,3835,232.318563
AMZN,1H,2025-08-15T14:00:00Z,231.65,232.675,231.3,231.39,210444,2934,232.094586
AMZN,1H,2025-08-15T15:00:00Z,231.4,231.935,230.37,230.625,133099,1951,231.247852
AMZN,1H,2025-08-15T16:00:00Z,230.57,230.66,229.83,230.53,108026,1699,230.226692
AMZN,1H,2025-08-15T17:00:00Z,230.49,230.76,229.96,230.76,74150,1288,230.390611
AMZN,1H,2025-08-15T18:00:00Z,230.79,231,230.11,230.51,116424,1616,230.408535
AMZN,1H,2025-08-15T19:00:00Z,230.44,231.225,230.12,231.09,192580,2890,230.894862
AMZN,1H,2025-08-18T13:00:00Z,230.225,230.92,228.355,228.72,202043,2178,229.947556
AMZN,1H,2025-08-18T14:00:00Z,228.82,230.53,228.82,230.51,138633,1997,229.725593
AMZN,1H,2025-08-18T15:00:00Z,230.465,230.75,230.08,230.34,86559,1352,230.46476
AMZN,1H,2025-08-18T16:00:00Z,230.32,230.575,229.78,230.11,75143,1150,230.2643
AMZN,1H,2025-08-18T17:00:00Z,230.08,231.15,230.08,230.48,69177,1057,230.633561
AMZN,1H,2025-08-18T18:00:00Z,230.5,231.17,230.42,231.17,57694,937,230.815718
AMZN,1H,2025-08-18T19:00:00Z,231.14,231.91,231.09,231.56,106583,1678,231.520858
AMZN,1H,2025-08-19T13:00:00Z,230.225,230.5,228.58,229.085,94480,1269,229.413915
AMZN,1H,2025-08-19T14:00:00Z,229.12,229.505,227.71,228.43,172968,2263,228.55305
AMZN,1H,2025-08-19T15:00:00Z,228.41,229.1,228.145,229.015,98187,1340,228.5639
AMZN,1H,2025-08-19T16:00:00Z,229.01,229.34,228.035,228.285,156402,2075,228.559219
AMZN,1H,2025-08-19T17:00:00Z,228.3,228.465,227.905,228.17,84244,1205,228.146431
AMZN,1H,2025-08-19T18:00:00Z,228.19,228.19,227.275,227.53,83092,1224,227.773198
AMZN,1H,2025-08-19T19:00:00Z,227.46,228.04,227.14,228.005,128205,2045,227.597562
AMZN,1H,2025-08-20T13:00:00Z,227.15,227.215,222.97,223.7,159527,2258,224.843875
AMZN,1H,2025-08-20T14:00:00Z,223.675,223.98,220.93,221.275,293597,3934,222.317886
AMZN,1H,2025-08-20T15:00:00Z,221.255,224.19,221.215,222.88,148864,2076,222.995442
AMZN,1H,2025-08-20T16:00:00Z,222.83,224.285,222.83,223.39,126302,1912,223.662306
AMZN,1H,2025-08-20T17:00:00Z,223.35,224.755,223.31,223.81,120281,1873,224.029822
AMZN,1H,2025-08-20T18:00:00Z,223.81,223.81,223.19,223.37,67127,1326,223.5198
AMZN,1H,2025-08-20T19:00:00Z,223.42,224.53,223.375,223.8,178136,2890,224.025864
AMZN,1H,2025-08-21T12:00:00Z,222.5,222.5,222.5,222.5,100,1,222.5
AMZN,1H,2025-08-21T13:00:00Z,222.75,222.76,220.55,220.96,215323,2313,221.448973
AMZN,1H,2025-08-21T14:00:00Z,220.9,222.56,220.6,221.54,252848,2674,221.666185
AMZN,1H,2025-08-21T15:00:00Z,221.55,222.4,221.01,221.1,143375,1723,221.698153
AMZN,1H,2025-08-21T16:00:00Z,221.1,221.72,220.825,221.14,94622,1208,221.299815
AMZN,1H,2025-08-21T17:00:00Z,221.16,221.65,220.74,221.52,115238,1377,221.176505
AMZN,1H,2025-08-21T18:00:00Z,221.47,221.98,221.34,221.86,82701,1078,221.687068
AMZN,1H,2025-08-21T19:00:00Z,221.78,222.23,221.74,222,147377,2002,221.953198
AMZN,1H,2025-08-22T13:00:00Z,222.83,223.03,220.825,221.09,98308,1606,221.994382
AMZN,1H,2025-08-22T14:00:00Z,221.14,226.87,221.13,226.46,344621,4637,225.032113
AMZN,1H,2025-08-22T15:00:00Z,226.51,227.79,226.46,226.79,164115,2356,227.357209
AMZN,1H,2025-08-22T16:00:00Z,226.83,227.31,226.48,226.89,123499,1553,226.919037
AMZN,1H,2025-08-22T17:00:00Z,226.9,228.27,226.9,228.12,121187,1664,227.603521
AMZN,1H,2025-08-22T18:00:00Z,228.17,229,227.99,228.93,126739,1876,228.426299
AMZN,1H,2025-08-22T19:00:00Z,228.91,229.1,228.24,228.85,288984,3968,228.832227
AMZN,1H,2025-08-25T13:00:00Z,227.47,229.08,227.42,228.34,77869,1138,228.086274
AMZN,1H,2025-08-25T14:00:00Z,228.51,229.31,228,229.27,94216,1339,228.775278
AMZN,1H,2025-08-25T15:00:00Z,229.215,229.59,228.72,228.74,98285,1359,229.245232
AMZN,1H,2025-08-25T16:00:00Z,228.78,228.86,228.16,228.43,62779,951,228.548571
AMZN,1H,2025-08-25T17:00:00Z,228.42,228.65,228.17,228.53,49430,846,228.430407
AMZN,1H,2025-08-25T18:00:00Z,228.56,228.63,228.3,228.5,49482,793,228.487762
AMZN,1H,2025-08-25T19:00:00Z,228.47,228.89,227.93,227.93,121313,1911,228.503555
AMZN,1H,2025-08-26T13:00:00Z,227.45,228.14,226.07,226.91,88580,1377,227.067326
AMZN,1H,2025-08-26T14:00:00Z,226.92,228.56,226.74,228.36,131565,1863,227.58904
AMZN,1H,2025-08-26T15:00:00Z,228.345,228.51,227.83,228.16,81049,1303,228.186533
AMZN,1H,2025-08-26T16:00:00Z,228.17,228.44,227.79,227.98,75628,1039,228.133302
AMZN,1H,2025-08-26T17:00:00Z,227.985,227.985,227.34,227.47,54371,962,227.697485
AMZN,1H,2025-08-26T18:00:00Z,227.465,228.075,227.46,228.03,46504,827,227.817542
AMZN,1H,2025-08-26T19:00:00Z,227.98,228.85,227.84,228.68,118857,2156,228.27745
AMZN,1H,2025-08-27T13:00:00Z,228.66,229.855,227.85,229.15,137424,1641,228.842293
AMZN,1H,2025-08-27T14:00:00Z,229.175,229.64,228.94,228.97,102511,1464,229.233484
AMZN,1H,2025-08-27T15:00:00Z,228.99,229.34,228.595,229.24,61726,970,228.89302
AMZN,1H,2025-08-27T16:00:00Z,229.21,229.33,228.31,228.84,43644,633,228.864781
AMZN,1H,2025-08-27T17:00:00Z,228.85,228.94,228.43,228.83,29504,522,228.745142
AMZN,1H,2025-08-27T18:00:00Z,228.92,229.26,228.75,228.91,42882,686,229.014599
AMZN,1H,2025-08-27T19:00:00Z,228.89,229.39,228.29,229.05,121138,1695,228.951293
AMZN,1H,2025-08-27T20:00:00Z,228.66,228.66,228.66,228.66,125,1,228.66
AMZN,1H,2025-08-28T13:00:00Z,229.23,230.82,228.04,229.14,91145,1328,229.347861
AMZN,1H,2025-08-28T14:00:00Z,229.13,231.54,229.02,231.43,122542,1748,230.36742
AMZN,1H,2025-08-28T15:00:00Z,231.44,232.675,231.41,231.61,119583,1697,232.065252
AMZN,1H,2025-08-28T16:00:00Z,231.57,232.64,231.46,231.87,77918,1086,232.140331
AMZN,1H,2025-08-28T17:00:00Z,231.84,232.14,231.585,232.04,52125,820,231.791449
AMZN,1H,2025-08-28T18:00:00Z,232.08,232.23,231.855,231.855,63206,956,232.054287
AMZN,1H,2025-08-28T19:00:00Z,231.85,231.905,231.38,231.55,174294,2272,231.658519
AMZN,1H,2025-08-29T13:00:00Z,231.315,231.77,229.59,229.85,115294,1494,230.444279
AMZN,1H,2025-08-29T14:00:00Z,230,230.35,228.49,228.59,166232,2219,229.545733
AMZN,1H,2025-08-29T15:00:00Z,228.77,229.14,228.455,228.49,108670,1437,228.845821
AMZN,1H,2025-08-29T16:00:00Z,228.49,229.035,228.45,228.8,68528,955,228.741365
AMZN,1H,2025-08-29T17:00:00Z,228.8,228.92,228.16,228.795,59447,885,228.531236
AMZN,1H,2025-08-29T18:00:00Z,228.73,228.96,228.56,228.845,54418,841,228.72289
AMZN,1H,2025-08-29T19:00:00Z,228.87,229.19,228.45,229.02,136087,2065,228.863229
AMZN,1H,2025-09-02T12:00:00Z,224.15,224.15,224.15,224.15,195,2,224.15
AMZN,1H,2025-09-02T13:00:00Z,224.15,225.37,223.1,224.64,191526,2359,224.328881
AMZN,1H,2025-09-02T14:00:00Z,224.7,225.05,223.5,224.01,212933,2601,224.459439
AMZN,1H,2025-09-02T15:00:00Z,224.005,224.04,221.835,222.06,190057,2310,222.804375
AMZN,1H,2025-09-02T16:00:00Z,222.05,224.5,222.05,224.365,130156,1685,223.470736
AMZN,1H,2025-09-02T17:00:00Z,224.39,225.93,224.37,225.27,90153,1226,225.100359
AMZN,1H,2025-09-02T18:00:00Z,225.3,225.65,224.91,225.24,54191,830,225.248987
AMZN,1H,2025-09-02T19:00:00Z,225.33,225.99,225.24,225.34,180013,2310,225.573804
AMZN,1H,2025-09-03T13:00:00Z,225.22,227.135,224.95,226.265,441822,3404,226.352106
AMZN,1H,2025-09-03T14:00:00Z,226.28,227.1,225.875,226.455,122728,1860,226.562829
AMZN,1H,2025-09-03T15:00:00Z,226.5,226.54,225.35,225.88,116726,1678,225.857535
AMZN,1H,2025-09-03T16:00:00Z,225.86,225.94,224.92,225.155,101980,1259,225.428609
AMZN,1H,2025-09-03T17:00:00Z,225.13,226.085,224.82,225.055,130405,1616,225.557356
AMZN,1H,2025-09-03T18:00:00Z,224.98,224.98,224.37,224.6,77179,1238,224.630332
AMZN,1H,2025-09-03T19:00:00Z,224.55,225.98,224.52,225.97,213505,2994,225.405658
AMZN,1H,2025-09-04T13:00:00Z,231.03,234.88,230.805,233.99,383510,4019,233.616361
AMZN,1H,2025-09-04T14:00:00Z,233.85,234.13,232.095,232.44,253948,3211,233.164188
AMZN,1H,2025-09-04T15:00:00Z,232.4,233.68,232.15,233.545,150922,2268,233.011419
AMZN,1H,2025-09-04T16:00:00Z,233.49,234.55,233.32,233.88,236320,2355,234.015883
AMZN,1H,2025-09-04T17:00:00Z,233.81,234.805,233.81,234.77,152938,1932,234.387231
AMZN,1H,2025-09-04T18:00:00Z,234.76,235.665,234.76,235.13,162936,2439,235.227065
AMZN,1H,2025-09-04T19:00:00Z,235.125,235.75,234.8,235.67,330594,4396,235.335377
AMZN,1H,2025-09-05T13:00:00Z,235.19,235.47,234.04,235.31,224511,2467,234.727676
AMZN,1H,2025-09-05T14:00:00Z,235.285,235.99,232.68,232.87,284679,3337,234.332166
AMZN,1H,2025-09-05T15:00:00Z,232.89,233.815,231.97,233.615,273581,3214,232.99072
AMZN,1H,2025-09-05T16:00:00Z,233.675,234.27,233.21,233.66,132241,1689,233.851792
AMZN,1H,2025-09-05T17:00:00Z,233.55,233.55,232.78,233.03,101591,1514,233.164304
AMZN,1H,2025-09-05T18:00:00Z,233.04,233.27,232.74,232.945,95838,1447,233.017587
AMZN,1H,2025-09-05T19:00:00Z,232.955,233.08,231.98,232.365,333767,3653,232.450908
AMZN,1H,2025-09-08T12:00:00Z,234,234,234,234,200,1,234
AMZN,1H,2025-09-08T13:00:00Z,234,235.475,233.85,234.055,193344,2711,234.554962
AMZN,1H,2025-09-08T14:00:00Z,234.235,237.19,233.805,236.89,247070,3158,235.586405
AMZN,1H,2025-09-08T15:00:00Z,236.91,237.595,236.7,237.1,189077,2761,237.141748
AMZN,1H,2025-09-08T16:00:00Z,237.1,237.13,235.49,235.77,138222,1776,236.186076
AMZN,1H,2025-09-08T17:00:00Z,235.82,236.25,235.74,235.91,120640,1560,236.008566
AMZN,1H,2025-09-08T18:00:00Z,235.87,236.65,235.75,236.48,125140,1538,236.307544
AMZN,1H,2025-09-08T19:00:00Z,236.475,236.565,235.555,235.87,300678,3255,236.098625
AMZN,1H,2025-09-09T13:00:00Z,236.06,236.8,235.15,236.34,102861,1631,236.177863
AMZN,1H,2025-09-09T14:00:00Z,236.39,236.695,235.1,236.605,159125,2392,235.797321
AMZN,1H,2025-09-09T15:00:00Z,236.69,236.755,235.74,236.13,120861,1823,236.242125
AMZN,1H,2025-09-09T16:00:00Z,236.12,237.84,236.09,237.53,138753,1794,237.231885
AMZN,1H,2025-09-09T17:00:00Z,237.6,237.9,237.35,237.775,95451,1428,237.646354
AMZN,1H,2025-09-09T18:00:00Z,237.76,238.74,237.49,238.36,231618,2940,238.062001
AMZN,1H,2025-09-09T19:00:00Z,238.36,238.84,238.12,238.23,240984,2947,238.409399
AMZN,1H,2025-09-10T13:00:00Z,237.34,237.34,230.595,232.65,581836,6643,232.75122
AMZN,1H,2025-09-10T14:00:00Z,232.69,234.4,232.225,232.84,424859,4701,233.446012
AMZN,1H,2025-09-10T15:00:00Z,232.83,233.62,231.94,232.63,218979,2613,232.728442
AMZN,1H,2025-09-10T16:00:00Z,232.65,232.65,231.18,231.695,223724,2312,231.663797
AMZN,1H,2025-09-10T17:00:00Z,231.75,232.13,230.66,231.13,154395,1922,231.29878
AMZN,1H,2025-09-10T18:00:00Z,231.09,231.48,229.65,230.43,194530,2149,230.640167
AMZN,1H,2025-09-10T19:00:00Z,230.43,230.58,229.135,230.36,355240,3909,229.853588
AMZN,1H,2025-09-11T13:00:00Z,231.395,231.47,229.52,231.05,231043,2614,230.670908
AMZN,1H,2025-09-11T14:00:00Z,231.055,231.06,229.34,231,249723,3235,230.276959
AMZN,1H,2025-09-11T15:00:00Z,231.02,231.46,230.64,231.035,103944,1492,231.057543
AMZN,1H,2025-09-11T16:00:00Z,231.03,231.42,230.76,231.16,86280,1274,231.074393
AMZN,1H,2025-09-11T17:00:00Z,231.21,231.5,230.935,231.16,80333,1178,231.184962
AMZN,1H,2025-09-11T18:00:00Z,231.155,231.31,230.45,230.5,111027,1899,230.927784
AMZN,1H,2025-09-11T19:00:00Z,230.5,230.5,229.67,229.82,273109,3385,230.063275
AMZN,1H,2025-09-12T13:00:00Z,230.54,231.25,228.43,229.07,153388,1718,229.321489
AMZN,1H,2025-09-12T14:00:00Z,228.875,230.2,228.435,230.15,134344,1724,229.377228
AMZN,1H,2025-09-12T15:00:00Z,230.145,230.365,228.71,229.06,127220,1741,229.383303
AMZN,1H,2025-09-12T16:00:00Z,229.03,229.035,228.135,228.545,161105,1582,228.538992
AMZN,1H,2025-09-12T17:00:00Z,228.545,228.6,226.4,227.29,189888,2352,227.52031
AMZN,1H,2025-09-12T18:00:00Z,227.29,228.02,227.205,227.9,117475,1540,227.691
AMZN,1H,2025-09-12T19:00:00Z,227.91,228.4,227.54,228.05,151177,2070,227.97564
AMZN,1H,2025-09-15T13:00:00Z,230.86,232.115,230.35,231.73,149253,1963,231.119662
AMZN,1H,2025-09-15T14:00:00Z,231.72,233.405,230.955,233.38,174938,2249,231.784536
AMZN,1H,2025-09-15T15:00:00Z,233.39,233.73,232.43,232.62,146088,1926,232.935861
AMZN,1H,2025-09-15T16:00:00Z,232.6,233.255,231.73,231.81,106520,1391,232.518913
AMZN,1H,2025-09-15T17:00:00Z,231.835,231.86,231.05,231.78,58527,922,231.549065
AMZN,1H,2025-09-15T18:00:00Z,231.79,232.19,231.08,231.495,119333,1484,231.549608
AMZN,1H,2025-09-15T19:00:00Z,231.55,231.95,230.835,231.47,170051,2487,231.272573
AMZN,1H,2025-09-16T13:00:00Z,232.94,234.135,232.28,232.785,215158,2312,233.23292
AMZN,1H,2025-09-16T14:00:00Z,232.76,235.59,232.69,234.83,271617,3388,234.531401
AMZN,1H,2025-09-16T15:00:00Z,234.735,235.9,234.52,235.275,189034,2212,235.260512
AMZN,1H,2025-09-16T16:00:00Z,235.24,235.53,234.625,234.7,173869,1686,235.042815
AMZN,1H,2025-09-16T17:00:00Z,234.735,235.45,234.65,235.28,63576,889,234.965051
AMZN,1H,2025-09-16T18:00:00Z,235.325,235.36,234.69,234.85,64994,1086,234.972726
AMZN,1H,2025-09-16T19:00:00Z,234.86,234.97,233.97,234.04,152464,2503,234.484619
AMZN,1H,2025-09-17T13:00:00Z,233.77,234.15,231.285,231.45,308839,2783,232.165389
AMZN,1H,2025-09-17T14:00:00Z,231.37,231.51,229.72,230.56,255444,3167,230.62401
AMZN,1H,2025-09-17T15:00:00Z,230.5,231.07,230.065,230.87,121553,1553,230.558477
AMZN,1H,2025-09-17T16:00:00Z,230.81,231.09,230.27,230.495,73411,1130,230.658362
AMZN,1H,2025-09-17T17:00:00Z,230.51,231.67,230.47,231.62,107005,1412,231.205908
AMZN,1H,2025-09-17T18:00:00Z,231.72,232.34,228.72,230.09,246115,3004,230.439311
AMZN,1H,2025-09-17T19:00:00Z,230.02,231.6,229.97,231.59,229471,3955,231.076184
AMZN,1H,2025-09-18T13:00:00Z,232.405,232.405,228.8,230.09,151072,1955,230.174185
AMZN,1H,2025-09-18T14:00:00Z,230.13,232.11,230.13,231.82,119232,1782,231.336988
AMZN,1H,2025-09-18T15:00:00Z,231.96,233.06,231.92,232.17,129700,2002,232.453669
AMZN,1H,2025-09-18T16:00:00Z,232.23,233.465,232,233.1,97051,1401,232.749399
AMZN,1H,2025-09-18T17:00:00Z,233.06,233.29,232.07,232.14,80587,1274,232.701704
AMZN,1H,2025-09-18T18:00:00Z,232.145,232.59,231.585,232,110016,1448,232.146694
AMZN,1H,2025-09-18T19:00:00Z,232.015,232.06,230.855,231.22,215712,2525,231.389838
AMZN,1H,2025-09-19T13:00:00Z,232.125,233.17,231.93,233.17,116682,1643,232.703686
AMZN,1H,2025-09-19T14:00:00Z,233.19,233.865,232.53,233.64,167341,2227,233.247049
AMZN,1H,2025-09-19T15:00:00Z,233.67,234.14,232.97,233.045,97241,1435,233.372179
AMZN,1H,2025-09-19T16:00:00Z,233.045,234.145,232.92,233.27,124293,1353,233.443406
AMZN,1H,2025-09-19T17:00:00Z,233.21,233.42,232.59,232.75,111307,1421,233.034953
AMZN,1H,2025-09-19T18:00:00Z,232.785,232.96,231.82,232.175,151487,1849,232.34307
AMZN,1H,2025-09-19T19:00:00Z,232.21,232.435,230.575,231.5,401200,4545,231.606622
AMZN,1H,2025-09-22T13:00:00Z,230.565,230.565,227.98,229.61,143788,2011,229.049391
AMZN,1H,2025-09-22T14:00:00Z,229.6,230.5,229.5,230,115226,1723,229.981681
AMZN,1H,2025-09-22T15:00:00Z,229.97,230.09,228.83,228.98,124075,1738,229.331586
AMZN,1H,2025-09-22T16:00:00Z,228.95,229.06,228.14,228.38,187417,2456,228.601293
AMZN,1H,2025-09-22T17:00:00Z,228.39,229.065,228.06,228.18,121882,1820,228.509477
AMZN,1H,2025-09-22T18:00:00Z,228.205,228.44,227.9,228.04,140606,1965,228.088554
AMZN,1H,2025-09-22T19:00:00Z,228.07,228.23,227.515,227.62,297908,3644,227.891463
AMZN,1H,2025-09-23T13:00:00Z,227.805,227.81,221.245,221.58,470380,4672,223.778706
AMZN,1H,2025-09-23T14:00:00Z,221.35,223.43,221.34,223.43,353688,4063,222.505305
AMZN,1H,2025-09-23T15:00:00Z,223.405,224.13,222.255,222.33,324339,3177,222.930973
AMZN,1H,2025-09-23T16:00:00Z,222.34,222.81,222.035,222.595,252735,2384,222.504215
AMZN,1H,2025-09-23T17:00:00Z,222.555,222.555,221.13,221.81,276097,2928,221.969247
AMZN,1H,2025-09-23T18:00:00Z,221.74,221.76,220.7,220.92,330572,2805,221.131216
AMZN,1H,2025-09-23T19:00:00Z,220.955,221.18,220.08,220.74,760966,4860,220.609052
AMZN,1H,2025-09-24T13:00:00Z,224.37,224.45,221.35,221.725,286742,3065,222.296291
AMZN,1H,2025-09-24T14:00:00Z,221.68,222.59,220.76,221.215,339083,5447,221.603078
AMZN,1H,2025-09-24T15:00:00Z,221.205,221.815,219.82,219.82,234549,3322,220.884883
AMZN,1H,2025-09-24T16:00:00Z,219.86,221.03,219.595,220.23,167240,2435,220.2642
AMZN,1H,2025-09-24T17:00:00Z,220.255,221.17,220.1,220.41,128529,1878,220.547409
AMZN,1H,2025-09-24T18:00:00Z,220.42,220.68,219.915,220.43,130260,1875,220.273195
AMZN,1H,2025-09-24T19:00:00Z,220.42,220.43,219.46,220.23,394046,4123,220.022788
AMZN,1H,2025-09-25T13:00:00Z,220.11,220.515,218.22,218.725,192288,2454,219.209395
AMZN,1H,2025-09-25T14:00:00Z,218.67,220.62,218.56,219.835,294795,3648,219.831184
AMZN,1H,2025-09-25T15:00:00Z,219.775,220.49,219.07,220.16,194383,2591,219.79407
AMZN,1H,2025-09-25T16:00:00Z,220.25,220.66,219.07,219.07,302361,3151,219.683799
AMZN,1H,2025-09-25T17:00:00Z,219.08,219.2,217.93,218.03,305494,2672,218.725491
AMZN,1H,2025-09-25T18:00:00Z,218.01,218.13,216.48,217.26,528327,4846,217.379749
AMZN,1H,2025-09-25T19:00:00Z,217.225,218.43,216.94,218.155,483791,5482,217.485173
AMZN,1H,2025-09-26T13:00:00Z,219.08,220.95,218.045,220.82,258253,3022,219.729076
AMZN,1H,2025-09-26T14:00:00Z,220.815,221.05,218.26,219.12,221600,3240,219.224976
AMZN,1H,2025-09-26T15:00:00Z,219.15,219.65,218.66,219.31,196848,2694,219.186553
AMZN,1H,2025-09-26T16:00:00Z,219.35,220.25,219.2,220.07,143923,2095,219.835254
AMZN,1H,2025-09-26T17:00:00Z,220.05,220.46,219.95,220.29,120546,1925,220.20786
AMZN,1H,2025-09-26T18:00:00Z,220.28,220.5,219.95,220.47,132696,1860,220.257494
AMZN,1H,2025-09-26T19:00:00Z,220.465,220.6,219.56,219.77,247573,3768,220.076252
AMZN,1H,2025-09-29T13:00:00Z,220.08,221.8,219.3,221.59,203145,2351,220.574527
AMZN,1H,2025-09-29T14:00:00Z,221.54,222.07,221,221.15,174253,2509,221.450613
AMZN,1H,2025-09-29T15:00:00Z,221.135,221.51,220.55,221.02,160964,2014,220.893661
AMZN,1H,2025-09-29T16:00:00Z,221.055,221.71,220.96,221.18,145176,1955,221.384551
AMZN,1H,2025-09-29T17:00:00Z,221.18,221.81,220.635,221.12,185515,2321,221.17724
AMZN,1H,2025-09-29T18:00:00Z,221.11,222.03,220.92,221.76,226235,2219,221.377848
AMZN,1H,2025-09-29T19:00:00Z,221.73,222.53,221.3,222.15,278147,3868,221.883139
AMZN,1H,2025-09-30T13:00:00Z,222.04,222.11,218.37,218.455,181571,2203,219.760926
AMZN,1H,2025-09-30T14:00:00Z,218.45,219.64,217.9,219.595,251091,3294,218.876234
AMZN,1H,2025-09-30T15:00:00Z,219.585,219.72,218.62,218.88,178330,2393,219.07289
AMZN,1H,2025-09-30T16:00:00Z,218.91,219.53,218.75,218.81,127977,1850,219.170539
AMZN,1H,2025-09-30T17:00:00Z,218.78,219.29,218.7,218.72,152998,1746,218.996125
AMZN,1H,2025-09-30T18:00:00Z,218.75,219.45,218.68,219.15,131339,1386,219.196866
AMZN,1H,2025-09-30T19:00:00Z,219.14,220.17,219.08,219.52,433264,4025,219.689444
AMZN,1H,2025-10-01T13:00:00Z,217.185,219.79,216.69,218.82,262905,2659,218.683669
AMZN,1H,2025-10-01T14:00:00Z,218.82,220.185,218.82,219.68,231753,3665,219.538085
AMZN,1H,2025-10-01T15:00:00Z,219.68,221.04,219.135,220.73,242961,3926,220.030972
AMZN,1H,2025-10-01T16:00:00Z,220.71,221.46,220.62,220.96,211244,2305,221.061936
AMZN,1H,2025-10-01T17:00:00Z,220.97,222.03,220.96,221.42,104295,1490,221.627869
AMZN,1H,2025-10-01T18:00:00Z,221.51,222.13,221.34,221.915,116607,1556,221.81699
AMZN,1H,2025-10-01T19:00:00Z,221.91,222.01,220.04,220.64,231714,3346,220.805517
AMZN,1H,2025-10-02T13:00:00Z,221.64,221.64,218.955,219.685,399195,4032,219.997456
AMZN,1H,2025-10-02T14:00:00Z,219.635,220.87,219.12,220.2,188086,2636,220.117203
AMZN,1H,2025-10-02T15:00:00Z,220.19,221.6,219.995,221.46,141837,1856,220.632719
AMZN,1H,2025-10-02T16:00:00Z,221.405,222.39,221.14,222,122445,1646,221.900858
AMZN,1H,2025-10-02T17:00:00Z,221.96,222.79,221.78,222.26,114830,1489,222.436473
AMZN,1H,2025-10-02T18:00:00Z,222.21,222.41,221.84,222.295,114320,1569,222.147145
AMZN,1H,2025-10-02T19:00:00Z,222.3,222.5,221.38,222.44,265724,3457,221.993746
AMZN,1H,2025-10-03T13:00:00Z,223.44,224.115,222.45,223.79,188486,2011,223.23609
AMZN,1H,2025-10-03T14:00:00Z,223.78,223.805,222.43,222.8,268554,3011,222.970739
AMZN,1H,2025-10-03T15:00:00Z,222.81,223.04,222.44,222.7,126560,1679,222.769641
AMZN,1H,2025-10-03T16:00:00Z,222.71,222.99,221.955,222.04,215512,2820,222.376447
AMZN,1H,2025-10-03T17:00:00Z,222.02,222.02,219.8,220.28,287448,3807,220.687212
AMZN,1H,2025-10-03T18:00:00Z,220.29,220.41,219.48,219.72,279798,2668,219.919477
AMZN,1H,2025-10-03T19:00:00Z,219.8,219.97,219.34,219.495,268906,3490,219.685529
AMZN,1H,2025-10-06T13:00:00Z,220.99,220.99,216.06,218.235,396793,4543,217.399547
AMZN,1H,2025-10-06T14:00:00Z,218.3,219.065,217.975,219,293336,3424,218.460981
AMZN,1H,2025-10-06T15:00:00Z,218.95,220.34,218.525,220.17,165449,2258,219.241688
AMZN,1H,2025-10-06T16:00:00Z,220.145,220.43,219.35,220.01,130685,1836,219.858255
AMZN,1H,2025-10-06T17:00:00Z,219.97,220.99,219.905,220.95,149233,2174,220.460181
AMZN,1H,2025-10-06T18:00:00Z,220.95,221.7,220.59,221.36,201031,2577,221.229844
AMZN,1H,2025-10-06T19:00:00Z,221.37,221.72,220.64,220.84,375866,4262,220.932814
AMZN,1H,2025-10-07T13:00:00Z,220.865,222.87,220.27,221.095,205903,2621,221.433344
AMZN,1H,2025-10-07T14:00:00Z,221.06,222.35,220.715,221.92,187148,2435,221.796197
AMZN,1H,2025-10-07T15:00:00Z,221.87,221.97,220.47,220.7,152977,2146,221.108212
AMZN,1H,2025-10-07T16:00:00Z,220.7,221.5,220.46,220.58,73383,1190,220.864202
AMZN,1H,2025-10-07T17:00:00Z,220.59,221.195,220.54,220.72,51195,932,220.930385
AMZN,1H,2025-10-07T18:00:00Z,220.72,221.33,220.57,221.24,72881,1197,221.093316
AMZN,1H,2025-10-07T19:00:00Z,221.2,222.02,220.985,221.8,143554,2147,221.508731
AMZN,1H,2025-10-08T13:00:00Z,222.99,223.37,221.19,222.14,189003,2102,221.847104
AMZN,1H,2025-10-08T14:00:00Z,222.21,224.36,221.96,223.6,186333,2538,223.239537
AMZN,1H,2025-10-08T15:00:00Z,223.565,224.34,223.55,224.28,110283,1753,223.937445
AMZN,1H,2025-10-08T16:00:00Z,224.28,225.13,224.25,224.69,140233,2380,224.697371
AMZN,1H,2025-10-08T17:00:00Z,224.63,226.405,224.59,226.405,159995,2528,225.709181
AMZN,1H,2025-10-08T18:00:00Z,226.4,226.72,225.06,225.21,142697,2394,226.195001
AMZN,1H,2025-10-08T19:00:00Z,225.1,225.61,224.55,225.19,290991,3778,225.18055
AMZN,1H,2025-10-09T13:00:00Z,224.855,224.93,221.9,222.835,216580,2812,223.217646
AMZN,1H,2025-10-09T14:00:00Z,222.755,223.34,221.77,222.55,182965,2617,222.563317
AMZN,1H,2025-10-09T15:00:00Z,222.575,224.345,222.48,224.015,171159,2578,223.195358
AMZN,1H,2025-10-09T16:00:00Z,223.925,224.495,223.57,223.9,124817,1913,224.110326
AMZN,1H,2025-10-09T17:00:00Z,223.89,225.18,223.485,225.14,143615,2205,224.303551
AMZN,1H,2025-10-09T18:00:00Z,225.15,226.84,224.86,226.84,276071,3286,226.129257
AMZN,1H,2025-10-09T19:00:00Z,226.89,228.195,226.38,227.72,507864,4926,227.308269
AMZN,1H,2025-10-10T13:00:00Z,226.12,228.24,226.08,227.01,153938,2129,227.103876
AMZN,1H,2025-10-10T14:00:00Z,227.165,227.375,224.96,225.26,210849,3107,226.538228
AMZN,1H,2025-10-10T15:00:00Z,225.19,225.19,218.985,221.07,482117,6408,221.302248
AMZN,1H,2025-10-10T16:00:00Z,221.01,221.01,218.16,218.305,221644,3084,219.707736
AMZN,1H,2025-10-10T17:00:00Z,218.215,219.6,217.625,218.91,212223,3054,218.4812
AMZN,1H,2025-10-10T18:00:00Z,218.91,219.57,217.91,218.255,283671,3989,218.691984
AMZN,1H,2025-10-10T19:00:00Z,218.29,218.68,216.175,216.19,623624,8640,217.263483
AMZN,1H,2025-10-13T12:00:00Z,217.98,217.98,217.98,217.98,155,3,217.98
AMZN,1H,2025-10-13T13:00:00Z,218.16,219.97,217.085,219.935,230403,3097,218.504849
AMZN,1H,2025-10-13T14:00:00Z,219.88,220.5,218.72,219.075,320007,3972,219.809592
AMZN,1H,2025-10-13T15:00:00Z,219.08,220.51,218.79,220.365,213476,2826,219.65176
AMZN,1H,2025-10-13T16:00:00Z,220.405,220.62,219.875,220.53,190493,2783,220.262017
AMZN,1H,2025-10-13T17:00:00Z,220.5,220.59,219.71,220,95971,1724,220.015192
AMZN,1H,2025-10-13T18:00:00Z,220,220.62,219.98,220.15,112898,1829,220.306097
AMZN,1H,2025-10-13T19:00:00Z,220.19,220.565,219.81,220,301654,5102,220.232726
AMZN,1H,2025-10-14T13:00:00Z,215.405,215.435,212.65,215.08,366693,3785,214.14385
AMZN,1H,2025-10-14T14:00:00Z,214.925,216.915,214.925,216.135,255078,2605,216.159377
AMZN,1H,2025-10-14T15:00:00Z,216.21,218.22,216.205,217.78,155213,1999,217.215776
AMZN,1H,2025-10-14T16:00:00Z,217.81,219.315,217.06,218.7,129907,1785,218.115026
AMZN,1H,2025-10-14T17:00:00Z,218.66,219.05,217.265,217.29,222367,2814,218.156568
AMZN,1H,2025-10-14T18:00:00Z,217.305,217.61,216.835,217.385,221812,3059,217.245854
AMZN,1H,2025-10-14T19:00:00Z,217.42,217.735,215.4,216.43,409452,4802,216.733142
AMZN,1H,2025-10-15T13:00:00Z,216.445,217.69,215.95,216.93,265076,3000,216.869182
AMZN,1H,2025-10-15T14:00:00Z,216.95,217.23,215.165,216.64,454291,5238,216.424657
AMZN,1H,2025-10-15T15:00:00Z,216.685,216.685,214.16,214.83,334138,3615,215.293402
AMZN,1H,2025-10-15T16:00:00Z,214.85,215.68,214.71,215.01,143468,2020,215.164788
AMZN,1H,2025-10-15T17:00:00Z,215.06,215.06,212.67,214.75,196868,2404,213.881917
AMZN,1H,2025-10-15T18:00:00Z,214.735,215.26,214.38,215.08,96855,1460,214.924535
AMZN,1H,2025-10-15T19:00:00Z,215.08,215.65,214.625,215.56,212052,2933,215.152726
AMZN,1H,2025-10-16T13:00:00Z,215.55,218.57,215.36,218.145,192775,2726,217.672899
AMZN,1H,2025-10-16T14:00:00Z,218.05,218.53,217.13,217.54,164278,2464,217.849215
AMZN,1H,2025-10-16T15:00:00Z,217.49,217.87,216.19,216.57,179059,2698,216.816136
AMZN,1H,2025-10-16T16:00:00Z,216.515,216.71,213.95,215.56,262699,3650,215.318193
AMZN,1H,2025-10-16T17:00:00Z,215.6,215.84,214.29,214.63,183779,2619,215.037694
AMZN,1H,2025-10-16T18:00:00Z,214.66,214.745,212.85,214.53,254510,3543,213.790157
AMZN,1H,2025-10-16T19:00:00Z,214.52,214.86,213.63,214.47,276117,3703,214.219679
AMZN,1H,2025-10-16T20:00:00Z,214.44,214.44,214.44,214.44,100,1,214.44
AMZN,1H,2025-10-17T13:00:00Z,214.56,214.76,212.67,213.51,155645,2247,213.745007
AMZN,1H,2025-10-17T14:00:00Z,213.535,214.6,211.615,211.73,262661,3453,213.324235
AMZN,1H,2025-10-17T15:00:00Z,211.705,212.69,211.06,212.115,281499,4146,211.839999
AMZN,1H,2025-10-17T16:00:00Z,212.12,213.24,212.1,212.745,178690,2722,212.798039
AMZN,1H,2025-10-17T17:00:00Z,212.675,213.02,212.08,212.925,105059,1777,212.409807
AMZN,1H,2025-10-17T18:00:00Z,212.935,213.79,212.91,213.17,122602,2089,213.368513
AMZN,1H,2025-10-17T19:00:00Z,213.14,213.6,212.82,213.03,227761,3955,213.14367
AMZN,1H,2025-10-20T13:00:00Z,213.745,215,213.61,214.615,205599,2413,214.434042
AMZN,1H,2025-10-20T14:00:00Z,214.685,215.66,214.58,215.46,196603,2851,215.128463
AMZN,1H,2025-10-20T15:00:00Z,215.48,215.57,214.5,214.595,170735,2507,214.948385
AMZN,1H,2025-10-20T16:00:00Z,214.64,215.01,214.53,214.82,76522,1375,214.824151
AMZN,1H,2025-10-20T17:00:00Z,214.84,216.02,214.79,215.68,96375,1511,215.561137
AMZN,1H,2025-10-20T18:00:00Z,215.66,216.36,215.66,216.2,140066,2347,215.907056
AMZN,1H,2025-10-20T19:00:00Z,216.24,216.65,215.99,216.44,190855,2887,216.386663
AMZN,1H,2025-10-21T13:00:00Z,218.405,220.83,218,220.83,293913,3662,219.687671
AMZN,1H,2025-10-21T14:00:00Z,220.84,222.23,220.41,221.23,339956,5460,221.319718
AMZN,1H,2025-10-21T15:00:00Z,221.22,222.595,220.96,222.37,232051,3837,222.000941
AMZN,1H,2025-10-21T16:00:00Z,222.35,223.29,222.07,222.18,214200,3722,222.70499
AMZN,1H,2025-10-21T17:00:00Z,222.17,222.28,221.16,222.18,180567,3844,221.773593
AMZN,1H,2025-10-21T18:00:00Z,222.16,223.13,222.01,222.91,103372,1788,222.504273
AMZN,1H,2025-10-21T19:00:00Z,222.9,223.01,222.04,222.04,258762,5212,222.372944
AMZN,1H,2025-10-22T13:00:00Z,219.405,219.96,218.065,218.77,203351,2476,218.79372
AMZN,1H,2025-10-22T14:00:00Z,218.61,218.84,216.92,218.52,282183,3861,217.781331
AMZN,1H,2025-10-22T15:00:00Z,218.495,219.74,217.83,219.39,187397,2683,218.581076
AMZN,1H,2025-10-22T16:00:00Z,219.36,219.48,217.58,218.39,151056,2349,218.72304
AMZN,1H,2025-10-22T17:00:00Z,218.3,218.435,216.54,216.985,165382,2743,217.309075
AMZN,1H,2025-10-22T18:00:00Z,216.97,217.62,216.62,217.4,145361,2389,217.220885
AMZN,1H,2025-10-22T19:00:00Z,217.38,218.38,217.06,217.955,395852,6498,217.99804
AMZN,1H,2025-10-22T20:00:00Z,217.98,217.98,217.98,217.98,100,1,217.98
AMZN,1H,2025-10-23T13:00:00Z,218.61,220.79,218.18,220.52,143465,1802,219.875785
AMZN,1H,2025-10-23T14:00:00Z,220.59,220.635,219.13,220.42,165183,2638,220.028239
AMZN,1H,2025-10-23T15:00:00Z,220.42,220.43,219.43,219.96,123170,2255,220.032662
AMZN,1H,2025-10-23T16:00:00Z,219.94,220.53,219.94,220.2,95356,1696,220.233036
AMZN,1H,2025-10-23T17:00:00Z,220.3,220.7,219.715,220.7,106522,1943,220.193647
AMZN,1H,2025-10-23T18:00:00Z,220.69,220.69,220.17,220.52,98600,1801,220.47044
AMZN,1H,2025-10-23T19:00:00Z,220.55,221.295,220.37,221.09,339199,4989,220.99264
AMZN,1H,2025-10-24T13:00:00Z,221.945,224.1,221.945,223.6,118697,1597,223.318794
AMZN,1H,2025-10-24T14:00:00Z,223.64,224.635,222.9,223.115,169509,2871,223.850995
AMZN,1H,2025-10-24T15:00:00Z,223.13,224.58,223.02,224.37,162731,2461,223.859181
AMZN,1H,2025-10-24T16:00:00Z,224.36,225.25,224.24,225.05,139838,2072,224.727786
AMZN,1H,2025-10-24T17:00:00Z,225.015,225.38,224.7,224.89,94301,1658,225.044824
AMZN,1H,2025-10-24T18:00:00Z,224.88,225.065,224.48,224.62,70062,1184,224.754336
AMZN,1H,2025-10-24T19:00:00Z,224.64,224.66,224.08,224.26,227064,3413,224.360353
AMZN,1H,2025-10-27T13:00:00Z,227.505,228.175,226.625,227.845,153674,2207,227.527251
AMZN,1H,2025-10-27T14:00:00Z,227.78,228.375,226.785,226.785,122160,1989,227.564965
AMZN,1H,2025-10-27T15:00:00Z,226.825,227.19,226.64,227.065,85622,1447,226.922191
AMZN,1H,2025-10-27T16:00:00Z,227.02,227.93,227.01,227.73,107736,1538,227.563
AMZN,1H,2025-10-27T17:00:00Z,227.675,227.91,227.32,227.71,76989,1138,227.675206
AMZN,1H,2025-10-27T18:00:00Z,227.68,228,225.56,226.74,236423,2843,227.187152
AMZN,1H,2025-10-27T19:00:00Z,226.805,227.5,226.415,227.05,353922,4481,226.887132
AMZN,1H,2025-10-28T13:00:00Z,227.49,228.56,226.855,227.565,174972,2396,227.524703
AMZN,1H,2025-10-28T14:00:00Z,227.58,227.92,226.225,227.22,211657,3093,226.817528
AMZN,1H,2025-10-28T15:00:00Z,227.21,228.11,227.05,228.08,202797,3087,227.470512
AMZN,1H,2025-10-28T16:00:00Z,228.17,229.46,228.13,229.14,347809,4868,228.975275
AMZN,1H,2025-10-28T17:00:00Z,229.11,231.47,229.06,230.7,339770,4462,230.484469
AMZN,1H,2025-10-28T18:00:00Z,230.71,230.77,229.4,230.39,220841,3124,230.036339
AMZN,1H,2025-10-28T19:00:00Z,230.355,230.53,228.64,229.23,330986,5395,229.711605
AMZN,1H,2025-10-29T13:00:00Z,231.795,232.82,228.98,229.085,293116,2929,230.490182
AMZN,1H,2025-10-29T14:00:00Z,229.08,230.405,227.78,230.33,392167,5321,228.977409
AMZN,1H,2025-10-29T15:00:00Z,230.3,231.59,229.72,231.44,329250,4355,230.806841
AMZN,1H,2025-10-29T16:00:00Z,231.44,231.59,230.84,230.94,283444,3930,231.220903
AMZN,1H,2025-10-29T17:00:00Z,230.93,231.07,229.72,229.925,239747,2784,230.313814
AMZN,1H,2025-10-29T18:00:00Z,229.99,230.16,228.16,229.49,326924,4441,229.225646
AMZN,1H,2025-10-29T19:00:00Z,229.52,230.49,228.36,230.36,351682,4867,229.376899
AMZN,1H,2025-10-30T13:00:00Z,226.92,227.08,223.99,226.82,477943,5036,225.558286
AMZN,1H,2025-10-30T14:00:00Z,226.83,227.99,226.44,227.405,705365,7871,227.124728
AMZN,1H,2025-10-30T15:00:00Z,227.42,228.43,226.31,226.34,592901,6454,227.661791
AMZN,1H,2025-10-30T16:00:00Z,226.38,227.045,225.285,226,386268,5597,226.138388
AMZN,1H,2025-10-30T17:00:00Z,226.01,226.06,224.53,225.335,353645,4734,225.085297
AMZN,1H,2025-10-30T18:00:00Z,225.32,225.92,224.5,225.1,440052,7795,225.140327
AMZN,1H,2025-10-30T19:00:00Z,225.06,225.42,222.77,222.77,1122582,15449,223.892449
AMZN,1H,2025-10-30T20:00:00Z,240.5,249.72,240.5,248.84,60590,1181,245.171715
AMZN,1H,2025-10-31T13:00:00Z,252.28,253.83,246.99,248.63,2012078,16427,248.910696
AMZN,1H,2025-10-31T14:00:00Z,248.66,248.88,245.14,246.6,1048567,12565,246.974856
AMZN,1H,2025-10-31T15:00:00Z,246.57,248.82,245.6,246.96,764553,7864,247.656852
AMZN,1H,2025-10-31T16:00:00Z,246.84,247.04,244.93,245.875,502440,5722,245.934551
AMZN,1H,2025-10-31T17:00:00Z,245.91,246.94,244.98,246.48,278727,3772,246.001673
AMZN,1H,2025-10-31T18:00:00Z,246.38,247.92,246.38,246.92,301035,3717,247.260145
AMZN,1H,2025-10-31T19:00:00Z,246.9,247.48,244.22,244.29,768443,9312,245.847562
AMZN,1H,2025-11-03T14:00:00Z,254.17,258.68,251.63,255.41,853278,9157,256.394861
AMZN,1H,2025-11-03T15:00:00Z,255.35,257.44,254.65,255.11,660978,8398,255.742321
AMZN,1H,2025-11-03T16:00:00Z,255.155,256.53,254,256.01,605223,7876,255.47735
AMZN,1H,2025-11-03T17:00:00Z,256.005,256.67,255.185,255.97,609986,7367,256.103048
AMZN,1H,2025-11-03T18:00:00Z,255.98,257.16,255.495,255.505,499288,6313,256.318466
AMZN,1H,2025-11-03T19:00:00Z,255.52,256.03,254.72,255.67,446694,5910,255.365712
AMZN,1H,2025-11-03T20:00:00Z,255.72,256.02,253.05,253.99,737562,8712,254.551079
AMZN,1H,2025-11-04T14:00:00Z,249.73,255.12,249.72,255.05,225107,3294,252.422469
AMZN,1H,2025-11-04T15:00:00Z,255.135,255.44,251.895,252.61,306537,4015,253.681759
AMZN,1H,2025-11-04T16:00:00Z,252.6,253.155,251.37,251.72,224088,3249,252.226414
AMZN,1H,2025-11-04T17:00:00Z,251.73,251.82,250.17,250.44,195482,2876,250.924082
AMZN,1H,2025-11-04T18:00:00Z,250.43,250.7,249.4,250.03,212734,3069,249.963477
AMZN,1H,2025-11-04T19:00:00Z,249.99,250.3,249.03,249.32,149583,2298,249.591256
AMZN,1H,2025-11-04T20:00:00Z,249.3,250.07,248.7,249.395,349937,4860,249.293947
AMZN,1H,2025-11-05T14:00:00Z,248.56,248.56,246.18,248.105,146020,2154,247.608071
AMZN,1H,2025-11-05T15:00:00Z,247.99,249.21,247.42,248.25,173407,2972,248.269766
AMZN,1H,2025-11-05T16:00:00Z,248.24,249.635,247.725,249.355,206176,2926,248.851532
AMZN,1H,2025-11-05T17:00:00Z,249.33,250.99,248.835,250.76,164199,2495,249.753527
AMZN,1H,2025-11-05T18:00:00Z,250.59,250.76,249.595,249.83,116320,1935,250.284712
AMZN,1H,2025-11-05T19:00:00Z,249.81,249.81,248.79,249.09,107019,1803,249.229948
AMZN,1H,2025-11-05T20:00:00Z,249.06,250.8,248.41,250.245,318436,4666,249.584748
AMZN,1H,2025-11-06T14:00:00Z,249.26,250.34,247.995,247.995,215583,2646,249.26479
AMZN,1H,2025-11-06T15:00:00Z,247.82,248.155,243.44,244.11,342499,4687,246.030051
AMZN,1H,2025-11-06T16:00:00Z,244.145,244.47,242.18,242.305,281710,4183,243.387883
AMZN,1H,2025-11-06T17:00:00Z,242.39,244.71,242.39,244.55,153239,2408,243.798533
AMZN,1H,2025-11-06T18:00:00Z,244.45,244.765,243.385,244.22,128462,2295,244.183735
AMZN,1H,2025-11-06T19:00:00Z,244.23,245.53,244.11,245.235,190384,2885,245.040793
AMZN,1H,2025-11-06T20:00:00Z,245.26,245.305,242.655,242.96,460332,5465,243.865298
AMZN,1H,2025-11-07T13:00:00Z,240.51,240.51,240.51,240.51,264,5,240.51
AMZN,1H,2025-11-07T14:00:00Z,242.895,243.16,239.32,240.6,325151,3783,240.322276
AMZN,1H,2025-11-07T15:00:00Z,240.86,241.29,239.19,239.81,274525,3949,240.486296
AMZN,1H,2025-11-07T16:00:00Z,239.77,240.24,238.75,238.93,237522,3518,239.678217
AMZN,1H,2025-11-07T17:00:00Z,238.83,240.23,238.53,240.12,149986,2320,239.521733
AMZN,1H,2025-11-07T18:00:00Z,240.11,241.05,239.94,240.77,173975,2524,240.54406
AMZN,1H,2025-11-07T19:00:00Z,240.71,243.61,240.63,243.55,217483,3287,242.227719
AMZN,1H,2025-11-07T20:00:00Z,243.55,244.89,242.89,244.42,324448,4999,244.093857
AMZN,1H,2025-11-07T21:00:00Z,244.71,244.71,244.71,244.71,100,1,244.71
AMZN,1H,2025-11-10T14:00:00Z,248.34,251.73,248.335,249.94,309122,3781,250.011672
AMZN,1H,2025-11-10T15:00:00Z,249.825,249.93,246.28,246.545,311118,4094,248.045048
AMZN,1H,2025-11-10T16:00:00Z,246.48,246.945,245.62,246.91,297790,3955,246.23322
AMZN,1H,2025-11-10T17:00:00Z,246.91,248.41,246.43,248.4,205314,2673,247.416039
AMZN,1H,2025-11-10T18:00:00Z,248.4,248.945,248.36,248.57,178069,2371,248.611355
AMZN,1H,2025-11-10T19:00:00Z,248.57,248.91,248.47,248.56,197406,2762,248.669895
AMZN,1H,2025-11-10T20:00:00Z,248.56,249.225,247.91,248.37,396943,5029,248.611795
AMZN,1H,2025-11-11T14:00:00Z,248.61,249.3,247.85,249.29,74559,1264,248.504049
AMZN,1H,2025-11-11T15:00:00Z,249.345,249.59,247.625,248.125,106179,1896,248.396421
AMZN,1H,2025-11-11T16:00:00Z,248.15,248.96,247.23,247.765,107902,1835,248.055227
AMZN,1H,2025-11-11T17:00:00Z,247.735,248.765,247.7,248.7,58115,1004,248.281935
AMZN,1H,2025-11-11T18:00:00Z,248.69,249.71,248.63,249.61,80932,1462,249.186984
AMZN,1H,2025-11-11T19:00:00Z,249.58,249.635,249.02,249.08,75761,1370,249.325016
AMZN,1H,2025-11-11T20:00:00Z,249.07,249.46,248.75,249.05,170917,2804,249.057608
AMZN,1H,2025-11-12T14:00:00Z,250.155,250.36,247.51,247.89,122456,2025,248.959237
AMZN,1H,2025-11-12T15:00:00Z,247.87,248.34,244.52,244.83,217178,2995,246.052953
AMZN,1H,2025-11-12T16:00:00Z,244.67,245.62,243.94,244.78,147494,2076,244.807367
AMZN,1H,2025-11-12T17:00:00Z,244.765,246.135,244.66,246.09,106236,1474,245.412781
AMZN,1H,2025-11-12T18:00:00Z,246.155,246.27,245.1,245.61,120363,1587,245.635685
AMZN,1H,2025-11-12T19:00:00Z,245.555,245.88,244.77,245.05,122536,1408,245.285548
AMZN,1H,2025-11-12T20:00:00Z,244.98,245.32,243.75,244.22,233920,3116,244.553296
AMZN,1H,2025-11-13T14:00:00Z,243.1,243.71,240.74,242.26,112683,1856,241.799307
AMZN,1H,2025-11-13T15:00:00Z,242.2,243.24,240.17,240.94,182865,2947,241.446331
AMZN,1H,2025-11-13T16:00:00Z,240.92,241.265,238.99,239.63,232375,3343,239.718898
AMZN,1H,2025-11-13T17:00:00Z,239.565,239.965,238.25,238.44,191513,2922,239.354347
AMZN,1H,2025-11-13T18:00:00Z,238.52,239.16,237.81,238.755,190762,2885,238.438113
AMZN,1H,2025-11-13T19:00:00Z,238.79,239.17,237.45,237.94,137610,2124,238.450306
AMZN,1H,2025-11-13T20:00:00Z,237.91,238.96,236.78,237.63,393388,4922,237.833286
AMZN,1H,2025-11-14T13:00:00Z,233.01,233.01,233.01,233.01,305,5,233.01
AMZN,1H,2025-11-14T14:00:00Z,233.79,236.05,232.94,235.43,297381,3952,234.782881
AMZN,1H,2025-11-14T15:00:00Z,235.45,238.45,234.89,237.82,193999,3060,236.832364
AMZN,1H,2025-11-14T16:00:00Z,237.83,238.71,237.18,237.9,162097,2515,237.906437
AMZN,1H,2025-11-14T17:00:00Z,237.86,238.275,236.39,236.605,142038,2012,237.346883
AMZN,1H,2025-11-14T18:00:00Z,236.58,236.78,235.21,236.235,94722,1659,236.052616
AMZN,1H,2025-11-14T19:00:00Z,236.235,236.49,235.35,235.57,108068,1942,235.789741
AMZN,1H,2025-11-14T20:00:00Z,235.59,235.89,234.31,234.63,283048,4633,235.050578
AMZN,1H,2025-11-17T14:00:00Z,232.51,234.53,230.86,231.02,289660,3687,232.840796
AMZN,1H,2025-11-17T15:00:00Z,231.07,231.325,229.2,229.65,294418,4041,230.393498
AMZN,1H,2025-11-17T16:00:00Z,229.65,233.7,229.22,233.18,227091,3728,231.630168
AMZN,1H,2025-11-17T17:00:00Z,233.17,234,232.315,232.35,229824,2861,233.175842
AMZN,1H,2025-11-17T18:00:00Z,232.335,232.8,230.58,230.79,172733,2133,231.910907
AMZN,1H,2025-11-17T19:00:00Z,230.77,231.525,230.58,230.61,170764,2378,231.029294
AMZN,1H,2025-11-17T20:00:00Z,230.57,233.01,230.38,232.935,317992,4523,231.844611
AMZN,1H,2025-11-18T14:00:00Z,228.1,230.19,225.19,225.36,296422,3909,227.908717
AMZN,1H,2025-11-18T15:00:00Z,225.345,226.705,222.635,224.67,512977,6651,224.748183
AMZN,1H,2025-11-18T16:00:00Z,224.65,226.59,223.64,224.95,257350,3810,225.401479
AMZN,1H,2025-11-18T17:00:00Z,224.89,225.04,222.44,224.25,323706,3978,223.592481
AMZN,1H,2025-11-18T18:00:00Z,224.45,224.98,223.65,223.765,176289,2887,224.227149
AMZN,1H,2025-11-18T19:00:00Z,223.85,226.48,223.85,225.84,218994,2844,225.562425
AMZN,1H,2025-11-18T20:00:00Z,225.785,225.95,222.48,222.71,502102,6000,223.5779
AMZN,1H,2025-11-19T14:00:00Z,223.735,223.735,218.53,220.31,345056,4169,220.466184
AMZN,1H,2025-11-19T15:00:00Z,220.53,222.08,219.75,221.445,335073,4540,220.902517
AMZN,1H,2025-11-19T16:00:00Z,221.43,222.81,220.91,222.765,279058,3031,221.82307
AMZN,1H,2025-11-19T17:00:00Z,222.705,222.87,219.8,219.91,325770,3682,221.42577
AMZN,1H,2025-11-19T18:00:00Z,219.91,222,219.79,221.82,227836,2750,220.824328
AMZN,1H,2025-11-19T19:00:00Z,221.79,221.945,220.56,221.48,131086,2023,221.228314
AMZN,1H,2025-11-19T20:00:00Z,221.455,223.24,221.39,222.67,344288,4458,222.444913
AMZN,1H,2025-11-19T21:00:00Z,223.98,223.98,223.98,223.98,160,4,223.98
AMZN,1H,2025-11-20T13:00:00Z,227.42,227.42,227.42,227.42,437,11,227.42
AMZN,1H,2025-11-20T14:00:00Z,226.7,227.075,224.89,226.16,388102,3762,226.116881
AMZN,1H,2025-11-20T15:00:00Z,226.365,227.39,224.84,225.97,267738,3678,226.230934
AMZN,1H,2025-11-20T16:00:00Z,225.93,225.94,220.33,220.73,357745,4703,223.501111
AMZN,1H,2025-11-20T17:00:00Z,220.67,221.04,218.24,219.08,360341,4521,219.598669
AMZN,1H,2025-11-20T18:00:00Z,219.05,220.68,218.2,218.76,282431,3581,219.174208
AMZN,1H,2025-11-20T19:00:00Z,218.765,220,218.21,219.94,238803,3363,219.153371
AMZN,1H,2025-11-20T20:00:00Z,219.88,219.93,216.755,217.195,568512,7029,218.038046
AMZN,1H,2025-11-21T13:00:00Z,218.31,218.31,218.31,218.31,175,4,218.31
AMZN,1H,2025-11-21T14:00:00Z,218.08,218.08,215.29,217.11,264285,3517,216.415919
AMZN,1H,2025-11-21T15:00:00Z,217.13,217.89,215.28,215.77,545955,6638,216.54538
AMZN,1H,2025-11-21T16:00:00Z,215.66,219.825,215.2,219.74,312890,4540,217.650823
AMZN,1H,2025-11-21T17:00:00Z,219.82,220.7,219.24,219.39,286599,4116,219.997689
AMZN,1H,2025-11-21T18:00:00Z,219.415,220.355,218.04,219.36,167468,2544,219.059603
AMZN,1H,2025-11-21T19:00:00Z,219.41,222.185,219.27,220.92,230078,3257,221.031966
AMZN,1H,2025-11-21T20:00:00Z,220.9,221.45,219.94,220.65,451221,5656,220.666661
AMZN,1H,2025-11-21T21:00:00Z,220.71,220.71,220.71,220.71,117,3,220.71
AMZN,1H,2025-11-24T14:00:00Z,222.325,225.81,222.325,225.81,237064,2934,224.836012
AMZN,1H,2025-11-24T15:00:00Z,225.84,226.76,225.335,225.38,247200,3402,226.020186
AMZN,1H,2025-11-24T16:00:00Z,225.39,226.17,224.455,224.625,271591,3788,225.242475
AMZN,1H,2025-11-24T17:00:00Z,224.64,225.59,224.055,225.005,154609,2229,224.944915
AMZN,1H,2025-11-24T18:00:00Z,225.03,225.365,224.75,225.185,129223,1898,225.09024
AMZN,1H,2025-11-24T19:00:00Z,225.3,226.28,225.3,226.12,188082,2783,225.884397
AMZN,1H,2025-11-24T20:00:00Z,226.11,227.22,225.59,226.12,493559,6301,226.366171
AMZN,1H,2025-11-25T13:00:00Z,226.99,227.13,225.57,225.57,613,13,226.563333
AMZN,1H,2025-11-25T14:00:00Z,226.26,227.87,223.81,227.79,229137,3396,225.549639
AMZN,1H,2025-11-25T15:00:00Z,227.585,227.86,226.21,227.59,216925,2938,227.011553
AMZN,1H,2025-11-25T16:00:00Z,227.59,229.255,227.33,229.17,237587,3190,228.165588
AMZN,1H,2025-11-25T17:00:00Z,229.17,230,229.125,229.6,218087,2752,229.580833
AMZN,1H,2025-11-25T18:00:00Z,229.64,230.25,229.05,230.12,199292,2727,229.673868
AMZN,1H,2025-11-25T19:00:00Z,230.31,230.51,228.8,229.78,192059,2514,229.643978
AMZN,1H,2025-11-25T20:00:00Z,229.78,229.97,229.14,229.57,276462,3999,229.618988
AMZN,1H,2025-11-26T14:00:00Z,230.69,230.69,228.79,229.78,185605,2735,229.951908
AMZN,1H,2025-11-26T15:00:00Z,229.735,230.71,229.07,230.58,197368,2731,230.186168
AMZN,1H,2025-11-26T16:00:00Z,230.65,231.74,230.58,231.37,145120,2138,231.290882
AMZN,1H,2025-11-26T17:00:00Z,231.41,231.555,230.38,230.57,141832,2292,230.871035
AMZN,1H,2025-11-26T18:00:00Z,230.55,230.845,229.3,229.56,174283,3033,230.010248
AMZN,1H,2025-11-26T19:00:00Z,229.585,229.89,229.13,229.26,144719,2503,229.571645
AMZN,1H,2025-11-26T20:00:00Z,229.19,229.8,229.04,229.15,254512,4172,229.350781
AMZN,1H,2025-11-28T14:00:00Z,231.315,232.63,230.23,231.48,201281,2672,231.483737
AMZN,1H,2025-11-28T15:00:00Z,231.53,232.03,231.19,231.985,220937,3164,231.553666
AMZN,1H,2025-11-28T16:00:00Z,232,232.84,231.73,232.67,183267,2560,232.370558
AMZN,1H,2025-11-28T17:00:00Z,232.65,233.28,231.83,233.23,255495,3471,232.398664
AMZN,1H,2025-12-01T14:00:00Z,233.21,235.78,232.63,234.43,329643,3941,234.11439
AMZN,1H,2025-12-01T15:00:00Z,234.535,234.87,232.28,234.26,193227,2846,233.632402
AMZN,1H,2025-12-01T16:00:00Z,234.28,234.35,233.29,234.16,172714,2322,233.97819
AMZN,1H,2025-12-01T17:00:00Z,234.15,234.59,233.98,234.245,206049,2113,234.321733
AMZN,1H,2025-12-01T18:00:00Z,234.22,235.48,234.22,235.005,181784,2287,234.878321
AMZN,1H,2025-12-01T19:00:00Z,234.99,235,233.53,233.715,150844,2160,234.221782
AMZN,1H,2025-12-01T20:00:00Z,233.655,234.55,233.33,233.92,264906,3852,233.972726
AMZN,1H,2025-12-02T14:00:00Z,235.005,235.53,234.06,234.52,201026,2398,234.764452
AMZN,1H,2025-12-02T15:00:00Z,234.515,236.69,234.425,236.435,386389,4083,235.395485
AMZN,1H,2025-12-02T16:00:00Z,236.41,238.94,233.58,235.03,393414,5358,236.092132
AMZN,1H,2025-12-02T17:00:00Z,234.98,236.38,234.74,234.74,134727,1955,235.701192
AMZN,1H,2025-12-02T18:00:00Z,234.72,235.73,234.585,234.73,185227,1440,235.227834
AMZN,1H,2025-12-02T19:00:00Z,234.72,235.355,234.665,235.265,192591,1783,235.009094
AMZN,1H,2025-12-02T20:00:00Z,235.31,235.655,234.285,234.36,281495,3531,234.873573
AMZN,1H,2025-12-03T14:00:00Z,233.59,233.59,230.64,232.065,299570,2735,231.76039
AMZN,1H,2025-12-03T15:00:00Z,232.09,233.18,230.71,232.42,344780,3590,232.037659
AMZN,1H,2025-12-03T16:00:00Z,232.45,232.81,231.85,232.15,182235,2256,232.354256
AMZN,1H,2025-12-03T17:00:00Z,232.21,232.7,231.91,232.22,113315,1587,232.292764
AMZN,1H,2025-12-03T18:00:00Z,232.23,232.625,231.82,232,107498,1468,232.172785
AMZN,1H,2025-12-03T19:00:00Z,231.98,232.59,231.74,232.485,119452,1730,232.087238
AMZN,1H,2025-12-03T20:00:00Z,232.55,232.765,232.28,232.42,278101,3799,232.495775
AMZN,1H,2025-12-04T14:00:00Z,232.775,233.46,228.63,228.91,205959,2467,230.010169
AMZN,1H,2025-12-04T15:00:00Z,228.94,229.075,227.545,227.595,317870,3826,228.45756
AMZN,1H,2025-12-04T16:00:00Z,227.605,227.96,226.815,227.45,304048,4194,227.529574
AMZN,1H,2025-12-04T17:00:00Z,227.42,228.17,227.12,227.94,181676,2448,227.616745
AMZN,1H,2025-12-04T18:00:00Z,227.925,228.81,227.82,228.735,137662,1940,228.270881
AMZN,1H,2025-12-04T19:00:00Z,228.74,229.44,227.9,229.12,134642,2070,228.835182
AMZN,1H,2025-12-04T20:00:00Z,229.115,229.26,228.35,229.14,280372,3854,228.878391
AMZN,1H,2025-12-05T14:00:00Z,230.29,231.15,229.96,230.335,159930,2101,230.44164
AMZN,1H,2025-12-05T15:00:00Z,230.35,231.23,229.82,230.325,196666,2472,230.5951
AMZN,1H,2025-12-05T16:00:00Z,230.275,230.48,229.25,229.45,145192,2175,229.728265
AMZN,1H,2025-12-05T17:00:00Z,229.36,229.8,228.73,229.64,113225,1814,229.266606
AMZN,1H,2025-12-05T18:00:00Z,229.66,229.955,229.415,229.795,95546,1402,229.697249
AMZN,1H,2025-12-05T19:00:00Z,229.85,229.88,229.445,229.68,86475,1416,229.677384
AMZN,1H,2025-12-05T20:00:00Z,229.69,229.735,228.55,229.48,255039,3297,229.281166
AMZN,1H,2025-12-08T14:00:00Z,229.42,230.81,229,229.67,114107,1852,229.818224
AMZN,1H,2025-12-08T15:00:00Z,229.685,230.05,227.805,228,170319,2610,228.888684
AMZN,1H,2025-12-08T16:00:00Z,228,228.39,227.565,227.905,136657,2207,227.893398
AMZN,1H,2025-12-08T17:00:00Z,227.84,227.91,227.215,227.72,169209,2461,227.424102
AMZN,1H,2025-12-08T18:00:00Z,227.715,227.77,226.7,226.96,167267,2455,227.283419
AMZN,1H,2025-12-08T19:00:00Z,226.95,227.19,226.715,226.87,105850,1996,226.963353
AMZN,1H,2025-12-08T20:00:00Z,226.87,227.15,226.31,226.98,262745,3985,226.800724
AMZN,1H,2025-12-09T14:00:00Z,226.805,227.32,225.16,227.22,106203,1351,226.452844
AMZN,1H,2025-12-09T15:00:00Z,227.22,228.42,226.9,228.24,139249,2000,227.788096
AMZN,1H,2025-12-09T16:00:00Z,228.24,228.54,227.815,228.2,86472,1457,228.175074
AMZN,1H,2025-12-09T17:00:00Z,228.22,228.34,227.44,227.57,67367,1054,227.855624
AMZN,1H,2025-12-09T18:00:00Z,227.56,228.4,227.42,228.19,52697,926,228.101943
AMZN,1H,2025-12-09T19:00:00Z,228.18,228.26,227.675,227.91,46064,922,227.970666
AMZN,1H,2025-12-09T20:00:00Z,227.825,228.245,227.65,227.9,114238,2007,227.888829
AMZN,1H,2025-12-10T14:00:00Z,228.595,232.38,228.47,231.32,227982,2815,230.880162
AMZN,1H,2025-12-10T15:00:00Z,231.145,231.99,230.54,230.605,178384,2260,231.396961
AMZN,1H,2025-12-10T16:00:00Z,230.59,232.015,230,231.86,147853,1985,231.115457
AMZN,1H,2025-12-10T17:00:00Z,231.87,232.09,230.64,231.47,80051,1178,231.349513
AMZN,1H,2025-12-10T18:00:00Z,231.47,231.48,229.87,229.93,80787,1397,230.532367
AMZN,1H,2025-12-10T19:00:00Z,230.09,231.67,229.82,231.6,180102,2582,230.739435
AMZN,1H,2025-12-10T20:00:00Z,231.63,232.38,231.35,231.685,267480,3786,231.921944
AMZN,1H,2025-12-11T14:00:00Z,230.94,232.085,229.47,229.98,144535,1919,230.764815
AMZN,1H,2025-12-11T15:00:00Z,229.835,231.31,229.61,229.91,148870,2008,230.491712
AMZN,1H,2025-12-11T16:00:00Z,229.87,230.13,228.765,229.11,94541,1601,229.422874
AMZN,1H,2025-12-11T17:00:00Z,229.17,230.4,229.16,229.27,92761,1403,229.818308
AMZN,1H,2025-12-11T18:00:00Z,229.305,230,229.26,229.71,73456,1191,229.627549
AMZN,1H,2025-12-11T19:00:00Z,229.71,230.07,229.54,229.635,88446,1296,229.810575
AMZN,1H,2025-12-11T20:00:00Z,229.67,230.3,229.31,230.28,185989,2856,229.838028
AMZN,1H,2025-12-12T14:00:00Z,229.87,230.01,227.58,228.4,186385,2428,229.029483
AMZN,1H,2025-12-12T15:00:00Z,228.36,228.36,226.22,226.6,196894,2397,227.214266
AMZN,1H,2025-12-12T16:00:00Z,226.395,226.63,225.18,226.29,273882,3462,225.900146
AMZN,1H,2025-12-12T17:00:00Z,226.265,226.8,226.2,226.51,120473,1665,226.471577
AMZN,1H,2025-12-12T18:00:00Z,226.47,227.38,226.28,227.09,101817,1660,226.853682
AMZN,1H,2025-12-12T19:00:00Z,227.12,227.23,226.62,226.91,105183,1560,226.866384
AMZN,1H,2025-12-12T20:00:00Z,226.865,227.16,225.79,226.2,264906,3680,226.311407
AMZN,1H,2025-12-15T14:00:00Z,227.805,227.82,224.13,224.34,226383,2559,225.289636
AMZN,1H,2025-12-15T15:00:00Z,224.08,224.65,222.89,223.62,222649,2977,223.770641
AMZN,1H,2025-12-15T16:00:00Z,223.57,224.44,222.87,222.905,206956,2544,223.403351
AMZN,1H,2025-12-15T17:00:00Z,222.885,223.33,222.13,222.62,130975,1860,222.795447
AMZN,1H,2025-12-15T18:00:00Z,222.61,222.91,222.19,222.81,133489,1843,222.557941
AMZN,1H,2025-12-15T19:00:00Z,222.785,223.41,222.77,223.23,202439,2393,223.075351
AMZN,1H,2025-12-15T20:00:00Z,223.235,223.39,222.02,222.61,321512,4056,222.615533
AMZN,1H,2025-12-16T14:00:00Z,223.035,223.65,221.94,223.25,161488,2035,222.813216
AMZN,1H,2025-12-16T15:00:00Z,223.36,223.48,221.99,223.36,154306,2278,222.868335
AMZN,1H,2025-12-16T16:00:00Z,223.38,223.475,222.31,223.18,125221,2057,222.857071
AMZN,1H,2025-12-16T17:00:00Z,223.13,223.23,221.93,222.02,148972,2457,222.553911
AMZN,1H,2025-12-16T18:00:00Z,222,222.63,221.15,222.54,136813,1945,221.946558
AMZN,1H,2025-12-16T19:00:00Z,222.53,222.83,221.71,222.38,155637,2382,222.302826
AMZN,1H,2025-12-16T20:00:00Z,222.35,223.3,222.26,222.515,321582,3898,222.822446
AMZN,1H,2025-12-17T14:00:00Z,224.375,225.14,222.88,224.2,184740,2254,224.064714
AMZN,1H,2025-12-17T15:00:00Z,224.095,224.99,222.98,223.65,233848,3182,223.954345
AMZN,1H,2025-12-17T16:00:00Z,223.62,224.19,223.12,223.605,202964,2880,223.754288
AMZN,1H,2025-12-17T17:00:00Z,223.66,224.02,222.97,223.68,135088,2038,223.619729
AMZN,1H,2025-12-17T18:00:00Z,223.74,224.535,222.71,223.175,145620,1988,223.564077
AMZN,1H,2025-12-17T19:00:00Z,223.09,223.22,222.57,222.63,104655,1635,222.901467
AMZN,1H,2025-12-17T20:00:00Z,222.67,222.67,221.2,221.29,212546,3038,221.687016
AMZN,1H,2025-12-18T13:00:00Z,224.95,225.22,224.95,225.22,895,24,225.043333
AMZN,1H,2025-12-18T14:00:00Z,225.605,227.06,224.41,226.81,263795,3098,225.758766
AMZN,1H,2025-12-18T15:00:00Z,226.78,228.47,225.76,228.02,223104,3088,227.347964
AMZN,1H,2025-12-18T16:00:00Z,227.93,229.225,227.535,227.57,134288,2023,228.460155
AMZN,1H,2025-12-18T17:00:00Z,227.5,227.5,225.415,226.9,111174,1649,226.245722
AMZN,1H,2025-12-18T18:00:00Z,226.83,227.43,226.55,227,106326,1797,227.057308
AMZN,1H,2025-12-18T19:00:00Z,226.94,226.945,225.84,225.91,97271,1593,226.491989
AMZN,1H,2025-12-18T20:00:00Z,225.94,227.3,225.77,226.8,209274,3109,226.813596
AMZN,1H,2025-12-19T14:00:00Z,226.71,227.7,225.64,227.025,218590,2611,226.665504
AMZN,1H,2025-12-19T15:00:00Z,227,227.435,226.505,227.03,177991,2053,226.877344
AMZN,1H,2025-12-19T16:00:00Z,227,228.345,226.945,227.805,110474,1608,227.877868
AMZN,1H,2025-12-19T17:00:00Z,227.76,229.12,227.73,228.9,111703,1620,228.413546
AMZN,1H,2025-12-19T18:00:00Z,228.89,229.025,228.5,228.68,65723,1100,228.724138
AMZN,1H,2025-12-19T19:00:00Z,228.69,228.96,228.66,228.89,58270,948,228.795778
AMZN,1H,2025-12-19T20:00:00Z,228.89,229.11,226.74,227.48,244885,3311,227.977787
AMZN,1H,2025-12-22T14:00:00Z,228.52,228.52,227,228.13,120320,1679,227.666511
AMZN,1H,2025-12-22T15:00:00Z,228.09,228.25,226.815,226.84,161096,2309,227.457157
AMZN,1H,2025-12-22T16:00:00Z,226.83,227.73,226.715,227.54,173425,2372,227.288077
AMZN,1H,2025-12-22T17:00:00Z,227.57,228.25,227.57,228.19,110726,1495,228.013328
AMZN,1H,2025-12-22T18:00:00Z,228.21,228.465,227.69,228.15,90302,1281,228.059104
AMZN,1H,2025-12-22T19:00:00Z,228.21,228.615,228.07,228.46,73445,1258,228.357139
AMZN,1H,2025-12-22T20:00:00Z,228.46,229.47,228.36,228.38,237025,3153,228.854201
AMZN,1H,2025-12-23T14:00:00Z,229.055,232.13,228.73,231.27,184217,2297,230.773751
AMZN,1H,2025-12-23T15:00:00Z,230.97,231.29,229.92,230.93,128895,1966,230.576543
AMZN,1H,2025-12-23T16:00:00Z,230.91,231.525,230.34,231.43,103088,1652,230.961297
AMZN,1H,2025-12-23T17:00:00Z,231.44,231.675,231.13,231.44,67955,1276,231.363051
AMZN,1H,2025-12-23T18:00:00Z,231.42,231.87,231.22,231.82,61797,1211,231.568525
AMZN,1H,2025-12-23T19:00:00Z,231.81,232.285,231.66,232.285,59351,978,231.940178
AMZN,1H,2025-12-23T20:00:00Z,232.295,232.435,231.81,232.12,214920,2993,232.123845
AMZN,1H,2025-12-24T14:00:00Z,232.24,232.34,231.59,231.87,63398,949,231.939884
AMZN,1H,2025-12-24T15:00:00Z,231.82,232.7,231.335,232.47,85267,1171,232.064454
AMZN,1H,2025-12-24T16:00:00Z,232.52,232.94,232.325,232.69,76005,913,232.6082
AMZN,1H,2025-12-24T17:00:00Z,232.73,232.885,232.16,232.44,73790,1209,232.553777
AMZN,1H,2025-12-26T14:00:00Z,232.095,232.805,231.27,232.03,85207,1354,232.122988
AMZN,1H,2025-12-26T15:00:00Z,232.11,232.565,231.63,232.49,82411,1436,232.050812
AMZN,1H,2025-12-26T16:00:00Z,232.48,232.64,232.1,232.46,41577,695,232.452476
AMZN,1H,2025-12-26T17:00:00Z,232.45,232.98,232.24,232.83,45486,650,232.621183
AMZN,1H,2025-12-26T18:00:00Z,232.87,232.93,232.38,232.75,32735,546,232.610756
AMZN,1H,2025-12-26T19:00:00Z,232.73,232.89,232.7,232.86,26394,472,232.783695
AMZN,1H,2025-12-26T20:00:00Z,232.86,232.905,232.45,232.51,164431,1862,232.672709
AMZN,1H,2025-12-29T14:00:00Z,231.835,232.365,230.84,232.325,166723,1221,231.633788
AMZN,1H,2025-12-29T15:00:00Z,232.28,232.585,231.46,231.69,75843,1169,232.018934
AMZN,1H,2025-12-29T16:00:00Z,231.71,231.725,231.28,231.39,81243,1206,231.461667
AMZN,1H,2025-12-29T17:00:00Z,231.365,231.585,231.07,231.585,56436,992,231.2661
AMZN,1H,2025-12-29T18:00:00Z,231.525,231.83,231.23,231.32,74650,1158,231.5263
AMZN,1H,2025-12-29T19:00:00Z,231.315,232.285,231.115,232.245,61940,1126,231.628227
AMZN,1H,2025-12-29T20:00:00Z,232.24,232.45,231.91,232.095,182762,2336,232.16437
AMZN,1H,2025-12-30T14:00:00Z,231.19,232.325,230.28,232.18,115724,1377,231.480571
AMZN,1H,2025-12-30T15:00:00Z,232.135,232.135,230.945,231.31,130720,1178,231.42493
AMZN,1H,2025-12-30T16:00:00Z,231.29,232.035,231.21,231.27,98895,1095,231.694606
AMZN,1H,2025-12-30T17:00:00Z,231.26,231.45,231.12,231.4,62899,811,231.293063
AMZN,1H,2025-12-30T18:00:00Z,231.4,231.4,231.07,231.26,76227,893,231.231775
AMZN,1H,2025-12-30T19:00:00Z,231.25,231.855,231.15,231.515,157071,1149,231.302286
AMZN,1H,2025-12-30T20:00:00Z,231.515,232.77,231.29,232.49,271707,3026,232.285692
AMZN,1H,2025-12-31T14:00:00Z,232.935,232.935,231.76,231.91,81262,1230,232.160502
AMZN,1H,2025-12-31T15:00:00Z,231.92,232.38,230.895,231.005,93421,1545,231.582811
AMZN,1H,2025-12-31T16:00:00Z,230.98,231.53,230.75,231.475,68371,1093,231.050314
AMZN,1H,2025-12-31T17:00:00Z,231.45,231.53,231.16,231.44,54876,782,231.331132
AMZN,1H,2025-12-31T18:00:00Z,231.47,232.19,231.355,232.045,55403,810,231.768435
AMZN,1H,2025-12-31T19:00:00Z,232.04,232.21,231.07,231.21,65810,1009,231.706335
AMZN,1H,2025-12-31T20:00:00Z,231.225,231.225,230.69,230.85,147656,2235,230.954802
AMZN,1H,2026-01-02T14:00:00Z,231.28,235.41,231.28,232.845,220471,2676,233.678527
AMZN,1H,2026-01-02T15:00:00Z,232.845,232.995,225.5,225.78,325237,4441,228.845037
AMZN,1H,2026-01-02T16:00:00Z,225.7,226.66,224.87,225.71,190623,2653,225.675397
AMZN,1H,2026-01-02T17:00:00Z,225.725,226.865,225.65,225.98,117566,1607,226.295516
AMZN,1H,2026-01-02T18:00:00Z,225.975,226.38,224.74,225.11,86916,1427,225.580413
AMZN,1H,2026-01-02T19:00:00Z,225.17,226.77,225.16,226.33,128642,1567,226.276635
AMZN,1H,2026-01-02T20:00:00Z,226.31,226.73,226.015,226.49,251759,3219,226.431107
AMZN,1H,2026-01-05T14:00:00Z,228.9,232,227.22,230.94,350890,3561,230.156942
AMZN,1H,2026-01-05T15:00:00Z,230.94,233.545,230.81,231.845,370517,4269,232.228935
AMZN,1H,2026-01-05T16:00:00Z,231.83,233,231.37,232.75,243626,3038,232.169738
AMZN,1H,2026-01-05T17:00:00Z,232.77,233.99,232.77,233.43,181654,2730,233.423348
AMZN,1H,2026-01-05T18:00:00Z,233.46,233.68,232.42,232.705,103088,1641,232.801866
AMZN,1H,2026-01-05T19:00:00Z,232.7,233.45,232.38,232.78,85596,1453,232.850105
AMZN,1H,2026-01-05T20:00:00Z,232.75,233.17,232.28,233.005,238169,3605,232.832572
AMZN,1H,2026-01-06T14:00:00Z,232.33,236.95,232.12,236.88,233919,2793,235.006931
AMZN,1H,2026-01-06T15:00:00Z,236.88,238.61,235.655,238.135,347075,4522,237.304493
AMZN,1H,2026-01-06T16:00:00Z,238.08,238.95,237.505,238.7,273249,3585,238.371553
AMZN,1H,2026-01-06T17:00:00Z,238.81,243.16,238.665,241.87,403306,5515,241.472673
AMZN,1H,2026-01-06T18:00:00Z,241.83,242.59,241.375,241.9,177136,2753,241.96051
AMZN,1H,2026-01-06T19:00:00Z,241.95,242.05,240.52,241.62,156246,2418,241.155077
AMZN,1H,2026-01-06T20:00:00Z,241.61,241.82,240.63,240.87,299531,4349,241.118921
AMZN,1H,2026-01-07T13:00:00Z,240.72,240.79,240.72,240.79,350,4,240.743333
AMZN,1H,2026-01-07T14:00:00Z,239.755,243.72,239.545,243.425,261506,3712,242.40994
AMZN,1H,2026-01-07T15:00:00Z,243.595,244.27,242.225,244.25,243759,3951,243.169026
AMZN,1H,2026-01-07T16:00:00Z,244.26,244.775,242.96,244.09,155408,2622,243.801003
AMZN,1H,2026-01-07T17:00:00Z,244.1,245.28,243.75,245.125,145798,2498,244.431573
AMZN,1H,2026-01-07T18:00:00Z,245.11,245.235,244.28,244.29,118741,2037,244.952855
AMZN,1H,2026-01-07T19:00:00Z,244.23,244.25,242.47,242.47,119606,2203,243.457191
AMZN,1H,2026-01-07T20:00:00Z,242.47,242.745,241.525,241.58,246543,3767,242.099268
AMZN,1H,2026-01-08T14:00:00Z,243.06,244.955,241.935,244.13,210842,2828,243.492319
AMZN,1H,2026-01-08T15:00:00Z,244.04,245.16,242.87,245.16,220903,3252,244.391601
AMZN,1H,2026-01-08T16:00:00Z,245.17,245.24,244.075,245.15,186071,2480,244.534506
AMZN,1H,2026-01-08T17:00:00Z,245.2,246.28,244.455,245.81,132765,2093,245.488289
AMZN,1H,2026-01-08T18:00:00Z,245.72,246.17,245.36,245.77,126622,1793,245.753414
AMZN,1H,2026-01-08T19:00:00Z,245.79,246.23,245.36,246.01,105444,1462,245.866829
AMZN,1H,2026-01-08T20:00:00Z,245.97,246.405,245.37,246.23,241498,3262,246.022617
AMZN,1H,2026-01-09T14:00:00Z,244.3,245.46,243.1,244.2,192737,2419,244.329167
AMZN,1H,2026-01-09T15:00:00Z,244.29,245.98,242.25,245.83,341180,4175,244.743586
AMZN,1H,2026-01-09T16:00:00Z,245.895,246.9,245.41,246.25,154187,2165,246.108199
AMZN,1H,2026-01-09T17:00:00Z,246.27,246.36,245.42,245.87,99322,1428,245.865003
AMZN,1H,2026-01-09T18:00:00Z,245.81,246.81,245.51,246.645,97660,1538,246.02778
AMZN,1H,2026-01-09T19:00:00Z,246.62,247.04,246.17,247.04,154753,2066,246.707706
AMZN,1H,2026-01-09T20:00:00Z,246.99,247.75,246.78,247.32,354637,6029,247.224436
AMZN,1H,2026-01-09T21:00:00Z,247.33,247.34,247.33,247.33,782,11,247.332058
AMZN,1H,2026-01-12T13:00:00Z,245.72,245.73,245.72,245.73,365,8,245.725
AMZN,1H,2026-01-12T14:00:00Z,246.72,248.45,246.28,247.97,278005,3396,247.587783
AMZN,1H,2026-01-12T15:00:00Z,247.98,248.27,247.04,247.57,353689,4405,247.625346
AMZN,1H,2026-01-12T16:00:00Z,247.555,248.255,247.41,248.08,176351,2629,247.823754
AMZN,1H,2026-01-12T17:00:00Z,248.085,248.445,247.735,248.09,122263,1686,248.077667
AMZN,1H,2026-01-12T18:00:00Z,248.06,248.27,247.77,248.04,80304,1386,248.001601
AMZN,1H,2026-01-12T19:00:00Z,248.02,248.92,247.37,248.31,130763,2191,248.147027
AMZN,1H,2026-01-12T20:00:00Z,248.34,248.35,245.96,246.44,236478,3527,246.844565
AMZN,1H,2026-01-13T13:00:00Z,247.43,247.43,247.43,247.43,495,14,247.43
AMZN,1H,2026-01-13T14:00:00Z,246.56,247.635,244.56,245.905,177689,2380,246.173049
AMZN,1H,2026-01-13T15:00:00Z,245.87,246.07,242.72,244.23,235804,3523,244.082263
AMZN,1H,2026-01-13T16:00:00Z,244.21,245.27,243.75,245.27,185155,2916,244.376463
AMZN,1H,2026-01-13T17:00:00Z,245.23,245.525,242.95,243.17,139641,2340,244.452743
AMZN,1H,2026-01-13T18:00:00Z,243,243.36,241.64,241.64,135372,2535,242.603903
AMZN,1H,2026-01-13T19:00:00Z,241.595,242.49,240.27,242.165,218984,3159,241.195481
AMZN,1H,2026-01-13T20:00:00Z,242.22,242.84,241.475,242.58,270541,4702,242.273718
AMZN,1H,2026-01-14T14:00:00Z,241.71,241.71,238.17,238.695,238798,2981,239.058419
AMZN,1H,2026-01-14T15:00:00Z,238.47,240.02,237.24,237.63,333479,4671,238.62536
AMZN,1H,2026-01-14T16:00:00Z,237.65,238.695,236.45,236.54,247828,3710,237.693149
AMZN,1H,2026-01-14T17:00:00Z,236.53,237.5,236.385,236.94,138876,1986,237.012104
AMZN,1H,2026-01-14T18:00:00Z,236.86,237.48,236.25,237.39,131231,2231,236.890726
AMZN,1H,2026-01-14T19:00:00Z,237.36,237.89,236.73,236.865,155673,1829,237.305694
AMZN,1H,2026-01-14T20:00:00Z,236.84,238.055,236.29,236.74,610107,5827,237.061185
AMZN,1H,2026-01-15T13:00:00Z,238.94,238.94,238.94,238.94,151,3,238.94
AMZN,1H,2026-01-15T14:00:00Z,239.3,239.3,236.74,236.905,296432,2668,237.869401
AMZN,1H,2026-01-15T15:00:00Z,237,238.87,236.69,238.55,189100,2911,237.703184
AMZN,1H,2026-01-15T16:00:00Z,238.56,240.23,238.435,240.23,367227,3120,239.150478
AMZN,1H,2026-01-15T17:00:00Z,240.21,240.625,238.26,238.5,153192,2438,239.371081
AMZN,1H,2026-01-15T18:00:00Z,238.47,239.36,238.47,239.115,108177,2085,238.913297
AMZN,1H,2026-01-15T19:00:00Z,239.02,239.12,237.16,237.34,115758,2080,237.958847
AMZN,1H,2026-01-15T20:00:00Z,237.16,238.34,236.98,238.14,250851,4598,237.530853
AMZN,1H,2026-01-16T14:00:00Z,238.97,239.5,237.1,237.695,123722,1805,238.062576
AMZN,1H,2026-01-16T15:00:00Z,237.71,238.15,236.435,237.285,171790,2411,237.333456
AMZN,1H,2026-01-16T16:00:00Z,237.33,238.3,237.28,237.825,152396,2341,237.826151
AMZN,1H,2026-01-16T17:00:00Z,237.83,238.44,237.4,238.19,112179,1596,237.856043
AMZN,1H,2026-01-16T18:00:00Z,238.2,239.02,238.085,238.09,95980,1324,238.545222
AMZN,1H,2026-01-16T19:00:00Z,238.09,238.415,237.42,238.1,123175,2286,237.93969
AMZN,1H,2026-01-16T20:00:00Z,238.09,239.39,237.84,239.09,303195,5105,238.615938
AMZN,1H,2026-01-20T13:00:00Z,232.59,232.59,232.54,232.54,413,6,232.565
AMZN,1H,2026-01-20T14:00:00Z,233.665,234.385,231.605,233.4,337834,4159,233.058304
AMZN,1H,2026-01-20T15:00:00Z,233.435,234.94,232.36,234.38,294228,3971,233.801637
AMZN,1H,2026-01-20T16:00:00Z,234.43,235.07,233.53,234.52,185947,2803,234.198597
AMZN,1H,2026-01-20T17:00:00Z,234.41,234.5,232.28,232.34,119501,1851,233.258603
AMZN,1H,2026-01-20T18:00:00Z,232.405,232.52,230.93,231.02,165244,2487,231.710368
AMZN,1H,2026-01-20T19:00:00Z,231,231.26,229.58,229.755,261709,3704,230.091606
AMZN,1H,2026-01-20T20:00:00Z,229.67,231.1,229.36,231.03,440155,6492,230.366981
AMZN,1H,2026-01-21T14:00:00Z,231.125,231.9,228.71,231.63,252483,2951,229.941111
AMZN,1H,2026-01-21T15:00:00Z,231.62,232.06,230.165,231.805,289297,3540,231.088979
AMZN,1H,2026-01-21T16:00:00Z,231.89,231.915,227.645,227.965,307481,3439,229.687465
AMZN,1H,2026-01-21T17:00:00Z,227.91,228.61,227.315,228.11,201829,2828,227.990181
AMZN,1H,2026-01-21T18:00:00Z,228.05,228.44,226.92,228.105,163806,2579,227.588031
AMZN,1H,2026-01-21T19:00:00Z,228.085,232.235,227.27,232.17,317871,4515,230.020892
AMZN,1H,2026-01-21T20:00:00Z,232.2,232.26,230.2,231.27,320038,5099,231.115221
AMZN,1H,2026-01-22T13:00:00Z,233.99,233.99,233.91,233.99,951,17,233.971667
AMZN,1H,2026-01-22T14:00:00Z,233.99,234.405,231.2,231.435,192366,2547,232.600622
AMZN,1H,2026-01-22T15:00:00Z,231.485,234.49,230.96,234.19,191119,2745,232.927957
AMZN,1H,2026-01-22T16:00:00Z,234.22,235.22,234.22,234.935,182812,2737,234.811086
AMZN,1H,2026-01-22T17:00:00Z,234.91,235.38,234.8,235.25,106442,1589,235.113561
AMZN,1H,2026-01-22T18:00:00Z,235.25,235.7,234.77,234.88,109510,1627,235.1574
AMZN,1H,2026-01-22T19:00:00Z,234.86,235.2,234.23,234.25,135708,1754,234.79597
AMZN,1H,2026-01-22T20:00:00Z,234.225,234.74,233.64,234.33,260496,3489,234.183047
AMZN,1H,2026-01-23T13:00:00Z,235.7,235.7,235.7,235.7,249,4,235.7
AMZN,1H,2026-01-23T14:00:00Z,234.92,236.565,234.64,236.36,202988,2673,235.849785
AMZN,1H,2026-01-23T15:00:00Z,236.415,240.01,236.215,239.88,220380,3192,237.917426
AMZN,1H,2026-01-23T16:00:00Z,239.975,240.42,238.865,240.05,200808,2569,239.754904
AMZN,1H,2026-01-23T17:00:00Z,240.01,240.1,238.82,239.19,192730,1947,239.575588
AMZN,1H,2026-01-23T18:00:00Z,239.175,239.755,238.99,239.11,121446,1716,239.396307
AMZN,1H,2026-01-23T19:00:00Z,239.24,239.99,239.09,239.895,105405,1515,239.600957
AMZN,1H,2026-01-23T20:00:00Z,239.91,239.97,238.57,239.15,287819,4326,239.134096
AMZN,1H,2026-01-26T14:00:00Z,239.86,240.785,237.58,238.32,182211,2471,238.940273
AMZN,1H,2026-01-26T15:00:00Z,238.28,239.91,238.19,239.43,189293,2708,239.320048
AMZN,1H,2026-01-26T16:00:00Z,239.44,239.99,238.98,239.67,187293,2531,239.622717
AMZN,1H,2026-01-26T17:00:00Z,239.65,240.11,238.87,239.01,179429,2019,239.491125
AMZN,1H,2026-01-26T18:00:00Z,239.02,239.38,238.93,239.17,153012,1812,239.145931
AMZN,1H,2026-01-26T19:00:00Z,239.17,239.55,238.93,239.34,96284,1441,239.296816
AMZN,1H,2026-01-26T20:00:00Z,239.28,239.895,238.195,238.38,388774,5039,238.903898
AMZN,1H,2026-01-27T13:00:00Z,239.71,239.71,239.71,239.71,175,4,239.71
AMZN,1H,2026-01-27T14:00:00Z,239.65,240.21,238.095,238.78,181575,2255,239.237902
AMZN,1H,2026-01-27T15:00:00Z,238.775,242.91,238.775,241.015,346896,4324,240.944387
AMZN,1H,2026-01-27T16:00:00Z,241.03,242.88,241.025,242.5,212963,2975,242.037262
AMZN,1H,2026-01-27T17:00:00Z,242.42,242.52,241.73,242.27,165835,2171,242.114525
AMZN,1H,2026-01-27T18:00:00Z,242.34,243.8,241.74,243.49,188929,2438,243.058847
AMZN,1H,2026-01-27T19:00:00Z,243.555,244.86,243.15,244.13,242471,2979,243.85096
AMZN,1H,2026-01-27T20:00:00Z,244.13,244.83,243.825,244.685,469933,5904,244.462144
AMZN,1H,2026-01-28T14:00:00Z,246.375,247.555,245.11,247.28,232148,2803,246.387299
AMZN,1H,2026-01-28T15:00:00Z,247.275,247.77,242.855,243.11,309259,3885,245.157599
AMZN,1H,2026-01-28T16:00:00Z,243.11,243.41,241.57,241.845,250451,3058,242.503703
AMZN,1H,2026-01-28T17:00:00Z,241.83,243.31,241.82,243.055,162658,1934,242.547583
AMZN,1H,2026-01-28T18:00:00Z,243.01,243.39,242.62,242.985,134383,1745,242.987707
AMZN,1H,2026-01-28T19:00:00Z,242.91,243.29,242.06,242.83,212123,2762,242.748947
AMZN,1H,2026-01-28T20:00:00Z,242.83,243.77,242.81,243.02,276335,3839,243.274363
AMZN,1H,2026-01-29T14:00:00Z,242.775,242.95,238.58,239.115,391587,3833,241.181456
AMZN,1H,2026-01-29T15:00:00Z,239.1,239.82,236.81,237.16,359994,4542,238.254379
AMZN,1H,2026-01-29T16:00:00Z,237.12,239.255,236.76,239,291486,3317,238.165047
AMZN,1H,2026-01-29T17:00:00Z,238.995,240.55,238.32,238.45,168090,2418,239.315254
AMZN,1H,2026-01-29T18:00:00Z,238.52,240.195,238.36,239.12,184853,2520,239.354013
AMZN,1H,2026-01-29T19:00:00Z,239.14,239.81,238.915,239.17,142718,2035,239.201325
AMZN,1H,2026-01-29T20:00:00Z,239.19,241.95,239.12,241.625,297844,3786,240.709189
AMZN,1H,2026-01-30T13:00:00Z,239.18,239.18,239.18,239.18,150,2,239.18
AMZN,1H,2026-01-30T14:00:00Z,239.19,242.45,238.62,241.44,275747,3827,240.862013
AMZN,1H,2026-01-30T15:00:00Z,241.35,243.3,240.99,241.91,359276,4732,242.339045
AMZN,1H,2026-01-30T16:00:00Z,241.87,242.15,239.75,240.9,272296,3497,241.060052
AMZN,1H,2026-01-30T17:00:00Z,240.9,241.11,239.33,239.44,225659,3079,240.3593
AMZN,1H,2026-01-30T18:00:00Z,239.33,240.75,237.77,240.555,360257,4154,239.019295
AMZN,1H,2026-01-30T19:00:00Z,240.57,241.3,239.7,239.74,214582,2802,240.502905
AMZN,1H,2026-01-30T20:00:00Z,239.76,240.28,237.87,239.52,467131,6000,239.527458
AMZN,1H,2026-02-02T14:00:00Z,238.38,243.475,238.36,243.3,191215,2535,241.477228
AMZN,1H,2026-02-02T15:00:00Z,243.39,245.615,242.82,243.85,332724,4895,244.517527
AMZN,1H,2026-02-02T16:00:00Z,243.835,244.99,243.3,244.92,158816,2751,244.328389
AMZN,1H,2026-02-02T17:00:00Z,244.93,245.35,244.61,244.76,114418,1788,245.01058
AMZN,1H,2026-02-02T18:00:00Z,244.76,244.84,243.49,243.75,155412,2392,244.051073
AMZN,1H,2026-02-02T19:00:00Z,243.73,244.01,242.92,242.98,186237,2547,243.623475
AMZN,1H,2026-02-02T20:00:00Z,242.96,243.5,242.59,242.885,318303,5212,243.07872
AMZN,1H,2026-02-03T14:00:00Z,245.125,246.255,240.86,241.08,333136,3843,243.902752
AMZN,1H,2026-02-03T15:00:00Z,241.05,241.24,237.615,237.91,485656,5804,239.014161
AMZN,1H,2026-02-03T16:00:00Z,237.81,238.55,236.36,237.18,235934,3116,237.436087
AMZN,1H,2026-02-03T17:00:00Z,237.19,238.24,236.63,237.7,197538,2653,237.454424
AMZN,1H,2026-02-03T18:00:00Z,237.68,237.885,235.65,236,165137,2490,236.593168
AMZN,1H,2026-02-03T19:00:00Z,235.88,237.49,235.49,237.18,246651,3132,236.353268
AMZN,1H,2026-02-03T20:00:00Z,237.055,238.825,236.585,238.63,470124,5100,238.028085
AMZN,1H,2026-02-04T14:00:00Z,239.49,239.49,235.13,235.25,289408,3245,237.260664
AMZN,1H,2026-02-04T15:00:00Z,235.035,238.27,234.395,237.98,313015,3989,236.842122
AMZN,1H,2026-02-04T16:00:00Z,237.97,238.18,233.84,235.005,230427,2865,235.604408
AMZN,1H,2026-02-04T17:00:00Z,234.85,235.14,231.99,233.69,242731,2856,233.795778
AMZN,1H,2026-02-04T18:00:00Z,233.61,233.835,231.84,232.83,261073,3158,232.934685
AMZN,1H,2026-02-04T19:00:00Z,232.975,234.785,232.15,234.77,236116,2991,233.164168
AMZN,1H,2026-02-04T20:00:00Z,234.77,234.89,232.59,232.97,358278,5934,233.613483
AMZN,1H,2026-02-05T14:00:00Z,228.85,228.85,221.58,223.98,614224,7052,224.372665
AMZN,1H,2026-02-05T15:00:00Z,223.98,224.26,220.405,222.86,711635,8138,222.071543
AMZN,1H,2026-02-05T16:00:00Z,223.06,225,222.135,224.91,306260,4349,223.797527
AMZN,1H,2026-02-05T17:00:00Z,224.88,225.505,223.795,225.07,308453,3643,224.724016
AMZN,1H,2026-02-05T18:00:00Z,224.995,225.41,222.82,223.165,312944,3318,223.885927
AMZN,1H,2026-02-05T19:00:00Z,223.095,224.49,222,222.64,336677,5364,222.8766
AMZN,1H,2026-02-05T20:00:00Z,222.535,223.53,221.51,222.455,603010,8689,222.68886
AMZN,1H,2026-02-05T21:00:00Z,205.69,205.69,200.69,205.23,4167,129,203.457123
AMZN,1H,2026-02-06T14:00:00Z,202.62,204.88,200.39,202.22,1317054,14832,202.749025
AMZN,1H,2026-02-06T15:00:00Z,202.32,206.58,201.345,204.165,1811097,20882,204.297297
AMZN,1H,2026-02-06T16:00:00Z,204.075,206.38,204.015,205.2,934353,14313,205.254481
AMZN,1H,2026-02-06T17:00:00Z,205.21,210.84,204.54,210.72,870031,12274,207.603342
AMZN,1H,2026-02-06T18:00:00Z,210.805,211.24,206.46,206.46,654968,8397,208.361274
AMZN,1H,2026-02-06T19:00:00Z,206.44,207.72,205.57,205.615,522127,8561,206.658193
AMZN,1H,2026-02-06T20:00:00Z,205.66,211.38,205.37,210.25,1106390,16287,209.132782
AMZN,1H,2026-02-09T13:00:00Z,209.54,209.54,208.69,208.69,1400,27,209.128571
AMZN,1H,2026-02-09T14:00:00Z,209.14,209.14,203.35,204.78,643340,7898,205.156534
AMZN,1H,2026-02-09T15:00:00Z,204.76,209.425,204.7,209.09,529301,7605,207.262094
AMZN,1H,2026-02-09T16:00:00Z,209.02,212.095,208.735,211.805,673869,8455,210.191301
AMZN,1H,2026-02-09T17:00:00Z,211.73,212.8,209.4,209.97,456064,6248,210.961912
AMZN,1H,2026-02-09T18:00:00Z,210,211.48,209.61,209.88,234325,3210,210.640778
AMZN,1H,2026-02-09T19:00:00Z,209.81,210.05,208.48,209.09,312336,4118,209.100229
AMZN,1H,2026-02-09T20:00:00Z,209.08,209.605,208.495,208.655,465196,6928,209.041373
AMZN,1H,2026-02-10T14:00:00Z,208.775,209.895,206.42,209.89,468713,5265,207.764172
AMZN,1H,2026-02-10T15:00:00Z,209.91,212.63,209.795,210.81,422379,5003,211.405909
AMZN,1H,2026-02-10T16:00:00Z,210.8,211.14,209.68,209.68,353186,3903,210.260544
AMZN,1H,2026-02-10T17:00:00Z,209.61,210.42,209.04,209.18,189265,2873,209.814736
AMZN,1H,2026-02-10T18:00:00Z,209.18,209.45,207.445,208.57,250878,3256,208.290453
AMZN,1H,2026-02-10T19:00:00Z,208.68,208.77,207.47,207.93,199834,2722,208.023482
AMZN,1H,2026-02-10T20:00:00Z,207.9,208.11,206.895,206.96,393771,5454,207.313378
AMZN,1H,2026-02-11T13:00:00Z,208.35,208.86,208.35,208.86,682,18,208.52
AMZN,1H,2026-02-11T14:00:00Z,208.03,208.54,204.57,205.585,485595,5123,205.846161
AMZN,1H,2026-02-11T15:00:00Z,205.54,206.47,204.17,205.535,467466,5267,205.472635
AMZN,1H,2026-02-11T16:00:00Z,205.6,205.62,202.505,202.61,328190,3853,203.953112
AMZN,1H,2026-02-11T17:00:00Z,202.565,204.13,202.55,203.655,331568,3664,203.203585
AMZN,1H,2026-02-11T18:00:00Z,203.75,205.14,203.25,204.73,164203,2237,204.159055
AMZN,1H,2026-02-11T19:00:00Z,204.76,205.27,204.21,204.82,187142,2903,204.825198
AMZN,1H,2026-02-11T20:00:00Z,204.74,204.89,203.76,204.15,301334,4132,204.267354
AMZN,1H,2026-02-12T14:00:00Z,203.61,203.81,201.54,201.74,500170,4535,202.686769
AMZN,1H,2026-02-12T15:00:00Z,201.73,202.55,198.335,198.35,622813,7801,200.365633
AMZN,1H,2026-02-12T16:00:00Z,198.37,198.78,197.57,198.695,533969,7017,198.076634
AMZN,1H,2026-02-12T17:00:00Z,198.685,200.075,198.425,199.45,338892,4302,199.385041
AMZN,1H,2026-02-12T18:00:00Z,199.4,200,199.04,199.91,296441,4237,199.417852
AMZN,1H,2026-02-12T19:00:00Z,199.8,199.945,198.65,198.885,292057,3381,199.263972
AMZN,1H,2026-02-12T20:00:00Z,198.9,199.67,198.23,199.55,414630,6649,198.865286
AMZN,1H,2026-02-13T13:00:00Z,199,199,199,199,200,2,199
AMZN,1H,2026-02-13T14:00:00Z,198.89,199.51,197.31,197.8,286411,3282,198.539513
AMZN,1H,2026-02-13T15:00:00Z,197.85,199.29,197.31,198.775,438476,5369,198.291278
AMZN,1H,2026-02-13T16:00:00Z,198.95,201.155,198.5,200.4,333325,3580,199.856042
AMZN,1H,2026-02-13T17:00:00Z,200.38,201.14,200.06,200.24,210517,2452,200.525867
AMZN,1H,2026-02-13T18:00:00Z,200.275,200.34,199.58,199.66,169651,2120,199.958235
AMZN,1H,2026-02-13T19:00:00Z,199.69,200.11,198.815,198.875,143400,1955,199.632441
AMZN,1H,2026-02-13T20:00:00Z,198.92,199.07,197.88,198.815,348290,4434,198.514885
AMZN,1H,2026-02-17T13:00:00Z,198.83,198.83,198.83,198.83,353,10,198.83
AMZN,1H,2026-02-17T14:00:00Z,198.22,200.38,196.13,197.78,534260,5703,198.466023
AMZN,1H,2026-02-17T15:00:00Z,197.78,200.49,197.58,200.15,484902,5981,199.035172
AMZN,1H,2026-02-17T16:00:00Z,200.14,201.73,200.06,201.35,375497,4593,200.956633
AMZN,1H,2026-02-17T17:00:00Z,201.3,201.305,198.975,199.64,293944,3721,199.936892
AMZN,1H,2026-02-17T18:00:00Z,199.64,201.36,199.055,200.93,233336,3073,200.328703
AMZN,1H,2026-02-17T19:00:00Z,200.96,201.54,200.75,200.92,262625,3535,201.110929
AMZN,1H,2026-02-17T20:00:00Z,200.86,201.27,200.315,201.245,373009,4756,200.914777
AMZN,1H,2026-02-18T14:00:00Z,202.07,205.445,201.51,204.775,425136,4622,203.950253
AMZN,1H,2026-02-18T15:00:00Z,204.77,206.86,204.475,206.525,324469,4732,205.813843
AMZN,1H,2026-02-18T16:00:00Z,206.47,206.86,205.515,205.53,250228,4299,206.221677
AMZN,1H,2026-02-18T17:00:00Z,205.56,206.23,205.51,206,189264,2846,205.919026
AMZN,1H,2026-02-18T18:00:00Z,206,206.37,205.05,205.64,141878,2627,205.702271
AMZN,1H,2026-02-18T19:00:00Z,205.485,205.93,204.26,204.34,165935,2676,205.196811
AMZN,1H,2026-02-18T20:00:00Z,204.43,205.37,204.17,204.68,324850,4674,204.908853
AMZN,1H,2026-02-18T21:00:00Z,204.7,204.7,204.7,204.7,9226,10,204.7
AMZN,1H,2026-02-19T14:00:00Z,203.8,205.16,202.87,204.2,115069,1548,203.996047
AMZN,1H,2026-02-19T15:00:00Z,204.08,205.29,203.69,204.525,193317,2474,204.401009
AMZN,1H,2026-02-19T16:00:00Z,204.54,205.63,204.46,205.11,244036,2952,205.083557
AMZN,1H,2026-02-19T17:00:00Z,205.14,205.195,203.84,203.9,138080,1903,204.679623
AMZN,1H,2026-02-19T18:00:00Z,203.88,205.04,203.75,205.02,95042,1390,204.201289
AMZN,1H,2026-02-19T19:00:00Z,205.05,205.12,203.85,204.06,167568,2002,204.544274
AMZN,1H,2026-02-19T20:00:00Z,204.07,204.96,203.98,204.93,293296,4885,204.478798
AMZN,1H,2026-02-20T14:00:00Z,205.5,207.59,203.82,206.215,183674,2294,206.054662
AMZN,1H,2026-02-20T15:00:00Z,206.21,210.98,206.17,210.91,624682,7309,209.253776
AMZN,1H,2026-02-20T16:00:00Z,210.895,211.07,207.96,209.22,281142,3808,209.136173
AMZN,1H,2026-02-20T17:00:00Z,209.195,209.73,206.85,209.61,258226,3389,208.314017
AMZN,1H,2026-02-20T18:00:00Z,209.58,211.15,208.78,210.32,263654,3244,210.046372
AMZN,1H,2026-02-20T19:00:00Z,210.29,210.47,209.265,209.28,146087,2300,209.918067
AMZN,1H,2026-02-20T20:00:00Z,209.34,210.285,209.27,210.17,315238,4379,209.879511
AMZN,1H,2026-02-23T14:00:00Z,208.03,208.35,205.51,205.58,339250,3607,206.41542
AMZN,1H,2026-02-23T15:00:00Z,205.57,206.01,203.935,204.54,436892,5151,204.720932
AMZN,1H,2026-02-23T16:00:00Z,204.55,204.61,203.5,204.12,285000,3537,204.096923
AMZN,1H,2026-02-23T17:00:00Z,204.04,204.28,203.13,204.04,165827,2223,203.80569
AMZN,1H,2026-02-23T18:00:00Z,204.05,204.66,203.81,203.86,127217,1936,204.28516
AMZN,1H,2026-02-23T19:00:00Z,203.88,204.84,203.88,204.25,142328,1963,204.456062
AMZN,1H,2026-02-23T20:00:00Z,204.255,205.3,204,205.3,257518,3665,204.762152
AMZN,1H,2026-02-24T14:00:00Z,205.315,206.75,203.36,205.45,222893,2604,205.162085
AMZN,1H,2026-02-24T15:00:00Z,205.415,207.94,204.76,207.77,231011,3553,206.786492
AMZN,1H,2026-02-24T16:00:00Z,207.735,209.43,207.64,209.15,300017,3830,208.708555
AMZN,1H,2026-02-24T17:00:00Z,209.18,209.96,209.045,209.41,121364,2099,209.516877
AMZN,1H,2026-02-24T18:00:00Z,209.355,210.33,209.02,209.92,155148,2667,209.693519
AMZN,1H,2026-02-24T19:00:00Z,209.92,210.015,208.71,209.345,141993,2726,209.216791
AMZN,1H,2026-02-24T20:00:00Z,209.36,209.48,208.18,208.6,235788,4267,208.540686
AMZN,1H,2026-02-25T14:00:00Z,210.35,211.38,209.63,210.83,133859,1931,210.369411
AMZN,1H,2026-02-25T15:00:00Z,210.86,211.58,209.87,210.39,197375,2821,210.599543
AMZN,1H,2026-02-25T16:00:00Z,210.39,210.43,209.505,209.505,109164,2172,209.973237
AMZN,1H,2026-02-25T17:00:00Z,209.52,209.835,209.07,209.28,117579,1973,209.366723
AMZN,1H,2026-02-25T18:00:00Z,209.325,209.71,208.935,209.635,97268,1827,209.337214
AMZN,1H,2026-02-25T19:00:00Z,209.69,210.54,209.63,210.405,128392,2021,210.14551
AMZN,1H,2026-02-25T20:00:00Z,210.37,210.795,210.02,210.67,364099,5120,210.356365
AMZN,1H,2026-02-26T14:00:00Z,210.68,211.02,208.735,209.35,157250,2392,209.823571
AMZN,1H,2026-02-26T15:00:00Z,209.305,209.865,206.95,208.055,392258,5764,207.955574
AMZN,1H,2026-02-26T16:00:00Z,208.17,209.12,207.01,207.03,342753,4835,208.078583
AMZN,1H,2026-02-26T17:00:00Z,207.03,207.465,205.75,205.75,242028,3205,206.694623
AMZN,1H,2026-02-26T18:00:00Z,205.76,207.25,205.345,207.25,230195,3067,206.162886
AMZN,1H,2026-02-26T19:00:00Z,207.205,208.38,207.13,208.12,177724,2572,207.774629
AMZN,1H,2026-02-26T20:00:00Z,208.1,208.31,207.45,207.92,293302,5489,207.859947
AMZN,1H,2026-02-27T14:00:00Z,206.79,207.46,205.23,206.125,312446,3294,206.327303
AMZN,1H,2026-02-27T15:00:00Z,206.125,209.21,205.695,208.61,316464,4194,207.82082
AMZN,1H,2026-02-27T16:00:00Z,208.6,209.04,207.635,208.28,196519,2749,208.203358
AMZN,1H,2026-02-27T17:00:00Z,208.425,209.63,207.43,208.05,178303,3021,208.083229
AMZN,1H,2026-02-27T18:00:00Z,208.03,209.18,207.7,208.76,129244,2315,208.445972
AMZN,1H,2026-02-27T19:00:00Z,208.71,209.29,208.46,209.04,121296,1947,208.82558
AMZN,1H,2026-02-27T20:00:00Z,209.03,210.33,208.27,210.015,460525,6875,209.365816
AMZN,1H,2026-03-02T14:00:00Z,204.45,207.89,203.46,207.03,264400,2987,206.513467
AMZN,1H,2026-03-02T15:00:00Z,207.025,208.805,206.79,207.845,284197,3545,207.902566
AMZN,1H,2026-03-02T16:00:00Z,207.84,209.43,206.27,209,367564,3418,208.055181
AMZN,1H,2026-03-02T17:00:00Z,208.89,209.37,208.06,208.43,179093,2259,208.596269
AMZN,1H,2026-03-02T18:00:00Z,208.46,208.94,208.14,208.3,184462,2521,208.590898
AMZN,1H,2026-03-02T19:00:00Z,208.38,209.72,208.17,208.36,194507,2494,208.752717
AMZN,1H,2026-03-02T20:00:00Z,208.36,208.69,207.3,208.26,392295,4726,208.143809
AMZN,1H,2026-03-03T14:00:00Z,203.17,205.225,203.06,203.74,287471,3311,204.081782
AMZN,1H,2026-03-03T15:00:00Z,203.84,204.38,202.55,203.7,362219,4589,203.500862
AMZN,1H,2026-03-03T16:00:00Z,203.72,207.36,203.65,206.39,286377,3868,205.702588
AMZN,1H,2026-03-03T17:00:00Z,206.42,207.12,205.8,206.22,258539,3446,206.337009
AMZN,1H,2026-03-03T18:00:00Z,206.25,208.61,206.25,208.25,198776,2505,207.725565
AMZN,1H,2026-03-03T19:00:00Z,208.29,208.9,207.37,208.59,195844,2937,208.11935
AMZN,1H,2026-03-03T20:00:00Z,208.59,209.17,208.2,208.63,404932,5103,208.642665
AMZN,1H,2026-03-04T13:00:00Z,209.75,209.99,209.7,209.9,700,14,209.835
AMZN,1H,2026-03-04T14:00:00Z,209.88,214.94,209.75,214.865,372931,3982,212.566401
AMZN,1H,2026-03-04T15:00:00Z,215,217.535,214.07,215.39,529257,7657,215.857055
AMZN,1H,2026-03-04T16:00:00Z,215.39,216.39,214.965,215.075,315580,4469,215.728867
AMZN,1H,2026-03-04T17:00:00Z,215.06,215.76,214.48,215.58,200379,2903,215.18357
AMZN,1H,2026-03-04T18:00:00Z,215.58,216.89,215.38,216.8,249011,3070,216.249194
AMZN,1H,2026-03-04T19:00:00Z,216.83,217.08,216.335,216.805,181106,2711,216.726137
AMZN,1H,2026-03-04T20:00:00Z,216.91,217.47,216.2,216.805,509429,6611,216.938799
AMZN,1H,2026-03-05T14:00:00Z,216.14,220.47,215.65,219.26,445998,4488,218.891008
AMZN,1H,2026-03-05T15:00:00Z,219.25,219.68,215.72,217.05,511523,6267,217.34666
AMZN,1H,2026-03-05T16:00:00Z,217.115,218.175,215.95,218,286239,3838,217.002351
AMZN,1H,2026-03-05T17:00:00Z,218.04,218.84,216.96,217.86,352502,4265,217.857331
AMZN,1H,2026-03-05T18:00:00Z,217.825,218.305,216.87,217.39,404108,4599,217.486479
AMZN,1H,2026-03-05T19:00:00Z,217.39,218.19,217.11,218.09,270175,3192,217.641577
AMZN,1H,2026-03-05T20:00:00Z,218.085,219.73,217.605,218.87,923353,9013,219.018116
AMZN,1H,2026-03-06T13:00:00Z,214.7,214.71,214.7,214.7,952,14,214.704673
AMZN,1H,2026-03-06T14:00:00Z,214.36,217.28,213.49,214.56,224562,3005,215.648552
AMZN,1H,2026-03-06T15:00:00Z,214.82,216.17,214.285,216,302707,4161,215.139263
AMZN,1H,2026-03-06T16:00:00Z,216.06,216.49,214.66,215.85,211596,2875,215.685452
AMZN,1H,2026-03-06T17:00:00Z,215.87,216.47,214.28,214.63,202545,2709,215.253418
AMZN,1H,2026-03-06T18:00:00Z,214.61,215.61,214.5,214.97,199387,2637,215.032741
AMZN,1H,2026-03-06T19:00:00Z,214.98,215.33,213.225,213.875,310613,3840,214.160566
AMZN,1H,2026-03-06T20:00:00Z,213.87,214.31,212.53,213.08,731534,8010,213.459952
AMZN,1H,2026-03-09T13:00:00Z,210.51,212.27,207.41,207.46,363631,3691,208.877476
AMZN,1H,2026-03-09T14:00:00Z,207.42,210.64,207.15,209.99,425256,4637,209.122537
AMZN,1H,2026-03-09T15:00:00Z,209.99,210.85,209.52,210.1,348486,4191,210.284568
AMZN,1H,2026-03-09T16:00:00Z,210.11,210.75,209.41,209.805,307733,3721,210.075632
AMZN,1H,2026-03-09T17:00:00Z,209.8,210.48,208.83,209.42,270562,3218,209.708409
AMZN,1H,2026-03-09T18:00:00Z,209.42,210.07,209.15,209.34,281546,3304,209.598369
AMZN,1H,2026-03-09T19:00:00Z,209.29,213.8,209,213.495,530951,6475,212.255367
AMZN,1H,2026-03-10T13:00:00Z,214.125,214.55,212.43,213.53,139082,1942,213.473008
AMZN,1H,2026-03-10T14:00:00Z,213.605,215.47,212.79,215.42,241951,3030,214.31205
AMZN,1H,2026-03-10T15:00:00Z,215.38,215.64,214.05,214.59,131517,1813,214.793116
AMZN,1H,2026-03-10T16:00:00Z,214.53,215.645,213.85,215.185,123026,1596,214.843023
AMZN,1H,2026-03-10T17:00:00Z,215.16,215.6,214.31,214.99,126313,1756,215.085827
AMZN,1H,2026-03-10T18:00:00Z,214.97,215.12,213.6,214.215,149761,2233,214.404759
AMZN,1H,2026-03-10T19:00:00Z,214.27,214.725,213.75,214.3,269781,3555,214.229708
AMZN,1H,2026-03-11T13:00:00Z,215.89,216.95,214.62,215.71,137355,1673,215.562719
AMZN,1H,2026-03-11T14:00:00Z,215.67,216.74,213.065,213.87,238828,2899,214.497281
AMZN,1H,2026-03-11T15:00:00Z,213.95,214.135,211.71,212.015,277541,3231,212.551141
AMZN,1H,2026-03-11T16:00:00Z,211.88,213.25,211.865,212.96,150691,1890,212.533829
AMZN,1H,2026-03-11T17:00:00Z,212.96,213.07,211.36,212.23,125281,1763,212.365079
AMZN,1H,2026-03-11T18:00:00Z,212.135,213.33,211.57,212.97,160376,1857,212.439524
AMZN,1H,2026-03-11T19:00:00Z,213,213.3,212.51,212.63,246204,2889,212.876514
AMZN,1H,2026-03-12T13:00:00Z,210.395,211.705,208.855,210.11,273373,3060,210.382208
AMZN,1H,2026-03-12T14:00:00Z,210.12,211.415,209.6,209.685,243921,3137,210.515011
AMZN,1H,2026-03-12T15:00:00Z,209.655,209.98,208.15,209.965,286474,3527,208.946697
AMZN,1H,2026-03-12T16:00:00Z,209.96,210.555,209.24,210.16,247169,3253,209.914288
AMZN,1H,2026-03-12T17:00:00Z,210.205,210.86,209.4,209.65,173201,2485,210.091922
AMZN,1H,2026-03-12T18:00:00Z,209.78,210.02,209.09,209.205,120311,1898,209.552924
AMZN,1H,2026-03-12T19:00:00Z,209.235,210.24,208.81,209.565,277379,3797,209.608419
AMZN,1H,2026-03-13T13:00:00Z,209.48,210.56,207.61,209.08,210678,2545,209.23747
AMZN,1H,2026-03-13T14:00:00Z,209.135,210.49,208.48,208.51,234213,2966,209.59366
AMZN,1H,2026-03-13T15:00:00Z,208.545,208.94,206.89,207.1,202371,2847,207.965893
AMZN,1H,2026-03-13T16:00:00Z,207.13,208.14,206.58,206.815,145644,2110,207.566192
AMZN,1H,2026-03-13T17:00:00Z,206.825,207.32,206.235,206.815,95124,1805,206.93695
AMZN,1H,2026-03-13T18:00:00Z,206.86,208.255,206.7,208.07,182935,2044,207.65427
AMZN,1H,2026-03-13T19:00:00Z,208.02,208.5,207.53,207.7,372487,4320,207.987557
AMZN,1H,2026-03-16T13:00:00Z,208.55,209.86,207.46,208.9,249679,3097,208.484723
AMZN,1H,2026-03-16T14:00:00Z,208.87,210.135,208.375,209.16,408976,4380,209.204637
AMZN,1H,2026-03-16T15:00:00Z,209.17,209.66,208.57,209,200054,2645,209.230445
AMZN,1H,2026-03-16T16:00:00Z,208.99,209.84,208.65,209.55,184835,2310,209.204663
AMZN,1H,2026-03-16T17:00:00Z,209.55,210.2,209.55,209.95,169501,1996,209.889906
AMZN,1H,2026-03-16T18:00:00Z,209.955,212.01,209.94,211.64,250698,2778,211.125082
AMZN,1H,2026-03-16T19:00:00Z,211.705,212.69,211.18,211.775,460658,4976,211.930429
AMZN,1H,2026-03-17T13:00:00Z,213.32,214.83,212.47,214.21,297985,2881,214.158909
AMZN,1H,2026-03-17T14:00:00Z,214.2,214.48,213.245,213.98,272536,3123,213.886302
AMZN,1H,2026-03-17T15:00:00Z,213.93,214.25,213.28,213.39,194622,2097,213.753563
AMZN,1H,2026-03-17T16:00:00Z,213.39,214.01,213.03,213.56,143641,1693,213.574786
AMZN,1H,2026-03-17T17:00:00Z,213.6,214.52,213.59,213.905,179450,1927,213.949245
AMZN,1H,2026-03-17T18:00:00Z,213.9,215.04,213.235,214.535,294815,2997,214.057444
AMZN,1H,2026-03-17T19:00:00Z,214.49,215.69,214.2,215.345,411321,4334,215.226215
AMZN,1H,2026-03-18T13:00:00Z,213.9,215.04,213.01,213.425,187676,2224,213.875725
AMZN,1H,2026-03-18T14:00:00Z,213.425,213.73,211.46,211.865,224897,3229,212.377561
AMZN,1H,2026-03-18T15:00:00Z,211.85,212.32,211.4,211.95,190331,2523,211.89472
AMZN,1H,2026-03-18T16:00:00Z,211.9,212.25,210.8,210.91,167819,2294,211.426795
AMZN,1H,2026-03-18T17:00:00Z,210.8,211.33,210.485,211.15,178719,2219,210.90957
AMZN,1H,2026-03-18T18:00:00Z,211.19,211.57,209.79,209.79,197545,2519,210.835625
AMZN,1H,2026-03-18T19:00:00Z,209.79,210.18,208.835,209.82,460311,5375,209.664585
AMZN,1H,2026-03-19T13:00:00Z,206.7,209.04,206.05,208.24,249981,3033,207.598134
AMZN,1H,2026-03-19T14:00:00Z,208.25,208.56,206.66,207.63,228579,3036,207.476985
AMZN,1H,2026-03-19T15:00:00Z,207.57,208.78,206.95,207.5,209786,2963,207.617812
AMZN,1H,2026-03-19T16:00:00Z,207.48,207.93,206.64,207.27,183601,2472,207.279438
AMZN,1H,2026-03-19T17:00:00Z,207.3,207.56,206.69,207.39,166906,1991,207.055568
AMZN,1H,2026-03-19T18:00:00Z,207.385,207.91,206.76,207.52,160399,2148,207.313253
AMZN,1H,2026-03-19T19:00:00Z,207.54,209.12,207.49,208.76,352199,4992,208.512432
AMZN,1H,2026-03-20T12:00:00Z,207.6,207.6,207.6,207.6,330,9,207.6
AMZN,1H,2026-03-20T13:00:00Z,207.84,207.84,205.15,205.65,168779,2223,206.056553
AMZN,1H,2026-03-20T14:00:00Z,205.695,207.415,205.65,207.065,217338,2923,206.686826
AMZN,1H,2026-03-20T15:00:00Z,207.11,207.39,205.93,206.98,134396,2058,206.685845
AMZN,1H,2026-03-20T16:00:00Z,207.075,207.505,206.44,206.82,118669,1622,206.932351
AMZN,1H,2026-03-20T17:00:00Z,206.91,207.24,205.69,206.7,103336,1540,206.490344
AMZN,1H,2026-03-20T18:00:00Z,206.74,206.805,205.38,205.49,157005,2065,206.165472
AMZN,1H,2026-03-20T19:00:00Z,205.53,205.98,204.32,205.31,315536,4265,205.280086
AMZN,1H,2026-03-23T12:00:00Z,208.02,208.02,208.02,208.02,130,1,208.02
AMZN,1H,2026-03-23T13:00:00Z,209.95,212.6,209.06,212.6,285586,3360,211.118933
AMZN,1H,2026-03-23T14:00:00Z,212.61,212.76,211.365,211.76,398151,4576,212.126588
AMZN,1H,2026-03-23T15:00:00Z,211.8,212.69,210.46,210.56,241380,3690,211.843692
AMZN,1H,2026-03-23T16:00:00Z,210.62,211.79,210.21,210.95,210348,3002,211.050323
AMZN,1H,2026-03-23T17:00:00Z,211.03,211.53,210.36,211.3,131645,1899,210.9378
AMZN,1H,2026-03-23T18:00:00Z,211.23,211.41,210.55,211.16,138073,1991,211.037232
AMZN,1H,2026-03-23T19:00:00Z,211.17,211.27,210.03,210.21,281273,3835,210.668645
AMZN,1H,2026-03-24T13:00:00Z,208.35,209.3,206.685,207.74,135345,1883,207.637522
AMZN,1H,2026-03-24T14:00:00Z,207.74,209.09,207.17,207.86,299947,4095,207.981318
AMZN,1H,2026-03-24T15:00:00Z,207.89,209.03,207.52,208.36,338613,3767,208.295268
AMZN,1H,2026-03-24T16:00:00Z,208.34,208.51,207.35,207.845,153388,2024,208.048304
AMZN,1H,2026-03-24T17:00:00Z,207.845,207.94,206.77,207.47,164418,2238,207.292713
AMZN,1H,2026-03-24T18:00:00Z,207.49,208.32,207.26,207.5,219482,2541,207.748233
AMZN,1H,2026-03-24T19:00:00Z,207.58,207.89,206.74,207.28,295340,3726,207.301943
AMZN,1H,2026-03-25T12:00:00Z,210.77,210.77,210.77,210.77,150,1,210.77
AMZN,1H,2026-03-25T13:00:00Z,210.86,213,210.86,212.36,182805,2603,212.192546
AMZN,1H,2026-03-25T14:00:00Z,212.37,212.65,211.13,212.11,296412,3878,211.955218
AMZN,1H,2026-03-25T15:00:00Z,212.1,212.24,209.92,210.98,210317,3363,210.959845
AMZN,1H,2026-03-25T16:00:00Z,211.01,212.39,210.735,212.115,158507,2772,211.53166
AMZN,1H,2026-03-25T17:00:00Z,212.12,212.89,211.85,212.15,188237,3132,212.343064
AMZN,1H,2026-03-25T18:00:00Z,212.24,212.275,211.125,211.35,149992,2247,211.673176
AMZN,1H,2026-03-25T19:00:00Z,211.27,211.72,210.94,211.715,208588,3249,211.347122
AMZN,1H,2026-03-26T12:00:00Z,209.4,209.4,209.4,209.4,330,7,209.4
AMZN,1H,2026-03-26T13:00:00Z,209.45,210.7,207.81,210.7,301329,3302,209.110224
AMZN,1H,2026-03-26T14:00:00Z,210.72,212.875,210.55,212.32,421034,6044,211.76067
AMZN,1H,2026-03-26T15:00:00Z,212.4,212.85,211.38,211.68,453645,6229,212.152206
AMZN,1H,2026-03-26T16:00:00Z,211.63,211.63,209.95,210.245,290824,4661,210.584295
AMZN,1H,2026-03-26T17:00:00Z,210.245,210.37,207.95,208.055,248941,3935,209.152066
AMZN,1H,2026-03-26T18:00:00Z,207.99,208.62,207.78,208.09,164726,2662,208.220843
AMZN,1H,2026-03-26T19:00:00Z,208.115,208.34,207.125,207.58,294840,4002,207.796338
AMZN,1H,2026-03-27T13:00:00Z,206.325,206.33,201.78,201.92,255960,3350,203.339195
AMZN,1H,2026-03-27T14:00:00Z,201.73,202.34,200.95,201.06,425471,5859,201.565185
AMZN,1H,2026-03-27T15:00:00Z,201.11,201.69,200.27,201,374741,4965,201.048383
AMZN,1H,2026-03-27T16:00:00Z,201.02,201.42,200.47,201.29,243239,3379,200.85316
AMZN,1H,2026-03-27T17:00:00Z,201.335,201.84,200.41,200.66,221729,3158,200.915246
AMZN,1H,2026-03-27T18:00:00Z,200.67,200.74,199.55,199.57,313090,4585,200.27425
AMZN,1H,2026-03-27T19:00:00Z,199.6,200.27,199.155,199.37,491600,6559,199.642819
AMZN,1H,2026-03-30T13:00:00Z,201.86,202.35,200.245,201.5,264251,3804,201.307854
AMZN,1H,2026-03-30T14:00:00Z,201.53,202.68,200.85,202.65,376410,4944,201.552297
AMZN,1H,2026-03-30T15:00:00Z,202.67,203.8,202.22,203.31,314835,3931,203.006916
AMZN,1H,2026-03-30T16:00:00Z,203.31,203.35,202.52,202.755,224877,2926,202.884962
AMZN,1H,2026-03-30T17:00:00Z,202.76,202.94,201.47,201.99,275408,3802,202.020481
AMZN,1H,2026-03-30T18:00:00Z,202,202,200.64,200.76,271749,3507,201.245829
AMZN,1H,2026-03-30T19:00:00Z,200.74,201.21,199.99,200.945,525251,5940,200.469419
AMZN,1H,2026-03-31T12:00:00Z,204.44,204.44,204.44,204.44,325,3,204.44
AMZN,1H,2026-03-31T13:00:00Z,204.51,207.29,204.15,206.8,185098,2295,205.97179
AMZN,1H,2026-03-31T14:00:00Z,206.87,207.02,204.43,204.94,224229,2833,205.858284
AMZN,1H,2026-03-31T15:00:00Z,204.92,206.44,204.91,205.34,161285,2421,205.868821
AMZN,1H,2026-03-31T16:00:00Z,205.32,209.09,205.28,208.345,243495,3546,207.340911
AMZN,1H,2026-03-31T17:00:00Z,208.39,210.27,208.23,208.32,294614,4279,209.394552
AMZN,1H,2026-03-31T18:00:00Z,208.33,209.16,208.33,208.92,160556,2464,208.731858
AMZN,1H,2026-03-31T19:00:00Z,208.92,209.92,207.92,208.39,482921,6089,208.85264
AMZN,1H,2026-04-01T13:00:00Z,209.83,211.305,208.19,209.5,228914,3298,209.660913
AMZN,1H,2026-04-01T14:00:00Z,209.7,211.78,209.65,211.52,297048,4193,210.810154
AMZN,1H,2026-04-01T15:00:00Z,211.47,213.19,211.34,213.05,275178,3873,212.306995
AMZN,1H,2026-04-01T16:00:00Z,213.04,213.575,212.6,212.63,194053,2914,213.013274
AMZN,1H,2026-04-01T17:00:00Z,212.64,212.765,211.835,211.835,151244,2393,212.451423
AMZN,1H,2026-04-01T18:00:00Z,211.84,211.84,209.92,210.22,197241,2947,210.810017
AMZN,1H,2026-04-01T19:00:00Z,210.29,211.89,210.215,210.6,319595,4684,211.105634
AMZN,1H,2026-04-02T13:00:00Z,206.75,207.96,204.93,207.94,149715,1888,206.309848
AMZN,1H,2026-04-02T14:00:00Z,207.86,212.055,207.84,210.5,141953,2215,209.602261
AMZN,1H,2026-04-02T15:00:00Z,210.36,210.79,209.44,209.69,134789,2333,210.189249
AMZN,1H,2026-04-02T16:00:00Z,209.705,210.09,208.99,209.675,79831,1420,209.499007
AMZN,1H,2026-04-02T17:00:00Z,209.65,209.98,208.525,208.58,129152,1770,209.330076
AMZN,1H,2026-04-02T18:00:00Z,208.645,209.47,208.64,209.015,99126,1376,209.180022
AMZN,1H,2026-04-02T19:00:00Z,209.02,209.88,208.8,209.64,173947,2551,209.318386
AMZN,1H,2026-04-06T13:00:00Z,209.68,212.67,209.66,212.67,101420,1563,211.435671
AMZN,1H,2026-04-06T14:00:00Z,212.45,212.92,211.42,212.155,108188,1729,212.062778
AMZN,1H,2026-04-06T15:00:00Z,212.16,212.85,212.03,212.55,121639,1792,212.454207
AMZN,1H,2026-04-06T16:00:00Z,212.555,212.84,212.175,212.2,81202,1297,212.548537
AMZN,1H,2026-04-06T17:00:00Z,212.21,212.21,211.265,211.525,89720,1475,211.746063
AMZN,1H,2026-04-06T18:00:00Z,211.42,212.515,211.22,212.44,98062,1434,212.026168
AMZN,1H,2026-04-06T19:00:00Z,212.46,212.85,212.01,212.765,167914,2743,212.412951
AMZN,1H,2026-04-07T13:00:00Z,211.35,212.5,210.6,211.1,121258,1983,211.664387
AMZN,1H,2026-04-07T14:00:00Z,211.09,211.2,209.665,209.7,210729,3247,210.295252
AMZN,1H,2026-04-07T15:00:00Z,209.69,211.1,209.09,210.93,116001,2118,210.108979
AMZN,1H,2026-04-07T16:00:00Z,210.99,212.25,210.88,211.655,93561,1640,211.653459
AMZN,1H,2026-04-07T17:00:00Z,211.7,213.155,211.615,212.885,110169,1834,212.468153
AMZN,1H,2026-04-07T18:00:00Z,212.92,213.145,211.28,211.66,146190,2398,212.263579
AMZN,1H,2026-04-07T19:00:00Z,211.595,213.96,211.525,213.81,295596,4541,212.765792
AMZN,1H,2026-04-08T12:00:00Z,222.69,222.69,222.69,222.69,400,6,222.69
AMZN,1H,2026-04-08T13:00:00Z,222.63,225.955,219.68,219.92,253984,3530,221.886277
AMZN,1H,2026-04-08T14:00:00Z,219.86,221.585,219.84,220.69,175220,3086,220.79838
AMZN,1H,2026-04-08T15:00:00Z,220.69,221.67,220.37,221.48,170761,2972,221.038112
AMZN,1H,2026-04-08T16:00:00Z,221.45,222.71,221.37,222.27,157844,2697,222.063089
AMZN,1H,2026-04-08T17:00:00Z,222.265,222.355,221.455,222.33,144789,2360,221.933811
AMZN,1H,2026-04-08T18:00:00Z,222.32,222.78,220.485,220.525,134805,2405,221.75528
AMZN,1H,2026-04-08T19:00:00Z,220.4,221.36,220.185,221.33,281840,4150,220.811753
AMZN,1H,2026-04-09T13:00:00Z,224.34,226.43,223.31,225.09,353297,4822,225.004794
AMZN,1H,2026-04-09T14:00:00Z,225.035,228.635,224.25,228.295,520031,5928,225.831582
AMZN,1H,2026-04-09T15:00:00Z,228.24,232.22,227.885,232.02,566838,6946,229.917985
AMZN,1H,2026-04-09T16:00:00Z,232,233.8,230.495,231.09,407391,4761,232.152313
AMZN,1H,2026-04-09T17:00:00Z,231.09,231.78,230.81,231.51,203384,2996,231.301113
AMZN,1H,2026-04-09T18:00:00Z,231.505,232.24,230.65,232.03,291522,3914,231.509499
AMZN,1H,2026-04-09T19:00:00Z,231.96,233.53,231.64,233.53,621029,5975,232.669614
AMZN,1H,2026-04-10T13:00:00Z,235.325,238.83,235.28,238.19,495772,5419,237.789964
AMZN,1H,2026-04-10T14:00:00Z,238.03,239.73,236.74,239.09,463205,5849,238.81495
AMZN,1H,2026-04-10T15:00:00Z,239.11,240.425,237.71,237.88,343236,4689,239.277445
AMZN,1H,2026-04-10T16:00:00Z,237.93,238.42,237.15,237.945,280745,3768,237.834621
AMZN,1H,2026-04-10T17:00:00Z,237.975,238.775,237.735,237.89,211680,2952,238.346223
AMZN,1H,2026-04-10T18:00:00Z,237.915,238.545,237.48,237.845,209575,2627,237.922052
AMZN,1H,2026-04-10T19:00:00Z,237.835,238.48,237.71,238.42,402327,5056,238.189124
AMZN,1H,2026-04-13T13:00:00Z,237.465,238.17,235.82,237.285,222232,3357,237.208738
AMZN,1H,2026-04-13T14:00:00Z,237.265,238.19,236.095,237.51,221539,2915,236.777069
AMZN,1H,2026-04-13T15:00:00Z,237.55,239.28,237.03,238.25,205009,3084,237.917151
AMZN,1H,2026-04-13T16:00:00Z,238.2,239.08,237.425,238.58,183174,2767,238.332628
AMZN,1H,2026-04-13T17:00:00Z,238.61,238.87,238.21,238.66,84891,1631,238.582807
AMZN,1H,2026-04-13T18:00:00Z,238.72,239.22,238.28,238.42,141283,2066,238.785586
AMZN,1H,2026-04-13T19:00:00Z,238.38,240,238.21,239.95,342908,4128,239.165683
AMZN,1H,2026-04-14T13:00:00Z,242.035,247,242.035,245.71,490168,5303,245.77862
AMZN,1H,2026-04-14T14:00:00Z,245.71,247.09,244.98,246.84,430812,5717,245.887833
AMZN,1H,2026-04-14T15:00:00Z,246.83,248.6,246.39,248.205,402202,4919,247.63724
AMZN,1H,2026-04-14T16:00:00Z,248.09,250.42,247.75,250.04,593903,6722,249.438389
AMZN,1H,2026-04-14T17:00:00Z,250.04,252.175,249.49,251.73,298939,4252,250.862482
AMZN,1H,2026-04-14T18:00:00Z,251.76,252.1,248.57,248.835,267472,4096,250.07854
AMZN,1H,2026-04-14T19:00:00Z,248.745,249.72,248.22,249.07,628531,5538,248.868906
AMZN,1H,2026-04-14T20:00:00Z,248.8,248.85,248.8,248.8,2847,32,248.806421
AMZN,1H,2026-04-15T13:00:00Z,249.49,250.355,247.31,248.61,324829,3727,248.191944
AMZN,1H,2026-04-15T14:00:00Z,248.62,248.84,247.2,247.92,267159,3684,247.967069
AMZN,1H,2026-04-15T15:00:00Z,247.985,248.37,247.25,247.955,216535,3090,247.872831
AMZN,1H,2026-04-15T16:00:00Z,247.89,249.11,247.76,248.03,137857,2035,248.408766
AMZN,1H,2026-04-15T17:00:00Z,248.01,248.8,247.945,248.29,171101,1641,248.339743
AMZN,1H,2026-04-15T18:00:00Z,248.29,249.08,248.18,248.715,118032,1765,248.747399
AMZN,1H,2026-04-15T19:00:00Z,248.69,249.46,248.36,248.46,288744,3640,248.759932
AMZN,1H,2026-04-16T13:00:00Z,249.09,249.99,244.685,244.855,340786,3997,246.539423
AMZN,1H,2026-04-16T14:00:00Z,244.84,246.45,244.22,246.2,399888,4967,245.54874
AMZN,1H,2026-04-16T15:00:00Z,246.21,248.6,246.04,248.545,329510,3990,247.56168
AMZN,1H,2026-04-16T16:00:00Z,248.56,249.02,247.75,248.34,265109,2470,248.645509
AMZN,1H,2026-04-16T17:00:00Z,248.49,249.62,248.35,249.18,193617,2455,248.955449
AMZN,1H,2026-04-16T18:00:00Z,249.24,249.5,248.32,248.77,175653,2296,248.912136
AMZN,1H,2026-04-16T19:00:00Z,248.835,249.705,248.26,249.705,373660,4638,249.024456
AMZN,1H,2026-04-17T12:00:00Z,252.21,252.21,252.19,252.19,2614,37,252.192105
AMZN,1H,2026-04-17T13:00:00Z,255,255.85,252.22,253.96,204650,2678,253.642569
AMZN,1H,2026-04-17T14:00:00Z,254,256.18,253.8,254.535,247258,3489,254.953277
AMZN,1H,2026-04-17T15:00:00Z,254.51,254.62,253.64,253.69,137098,2090,254.153032
AMZN,1H,2026-04-17T16:00:00Z,253.68,254.07,253.15,253.82,103792,1628,253.59671
AMZN,1H,2026-04-17T17:00:00Z,254,254.29,253.345,253.685,142108,2089,253.835442
AMZN,1H,2026-04-17T18:00:00Z,253.755,253.96,251.135,251.28,165880,2505,252.22451
AMZN,1H,2026-04-17T19:00:00Z,251.315,251.36,250.12,250.49,251164,3853,250.636461
AMZN,1H,2026-04-20T13:00:00Z,249.19,250.08,246.835,247.63,271499,4125,247.81615
AMZN,1H,2026-04-20T14:00:00Z,247.665,248.05,245.6,245.74,276599,3844,247.017667
AMZN,1H,2026-04-20T15:00:00Z,245.93,247.09,245.37,246.79,196807,3088,246.217088
AMZN,1H,2026-04-20T16:00:00Z,246.82,247.37,246.55,247.33,107664,1858,246.858844
AMZN,1H,2026-04-20T17:00:00Z,247.33,247.71,247.19,247.515,82543,1739,247.45989
AMZN,1H,2026-04-20T18:00:00Z,247.5,248.5,247.44,248.11,157170,2495,247.99575
AMZN,1H,2026-04-20T19:00:00Z,248.115,248.635,247.59,248.34,358962,4284,248.265607
AMZN,1H,2026-04-21T13:00:00Z,254.98,254.99,251.56,253.595,336581,4511,252.795859
AMZN,1H,2026-04-21T14:00:00Z,253.64,253.88,251.84,251.93,311301,4178,252.665321
AMZN,1H,2026-04-21T15:00:00Z,251.99,252.845,251.03,252.52,235841,3475,252.182786
AMZN,1H,2026-04-21T16:00:00Z,252.505,253.2,251.6,251.62,106715,1925,252.487176
AMZN,1H,2026-04-21T17:00:00Z,251.75,252.95,251.015,252.25,138104,2340,251.849938
AMZN,1H,2026-04-21T18:00:00Z,252.295,252.47,250.37,251.055,96483,1648,251.136466
AMZN,1H,2026-04-21T19:00:00Z,251.055,251.755,249.14,249.855,233136,3450,250.337762
AMZN,1H,2026-04-22T13:00:00Z,252.22,252.48,250.365,252.23,142354,2050,251.463521
AMZN,1H,2026-04-22T14:00:00Z,252.37,253.66,252.37,252.885,181116,2503,253.062907
AMZN,1H,2026-04-22T15:00:00Z,252.795,253.22,252.18,252.21,138239,2056,252.767439
AMZN,1H,2026-04-22T16:00:00Z,252.31,253.22,251.995,252.72,159441,2171,252.806352
AMZN,1H,2026-04-22T17:00:00Z,252.795,254.035,252.78,253.59,111674,1827,253.411586
AMZN,1H,2026-04-22T18:00:00Z,253.62,254.78,253.62,254.03,171330,2921,254.244396
AMZN,1H,2026-04-22T19:00:00Z,254.04,255.91,253.88,255.365,318992,4632,255.150291
AMZN,1H,2026-04-23T13:00:00Z,255.27,256.27,253.925,255.265,174996,2396,255.23734
AMZN,1H,2026-04-23T14:00:00Z,255.24,257.77,254.52,257.585,277444,3579,255.967578
AMZN,1H,2026-04-23T15:00:00Z,257.75,258.785,256.55,256.72,239802,3372,257.845912
AMZN,1H,2026-04-23T16:00:00Z,256.75,257.215,256.52,256.6,108585,1826,256.802743
AMZN,1H,2026-04-23T17:00:00Z,256.62,256.67,253.1,254.68,237100,3450,254.786969
AMZN,1H,2026-04-23T18:00:00Z,254.61,255.76,254.43,255.04,130422,2038,255.272764
AMZN,1H,2026-04-23T19:00:00Z,255,255.945,254.495,255.06,196925,3143,255.211723
AMZN,1H,2026-04-24T13:00:00Z,260,260.87,257.71,258.99,515037,4918,259.558356
AMZN,1H,2026-04-24T14:00:00Z,258.95,261.53,258.435,259.61,454836,4903,260.042809
AMZN,1H,2026-04-24T15:00:00Z,259.69,263,259.61,262.96,324943,4325,261.484555
AMZN,1H,2026-04-24T16:00:00Z,262.9,263.11,261.7,262.15,251223,3464,262.364786
AMZN,1H,2026-04-24T17:00:00Z,262.14,264.03,262.14,263.79,237909,2878,262.914354
AMZN,1H,2026-04-24T18:00:00Z,263.8,263.8,263.06,263.72,118866,2045,263.436484
AMZN,1H,2026-04-24T19:00:00Z,263.79,264.4,263.72,263.96,344167,4912,264.053156
AMZN,1H,2026-04-27T13:00:00Z,264.39,264.68,260.385,261.17,368839,4771,262.111118
AMZN,1H,2026-04-27T14:00:00Z,261.155,263.01,260.88,262.865,388581,4458,262.011597
AMZN,1H,2026-04-27T15:00:00Z,262.875,262.89,260.76,261.22,232568,3492,261.431491
AMZN,1H,2026-04-27T16:00:00Z,261.24,263.43,261.155,262.57,227303,2774,262.501406
AMZN,1H,2026-04-27T17:00:00Z,262.6,262.97,261.975,262.115,128208,1810,262.484067
AMZN,1H,2026-04-27T18:00:00Z,262.08,262.08,261.365,261.47,149275,2078,261.642029
AMZN,1H,2026-04-27T19:00:00Z,261.47,261.57,260.815,261.045,343248,4344,261.104337
AMZN,1H,2026-04-28T13:00:00Z,257.51,260.125,256.73,259.36,257014,2845,258.568447
AMZN,1H,2026-04-28T14:00:00Z,259.395,261.03,259.275,260.075,524718,4021,260.403698
AMZN,1H,2026-04-28T15:00:00Z,260.06,260.69,259.12,259.83,293158,3536,259.893155
AMZN,1H,2026-04-28T16:00:00Z,259.82,260.5,259.105,259.385,274148,3000,259.969288
AMZN,1H,2026-04-28T17:00:00Z,259.4,259.67,257.87,258.745,204412,2796,258.466976
AMZN,1H,2026-04-28T18:00:00Z,258.77,259.79,258.67,259.07,139564,1981,259.197122
AMZN,1H,2026-04-28T19:00:00Z,259.04,259.85,259.04,259.71,327398,4093,259.572433
AMZN,1H,2026-04-29T12:00:00Z,258.95,258.95,258.95,258.95,180,3,258.95
AMZN,1H,2026-04-29T13:00:00Z,258.065,262.74,257.74,262.68,429287,4435,259.873891
AMZN,1H,2026-04-29T14:00:00Z,262.73,265.89,261.91,265.16,524228,6375,264.265947
AMZN,1H,2026-04-29T15:00:00Z,265.165,265.18,263.07,263.475,455451,5232,264.080517
AMZN,1H,2026-04-29T16:00:00Z,263.5,263.515,260.235,261.57,323930,4435,261.776194
AMZN,1H,2026-04-29T17:00:00Z,261.6,263.18,261.47,263.175,294184,3679,262.329049
AMZN,1H,2026-04-29T18:00:00Z,263.25,263.95,262.85,263.935,224360,3073,263.406086
AMZN,1H,2026-04-29T19:00:00Z,263.99,264.01,262.04,263.22,608409,6753,262.698123
AMZN,1H,2026-04-29T20:00:00Z,252.78,267.65,249.81,254.02,10232,309,258.14619
AMZN,1H,2026-04-30T12:00:00Z,270.95,273.03,270.95,273.03,305,4,272.105556
AMZN,1H,2026-04-30T13:00:00Z,272.46,273.86,257.48,259.49,775434,9427,263.734206
AMZN,1H,2026-04-30T14:00:00Z,259.18,262.58,257.5,259.54,507999,7084,259.577093
AMZN,1H,2026-04-30T15:00:00Z,259.7,260.24,256.18,258.42,477575,5589,258.629825
AMZN,1H,2026-04-30T16:00:00Z,258.3,259.89,257.76,258.385,334809,5451,259.07162
AMZN,1H,2026-04-30T17:00:00Z,258.3,260.55,258.3,260.255,285101,4059,259.950236
AMZN,1H,2026-04-30T18:00:00Z,260.21,264.11,260.21,263.49,442821,5516,262.586385
AMZN,1H,2026-04-30T19:00:00Z,263.495,266.47,263.495,265.04,721245,9198,265.398377
AMZN,1H,2026-04-30T20:00:00Z,264.89,264.92,264.89,264.92,326,4,264.905
AMZN,1H,2026-05-01T12:00:00Z,263.35,263.35,263.35,263.35,150,2,263.35
AMZN,1H,2026-05-01T13:00:00Z,265.31,268.915,262.82,268.915,265705,3277,265.528269
AMZN,1H,2026-05-01T14:00:00Z,268.885,273.31,268.73,269.595,512801,6149,271.47998
AMZN,1H,2026-05-01T15:00:00Z,269.585,270.76,268.37,270.105,280609,3821,269.591626
AMZN,1H,2026-05-01T16:00:00Z,270.11,270.19,268.12,268.4,234441,3171,269.020482
AMZN,1H,2026-05-01T17:00:00Z,268.42,269.8,268.24,269.245,195670,2890,269.033656
AMZN,1H,2026-05-01T18:00:00Z,269.31,269.65,268.28,268.94,198194,2787,269.110796
AMZN,1H,2026-05-01T19:00:00Z,268.91,269.28,267.67,268.29,408749,4672,268.413594
AMZN,1H,2026-05-01T20:00:00Z,267.44,267.44,267.44,267.44,113,2,267.44
AMZN,1H,2026-05-04T12:00:00Z,268.91,269.51,268.91,269.51,373,4,269.237958
AMZN,1H,2026-05-04T13:00:00Z,269.27,273.25,269.17,271.77,205068,2787,271.782247
AMZN,1H,2026-05-04T14:00:00Z,271.69,276.08,269.48,273.405,345878,5102,272.969681
AMZN,1H,2026-05-04T15:00:00Z,273.43,274.98,270.62,271.05,293107,4461,272.632259
AMZN,1H,2026-05-04T16:00:00Z,271.01,271.22,269.74,270.23,231902,3662,270.458942
AMZN,1H,2026-05-04T17:00:00Z,270.27,271.955,270.08,271.8,178035,2711,271.282948
AMZN,1H,2026-05-04T18:00:00Z,271.84,272.045,270.45,270.85,131084,2155,271.074855
AMZN,1H,2026-05-04T19:00:00Z,270.92,272.1,270.74,272.1,268847,3997,271.409767
AMZN,1H,2026-05-05T12:00:00Z,273.38,273.39,273.36,273.36,625,7,273.38
AMZN,1H,2026-05-05T13:00:00Z,274.25,278.53,274.24,276.105,287819,3462,277.093715
AMZN,1H,2026-05-05T14:00:00Z,276.12,277.27,274.55,276.06,335604,4976,275.959571
AMZN,1H,2026-05-05T15:00:00Z,276.16,276.325,274.72,275.93,231176,3901,275.761419
AMZN,1H,2026-05-05T16:00:00Z,275.98,275.98,273.16,273.16,181764,2988,274.488747
AMZN,1H,2026-05-05T17:00:00Z,273.01,274.2,272.45,274.2,145507,2127,273.409901
AMZN,1H,2026-05-05T18:00:00Z,274.26,274.26,273.51,273.82,128075,2045,273.885379
AMZN,1H,2026-05-05T19:00:00Z,273.84,274.31,273.45,273.555,271823,4156,273.799179
AMZN,1H,2026-05-06T13:00:00Z,272.815,275.3,272.25,273.465,294057,4190,273.996248
AMZN,1H,2026-05-06T14:00:00Z,273.58,275.47,272.26,274.85,319149,4925,274.12371
AMZN,1H,2026-05-06T15:00:00Z,275.12,275.2,272.56,274.88,225659,3355,273.968848
AMZN,1H,2026-05-06T16:00:00Z,274.76,276,274.76,275.48,294702,4157,275.448062
AMZN,1H,2026-05-06T17:00:00Z,275.49,277.085,275.405,277.025,202686,3494,276.494251
AMZN,1H,2026-05-06T18:00:00Z,277.045,277.8,276.115,276.67,214702,3577,276.897176
AMZN,1H,2026-05-06T19:00:00Z,276.645,277.065,274.95,274.98,321244,5620,276.106495
AMZN,1H,2026-05-06T20:00:00Z,275.02,275.06,274.92,275.06,571,7,274.991429
AMZN,1H,2026-05-07T12:00:00Z,275.56,275.56,275.56,275.56,100,1,275.56
AMZN,1H,2026-05-07T13:00:00Z,275.55,276.605,273.12,273.7,246817,2858,274.308179
AMZN,1H,2026-05-07T14:00:00Z,273.74,273.96,272.83,273.43,293004,3291,273.478203
AMZN,1H,2026-05-07T15:00:00Z,273.44,273.86,272.19,273.595,261244,3262,273.128489
AMZN,1H,2026-05-07T16:00:00Z,273.48,273.53,271.42,272.86,262203,3229,272.375191
AMZN,1H,2026-05-07T17:00:00Z,272.88,273,271.225,272.89,172209,2485,272.005194
AMZN,1H,2026-05-07T18:00:00Z,272.9,272.965,271.38,272.085,113320,1771,272.369554
AMZN,1H,2026-05-07T19:00:00Z,272.05,272.12,270.785,271.08,328545,4242,271.49653
AMZN,1H,2026-05-08T13:00:00Z,272.51,273.34,269.95,273.05,227673,2862,271.657169
AMZN,1H,2026-05-08T14:00:00Z,273.08,273.365,271.445,271.995,210185,3144,272.568666
AMZN,1H,2026-05-08T15:00:00Z,271.88,273.49,271.88,272.64,350020,3705,272.688399
AMZN,1H,2026-05-08T16:00:00Z,272.625,273.35,272.34,272.54,207838,2437,272.891331
AMZN,1H,2026-05-08T17:00:00Z,272.5,273.28,272.16,272.59,196381,2495,272.735921
AMZN,1H,2026-05-08T18:00:00Z,272.56,272.98,271.935,272.38,176129,2468,272.384132
AMZN,1H,2026-05-08T19:00:00Z,272.455,273.88,272.24,272.535,469928,5798,273.005944
AMZN,1H,2026-05-11T12:00:00Z,270.68,270.68,270.68,270.68,295,4,270.68
AMZN,1H,2026-05-11T13:00:00Z,270.145,273.605,269.205,273.22,326418,3648,271.718117
AMZN,1H,2026-05-11T14:00:00Z,273.33,273.405,271.055,271.71,300743,4525,272.094578
AMZN,1H,2026-05-11T15:00:00Z,271.79,272.79,271.61,272.25,180395,2663,272.167384
AMZN,1H,2026-05-11T16:00:00Z,272.27,273.07,271.45,271.61,159012,2176,272.210138
AMZN,1H,2026-05-11T17:00:00Z,271.62,271.755,270.65,270.81,112972,1902,271.210874
AMZN,1H,2026-05-11T18:00:00Z,270.8,271.105,269.66,269.68,109757,1591,270.280753
AMZN,1H,2026-05-11T19:00:00Z,269.67,269.93,268.5,268.98,242475,3195,269.413367
AMZN,1H,2026-05-12T13:00:00Z,266.74,267.53,264.55,265.52,203522,2663,265.481716
AMZN,1H,2026-05-12T14:00:00Z,265.52,265.85,263.73,263.92,248662,3570,264.74307
AMZN,1H,2026-05-12T15:00:00Z,263.9,265.2,263.75,264.41,204679,3097,264.50713
AMZN,1H,2026-05-12T16:00:00Z,264.35,264.87,262.63,263.02,300830,4019,263.409178
AMZN,1H,2026-05-12T17:00:00Z,263.02,264.51,262.95,264.15,174943,2806,263.853467
AMZN,1H,2026-05-12T18:00:00Z,264.16,264.68,263.78,264.335,147719,2083,264.2112
AMZN,1H,2026-05-12T19:00:00Z,264.33,266.5,264.05,265.84,375917,4288,265.386787
AMZN,1H,2026-05-13T12:00:00Z,264.99,264.99,264.99,264.99,205,3,264.99
AMZN,1H,2026-05-13T13:00:00Z,264.37,266,263.235,265.1,348719,3214,264.997693
AMZN,1H,2026-05-13T14:00:00Z,265.09,266.23,264.805,265.19,293812,3705,265.424393
AMZN,1H,2026-05-13T15:00:00Z,265.21,269.345,265.125,268.42,291245,3616,267.282879
AMZN,1H,2026-05-13T16:00:00Z,268.37,270.38,268.33,270.065,301141,3598,269.153152
AMZN,1H,2026-05-13T17:00:00Z,270.23,270.34,269.05,269.09,228342,2754,269.639486
AMZN,1H,2026-05-13T18:00:00Z,269.09,270.32,269.015,269.33,287983,2879,269.809411
AMZN,1H,2026-05-13T19:00:00Z,269.365,270.71,269.3,270.145,603884,5537,270.005102
AMZN,1H,2026-05-14T13:00:00Z,269.1,270.765,268.41,268.67,236292,2933,269.677168
AMZN,1H,2026-05-14T14:00:00Z,268.63,269.52,267.17,267.345,252113,3304,268.052219
AMZN,1H,2026-05-14T15:00:00Z,267.33,268.3,267.055,268.29,179097,2563,267.706355
AMZN,1H,2026-05-14T16:00:00Z,268.37,268.89,267.89,268.17,198374,2520,268.276585
AMZN,1H,2026-05-14T17:00:00Z,268.16,269.175,267.905,268.8,291185,3473,268.479305
AMZN,1H,2026-05-14T18:00:00Z,268.62,268.65,267.415,267.44,184048,2692,268.198734
AMZN,1H,2026-05-14T19:00:00Z,267.43,268.22,266.63,267.21,306096,4005,267.687047
AMZN,1H,2026-05-15T13:00:00Z,262.64,263.41,261.06,262.495,339213,3478,262.042107
AMZN,1H,2026-05-15T14:00:00Z,262.445,264.005,262.2,262.86,436607,4707,263.113747
AMZN,1H,2026-05-15T15:00:00Z,262.81,263.85,261.7,262.32,233299,2662,262.782408
AMZN,1H,2026-05-15T16:00:00Z,262.37,263.23,261.77,261.9,200752,1987,262.445312
AMZN,1H,2026-05-15T17:00:00Z,261.83,263.96,261.735,263.23,171871,2002,263.133676
AMZN,1H,2026-05-15T18:00:00Z,263.22,263.95,262.81,263.49,156346,2027,263.40698
AMZN,1H,2026-05-15T19:00:00Z,263.46,264.35,262.85,264.22,311998,3905,263.617897
AMZN,1H,2026-05-18T12:00:00Z,263.55,263.64,263.55,263.64,325,4,263.594082
AMZN,1H,2026-05-18T13:00:00Z,264.02,268.835,262.54,267.87,248091,3555,266.535647
AMZN,1H,2026-05-18T14:00:00Z,267.88,268.62,266.04,267.93,413252,6149,267.732274
AMZN,1H,2026-05-18T15:00:00Z,267.93,268.04,265.42,265.5,278394,3490,266.353475
AMZN,1H,2026-05-18T16:00:00Z,265.55,265.92,264.2,264.64,234503,2981,265.156521
AMZN,1H,2026-05-18T17:00:00Z,264.55,265.29,264.26,264.775,181517,2016,264.950988
AMZN,1H,2026-05-18T18:00:00Z,264.73,264.82,262.7,262.76,238044,3358,263.60212
AMZN,1H,2026-05-18T19:00:00Z,262.77,265.045,262.74,264.78,283007,4613,264.393021
AMZN,1H,2026-05-19T13:00:00Z,262.04,262.14,258.84,260.545,254633,3561,260.127474
AMZN,1H,2026-05-19T14:00:00Z,260.43,260.5,256.33,256.915,411193,5842,257.567956
AMZN,1H,2026-05-19T15:00:00Z,256.88,257.55,255.205,255.57,306389,4923,256.311716
AMZN,1H,2026-05-19T16:00:00Z,255.59,258.06,255.56,258.01,263235,4104,256.438781
AMZN,1H,2026-05-19T17:00:00Z,258.01,259.36,257.795,259.175,227483,4074,258.588813
AMZN,1H,2026-05-19T18:00:00Z,259.12,259.76,258.79,259.22,174035,3346,259.268044
AMZN,1H,2026-05-19T19:00:00Z,259.2,259.49,258.76,259.39,294348,5233,259.174189
AMZN,1H,2026-05-20T12:00:00Z,260.28,260.28,260.28,260.28,100,1,260.28
AMZN,1H,2026-05-20T13:00:00Z,260.315,263.105,259.61,261.46,177217,2423,261.328536
AMZN,1H,2026-05-20T14:00:00Z,261.49,264.49,260.41,264.23,277826,3712,262.315971
AMZN,1H,2026-05-20T15:00:00Z,264.21,265.545,263.62,264.92,251861,3998,264.637679
AMZN,1H,2026-05-20T16:00:00Z,264.91,264.98,262.595,263.05,235704,3073,263.447884
AMZN,1H,2026-05-20T17:00:00Z,263.08,263.73,262.38,263.46,209582,2796,263.200436
AMZN,1H,2026-05-20T18:00:00Z,263.36,264.56,263.18,264.365,134485,1982,263.885484
AMZN,1H,2026-05-20T19:00:00Z,264.33,265.34,263.99,265,379773,4804,264.716473
AMZN,1H,2026-05-21T12:00:00Z,264.39,264.39,264.39,264.39,220,4,264.39
AMZN,1H,2026-05-21T13:00:00Z,262.98,264.395,261.4,263.39,238812,3101,262.229927
AMZN,1H,2026-05-21T14:00:00Z,263.34,264.62,262.165,264.44,264391,3281,263.344455
AMZN,1H,2026-05-21T15:00:00Z,264.47,265.79,263.72,265.64,195275,2673,264.845729
AMZN,1H,2026-05-21T16:00:00Z,265.665,266.43,264.91,266.39,222999,2532,265.477075
AMZN,1H,2026-05-21T17:00:00Z,266.43,269.36,266.3,268.76,286191,3569,267.704387
AMZN,1H,2026-05-21T18:00:00Z,268.72,269.48,267,267.265,187953,2430,268.615633
AMZN,1H,2026-05-21T19:00:00Z,267.44,268.97,267.28,268.5,241345,3538,268.398594
AMZN,1H,2026-05-22T13:00:00Z,268.655,269.75,268.08,268.4,215488,2097,268.934463
AMZN,1H,2026-05-22T14:00:00Z,268.31,268.75,267.5,268.15,228778,3139,268.247657
AMZN,1H,2026-05-22T15:00:00Z,268.11,269.28,267.97,269.24,144625,2225,268.903531
AMZN,1H,2026-05-22T16:00:00Z,269.31,269.31,267.55,267.655,127751,1863,268.142653
AMZN,1H,2026-05-22T17:00:00Z,267.63,269.6,267.43,267.96,209658,2781,268.511541
AMZN,1H,2026-05-22T18:00:00Z,267.93,268.28,267.54,267.55,112300,1846,267.932082
AMZN,1H,2026-05-22T19:00:00Z,267.58,267.58,266.25,266.27,388964,4223,266.807134
AMZN,1H,2026-05-26T12:00:00Z,267.15,267.16,267.15,267.16,400,6,267.155
AMZN,1H,2026-05-26T13:00:00Z,267.575,269.21,265.68,266.76,256197,3431,267.271499
AMZN,1H,2026-05-26T14:00:00Z,266.765,268.21,264.145,264.28,375793,4737,265.689666
AMZN,1H,2026-05-26T15:00:00Z,264.265,264.76,263.3,263.56,269213,3556,263.924149
AMZN,1H,2026-05-26T16:00:00Z,263.61,264.225,263.03,263.03,144820,2332,263.655511
AMZN,1H,2026-05-26T17:00:00Z,263.02,263.11,262.09,262.635,193012,2750,262.50858
AMZN,1H,2026-05-26T18:00:00Z,262.69,263.39,262.51,262.98,173707,2541,263.099994
AMZN,1H,2026-05-26T19:00:00Z,262.94,265.66,262.845,265.27,259515,3992,264.364402
AMZN,1H,2026-05-27T12:00:00Z,264.85,265.28,264.85,265.28,735,11,265.000455
AMZN,1H,2026-05-27T13:00:00Z,264.71,268.755,264.71,268.15,292161,2897,267.163012
AMZN,1H,2026-05-27T14:00:00Z,268.23,270.7,268.075,270.15,264853,3820,269.800911
AMZN,1H,2026-05-27T15:00:00Z,270.235,271.41,269.89,269.895,305343,5062,270.895239
AMZN,1H,2026-05-27T16:00:00Z,269.89,272.37,269.11,271.34,241328,4062,271.179077
AMZN,1H,2026-05-27T17:00:00Z,271.345,271.45,269.65,269.84,195196,3073,270.439276
AMZN,1H,2026-05-27T18:00:00Z,269.845,271.04,269.2,271.04,194696,2964,270.020782
AMZN,1H,2026-05-27T19:00:00Z,271.07,271.86,270.8,271.85,327531,4672,271.394493
AMZN,1H,2026-05-27T20:00:00Z,272.45,272.99,272.45,272.6,1277,32,272.657778
AMZN,1H,2026-05-28T12:00:00Z,271.46,271.73,271.46,271.73,300,6,271.595
AMZN,1H,2026-05-28T13:00:00Z,272.275,272.275,267.78,268.765,216087,2904,269.315126
AMZN,1H,2026-05-28T14:00:00Z,268.63,270.535,267.465,270.1,241453,3086,269.149465
AMZN,1H,2026-05-28T15:00:00Z,270.11,270.8,269.12,270.43,171945,2243,269.910801
AMZN,1H,2026-05-28T16:00:00Z,270.28,270.38,269.19,270.085,145867,1640,269.930795
AMZN,1H,2026-05-28T17:00:00Z,270.12,272.45,270.12,272.33,143934,2223,271.355872
AMZN,1H,2026-05-28T18:00:00Z,272.35,274.17,271.94,273.95,194565,2800,272.779639
AMZN,1H,2026-05-28T19:00:00Z,274,274.36,273.26,273.98,394960,4355,273.870783
AMZN,1H,2026-05-29T13:00:00Z,271.5,274.68,270.69,273.315,305812,3648,273.638226
AMZN,1H,2026-05-29T14:00:00Z,273.245,273.58,270.61,271.145,272226,3360,271.587722
AMZN,1H,2026-05-29T15:00:00Z,271.14,273.035,271.015,272.94,176445,2577,272.24808
AMZN,1H,2026-05-29T16:00:00Z,272.92,273,270.85,271.03,131526,2273,272.178279
AMZN,1H,2026-05-29T17:00:00Z,270.97,271.54,270.86,270.915,139821,2268,271.136883
AMZN,1H,2026-05-29T18:00:00Z,270.91,271.06,269.72,269.86,171466,2376,270.508173
AMZN,1H,2026-05-29T19:00:00Z,269.88,272.08,269.715,270.61,321510,4267,270.870959
AMZN,1H,2026-05-29T20:00:00Z,270.17,270.17,270.17,270.17,130,4,270.17
AMZN,1H,2026-06-01T13:00:00Z,266.29,266.47,262.33,264.49,355726,4614,264.21508
AMZN,1H,2026-06-01T14:00:00Z,264.51,265.415,262.76,264.65,332676,4435,264.051997
AMZN,1H,2026-06-01T15:00:00Z,264.65,264.92,263.29,263.6,321973,3844,264.138629
AMZN,1H,2026-06-01T16:00:00Z,263.74,264.575,261.5,262.12,310219,4006,262.557185
AMZN,1H,2026-06-01T17:00:00Z,262.12,262.58,260.71,262.38,301531,4352,261.633666
AMZN,1H,2026-06-01T18:00:00Z,262.25,263.31,261.93,263.25,177429,2704,262.540357
AMZN,1H,2026-06-01T19:00:00Z,263.24,264.14,261.14,261.2,522662,6227,262.297455
AMZN,1H,2026-06-01T20:00:00Z,261.39,261.48,261.31,261.48,500,4,261.362
AMZN,1H,2026-06-02T13:00:00Z,257.125,257.83,254.39,255.67,325101,4368,255.540172
AMZN,1H,2026-06-02T14:00:00Z,255.65,260.52,255.1,260.52,346075,4673,258.232682
AMZN,1H,2026-06-02T15:00:00Z,260.48,261.2,259.39,259.39,202356,2832,260.387002
AMZN,1H,2026-06-02T16:00:00Z,259.345,259.5,258.42,258.75,139388,2038,258.909191
AMZN,1H,2026-06-02T17:00:00Z,258.79,258.85,257.5,257.5,157631,2599,258.151478
AMZN,1H,2026-06-02T18:00:00Z,257.475,258.575,257.34,258.36,156315,2692,258.088022
AMZN,1H,2026-06-02T19:00:00Z,258.3,258.53,256.37,256.53,340330,4576,257.451952
AMZN,1H,2026-06-03T13:00:00Z,254.19,257.09,253.44,255.34,244580,4693,255.645019
AMZN,1H,2026-06-03T14:00:00Z,255.33,255.73,251.41,251.77,407147,5450,253.07084
AMZN,1H,2026-06-03T15:00:00Z,251.81,251.81,249.17,250.24,503852,5909,250.379452
AMZN,1H,2026-06-03T16:00:00Z,250.12,250.38,248.28,248.53,327710,5550,249.089193
AMZN,1H,2026-06-03T17:00:00Z,248.53,249.39,247.72,249.155,410921,4885,248.379873
AMZN,1H,2026-06-03T18:00:00Z,249.12,249.18,248.44,248.75,286035,4055,248.840773
AMZN,1H,2026-06-03T19:00:00Z,248.695,250.255,248.09,249.99,572215,8818,249.211268
AMZN,1H,2026-06-04T12:00:00Z,253.21,253.21,253.18,253.18,200,2,253.195
AMZN,1H,2026-06-04T13:00:00Z,253.6,254.63,251.83,254.61,347545,5443,253.150533
AMZN,1H,2026-06-04T14:00:00Z,254.68,255.13,253.15,253.65,338665,5211,254.036376
AMZN,1H,2026-06-04T15:00:00Z,253.665,255.83,253.54,254.015,305440,4232,254.389656
AMZN,1H,2026-06-04T16:00:00Z,253.985,254.44,253.55,253.81,164490,3152,253.96848
AMZN,1H,2026-06-04T17:00:00Z,253.83,254.78,253.655,253.85,147589,2217,253.988738
AMZN,1H,2026-06-04T18:00:00Z,253.79,254.83,253.415,253.935,169860,3169,254.21968
AMZN,1H,2026-06-04T19:00:00Z,253.94,254.415,253.13,253.855,360524,6425,253.759186
AMZN,1H,2026-06-05T13:00:00Z,253.885,256.3,252.875,252.91,379270,5877,254.799454
AMZN,1H,2026-06-05T14:00:00Z,252.895,254.34,252.09,253.315,276511,5344,253.136504
AMZN,1H,2026-06-05T15:00:00Z,253.36,253.945,252.515,252.92,198648,4930,253.218637
AMZN,1H,2026-06-05T16:00:00Z,252.79,253.57,252.4,253.28,227843,3947,253.046203
AMZN,1H,2026-06-05T17:00:00Z,253.23,253.84,252.51,253.48,219828,3572,253.301218
AMZN,1H,2026-06-05T18:00:00Z,253.525,253.72,247.675,248.035,632309,8870,249.225007
AMZN,1H,2026-06-05T19:00:00Z,248,248.27,245.78,246.15,642745,9362,247.031109
AMZN,1H,2026-06-05T20:00:00Z,246.47,246.47,246.47,246.47,150,2,246.47
AMZN,1H,2026-06-08T13:00:00Z,246.78,249.34,246.4,247.1,220585,4601,247.775986
AMZN,1H,2026-06-08T14:00:00Z,247.07,247.45,246.18,247.21,263067,5885,246.733188
AMZN,1H,2026-06-08T15:00:00Z,247.16,247.665,245.6,245.92,174045,2971,246.580977
AMZN,1H,2026-06-08T16:00:00Z,245.93,246.93,245.58,245.61,130113,2370,246.304081
AMZN,1H,2026-06-08T17:00:00Z,245.58,245.875,244.64,244.69,129131,2193,245.196134
AMZN,1H,2026-06-08T18:00:00Z,244.685,244.85,243.38,244.51,190555,2627,244.237364
AMZN,1H,2026-06-08T19:00:00Z,244.54,245.59,244.22,245.21,227272,3564,244.931609
AMZN,1H,2026-06-09T13:00:00Z,247.7,250.415,246.67,248.67,261235,4785,248.656297
AMZN,1H,2026-06-09T14:00:00Z,248.795,249.075,244.425,245.3,453328,7449,246.979491
AMZN,1H,2026-06-09T15:00:00Z,245.24,245.52,242.255,242.685,363337,6786,243.714765
AMZN,1H,2026-06-09T16:00:00Z,242.67,243.975,240.49,241.51,304689,7486,242.326964
AMZN,1H,2026-06-09T17:00:00Z,241.765,245.1,241.34,244.765,284866,5290,243.738207
AMZN,1H,2026-06-09T18:00:00Z,244.8,245.72,244.72,245.44,226335,4084,245.274526
AMZN,1H,2026-06-09T19:00:00Z,245.41,245.8,243.15,244.15,428039,6536,244.357652
AMZN,1H,2026-06-10T13:00:00Z,243.29,243.93,240.23,240.61,279274,4247,241.882027
AMZN,1H,2026-06-10T14:00:00Z,240.71,242.42,239.82,240.08,325282,5304,241.074884
AMZN,1H,2026-06-10T15:00:00Z,240.08,240.78,238.835,239.9,441313,5669,239.578783
AMZN,1H,2026-06-10T16:00:00Z,240.05,240.21,238.59,239.195,204907,3310,239.277292
AMZN,1H,2026-06-10T17:00:00Z,239.21,239.44,237.93,238.8,200922,3145,238.623269
AMZN,1H,2026-06-10T18:00:00Z,238.91,239.365,238.18,238.29,210461,3170,238.836057
AMZN,1H,2026-06-10T19:00:00Z,238.19,238.59,237.51,237.97,473039,6244,238.121291
AMZN,1H,2026-06-10T20:00:00Z,237.84,237.84,237.84,237.84,178,2,237.84
AMZN,1H,2026-06-11T13:00:00Z,237.93,238.36,235.545,237.27,333413,4175,236.988976
AMZN,1H,2026-06-11T14:00:00Z,237.39,238.755,235.615,235.73,288904,4320,237.349247
AMZN,1H,2026-06-11T15:00:00Z,235.71,237.38,235.2,237.13,303805,4817,236.668843
AMZN,1H,2026-06-11T16:00:00Z,237.14,237.94,236.31,236.425,208615,3382,237.210088
AMZN,1H,2026-06-11T17:00:00Z,236.42,240.03,235.715,238.765,369690,4620,237.960159
AMZN,1H,2026-06-11T18:00:00Z,238.73,239.98,237.99,239.79,218094,3288,239.139267
AMZN,1H,2026-06-11T19:00:00Z,239.83,242.14,239.8,241.42,514509,8038,241.082901
AMZN,1H,2026-06-12T13:00:00Z,243.16,243.16,233.66,234.18,408678,5754,236.611438
AMZN,1H,2026-06-12T14:00:00Z,234.25,237.445,234.16,237.31,463260,6069,236.292088
AMZN,1H,2026-06-12T15:00:00Z,237.32,238.41,235.655,235.95,414737,4811,237.306114
AMZN,1H,2026-06-12T16:00:00Z,235.95,236.97,235.74,236.87,243306,3146,236.345364
AMZN,1H,2026-06-12T17:00:00Z,236.92,237.505,236.38,236.505,159164,2316,237.075771
AMZN,1H,2026-06-12T18:00:00Z,236.475,238,236.03,237.83,118277,2325,236.708988
AMZN,1H,2026-06-12T19:00:00Z,237.9,238.585,237.31,238.56,314458,4338,237.992047
AMZN,1H,2026-06-15T12:00:00Z,243.68,243.98,243.48,243.52,1722,26,243.69
AMZN,1H,2026-06-15T13:00:00Z,243.97,247.695,243.75,247.34,400497,4838,246.480428
AMZN,1H,2026-06-15T14:00:00Z,247.27,247.27,245.61,246.44,337148,4546,246.229472
AMZN,1H,2026-06-15T15:00:00Z,246.53,246.63,245.665,246.53,269385,3686,246.186683
AMZN,1H,2026-06-15T16:00:00Z,246.495,246.99,245.64,246.24,168867,2424,246.291381
AMZN,1H,2026-06-15T17:00:00Z,246.2,246.99,245.99,246.315,152092,2149,246.579417
AMZN,1H,2026-06-15T18:00:00Z,246.37,246.79,245.9,246.79,135864,2000,246.305487
AMZN,1H,2026-06-15T19:00:00Z,246.81,246.86,245.5,246.1,399387,5798,246.050914
AMZN,1H,2026-06-16T13:00:00Z,247.38,248.375,246.45,246.45,185659,2693,247.264186
AMZN,1H,2026-06-16T14:00:00Z,246.48,248.79,245.475,248.39,283424,4758,246.97461
AMZN,1H,2026-06-16T15:00:00Z,248.385,249.505,247.94,248.04,345919,4983,248.772435
AMZN,1H,2026-06-16T16:00:00Z,247.96,247.98,245.94,246.11,214370,2939,247.007094
AMZN,1H,2026-06-16T17:00:00Z,246.06,246.35,245.53,245.7,165557,2470,245.91112
AMZN,1H,2026-06-16T18:00:00Z,245.69,246.72,245.69,246.355,204948,2805,246.279695
AMZN,1H,2026-06-16T19:00:00Z,246.38,246.69,245.675,246.15,378284,5599,246.083798
AMZN,1H,2026-06-17T13:00:00Z,245.13,245.8,241.75,242.145,183037,3068,243.157223
AMZN,1H,2026-06-17T14:00:00Z,242.015,242.67,240.33,240.79,392307,5070,241.494687
AMZN,1H,2026-06-17T15:00:00Z,240.78,241.16,240.01,240.205,198064,2880,240.491679
AMZN,1H,2026-06-17T16:00:00Z,240.22,240.895,239.26,239.875,222074,3314,239.898988
AMZN,1H,2026-06-17T17:00:00Z,239.84,240.65,239.18,240.56,226600,3042,239.812382
AMZN,1H,2026-06-17T18:00:00Z,240.515,240.515,237.88,238.32,320349,5204,239.211361
AMZN,1H,2026-06-17T19:00:00Z,238.32,238.685,236.67,237.57,499900,7759,237.563948
AMZN,1H,2026-06-18T13:00:00Z,240.14,240.79,236.035,238.89,348428,4517,237.556231
AMZN,1H,2026-06-18T14:00:00Z,238.91,240.46,238.59,239.92,300006,4089,239.609545
AMZN,1H,2026-06-18T15:00:00Z,239.87,244.31,239.85,243.79,540539,6714,242.236099
AMZN,1H,2026-06-18T16:00:00Z,243.85,244.215,242.515,243.46,259564,3963,243.478403
AMZN,1H,2026-06-18T17:00:00Z,243.49,245.73,243.32,244.02,316143,4689,244.784501
AMZN,1H,2026-06-18T18:00:00Z,244,244.005,242.805,243.125,171724,2863,243.295686
AMZN,1H,2026-06-18T19:00:00Z,243.13,244.68,242.45,244.61,455228,6514,243.659917
AMZN,1H,2026-06-22T12:00:00Z,243.25,243.25,242.89,242.89,330,5,243.07
AMZN,1H,2026-06-22T13:00:00Z,240.25,241.98,238.705,239.295,311082,4110,239.823017
AMZN,1H,2026-06-22T14:00:00Z,239.24,239.355,233.94,234.28,491969,6329,236.336779
AMZN,1H,2026-06-22T15:00:00Z,234.335,234.86,232.55,233.65,382323,4160,233.688278
AMZN,1H,2026-06-22T16:00:00Z,233.67,233.68,232.685,233.21,282410,4193,233.279575
AMZN,1H,2026-06-22T17:00:00Z,233.26,234.19,232.255,233.75,300059,3607,233.323732
AMZN,1H,2026-06-22T18:00:00Z,233.72,234.58,233.685,234.23,241237,2941,234.074684
AMZN,1H,2026-06-22T19:00:00Z,234.235,235.055,232.83,232.99,605314,6772,233.568238
AMZN,1H,2026-06-23T12:00:00Z,230.92,231.04,230.91,231.03,560,7,230.974
AMZN,1H,2026-06-23T13:00:00Z,231.18,235.43,231.18,234.245,271736,4491,233.692732
AMZN,1H,2026-06-23T14:00:00Z,234.3,236.87,234.18,235.43,414939,6173,236.142864
AMZN,1H,2026-06-23T15:00:00Z,235.5,235.5,233.22,234.595,363638,5371,234.094998
AMZN,1H,2026-06-23T16:00:00Z,234.57,235.02,234.2,234.77,376877,4657,234.652334
AMZN,1H,2026-06-23T17:00:00Z,234.705,234.84,233.86,234.77,262031,3600,234.324071
AMZN,1H,2026-06-23T18:00:00Z,234.85,235.825,234.1,234.305,306165,4420,234.823014
AMZN,1H,2026-06-23T19:00:00Z,234.3,235.51,234.13,234.13,483479,7008,234.755783
AMZN,1H,2026-06-24T12:00:00Z,233.55,233.55,233.55,233.55,282,8,233.55
AMZN,1H,2026-06-24T13:00:00Z,233.845,238.49,232.97,237.115,432359,5081,237.091432
AMZN,1H,2026-06-24T14:00:00Z,237.235,241.01,236.56,240.995,564867,6405,238.092905
AMZN,1H,2026-06-24T15:00:00Z,241.07,242.39,240.72,241.91,479605,4738,241.513817
AMZN,1H,2026-06-24T16:00:00Z,241.91,242,239.58,239.66,196622,2382,240.940384
AMZN,1H,2026-06-24T17:00:00Z,239.75,240.1,238.21,238.31,282839,3636,239.060517
AMZN,1H,2026-06-24T18:00:00Z,238.34,238.76,236.635,236.955,598784,7105,237.681399
AMZN,1H,2026-06-24T19:00:00Z,236.91,237.19,233.93,234.36,970302,10244,235.47939
AMZN,1H,2026-06-24T20:00:00Z,233.88,234,233.88,234,507,16,233.94
AMZN,1H,2026-06-25T12:00:00Z,233.2,233.2,233.2,233.2,125,2,233.2
AMZN,1H,2026-06-25T13:00:00Z,232.01,232.24,226.07,227.63,689891,8328,227.571663
AMZN,1H,2026-06-25T14:00:00Z,227.57,229.69,227.25,228.565,626634,7289,228.76481
AMZN,1H,2026-06-25T15:00:00Z,228.61,230.84,228.365,230.26,466098,5657,229.590874
AMZN,1H,2026-06-25T16:00:00Z,230.19,230.22,227.21,228.275,633534,7189,228.333005
AMZN,1H,2026-06-25T17:00:00Z,228.29,228.78,227.76,228.72,555212,6695,228.235534
AMZN,1H,2026-06-25T18:00:00Z,228.775,230.43,228.05,228.95,410514,4967,229.177351
AMZN,1H,2026-06-25T19:00:00Z,228.84,229.04,225.555,227.13,1685531,15375,227.144762
AMZN,1H,2026-06-26T13:00:00Z,227.62,228.96,226.125,227.72,503404,5708,227.560291
AMZN,1H,2026-06-26T14:00:00Z,227.74,231.71,227.65,230.575,797368,9593,230.338818
AMZN,1H,2026-06-26T15:00:00Z,230.57,232.59,230.15,232.205,687207,7874,231.655222
AMZN,1H,2026-06-26T16:00:00Z,232.27,232.54,230.99,231.78,513195,5943,231.754833
AMZN,1H,2026-06-26T17:00:00Z,231.77,231.97,230,230.8,448390,5490,230.725975
AMZN,1H,2026-06-26T18:00:00Z,230.865,231.12,228.83,228.895,466231,5232,230.081262
AMZN,1H,2026-06-26T19:00:00Z,228.95,232.95,227.85,230.6,1917123,17367,230.084723
AMZN,1H,2026-06-29T13:00:00Z,234.28,243.365,234.03,241.53,656416,5853,239.844668
AMZN,1H,2026-06-29T14:00:00Z,241.685,246.74,241.34,245.205,889126,9677,244.210303
AMZN,1H,2026-06-29T15:00:00Z,245.19,245.33,240.895,242.26,458149,4985,242.914693
AMZN,1H,2026-06-29T16:00:00Z,242.25,242.255,239.77,241.36,317113,4139,240.559578
AMZN,1H,2026-06-29T17:00:00Z,241.37,241.535,240.4,241.19,292998,3395,240.928527
AMZN,1H,2026-06-29T18:00:00Z,241.16,241.23,239.93,241.08,272674,3266,240.425552
AMZN,1H,2026-06-29T19:00:00Z,241.25,241.99,239.725,240.12,567945,7038,240.449715
AMZN,1H,2026-06-30T12:00:00Z,238.6,238.6,238.6,238.6,150,2,238.6
AMZN,1H,2026-06-30T13:00:00Z,237.51,240.44,237.2,238.59,371927,4245,239.232384
AMZN,1H,2026-06-30T14:00:00Z,238.58,240.69,238.01,238.21,409893,4674,239.172371
AMZN,1H,2026-06-30T15:00:00Z,238.23,240.33,237.565,239.83,547710,4597,238.902041
AMZN,1H,2026-06-30T16:00:00Z,239.84,241.53,238.64,240.625,429534,4210,240.132902
AMZN,1H,2026-06-30T17:00:00Z,240.625,240.64,238.2,238.52,350945,4339,239.212269
AMZN,1H,2026-06-30T18:00:00Z,238.45,239.11,237.43,237.78,351122,4125,238.286316
AMZN,1H,2026-06-30T19:00:00Z,237.8,239.53,237.54,238.23,668882,8483,238.461018
AMZN,1H,2026-07-01T12:00:00Z,238.08,238.08,238.08,238.08,200,4,238.08
AMZN,1H,2026-07-01T13:00:00Z,239.75,239.94,234.925,237.86,302876,5491,237.707061
AMZN,1H,2026-07-01T14:00:00Z,237.89,242.64,237.7,242.63,397457,5484,240.442854
AMZN,1H,2026-07-01T15:00:00Z,242.59,243.57,241.35,242.345,462547,6663,242.33399
AMZN,1H,2026-07-01T16:00:00Z,242.275,243.08,241.89,242.27,215547,3270,242.42331
AMZN,1H,2026-07-01T17:00:00Z,242.37,244.87,242.34,243.82,361163,4595,243.963977
AMZN,1H,2026-07-01T18:00:00Z,243.885,244.59,243.68,243.92,395023,4903,244.078884
AMZN,1H,2026-07-01T19:00:00Z,243.89,244.28,241.505,241.735,776836,8885,242.402789
AMZN,1H,2026-07-02T13:00:00Z,241.605,244.63,241.12,242.08,269944,3775,242.874209
AMZN,1H,2026-07-02T14:00:00Z,241.96,245.395,241.96,245.21,435372,6496,244.256718
AMZN,1H,2026-07-02T15:00:00Z,245.24,245.93,243.78,245.78,348632,5658,245.171764
AMZN,1H,2026-07-02T16:00:00Z,245.82,246.665,244.56,244.63,195229,3211,245.690252
AMZN,1H,2026-07-02T17:00:00Z,244.5,245.39,243.53,244.06,161261,2393,244.26301
AMZN,1H,2026-07-02T18:00:00Z,244.07,244.59,242.99,243.28,172264,2507,243.93019
AMZN,1H,2026-07-02T19:00:00Z,243.27,244.135,242.3,242.3,331432,5144,243.368286
AMZN,1H,2026-07-06T13:00:00Z,243.755,245.42,240.96,241.695,165847,2230,242.814137
AMZN,1H,2026-07-06T14:00:00Z,241.6,243.66,241.42,242.655,363095,4403,242.681815
AMZN,1H,2026-07-06T15:00:00Z,242.76,245.67,242.65,245.42,306378,3468,244.896203
AMZN,1H,2026-07-06T16:00:00Z,245.42,246.035,244.47,244.6,204396,2378,245.291985
AMZN,1H,2026-07-06T17:00:00Z,244.73,245.69,244.65,244.91,141515,2031,245.16247
AMZN,1H,2026-07-06T18:00:00Z,244.94,245.725,244.375,245.435,128091,1969,245.123258
AMZN,1H,2026-07-06T19:00:00Z,245.41,245.84,244.05,244.16,254263,4035,244.904352
AMZN,1H,2026-07-07T13:00:00Z,247.39,248.915,244.725,247.915,221541,2895,247.166627
AMZN,1H,2026-07-07T14:00:00Z,247.94,247.94,243.99,244.49,331761,4348,245.671951
AMZN,1H,2026-07-07T15:00:00Z,244.29,244.39,242.7,243.82,303533,3689,243.347878
AMZN,1H,2026-07-07T16:00:00Z,243.7,246.27,243.595,245.77,188107,2733,244.913602
AMZN,1H,2026-07-07T17:00:00Z,245.755,246.38,244.91,246.305,162070,2409,245.378205
AMZN,1H,2026-07-07T18:00:00Z,246.33,246.75,245.475,245.79,216990,2830,246.163339
AMZN,1H,2026-07-07T19:00:00Z,245.8,246.25,245.29,245.7,304678,4652,245.734764
AMZN,1H,2026-07-08T12:00:00Z,243.69,243.82,243.35,243.35,970,13,243.597314
AMZN,1H,2026-07-08T13:00:00Z,244.045,244.735,240.96,242.22,136970,1810,243.25168
AMZN,1H,2026-07-08T14:00:00Z,242.15,244.145,241.065,241.14,203407,2885,242.525325
AMZN,1H,2026-07-08T15:00:00Z,241.22,242.24,240.52,240.93,146108,2326,241.230716
AMZN,1H,2026-07-08T16:00:00Z,240.92,242.2,240.85,242.1,135881,2101,241.549215
AMZN,1H,2026-07-08T17:00:00Z,242.06,242.725,241.58,241.59,122704,1742,242.110108
AMZN,1H,2026-07-08T18:00:00Z,241.58,242.78,241.45,242.53,119738,1645,242.144036
AMZN,1H,2026-07-08T19:00:00Z,242.56,244.225,242.14,243.6,298450,3826,243.241095
AMZN,1H,2026-07-09T13:00:00Z,240.195,243.21,238.265,242.7,217078,2475,241.109924
AMZN,1H,2026-07-09T14:00:00Z,242.745,242.85,239.34,241.24,289909,3374,241.142202
AMZN,1H,2026-07-09T15:00:00Z,241.25,241.92,241.12,241.615,365603,3494,241.527797
AMZN,1H,2026-07-09T16:00:00Z,241.595,242.81,240.92,242.23,160555,1877,241.930444
AMZN,1H,2026-07-09T17:00:00Z,242.21,244.61,242.21,243.735,187091,2298,243.754729
AMZN,1H,2026-07-09T18:00:00Z,243.72,245.14,243.72,244.37,151467,2009,244.611361
AMZN,1H,2026-07-09T19:00:00Z,244.355,247.3,244.23,246.96,281142,3814,245.958756
AMZN,1H,2026-07-10T13:00:00Z,248.23,251,245.95,245.95,144203,1968,248.901069
AMZN,1H,2026-07-10T14:00:00Z,245.85,246.785,244.47,245.54,172933,2636,245.67351
AMZN,1H,2026-07-10T15:00:00Z,245.5,246.68,244.59,246.26,196473,2772,245.737326
AMZN,1H,2026-07-10T16:00:00Z,246.23,246.575,245.59,245.93,136463,2104,246.062001
AMZN,1H,2026-07-10T17:00:00Z,245.94,245.97,244.465,245.05,130728,2103,245.082857
AMZN,1H,2026-07-10T18:00:00Z,245.04,245.87,244.79,245.28,133152,2208,245.431075
AMZN,1H,2026-07-10T19:00:00Z,245.33,246.09,245.125,245.35,260248,3813,245.430741
AMZN,1H,2026-07-13T13:00:00Z,244.39,248.56,244.18,248.1,249812,2936,247.199317
AMZN,1H,2026-07-13T14:00:00Z,248.09,248.59,245.385,248.23,278065,3715,247.055471
AMZN,1H,2026-07-13T15:00:00Z,248.25,249.335,247.75,247.89,244284,3175,248.578148
AMZN,1H,2026-07-13T16:00:00Z,247.91,248.56,247.4,247.68,160553,2237,247.986076
AMZN,1H,2026-07-13T17:00:00Z,247.63,248.65,247.63,248.06,153820,2100,248.201666
AMZN,1H,2026-07-13T18:00:00Z,248.04,249.64,247.72,248.96,178290,2419,248.608375
AMZN,1H,2026-07-13T19:00:00Z,248.95,248.95,245.99,247.325,442826,5630,247.472328
AMZN,1H,2026-07-14T13:00:00Z,245.81,247.09,243.95,246,154119,2033,245.511165
AMZN,1H,2026-07-14T14:00:00Z,246.06,246.78,244.24,245.505,257666,3532,245.409347
AMZN,1H,2026-07-14T15:00:00Z,245.505,246.17,245.125,245.47,211783,3174,245.558045
AMZN,1H,2026-07-14T16:00:00Z,245.49,246.12,244.61,246.12,133255,1969,245.361139
AMZN,1H,2026-07-14T17:00:00Z,246.17,246.805,245.67,246.61,159631,2229,246.33129
AMZN,1H,2026-07-14T18:00:00Z,246.67,247.56,246.23,246.65,161043,2225,246.793913
AMZN,1H,2026-07-14T19:00:00Z,246.63,248.55,246.63,247.495,414238,4887,247.817314
AMZN,1H,2026-07-15T13:00:00Z,249.04,252.89,249.04,252.25,199185,2620,251.712107
AMZN,1H,2026-07-15T14:00:00Z,252.15,256.05,252.13,253.96,403706,5185,254.121574
AMZN,1H,2026-07-15T15:00:00Z,254.03,256.19,253.635,254.73,337112,3940,255.251957
AMZN,1H,2026-07-15T16:00:00Z,254.66,256.43,254.66,255.5,235944,3118,255.73666
AMZN,1H,2026-07-15T17:00:00Z,255.54,255.71,254.64,255.03,188178,2683,255.025508
AMZN,1H,2026-07-15T18:00:00Z,254.985,255.39,254.23,254.31,193851,2901,254.808832
AMZN,1H,2026-07-15T19:00:00Z,254.31,255.205,253.715,254.94,409368,5558,254.540741
AMZN,1H,2026-07-16T13:00:00Z,255.17,258.07,252.62,254.16,215976,2987,254.984031
AMZN,1H,2026-07-16T14:00:00Z,254.15,257.08,253.4,254.92,297028,4187,255.444699
AMZN,1H,2026-07-16T15:00:00Z,254.91,256.33,254.83,256.29,193402,3225,255.575916
AMZN,1H,2026-07-16T16:00:00Z,256.31,256.585,255.305,255.95,239917,3831,255.880916
AMZN,1H,2026-07-16T17:00:00Z,255.95,256.65,254.64,254.66,316497,4098,255.874206
AMZN,1H,2026-07-16T18:00:00Z,254.62,255.13,251.93,253.37,272478,3795,253.113476
AMZN,1H,2026-07-16T19:00:00Z,253.335,253.45,248,249.95,607490,7706,250.837217
AMZN,1H,2026-07-17T12:00:00Z,246,246,245.46,245.46,1030,15,245.77399
AMZN,1H,2026-07-17T13:00:00Z,245.25,248.31,243.725,247.94,320758,4163,246.316769
AMZN,1H,2026-07-17T14:00:00Z,247.96,250.215,247.03,248.74,387747,5266,248.63492
AMZN,1H,2026-07-17T15:00:00Z,248.8,249.01,248.04,248.64,302645,3661,248.515988
AMZN,1H,2026-07-17T16:00:00Z,248.685,249.28,247.345,248.96,239690,3353,248.414818
AMZN,1H,2026-07-17T17:00:00Z,248.965,249.4,246.915,247.695,231755,2997,248.330459
AMZN,1H,2026-07-17T18:00:00Z,247.73,247.88,246.95,247.755,144066,2031,247.558299
AMZN,1H,2026-07-17T19:00:00Z,247.785,248.08,246.62,247.15,468524,5562,247.410681
